{
    "0": [
        {
            "clustering": 0.612444989984759,
            "modularity": 0.03682496378619314,
            "average_degree": 31.17525790642794,
            "degree_std": 2.3181851904362785,
            "average_shortest_path": 0.387054902728723,
            "global_efficiency": 2.6614973537757742
        },
        {
            "clustering": 0.4399926295949437,
            "modularity": 0.016845254624189832,
            "average_degree": 20.48692161632396,
            "degree_std": 2.9382929550278303,
            "average_shortest_path": 0.5868639667058477,
            "global_efficiency": 1.784541738240993
        },
        {
            "clustering": 0.051784213896689274,
            "modularity": 0.13448498285110516,
            "average_degree": 2.815638575792982,
            "degree_std": 0.4893781897251816,
            "average_shortest_path": 0.9463508668736399,
            "global_efficiency": 1.0571374960187314
        },
        {
            "clustering": 0.9022563931155426,
            "modularity": 0.01718727526311332,
            "average_degree": 42.91610619788684,
            "degree_std": 1.0043586837706278,
            "average_shortest_path": 0.1395052580200896,
            "global_efficiency": 7.613294778260798
        },
        {
            "clustering": 0.7977774640026263,
            "modularity": 0.01917217726936803,
            "average_degree": 34.62773706262626,
            "degree_std": 1.7822178499182033,
            "average_shortest_path": 0.3199862165110452,
            "global_efficiency": 3.213737505054479
        },
        {
            "clustering": 0.5821278683894788,
            "modularity": 0.0441236748018928,
            "average_degree": 29.28385357401181,
            "degree_std": 1.5362869756760758,
            "average_shortest_path": 0.42666927773733526,
            "global_efficiency": 2.457774431199737
        },
        {
            "clustering": 0.32924233663094754,
            "modularity": 0.01855181226758859,
            "average_degree": 10.165229359918012,
            "degree_std": 2.450400227086008,
            "average_shortest_path": 0.7992321146781347,
            "global_efficiency": 1.2690299995210166
        },
        {
            "clustering": 0.34333716063685527,
            "modularity": 0.02114798111556285,
            "average_degree": 17.545298339154908,
            "degree_std": 0.5689772083030802,
            "average_shortest_path": 0.6565039485322661,
            "global_efficiency": 1.5240831886738393
        },
        {
            "clustering": 0.811159163409212,
            "modularity": 0.023329715426579696,
            "average_degree": 41.1131594360403,
            "degree_std": 1.552644679367019,
            "average_shortest_path": 0.19429542374854186,
            "global_efficiency": 5.623770227808377
        },
        {
            "clustering": 0.8426977860106524,
            "modularity": 0.02224236620495574,
            "average_degree": 37.1245318195752,
            "degree_std": 1.662331916406941,
            "average_shortest_path": 0.26912709866251266,
            "global_efficiency": 3.866309488129
        }
    ],
    "1": [
        {
            "clustering": 0.5049726997961985,
            "modularity": 0.05171385765276797,
            "average_degree": 17.917407195184715,
            "degree_std": 2.1142093773318806,
            "average_shortest_path": 0.6494417155353779,
            "global_efficiency": 1.5672663342858006
        },
        {
            "clustering": 0.5290481806546736,
            "modularity": 0.02054296163673148,
            "average_degree": 27.02062768253345,
            "degree_std": 0.6953382202970558,
            "average_shortest_path": 0.47040181363669814,
            "global_efficiency": 2.1339250653808697
        },
        {
            "clustering": 0.943042192979716,
            "modularity": 0.01795168143832805,
            "average_degree": 44.107074868135825,
            "degree_std": 0.28660673811018395,
            "average_shortest_path": 0.13388871465410504,
            "global_efficiency": 7.569593298401618
        },
        {
            "clustering": 0.8710265006068565,
            "modularity": 0.017920858605720513,
            "average_degree": 38.79855143135108,
            "degree_std": 0.9106952684032326,
            "average_shortest_path": 0.23727767445603196,
            "global_efficiency": 4.287083360450115
        },
        {
            "clustering": 0.8067953296613346,
            "modularity": 0.017468503217964233,
            "average_degree": 36.82410289352454,
            "degree_std": 0.6922470892622106,
            "average_shortest_path": 0.2715243962346291,
            "global_efficiency": 3.7388836550955706
        },
        {
            "clustering": 0.0973673911647111,
            "modularity": 0.08670874394004813,
            "average_degree": 5.181393832244721,
            "degree_std": 0.8259823078146559,
            "average_shortest_path": 0.9003102988130737,
            "global_efficiency": 1.1120560848369652
        },
        {
            "clustering": 0.9435744794711414,
            "modularity": 0.0197641919178316,
            "average_degree": 38.244830165558234,
            "degree_std": 1.4687709781645506,
            "average_shortest_path": 0.24981641572348925,
            "global_efficiency": 4.067601485182318
        },
        {
            "clustering": 0.3672121920157654,
            "modularity": 0.02176431341721945,
            "average_degree": 17.806145508298577,
            "degree_std": 1.8436662305645286,
            "average_shortest_path": 0.6469358809119371,
            "global_efficiency": 1.5733930924951796
        },
        {
            "clustering": 0.05131329026178455,
            "modularity": 0.15719336313825705,
            "average_degree": 2.8599071400306273,
            "degree_std": 0.508846627463482,
            "average_shortest_path": 0.94573385362937,
            "global_efficiency": 1.0580488662323613
        },
        {
            "clustering": 0.9405868351911231,
            "modularity": 0.01747692952204699,
            "average_degree": 46.00757890170134,
            "degree_std": 1.0056753488808632,
            "average_shortest_path": 0.08808164287586602,
            "global_efficiency": 11.981607253661998
        }
    ],
    "2": [
        {
            "clustering": 0.13825107389538466,
            "modularity": 0.0613272572511873,
            "average_degree": 7.171904892277308,
            "degree_std": 0.33589515720976343,
            "average_shortest_path": 0.8608851328319517,
            "global_efficiency": 1.1622242688898912
        },
        {
            "clustering": 0.7731544038633587,
            "modularity": 0.016870875168529774,
            "average_degree": 34.236302339487445,
            "degree_std": 1.0598594793693552,
            "average_shortest_path": 0.3259028022629874,
            "global_efficiency": 3.133708395810046
        },
        {
            "clustering": 0.8693639415730812,
            "modularity": 0.017204224746218393,
            "average_degree": 41.29182404165782,
            "degree_std": 1.0297130654304374,
            "average_shortest_path": 0.18248548724213426,
            "global_efficiency": 5.703018400831603
        },
        {
            "clustering": 0.4779282604020844,
            "modularity": 0.031451957268269395,
            "average_degree": 18.586729013227597,
            "degree_std": 1.4961858092955904,
            "average_shortest_path": 0.6354257379898003,
            "global_efficiency": 1.5839374626415088
        },
        {
            "clustering": 0.061062117424504174,
            "modularity": 0.12087119175866375,
            "average_degree": 3.2896629103723534,
            "degree_std": 0.4511050384455305,
            "average_shortest_path": 0.9372089132429318,
            "global_efficiency": 1.0674463612346479
        },
        {
            "clustering": 0.148627440443873,
            "modularity": 0.031099953635334188,
            "average_degree": 7.655205187919418,
            "degree_std": 0.3807437998352279,
            "average_shortest_path": 0.8509809207526462,
            "global_efficiency": 1.1755001869361985
        },
        {
            "clustering": 0.271774310821306,
            "modularity": 0.04737494687071536,
            "average_degree": 14.01304585350641,
            "degree_std": 0.6743406507447172,
            "average_shortest_path": 0.7271114758542833,
            "global_efficiency": 1.3780928926618818
        },
        {
            "clustering": 0.6777747029420855,
            "modularity": 0.01838350664671777,
            "average_degree": 34.566825425427744,
            "degree_std": 1.7168558148760105,
            "average_shortest_path": 0.3212218586674758,
            "global_efficiency": 3.1887057020592082
        },
        {
            "clustering": 0.4493891111718841,
            "modularity": 0.052865524985479896,
            "average_degree": 23.197611803802065,
            "degree_std": 0.9085967086941894,
            "average_shortest_path": 0.5479682930433788,
            "global_efficiency": 1.8458214863704605
        },
        {
            "clustering": 0.18346888138721648,
            "modularity": 0.03464019976244584,
            "average_degree": 9.4557676235478,
            "degree_std": 1.025477127795399,
            "average_shortest_path": 0.8152456128135711,
            "global_efficiency": 1.2288240895958216
        }
    ],
    "3": [
        {
            "clustering": 0.3264739023093595,
            "modularity": 0.02240668107620352,
            "average_degree": 16.70443608938098,
            "degree_std": 0.9645038086507792,
            "average_shortest_path": 0.6729204541691226,
            "global_efficiency": 1.4888513696713788
        },
        {
            "clustering": 0.35948684964194383,
            "modularity": 0.020186987373326783,
            "average_degree": 18.379440254912115,
            "degree_std": 1.1652554418791394,
            "average_shortest_path": 0.6396054677260705,
            "global_efficiency": 1.5680233328586242
        },
        {
            "clustering": 0.7417659344397832,
            "modularity": 0.05256858240810921,
            "average_degree": 26.22933831694383,
            "degree_std": 1.9094787791370884,
            "average_shortest_path": 0.48798536282260807,
            "global_efficiency": 2.0980801268648968
        },
        {
            "clustering": 0.9517513051339968,
            "modularity": 0.019794862801170873,
            "average_degree": 44.15823368164558,
            "degree_std": 1.299534608152412,
            "average_shortest_path": 0.13321085380048167,
            "global_efficiency": 7.793997256972638
        },
        {
            "clustering": 0.8415618748590934,
            "modularity": 0.021314469997514365,
            "average_degree": 34.1001995124932,
            "degree_std": 1.221510086060675,
            "average_shortest_path": 0.3292531737137814,
            "global_efficiency": 3.063843387333078
        },
        {
            "clustering": 0.2919824441731148,
            "modularity": 0.029598044865307118,
            "average_degree": 14.967987968054004,
            "degree_std": 0.5032439026057696,
            "average_shortest_path": 0.7077641899422199,
            "global_efficiency": 1.4137424417237374
        },
        {
            "clustering": 0.06646771201724887,
            "modularity": 0.11328505604227687,
            "average_degree": 3.579573901512995,
            "degree_std": 0.6525152559762988,
            "average_shortest_path": 0.9314748172326401,
            "global_efficiency": 1.0742095655271868
        },
        {
            "clustering": 0.868430922541516,
            "modularity": 0.015908469056811796,
            "average_degree": 40.550984993629825,
            "degree_std": 1.4429545715308838,
            "average_shortest_path": 0.1751238345613285,
            "global_efficiency": 6.052016747192775
        },
        {
            "clustering": 0.10093727558181004,
            "modularity": 0.063838379271967,
            "average_degree": 5.2574884161058435,
            "degree_std": 0.14596127258421548,
            "average_shortest_path": 0.8983256435582764,
            "global_efficiency": 1.1134797783719208
        },
        {
            "clustering": 0.9480093322687553,
            "modularity": 0.0175517125612015,
            "average_degree": 46.253543029480355,
            "degree_std": 0.7502250062135348,
            "average_shortest_path": 0.0885555408682142,
            "global_efficiency": 12.035678361115052
        }
    ],
    "4": [
        {
            "clustering": 0.5912592556579035,
            "modularity": 0.027661913827874834,
            "average_degree": 30.428700032851992,
            "degree_std": 3.380636417903723,
            "average_shortest_path": 0.40506942322015155,
            "global_efficiency": 2.6191093848381652
        },
        {
            "clustering": 0.07660252778091552,
            "modularity": 0.1570770381219165,
            "average_degree": 4.249384622698053,
            "degree_std": 0.732565436328973,
            "average_shortest_path": 0.9187128238324198,
            "global_efficiency": 1.0901495415894624
        },
        {
            "clustering": 0.05499512592144443,
            "modularity": 0.13743564645281578,
            "average_degree": 3.0039225308191817,
            "degree_std": 0.4535845365218423,
            "average_shortest_path": 0.9427961041376055,
            "global_efficiency": 1.0612277109122683
        },
        {
            "clustering": 0.9450313801384976,
            "modularity": 0.018694271446151798,
            "average_degree": 44.0824128008417,
            "degree_std": 1.2717493281111312,
            "average_shortest_path": 0.13220061311916428,
            "global_efficiency": 7.8070607101225145
        },
        {
            "clustering": 0.13798778129326533,
            "modularity": 0.0561366010214646,
            "average_degree": 7.185306914940811,
            "degree_std": 1.4853164776382741,
            "average_shortest_path": 0.8602507294218691,
            "global_efficiency": 1.166049687771256
        },
        {
            "clustering": 0.4761236786677177,
            "modularity": 0.02580517613167299,
            "average_degree": 24.39612222882766,
            "degree_std": 1.435735801433642,
            "average_shortest_path": 0.5227545995183829,
            "global_efficiency": 1.926587965526535
        },
        {
            "clustering": 0.5751891867954232,
            "modularity": 0.027839498448309432,
            "average_degree": 25.307388639625497,
            "degree_std": 0.8391959586728127,
            "average_shortest_path": 0.49653526197890846,
            "global_efficiency": 2.052478411906784
        },
        {
            "clustering": 0.9460948121988217,
            "modularity": 0.017610858131563174,
            "average_degree": 46.53286156719245,
            "degree_std": 0.7879538348480326,
            "average_shortest_path": 0.0809588527436159,
            "global_efficiency": 13.071755984880854
        },
        {
            "clustering": 0.6553644135655499,
            "modularity": 0.020630681474250383,
            "average_degree": 32.461360111374745,
            "degree_std": 2.8027704975401324,
            "average_shortest_path": 0.349881558308796,
            "global_efficiency": 3.17029242703694
        },
        {
            "clustering": 0.06138846240478163,
            "modularity": 0.08491543615185197,
            "average_degree": 3.2343868993446083,
            "degree_std": 0.21196927323486484,
            "average_shortest_path": 0.9378288269920315,
            "global_efficiency": 1.0664677680306482
        }
    ],
    "5": [
        {
            "clustering": 0.9204714785173568,
            "modularity": 0.01871275061646993,
            "average_degree": 43.37998037206788,
            "degree_std": 1.3131505599319837,
            "average_shortest_path": 0.14365860586263696,
            "global_efficiency": 7.110648294021459
        },
        {
            "clustering": 0.08685526608199078,
            "modularity": 0.06858180909398325,
            "average_degree": 4.517305723965837,
            "degree_std": 0.3617701055153694,
            "average_shortest_path": 0.9125264028953959,
            "global_efficiency": 1.0961070337298897
        },
        {
            "clustering": 0.42802087862342114,
            "modularity": 0.02328704879888129,
            "average_degree": 21.97003465655107,
            "degree_std": 2.445227700710481,
            "average_shortest_path": 0.5696204114507656,
            "global_efficiency": 1.7873695863343793
        },
        {
            "clustering": 0.9490425264168258,
            "modularity": 0.018438090417684662,
            "average_degree": 43.992748169355764,
            "degree_std": 1.0963585253004138,
            "average_shortest_path": 0.13635155057420537,
            "global_efficiency": 7.538141992733312
        },
        {
            "clustering": 0.06986194086241299,
            "modularity": 0.02501594424756813,
            "average_degree": 3.6812880043041516,
            "degree_std": 1.2377084431714043,
            "average_shortest_path": 0.9281350336236982,
            "global_efficiency": 1.0786965702986242
        },
        {
            "clustering": 0.41763771887200113,
            "modularity": 0.036592572342533276,
            "average_degree": 19.057408613272347,
            "degree_std": 2.108549011183079,
            "average_shortest_path": 0.625908818859068,
            "global_efficiency": 1.6329887674153705
        },
        {
            "clustering": 0.9518929258620774,
            "modularity": 0.017481936869531676,
            "average_degree": 47.98164946740187,
            "degree_std": 0.7826788216750654,
            "average_shortest_path": 0.04377682895076518,
            "global_efficiency": 26.450050057560347
        },
        {
            "clustering": 0.874102033023736,
            "modularity": 0.017781142951772067,
            "average_degree": 41.56575639410723,
            "degree_std": 2.9851090104825677,
            "average_shortest_path": 0.17800466490035155,
            "global_efficiency": 6.233044671008032
        },
        {
            "clustering": 0.07534809164970324,
            "modularity": 0.036635863966876514,
            "average_degree": 3.909888737861402,
            "degree_std": 0.697405779158591,
            "average_shortest_path": 0.9241797234226634,
            "global_efficiency": 1.0823343104376635
        },
        {
            "clustering": 0.09809034788627423,
            "modularity": 0.07833809526268413,
            "average_degree": 5.181712417298331,
            "degree_std": 0.8289047893410834,
            "average_shortest_path": 0.9000419542863707,
            "global_efficiency": 1.112016759408206
        }
    ],
    "6": [
        {
            "clustering": 0.15775202669261193,
            "modularity": 0.12041234324694623,
            "average_degree": 8.412476350719444,
            "degree_std": 0.4301925467346525,
            "average_shortest_path": 0.8377116496819478,
            "global_efficiency": 1.197760873481173
        },
        {
            "clustering": 0.874932919844199,
            "modularity": 0.018795978300790547,
            "average_degree": 39.75282704590667,
            "degree_std": 2.700911463306543,
            "average_shortest_path": 0.21429385023457664,
            "global_efficiency": 5.067966300360909
        },
        {
            "clustering": 0.8490332486079852,
            "modularity": 0.02043185460101246,
            "average_degree": 40.18629446630992,
            "degree_std": 1.0535058198601366,
            "average_shortest_path": 0.21045066154732997,
            "global_efficiency": 4.835959415554229
        },
        {
            "clustering": 0.9227606176291769,
            "modularity": 0.01884804514790531,
            "average_degree": 46.0824434412054,
            "degree_std": 0.97309535378271,
            "average_shortest_path": 0.0798689046198008,
            "global_efficiency": 13.835133394732248
        },
        {
            "clustering": 0.5773864582770653,
            "modularity": 0.03075117178695444,
            "average_degree": 29.609096421067008,
            "degree_std": 1.3768765631558677,
            "average_shortest_path": 0.4212625648767752,
            "global_efficiency": 2.4032299138008617
        },
        {
            "clustering": 0.9804561781178955,
            "modularity": 0.0183551290522155,
            "average_degree": 48.425118761711495,
            "degree_std": 0.9009073060851402,
            "average_shortest_path": 0.04890367678233555,
            "global_efficiency": 22.081976514704206
        },
        {
            "clustering": 0.3748291542058897,
            "modularity": 0.025822101172455668,
            "average_degree": 12.316303040949498,
            "degree_std": 1.2247554353894068,
            "average_shortest_path": 0.7592213412091847,
            "global_efficiency": 1.3211195789149524
        },
        {
            "clustering": 0.5503686988243455,
            "modularity": 0.038825506527580406,
            "average_degree": 22.769862658407874,
            "degree_std": 1.6024799670649197,
            "average_shortest_path": 0.5545749272248658,
            "global_efficiency": 1.8274566928054665
        },
        {
            "clustering": 0.1565905454127651,
            "modularity": 0.07997728738177222,
            "average_degree": 8.162997624751515,
            "degree_std": 0.554466705730243,
            "average_shortest_path": 0.8417874092496863,
            "global_efficiency": 1.189691085915373
        },
        {
            "clustering": 0.08813640768211234,
            "modularity": 0.11632414945866633,
            "average_degree": 4.7098949829357295,
            "degree_std": 0.5568653031585081,
            "average_shortest_path": 0.9095701008718488,
            "global_efficiency": 1.1004273296094724
        }
    ],
    "7": [
        {
            "clustering": 0.4912684181239785,
            "modularity": 0.017437303193550982,
            "average_degree": 22.32225037905235,
            "degree_std": 2.9662918528720374,
            "average_shortest_path": 0.5573452448540804,
            "global_efficiency": 1.8547199760046462
        },
        {
            "clustering": 0.8685309660946878,
            "modularity": 0.01884377157808661,
            "average_degree": 36.73140908698399,
            "degree_std": 2.160410405893165,
            "average_shortest_path": 0.27426922208192395,
            "global_efficiency": 3.765297641064325
        },
        {
            "clustering": 0.9275854095791947,
            "modularity": 0.01785521789705372,
            "average_degree": 45.072928764276874,
            "degree_std": 1.5819755456006783,
            "average_shortest_path": 0.10848818435960886,
            "global_efficiency": 10.108635719241002
        },
        {
            "clustering": 0.27281395957152904,
            "modularity": 0.08163399041161302,
            "average_degree": 14.218072788737118,
            "degree_std": 0.8760367450365258,
            "average_shortest_path": 0.7241667522698458,
            "global_efficiency": 1.389931081655084
        },
        {
            "clustering": 0.1418201536134393,
            "modularity": 0.06875623474150704,
            "average_degree": 7.372638195034451,
            "degree_std": 0.6377013367819435,
            "average_shortest_path": 0.8570399755751076,
            "global_efficiency": 1.1678215003383785
        },
        {
            "clustering": 0.13112819594628455,
            "modularity": 0.058195548373478484,
            "average_degree": 6.836271373087875,
            "degree_std": 0.9201515831600136,
            "average_shortest_path": 0.8674930611910724,
            "global_efficiency": 1.154019104132496
        },
        {
            "clustering": 0.127346030705716,
            "modularity": 0.030846844438541042,
            "average_degree": 6.555127007456831,
            "degree_std": 0.49465875853990815,
            "average_shortest_path": 0.8723681154281061,
            "global_efficiency": 1.146564082713729
        },
        {
            "clustering": 0.966331063396457,
            "modularity": 0.018370561088193706,
            "average_degree": 44.861136848383325,
            "degree_std": 0.7746355585835094,
            "average_shortest_path": 0.1193258374807786,
            "global_efficiency": 8.567519761010722
        },
        {
            "clustering": 0.15188499673336248,
            "modularity": 0.06184121445471474,
            "average_degree": 7.879841892931945,
            "degree_std": 0.7368610888300945,
            "average_shortest_path": 0.8468434854264549,
            "global_efficiency": 1.1822880216032448
        },
        {
            "clustering": 0.08924771681649891,
            "modularity": 0.08464994499359157,
            "average_degree": 4.726197206897996,
            "degree_std": 0.6704807545140252,
            "average_shortest_path": 0.90889090933517,
            "global_efficiency": 1.1010411126837378
        }
    ],
    "8": [
        {
            "clustering": 0.5779897165040533,
            "modularity": 0.033352027699918706,
            "average_degree": 17.23805845620889,
            "degree_std": 0.6303761984805772,
            "average_shortest_path": 0.6627306305018699,
            "global_efficiency": 1.5132727389263043
        },
        {
            "clustering": 0.3016195740965611,
            "modularity": 0.05199981854650731,
            "average_degree": 15.68147862533886,
            "degree_std": 2.5526198536461138,
            "average_shortest_path": 0.694269477923679,
            "global_efficiency": 1.467645450740114
        },
        {
            "clustering": 0.1278841032880474,
            "modularity": 0.10511860938198773,
            "average_degree": 6.810343777098097,
            "degree_std": 0.7288235905388247,
            "average_shortest_path": 0.8687720642009188,
            "global_efficiency": 1.1533792898895623
        },
        {
            "clustering": 0.2834667584019829,
            "modularity": 0.0909470649884005,
            "average_degree": 14.695105618395246,
            "degree_std": 0.4209106902709343,
            "average_shortest_path": 0.7153607018107898,
            "global_efficiency": 1.415417355817413
        },
        {
            "clustering": 0.13119984375337027,
            "modularity": 0.06501539676535179,
            "average_degree": 6.8427642105225095,
            "degree_std": 0.7033310381882425,
            "average_shortest_path": 0.8673257668930588,
            "global_efficiency": 1.1541456070050997
        },
        {
            "clustering": 0.17851075535830227,
            "modularity": 0.10904030471922213,
            "average_degree": 9.538025464181192,
            "degree_std": 2.436573935082177,
            "average_shortest_path": 0.8153844375256761,
            "global_efficiency": 1.243378596504063
        },
        {
            "clustering": 0.12669739656562867,
            "modularity": 0.05425299892822613,
            "average_degree": 6.58797375677932,
            "degree_std": 1.1387795788404793,
            "average_shortest_path": 0.8718965627285679,
            "global_efficiency": 1.1488070559172365
        },
        {
            "clustering": 0.2612683695047947,
            "modularity": 0.0640638935006995,
            "average_degree": 13.54532906449247,
            "degree_std": 1.153365273015518,
            "average_shortest_path": 0.7366353294970209,
            "global_efficiency": 1.3643209903737077
        },
        {
            "clustering": 0.18260449366878412,
            "modularity": 0.043860510129129136,
            "average_degree": 9.42959133394841,
            "degree_std": 0.9582119355195995,
            "average_shortest_path": 0.8164174797688447,
            "global_efficiency": 1.2267345752513599
        },
        {
            "clustering": 0.22371175923859585,
            "modularity": 0.0828778628286543,
            "average_degree": 11.713526109502054,
            "degree_std": 1.2730087734099034,
            "average_shortest_path": 0.7727370766100158,
            "global_efficiency": 1.3022591226981948
        }
    ],
    "9": [
        {
            "clustering": 0.6251817482082186,
            "modularity": 0.02340868295192623,
            "average_degree": 29.517364240341557,
            "degree_std": 4.687907853432166,
            "average_shortest_path": 0.4218237785903775,
            "global_efficiency": 2.7937796135443795
        },
        {
            "clustering": 0.6213814388811434,
            "modularity": 0.018197744676628515,
            "average_degree": 27.22519104784049,
            "degree_std": 0.8100948368336515,
            "average_shortest_path": 0.46459119694573536,
            "global_efficiency": 2.168111896417107
        },
        {
            "clustering": 0.9491699058411643,
            "modularity": 0.018696757231807835,
            "average_degree": 46.8999230617813,
            "degree_std": 1.0235538913022213,
            "average_shortest_path": 0.07920788616550212,
            "global_efficiency": 13.335872056929137
        },
        {
            "clustering": 0.8566594316858281,
            "modularity": 0.023645578441641325,
            "average_degree": 33.970014215164554,
            "degree_std": 0.8821764227947009,
            "average_shortest_path": 0.3342421245331667,
            "global_efficiency": 3.0151726790965636
        },
        {
            "clustering": 0.7037668318384495,
            "modularity": 0.03629836678466411,
            "average_degree": 33.99663882916488,
            "degree_std": 1.5851811883657319,
            "average_shortest_path": 0.3331907554548614,
            "global_efficiency": 3.200616476884524
        },
        {
            "clustering": 0.12171100970719523,
            "modularity": 0.09607623027113563,
            "average_degree": 6.457978094959617,
            "degree_std": 0.9241102247762999,
            "average_shortest_path": 0.875562360344607,
            "global_efficiency": 1.1444342485351442
        },
        {
            "clustering": 0.738428715344176,
            "modularity": 0.03299687379884014,
            "average_degree": 36.76687996777553,
            "degree_std": 1.5916173527890032,
            "average_shortest_path": 0.27943105862456924,
            "global_efficiency": 3.8975885396350485
        },
        {
            "clustering": 0.7532465954373783,
            "modularity": 0.01606340887894048,
            "average_degree": 29.033056250863446,
            "degree_std": 1.9425693997132158,
            "average_shortest_path": 0.42819715439056866,
            "global_efficiency": 2.4045472956015894
        },
        {
            "clustering": 0.2994366748547568,
            "modularity": 0.10230140504894258,
            "average_degree": 9.898978596486486,
            "degree_std": 1.9951420338478822,
            "average_shortest_path": 0.8077710496739093,
            "global_efficiency": 1.2525487887951665
        },
        {
            "clustering": 0.2613805913447186,
            "modularity": 0.0702968127096898,
            "average_degree": 13.5878837597448,
            "degree_std": 1.120834692445899,
            "average_shortest_path": 0.7359620498879459,
            "global_efficiency": 1.3656628174725933
        }
    ],
    "10": [
        {
            "clustering": 0.5369824137481488,
            "modularity": 0.04008923242564168,
            "average_degree": 24.122404568259007,
            "degree_std": 2.8974003331274103,
            "average_shortest_path": 0.5236412063719971,
            "global_efficiency": 2.022726333385716
        },
        {
            "clustering": 0.5366828839578962,
            "modularity": 0.06178970809947482,
            "average_degree": 26.58089005091075,
            "degree_std": 1.592202050397781,
            "average_shortest_path": 0.4820364426454955,
            "global_efficiency": 2.166400016183486
        },
        {
            "clustering": 0.19572963818192754,
            "modularity": 0.1002478761863979,
            "average_degree": 10.306202411760678,
            "degree_std": 0.9424627350586914,
            "average_shortest_path": 0.8005590566058185,
            "global_efficiency": 1.2566482850540925
        },
        {
            "clustering": 0.2359817055980692,
            "modularity": 0.02267851096184427,
            "average_degree": 12.096517307811155,
            "degree_std": 1.3595983065556052,
            "average_shortest_path": 0.7629220939898977,
            "global_efficiency": 1.3142602239913985
        },
        {
            "clustering": 0.19553935503219433,
            "modularity": 0.0721084454174018,
            "average_degree": 10.279405980918892,
            "degree_std": 2.300534025131776,
            "average_shortest_path": 0.800562620584371,
            "global_efficiency": 1.261907979198024
        },
        {
            "clustering": 0.3037598666214935,
            "modularity": 0.04553929067981587,
            "average_degree": 15.672281028021462,
            "degree_std": 0.6363703608769586,
            "average_shortest_path": 0.6946837776779908,
            "global_efficiency": 1.4436094947630895
        },
        {
            "clustering": 0.8981519161670023,
            "modularity": 0.01720156873031968,
            "average_degree": 39.15825709646262,
            "degree_std": 1.1073521173333143,
            "average_shortest_path": 0.22974151915433455,
            "global_efficiency": 4.506611986294782
        },
        {
            "clustering": 0.15089135575185095,
            "modularity": 0.08601097556258627,
            "average_degree": 7.9262718347374905,
            "degree_std": 1.2103066071630662,
            "average_shortest_path": 0.8465796170111735,
            "global_efficiency": 1.1848355450854218
        },
        {
            "clustering": 0.22365290922167985,
            "modularity": 0.08750195629667165,
            "average_degree": 11.862247191670685,
            "degree_std": 2.300131161005257,
            "average_shortest_path": 0.7703896249313106,
            "global_efficiency": 1.3148786373708712
        },
        {
            "clustering": 0.13067172973878913,
            "modularity": 0.12055744831154303,
            "average_degree": 6.976774468695148,
            "degree_std": 0.770256197483458,
            "average_shortest_path": 0.8655185539934298,
            "global_efficiency": 1.1583895467192966
        }
    ],
    "11": [
        {
            "clustering": 0.26419059718836746,
            "modularity": 0.024622420966810474,
            "average_degree": 13.540831383586264,
            "degree_std": 1.1200985890408184,
            "average_shortest_path": 0.7349278906389091,
            "global_efficiency": 1.3646265935744912
        },
        {
            "clustering": 0.26454575751840315,
            "modularity": 0.03253431274264809,
            "average_degree": 13.67501469279021,
            "degree_std": 2.2632163853854808,
            "average_shortest_path": 0.7328386465577265,
            "global_efficiency": 1.3829576221542836
        },
        {
            "clustering": 0.21135733722739034,
            "modularity": 0.028292801125415178,
            "average_degree": 10.876275676477453,
            "degree_std": 0.8762565109168481,
            "average_shortest_path": 0.7876296296049036,
            "global_efficiency": 1.271821469144422
        },
        {
            "clustering": 0.8793215509861025,
            "modularity": 0.019759345381451823,
            "average_degree": 42.62436555927314,
            "degree_std": 0.8751527188127324,
            "average_shortest_path": 0.16376512053061504,
            "global_efficiency": 6.198813242685072
        },
        {
            "clustering": 0.1598050216787851,
            "modularity": 0.06931476395157615,
            "average_degree": 8.351355244040825,
            "degree_std": 1.3391571410034184,
            "average_shortest_path": 0.8380798432267373,
            "global_efficiency": 1.196890529348162
        },
        {
            "clustering": 0.5596191233222513,
            "modularity": 0.01929502965736325,
            "average_degree": 25.00878465717353,
            "degree_std": 1.5954664127938505,
            "average_shortest_path": 0.5090619183559807,
            "global_efficiency": 1.9880964028993962
        },
        {
            "clustering": 0.20013595960327035,
            "modularity": 0.05704236113502386,
            "average_degree": 10.479716354402116,
            "degree_std": 2.051983423537539,
            "average_shortest_path": 0.796258551622487,
            "global_efficiency": 1.2645923985947833
        },
        {
            "clustering": 0.9040937025575653,
            "modularity": 0.021709948224506344,
            "average_degree": 41.01485028090734,
            "degree_std": 0.886454636069524,
            "average_shortest_path": 0.19424137558255877,
            "global_efficiency": 5.218779278419954
        },
        {
            "clustering": 0.6230898311599483,
            "modularity": 0.03373585464172967,
            "average_degree": 30.971125762041993,
            "degree_std": 2.826864510717159,
            "average_shortest_path": 0.3918856690428695,
            "global_efficiency": 2.7379671164453288
        },
        {
            "clustering": 0.7521248577732991,
            "modularity": 0.017141302691683187,
            "average_degree": 33.59423801606216,
            "degree_std": 0.6148148668657925,
            "average_shortest_path": 0.33474733914647786,
            "global_efficiency": 3.0410000488924926
        }
    ]
}