{
    "0": [
        {
            "clustering": 0.0409285644304462,
            "modularity": 0.16271921310608897,
            "average_degree": 2.297002358797108,
            "degree_std": 0.32581167893899493,
            "average_shortest_path": 0.9566425458830855,
            "global_efficiency": 1.0457726246179544
        },
        {
            "clustering": 0.9719399455516612,
            "modularity": 0.01809239757350858,
            "average_degree": 46.62272670691527,
            "degree_std": 0.39533567362117905,
            "average_shortest_path": 0.08448537889791995,
            "global_efficiency": 12.00300449895259
        },
        {
            "clustering": 0.11418857435031034,
            "modularity": 0.036041879598925755,
            "average_degree": 5.939183487898772,
            "degree_std": 0.5833723493202073,
            "average_shortest_path": 0.8839177183106103,
            "global_efficiency": 1.132648318346985
        },
        {
            "clustering": 0.8802840120446983,
            "modularity": 0.01679881177325207,
            "average_degree": 41.05832943385161,
            "degree_std": 0.7892198926482021,
            "average_shortest_path": 0.18004385086954858,
            "global_efficiency": 5.7837465024431625
        },
        {
            "clustering": 0.5075436106500139,
            "modularity": 0.026434649697091635,
            "average_degree": 22.536927178379482,
            "degree_std": 1.0991797387576665,
            "average_shortest_path": 0.5557186040185628,
            "global_efficiency": 1.8227686848695124
        },
        {
            "clustering": 0.9415665379358455,
            "modularity": 0.017546548909204176,
            "average_degree": 47.131035595589054,
            "degree_std": 0.42200084052931447,
            "average_shortest_path": 0.06685726034397982,
            "global_efficiency": 16.065724234230313
        },
        {
            "clustering": 0.8323922355722853,
            "modularity": 0.022082824954583597,
            "average_degree": 42.19107938116111,
            "degree_std": 0.8917630726042791,
            "average_shortest_path": 0.16994305513343033,
            "global_efficiency": 6.195135510162051
        },
        {
            "clustering": 0.9803893299476898,
            "modularity": 0.01853670175340216,
            "average_degree": 45.69903975074805,
            "degree_std": 1.0326632468480446,
            "average_shortest_path": 0.10222089302783109,
            "global_efficiency": 10.05294401367441
        }
    ],
    "1": [
        {
            "clustering": 0.4758970695677807,
            "modularity": 0.05395981093883166,
            "average_degree": 20.690424776401706,
            "degree_std": 1.727507406392707,
            "average_shortest_path": 0.5953128266511607,
            "global_efficiency": 1.7127858437290815
        },
        {
            "clustering": 0.6943804704480269,
            "modularity": 0.016562922611269636,
            "average_degree": 24.101353981814682,
            "degree_std": 2.0261554100854635,
            "average_shortest_path": 0.5251291835242814,
            "global_efficiency": 1.9470873551713577
        },
        {
            "clustering": 0.9650795942744675,
            "modularity": 0.017310893419512658,
            "average_degree": 44.78567825203456,
            "degree_std": 1.1749892348580686,
            "average_shortest_path": 0.11734387869737586,
            "global_efficiency": 8.807576634811205
        },
        {
            "clustering": 0.9241215345944592,
            "modularity": 0.018304103621988393,
            "average_degree": 33.27037143474139,
            "degree_std": 1.176044159992429,
            "average_shortest_path": 0.3467604350922059,
            "global_efficiency": 2.9085106030617642
        },
        {
            "clustering": 0.1411459076495812,
            "modularity": 0.05820233182409003,
            "average_degree": 7.318728900336064,
            "degree_std": 0.4397629846901019,
            "average_shortest_path": 0.8580284064930548,
            "global_efficiency": 1.166067232425372
        },
        {
            "clustering": 0.966077563340043,
            "modularity": 0.01806369662180525,
            "average_degree": 46.43070182209529,
            "degree_std": 1.3998166793956934,
            "average_shortest_path": 0.08383775078520483,
            "global_efficiency": 12.596308811211602
        },
        {
            "clustering": 0.41775626154052437,
            "modularity": 0.016251081627441256,
            "average_degree": 14.085421147548331,
            "degree_std": 1.6654814867875003,
            "average_shortest_path": 0.7217636289189057,
            "global_efficiency": 1.3978287669477167
        },
        {
            "clustering": 0.7568290709981585,
            "modularity": 0.015359675025912806,
            "average_degree": 32.34912430138953,
            "degree_std": 2.105614029912032,
            "average_shortest_path": 0.34669745347405573,
            "global_efficiency": 3.029584848639767
        }
    ],
    "2": [
        {
            "clustering": 0.2761628608648825,
            "modularity": 0.01995881003751515,
            "average_degree": 14.126624987401737,
            "degree_std": 1.0603650608449624,
            "average_shortest_path": 0.7226879354596746,
            "global_efficiency": 1.3870695536301478
        },
        {
            "clustering": 0.9746113912946696,
            "modularity": 0.018170728459374598,
            "average_degree": 47.75074628298797,
            "degree_std": 0.8271458427338164,
            "average_shortest_path": 0.061670010284501676,
            "global_efficiency": 17.690407978908837
        },
        {
            "clustering": 0.7393343356256227,
            "modularity": 0.019119635421474206,
            "average_degree": 37.72781413051147,
            "degree_std": 1.6062528790346888,
            "average_shortest_path": 0.2550400407460271,
            "global_efficiency": 4.106870352434076
        },
        {
            "clustering": 0.7577199063134816,
            "modularity": 0.028564599327668878,
            "average_degree": 38.762321408864445,
            "degree_std": 1.8344857273177302,
            "average_shortest_path": 0.2409553577340379,
            "global_efficiency": 4.47733252999943
        },
        {
            "clustering": 0.0862802763428264,
            "modularity": 0.1364463621595443,
            "average_degree": 4.699337018354199,
            "degree_std": 0.5280803803283831,
            "average_shortest_path": 0.9099781860152989,
            "global_efficiency": 1.100173120419986
        },
        {
            "clustering": 0.8217939402760492,
            "modularity": 0.037717536707649775,
            "average_degree": 32.25906545468453,
            "degree_std": 2.306249091544441,
            "average_shortest_path": 0.3688586114041287,
            "global_efficiency": 2.840919351630697
        },
        {
            "clustering": 0.07955396274996791,
            "modularity": 0.07763923234968792,
            "average_degree": 4.1866602640967905,
            "degree_std": 0.30753909547855224,
            "average_shortest_path": 0.9193590410517565,
            "global_efficiency": 1.0880796209333405
        },
        {
            "clustering": 0.6603102219665269,
            "modularity": 0.029815940497692116,
            "average_degree": 25.239096651130094,
            "degree_std": 1.3988567236683551,
            "average_shortest_path": 0.5051825896452884,
            "global_efficiency": 2.007148411214341
        }
    ],
    "3": [
        {
            "clustering": 0.39567243901280136,
            "modularity": 0.016959672242965237,
            "average_degree": 16.346558980398548,
            "degree_std": 2.1539461783760956,
            "average_shortest_path": 0.6729991975244211,
            "global_efficiency": 1.5131809349488805
        },
        {
            "clustering": 0.9192526776411275,
            "modularity": 0.017613714927147334,
            "average_degree": 42.06399750416793,
            "degree_std": 0.7937560661323187,
            "average_shortest_path": 0.1733721081821286,
            "global_efficiency": 5.893084560772689
        },
        {
            "clustering": 0.961580617815057,
            "modularity": 0.018208494637191496,
            "average_degree": 47.19456417983092,
            "degree_std": 1.4757589127881041,
            "average_shortest_path": 0.06980391755396007,
            "global_efficiency": 16.65196924577476
        },
        {
            "clustering": 0.7823291171323971,
            "modularity": 0.017665882884268798,
            "average_degree": 35.27233929133821,
            "degree_std": 0.43953316031183265,
            "average_shortest_path": 0.291219586766496,
            "global_efficiency": 3.4975492467677527
        },
        {
            "clustering": 0.08991039679900992,
            "modularity": 0.08796589619533474,
            "average_degree": 4.720895852719768,
            "degree_std": 0.3604391825570756,
            "average_shortest_path": 0.908888592598896,
            "global_efficiency": 1.1007708285031896
        },
        {
            "clustering": 0.8344094812524123,
            "modularity": 0.019444575315161205,
            "average_degree": 22.89108818384666,
            "degree_std": 1.4519860836223948,
            "average_shortest_path": 0.5495294680030454,
            "global_efficiency": 1.8384572500960534
        },
        {
            "clustering": 0.7474932099915099,
            "modularity": 0.016843436150049563,
            "average_degree": 31.757407954946828,
            "degree_std": 3.5714016704779237,
            "average_shortest_path": 0.3633539220386622,
            "global_efficiency": 2.896852867633758
        },
        {
            "clustering": 0.9079621561076183,
            "modularity": 0.017582223082795577,
            "average_degree": 40.26111028636653,
            "degree_std": 2.5897153202883083,
            "average_shortest_path": 0.20832881025611974,
            "global_efficiency": 5.240650844178401
        }
    ],
    "4": [
        {
            "clustering": 0.07279915866794197,
            "modularity": 0.14274167470704335,
            "average_degree": 3.9739213274532084,
            "degree_std": 0.7984922113609211,
            "average_shortest_path": 0.9240332308804634,
            "global_efficiency": 1.0835905396890901
        },
        {
            "clustering": 0.8517504688022853,
            "modularity": 0.017874485735953554,
            "average_degree": 36.38663084214247,
            "degree_std": 0.6456480853300207,
            "average_shortest_path": 0.2854048309520799,
            "global_efficiency": 3.5477127762831975
        },
        {
            "clustering": 0.05096631268862481,
            "modularity": 0.17257871278572645,
            "average_degree": 2.8411956799340987,
            "degree_std": 0.35960008291933204,
            "average_shortest_path": 0.9461840761613831,
            "global_efficiency": 1.0575673296940498
        },
        {
            "clustering": 0.9256347783789306,
            "modularity": 0.01831557575425016,
            "average_degree": 46.839880482607256,
            "degree_std": 0.5744871716055766,
            "average_shortest_path": 0.0589641243584302,
            "global_efficiency": 19.87736728321
        },
        {
            "clustering": 0.8400638866630037,
            "modularity": 0.018398702907850093,
            "average_degree": 34.37973433142222,
            "degree_std": 1.0753847044499083,
            "average_shortest_path": 0.32386525312248543,
            "global_efficiency": 3.1156302617269707
        },
        {
            "clustering": 0.8639280178452496,
            "modularity": 0.017519757811665707,
            "average_degree": 42.397805791177525,
            "degree_std": 0.804320307887628,
            "average_shortest_path": 0.1475237315528247,
            "global_efficiency": 7.134659033931628
        },
        {
            "clustering": 0.3224065097657218,
            "modularity": 0.019812111877966845,
            "average_degree": 16.495313613143153,
            "degree_std": 1.6673269946584655,
            "average_shortest_path": 0.676564818978987,
            "global_efficiency": 1.4860262453094393
        },
        {
            "clustering": 0.2511179598753685,
            "modularity": 0.026728614513046627,
            "average_degree": 13.070728318233378,
            "degree_std": 2.7725326918753868,
            "average_shortest_path": 0.7445719508464018,
            "global_efficiency": 1.358117252589965
        }
    ],
    "5": [
        {
            "clustering": 0.2366433004336752,
            "modularity": 0.021257124644369043,
            "average_degree": 12.12010234209556,
            "degree_std": 1.0740591353483475,
            "average_shortest_path": 0.7627065504017617,
            "global_efficiency": 1.3129617859336156
        },
        {
            "clustering": 0.2928596157742798,
            "modularity": 0.027854947401891563,
            "average_degree": 15.09247420488704,
            "degree_std": 1.7804671281004973,
            "average_shortest_path": 0.7049618782196506,
            "global_efficiency": 1.4260620764645393
        },
        {
            "clustering": 0.12903954469825973,
            "modularity": 0.0489480506796455,
            "average_degree": 6.712815270096544,
            "degree_std": 0.5955466826356601,
            "average_shortest_path": 0.8694114710974352,
            "global_efficiency": 1.151545223584232
        },
        {
            "clustering": 0.7103567769135237,
            "modularity": 0.021307503877876232,
            "average_degree": 25.554427984707726,
            "degree_std": 0.8111139008390044,
            "average_shortest_path": 0.49852089361876856,
            "global_efficiency": 2.013125935328419
        },
        {
            "clustering": 0.915652636604329,
            "modularity": 0.01768648512589934,
            "average_degree": 43.34659294431724,
            "degree_std": 0.45120372720273116,
            "average_shortest_path": 0.14835262308315356,
            "global_efficiency": 6.899971283159928
        },
        {
            "clustering": 0.4076283281137354,
            "modularity": 0.02571423078350777,
            "average_degree": 20.96142315800149,
            "degree_std": 1.9412905909707843,
            "average_shortest_path": 0.5898997338338858,
            "global_efficiency": 1.7112166752875106
        },
        {
            "clustering": 0.8722819722633569,
            "modularity": 0.02077753125691726,
            "average_degree": 37.21560824995555,
            "degree_std": 1.5055240102210112,
            "average_shortest_path": 0.2698468944126246,
            "global_efficiency": 3.8246914379431183
        },
        {
            "clustering": 0.21775246326212191,
            "modularity": 0.019889222640392695,
            "average_degree": 11.18413258557055,
            "degree_std": 1.15063902012883,
            "average_shortest_path": 0.7805003238566608,
            "global_efficiency": 1.2842414399248783
        }
    ],
    "6": [
        {
            "clustering": 0.7576173528879399,
            "modularity": 0.01813086361703694,
            "average_degree": 35.261598343279545,
            "degree_std": 0.8590870670912357,
            "average_shortest_path": 0.26903077186370383,
            "global_efficiency": 3.9360086633645746
        },
        {
            "clustering": 0.9017407015966596,
            "modularity": 0.01811460012375253,
            "average_degree": 44.036127532177346,
            "degree_std": 0.7119799402203271,
            "average_shortest_path": 0.1328389189437944,
            "global_efficiency": 7.737695880673834
        },
        {
            "clustering": 0.394611262203422,
            "modularity": 0.0271576799384743,
            "average_degree": 11.630144618206396,
            "degree_std": 2.240511065883519,
            "average_shortest_path": 0.7712768042513303,
            "global_efficiency": 1.312913836203409
        },
        {
            "clustering": 0.8981881603152773,
            "modularity": 0.019329248012605705,
            "average_degree": 42.87172895019568,
            "degree_std": 0.8491350864425832,
            "average_shortest_path": 0.1586628026378398,
            "global_efficiency": 6.496619236636857
        },
        {
            "clustering": 0.9583863874154811,
            "modularity": 0.01848312106809922,
            "average_degree": 44.03781615798987,
            "degree_std": 1.0993232322350939,
            "average_shortest_path": 0.13585619048196443,
            "global_efficiency": 7.647814559629755
        },
        {
            "clustering": 0.06809429774522024,
            "modularity": 0.14383313275465762,
            "average_degree": 3.7653936068695475,
            "degree_std": 0.6057331102453516,
            "average_shortest_path": 0.9281461396418427,
            "global_efficiency": 1.0784477441773286
        },
        {
            "clustering": 0.0774993508892299,
            "modularity": 0.18230216323657103,
            "average_degree": 4.397289609690124,
            "degree_std": 0.19964101492836664,
            "average_shortest_path": 0.9162110355723551,
            "global_efficiency": 1.0931896917851907
        },
        {
            "clustering": 0.844160631273044,
            "modularity": 0.017648423024203424,
            "average_degree": 42.50927319949187,
            "degree_std": 0.8973353246972278,
            "average_shortest_path": 0.16216061823222103,
            "global_efficiency": 6.416887106536177
        }
    ],
    "7": [
        {
            "clustering": 0.08244776053624181,
            "modularity": 0.10134613554067948,
            "average_degree": 4.38468121503327,
            "degree_std": 0.20498195352448023,
            "average_shortest_path": 0.9158041553098868,
            "global_efficiency": 1.0925182783815124
        },
        {
            "clustering": 0.45268699271235674,
            "modularity": 0.020798423147505435,
            "average_degree": 15.3312916809538,
            "degree_std": 2.996035472802795,
            "average_shortest_path": 0.6995811323239305,
            "global_efficiency": 1.4544785008345607
        },
        {
            "clustering": 0.9607913924667675,
            "modularity": 0.017979734441312328,
            "average_degree": 46.4795409614376,
            "degree_std": 0.722386782619187,
            "average_shortest_path": 0.08600097790056345,
            "global_efficiency": 12.038947803434777
        },
        {
            "clustering": 0.9664989738176182,
            "modularity": 0.017683854022683652,
            "average_degree": 47.90978896563567,
            "degree_std": 0.5165223992900878,
            "average_shortest_path": 0.054337674598304596,
            "global_efficiency": 19.63961998587325
        },
        {
            "clustering": 0.30910375586342725,
            "modularity": 0.022850260517284535,
            "average_degree": 15.811157412555403,
            "degree_std": 0.5351253450258551,
            "average_shortest_path": 0.690411951735989,
            "global_efficiency": 1.4500744320324304
        },
        {
            "clustering": 0.9294956807544851,
            "modularity": 0.01836297350077897,
            "average_degree": 45.09830210631408,
            "degree_std": 0.5391030631506302,
            "average_shortest_path": 0.11440341596700707,
            "global_efficiency": 8.911143064447703
        },
        {
            "clustering": 0.058581670183096166,
            "modularity": 0.13896400168915726,
            "average_degree": 3.2375978220797696,
            "degree_std": 0.49584392763670754,
            "average_shortest_path": 0.9383949589885475,
            "global_efficiency": 1.0663670365443523
        },
        {
            "clustering": 0.9673653064530262,
            "modularity": 0.017582343592124336,
            "average_degree": 48.82379340713538,
            "degree_std": 0.37036021581341655,
            "average_shortest_path": 0.028272003957203456,
            "global_efficiency": 39.86260819386354
        }
    ],
    "8": [
        {
            "clustering": 0.1748791289482053,
            "modularity": 0.058269014646353506,
            "average_degree": 8.156997901739887,
            "degree_std": 1.4355951324088234,
            "average_shortest_path": 0.8412228610819251,
            "global_efficiency": 1.1937250309998633
        },
        {
            "clustering": 0.069046559458541,
            "modularity": 0.08952238744968981,
            "average_degree": 3.6588785527596337,
            "degree_std": 0.41723585905248,
            "average_shortest_path": 0.9297009078064552,
            "global_efficiency": 1.0759714536037857
        },
        {
            "clustering": 0.34688580158418736,
            "modularity": 0.014668157476221846,
            "average_degree": 10.210054628279394,
            "degree_std": 2.02417585906019,
            "average_shortest_path": 0.7982961913877079,
            "global_efficiency": 1.263100023740965
        },
        {
            "clustering": 0.4099890006704036,
            "modularity": 0.016760004810267584,
            "average_degree": 16.361293415565378,
            "degree_std": 2.9182086405467915,
            "average_shortest_path": 0.6780879938209323,
            "global_efficiency": 1.4991443306700951
        },
        {
            "clustering": 0.24832658198873303,
            "modularity": 0.03013633711381607,
            "average_degree": 12.791783637496046,
            "degree_std": 1.7965158153076153,
            "average_shortest_path": 0.7500464752358601,
            "global_efficiency": 1.3402200432769946
        },
        {
            "clustering": 0.8199163699050002,
            "modularity": 0.01649659445280037,
            "average_degree": 38.17812395612557,
            "degree_std": 1.0589564575756711,
            "average_shortest_path": 0.23680085931505476,
            "global_efficiency": 4.460176648261407
        },
        {
            "clustering": 0.07834268153759208,
            "modularity": 0.10270959080569945,
            "average_degree": 4.146881258892099,
            "degree_std": 0.4467697499045421,
            "average_shortest_path": 0.9202134463655892,
            "global_efficiency": 1.08729726340344
        },
        {
            "clustering": 0.5498262159499312,
            "modularity": 0.038112036297689514,
            "average_degree": 25.885635439779943,
            "degree_std": 2.76874552326766,
            "average_shortest_path": 0.4937900752097452,
            "global_efficiency": 2.102663645070739
        }
    ],
    "9": [
        {
            "clustering": 0.13370093336184227,
            "modularity": 0.12822590389072774,
            "average_degree": 7.245755182351786,
            "degree_std": 1.0201244578119137,
            "average_shortest_path": 0.8605417859707131,
            "global_efficiency": 1.1660439619859877
        },
        {
            "clustering": 0.44746035164154746,
            "modularity": 0.02283593465773357,
            "average_degree": 22.90636648478765,
            "degree_std": 1.9358283420529934,
            "average_shortest_path": 0.5511646746488942,
            "global_efficiency": 1.8346910649848431
        },
        {
            "clustering": 0.06722315592662494,
            "modularity": 0.1319804426490494,
            "average_degree": 3.6557168848960284,
            "degree_std": 0.6366959071822139,
            "average_shortest_path": 0.9301016033270556,
            "global_efficiency": 1.0759397330804636
        },
        {
            "clustering": 0.9514011672623275,
            "modularity": 0.017743643493509112,
            "average_degree": 47.07578981106795,
            "degree_std": 0.46785999392820987,
            "average_shortest_path": 0.07135468925748553,
            "global_efficiency": 14.82798939100828
        },
        {
            "clustering": 0.8180809220522831,
            "modularity": 0.02431416540986931,
            "average_degree": 41.374990168862716,
            "degree_std": 1.7894333244320928,
            "average_shortest_path": 0.18899607000302296,
            "global_efficiency": 6.0677808557436395
        },
        {
            "clustering": 0.8816063010346865,
            "modularity": 0.023113687060229673,
            "average_degree": 42.7471314080021,
            "degree_std": 1.9067549473192653,
            "average_shortest_path": 0.16143665499833165,
            "global_efficiency": 6.616237112309035
        },
        {
            "clustering": 0.16636316495700648,
            "modularity": 0.06322500634426455,
            "average_degree": 8.671107579272576,
            "degree_std": 0.3458290220985053,
            "average_shortest_path": 0.8317308718492874,
            "global_efficiency": 1.2037631320941962
        },
        {
            "clustering": 0.7121296141846654,
            "modularity": 0.018005727621635173,
            "average_degree": 31.496734179907218,
            "degree_std": 1.3298487231904066,
            "average_shortest_path": 0.3762695480366142,
            "global_efficiency": 2.712063091571351
        }
    ],
    "10": [
        {
            "clustering": 0.1705228834071722,
            "modularity": 0.03787214050187835,
            "average_degree": 8.786629022833294,
            "degree_std": 0.5024209290432035,
            "average_shortest_path": 0.8288243034081275,
            "global_efficiency": 1.2072379285825756
        },
        {
            "clustering": 0.22333966064150484,
            "modularity": 0.08565886161752306,
            "average_degree": 11.140718877430409,
            "degree_std": 1.5124641003721393,
            "average_shortest_path": 0.7838601088500419,
            "global_efficiency": 1.2898915140889846
        },
        {
            "clustering": 0.9428893200631923,
            "modularity": 0.01815015633749292,
            "average_degree": 42.43401223605193,
            "degree_std": 0.8672402844529608,
            "average_shortest_path": 0.16663113888429135,
            "global_efficiency": 6.105907850674996
        },
        {
            "clustering": 0.5650537901608286,
            "modularity": 0.026049764440440666,
            "average_degree": 26.996333694596178,
            "degree_std": 1.564632394743894,
            "average_shortest_path": 0.4669654383464735,
            "global_efficiency": 2.1667449917978527
        },
        {
            "clustering": 0.7707695534779626,
            "modularity": 0.023290078509827547,
            "average_degree": 32.51432787597958,
            "degree_std": 2.461243344173782,
            "average_shortest_path": 0.36080459238315116,
            "global_efficiency": 2.8689971268153243
        },
        {
            "clustering": 0.07998361247282791,
            "modularity": 0.13826798027309367,
            "average_degree": 4.3357448926832145,
            "degree_std": 0.5355482079004577,
            "average_shortest_path": 0.9170236847407439,
            "global_efficiency": 1.0916341474106546
        },
        {
            "clustering": 0.28687985264112265,
            "modularity": 0.02499806864982643,
            "average_degree": 14.69050795172967,
            "degree_std": 0.9483063382807949,
            "average_shortest_path": 0.7125755327757524,
            "global_efficiency": 1.4053852489751228
        },
        {
            "clustering": 0.583401756687967,
            "modularity": 0.017494316531404985,
            "average_degree": 25.146097290866745,
            "degree_std": 0.9334213535140872,
            "average_shortest_path": 0.5044838097873999,
            "global_efficiency": 1.997199535742744
        }
    ],
    "11": [
        {
            "clustering": 0.0694174553744818,
            "modularity": 0.09604344287894086,
            "average_degree": 3.684930965638123,
            "degree_std": 0.5120861708757621,
            "average_shortest_path": 0.9292881039446722,
            "global_efficiency": 1.07666124238911
        },
        {
            "clustering": 0.056597532868264716,
            "modularity": 0.13120478678572217,
            "average_degree": 3.080393139777807,
            "degree_std": 0.7988740740610365,
            "average_shortest_path": 0.9411639666971254,
            "global_efficiency": 1.0632493802783543
        },
        {
            "clustering": 0.2145193447948266,
            "modularity": 0.02337715969124945,
            "average_degree": 11.04356112297006,
            "degree_std": 0.9553799703236479,
            "average_shortest_path": 0.7842142249014046,
            "global_efficiency": 1.2770884255883563
        },
        {
            "clustering": 0.1951675449405029,
            "modularity": 0.03904374688984809,
            "average_degree": 10.119094080709255,
            "degree_std": 1.0045467741124205,
            "average_shortest_path": 0.8025702232896301,
            "global_efficiency": 1.249322384406949
        },
        {
            "clustering": 0.06843887529560976,
            "modularity": 0.04867175407925327,
            "average_degree": 3.5861565077912383,
            "degree_std": 0.8565610018657462,
            "average_shortest_path": 0.9304987586566146,
            "global_efficiency": 1.0752721813300066
        },
        {
            "clustering": 0.14383427236348856,
            "modularity": 0.06645914346534075,
            "average_degree": 7.5185868806749205,
            "degree_std": 1.1731698429861623,
            "average_shortest_path": 0.8543220791441453,
            "global_efficiency": 1.1730454721749277
        },
        {
            "clustering": 0.17802301849619057,
            "modularity": 0.09554452097967239,
            "average_degree": 9.436107016399838,
            "degree_std": 1.6624585896990574,
            "average_shortest_path": 0.8172373863589331,
            "global_efficiency": 1.2302373024031235
        },
        {
            "clustering": 0.2513393983631604,
            "modularity": 0.024422202439798594,
            "average_degree": 12.904149553938405,
            "degree_std": 0.7610713042371945,
            "average_shortest_path": 0.7478820387894666,
            "global_efficiency": 1.3388295529408378
        }
    ],
    "12": [
        {
            "clustering": 0.06991541615498925,
            "modularity": 0.10589020654324979,
            "average_degree": 3.7417477116741793,
            "degree_std": 0.6794033914095292,
            "average_shortest_path": 0.9281561386691509,
            "global_efficiency": 1.0780724609004926
        },
        {
            "clustering": 0.6605021953266679,
            "modularity": 0.018488208062260945,
            "average_degree": 27.714972698267886,
            "degree_std": 1.2748398195488664,
            "average_shortest_path": 0.4451786307985161,
            "global_efficiency": 2.292768748030234
        },
        {
            "clustering": 0.1314619123631457,
            "modularity": 0.061895837829856915,
            "average_degree": 6.825054965879172,
            "degree_std": 0.6020092256970027,
            "average_shortest_path": 0.8676428742622508,
            "global_efficiency": 1.1533358208028948
        },
        {
            "clustering": 0.9504624166758932,
            "modularity": 0.017422271147071372,
            "average_degree": 47.890059118919744,
            "degree_std": 0.2650257793668872,
            "average_shortest_path": 0.04373006808514498,
            "global_efficiency": 26.83550091834922
        },
        {
            "clustering": 0.20394574914084157,
            "modularity": 0.02292222431326872,
            "average_degree": 10.471294389266623,
            "degree_std": 0.6754045443841772,
            "average_shortest_path": 0.7951657522353418,
            "global_efficiency": 1.2587296267643733
        },
        {
            "clustering": 0.10923000874963065,
            "modularity": 0.10000710980027427,
            "average_degree": 5.822070834905244,
            "degree_std": 1.0691675641129859,
            "average_shortest_path": 0.8877985462187435,
            "global_efficiency": 1.1285692259274405
        },
        {
            "clustering": 0.07202339774030835,
            "modularity": 0.13405901044817092,
            "average_degree": 3.914177097191205,
            "degree_std": 0.5168805072700067,
            "average_shortest_path": 0.9251292568422947,
            "global_efficiency": 1.0817983675069223
        },
        {
            "clustering": 0.5752491851681565,
            "modularity": 0.018643726676067018,
            "average_degree": 22.464093275421035,
            "degree_std": 1.6873405196354487,
            "average_shortest_path": 0.5565824036148129,
            "global_efficiency": 1.8196406514131689
        }
    ],
    "13": [
        {
            "clustering": 0.34244815221315195,
            "modularity": 0.039026266401618284,
            "average_degree": 17.598641850378698,
            "degree_std": 0.5130542801525292,
            "average_shortest_path": 0.6566338610522077,
            "global_efficiency": 1.5265089210686584
        },
        {
            "clustering": 0.5574827481011791,
            "modularity": 0.025411016319160623,
            "average_degree": 28.554656845916398,
            "degree_std": 1.5445509783515228,
            "average_shortest_path": 0.441122325744169,
            "global_efficiency": 2.292094365192847
        },
        {
            "clustering": 0.2210336168234086,
            "modularity": 0.0644468600901413,
            "average_degree": 11.466955113139338,
            "degree_std": 0.5932173653055257,
            "average_shortest_path": 0.7773264399408769,
            "global_efficiency": 1.2891573785220407
        },
        {
            "clustering": 0.8773902246011959,
            "modularity": 0.019117676085887637,
            "average_degree": 38.81501031880893,
            "degree_std": 2.251922358807306,
            "average_shortest_path": 0.23846574810086466,
            "global_efficiency": 4.477972616477616
        },
        {
            "clustering": 0.9191732038815439,
            "modularity": 0.017696018476680113,
            "average_degree": 44.36899264638938,
            "degree_std": 0.8657312354338889,
            "average_shortest_path": 0.11827762511311746,
            "global_efficiency": 8.837947575230723
        },
        {
            "clustering": 0.09425215150210185,
            "modularity": 0.11656353465631754,
            "average_degree": 5.0616432277470444,
            "degree_std": 0.712822281881293,
            "average_shortest_path": 0.9029344438632539,
            "global_efficiency": 1.1092731663372168
        },
        {
            "clustering": 0.04085457125083534,
            "modularity": 0.12578479855516292,
            "average_degree": 2.2302532945892746,
            "degree_std": 0.6223542304107273,
            "average_shortest_path": 0.9576055761100858,
            "global_efficiency": 1.0446436176497924
        },
        {
            "clustering": 0.2870682226471766,
            "modularity": 0.039225230385429855,
            "average_degree": 14.834362467777318,
            "degree_std": 1.325727113241599,
            "average_shortest_path": 0.7106309890209496,
            "global_efficiency": 1.4136098443868834
        }
    ],
    "14": [
        {
            "clustering": 0.6717866091495592,
            "modularity": 0.01801584387403344,
            "average_degree": 33.58617454769868,
            "degree_std": 2.456860026393534,
            "average_shortest_path": 0.3271881637159659,
            "global_efficiency": 3.365331185389011
        },
        {
            "clustering": 0.9118548526630248,
            "modularity": 0.01842627595500057,
            "average_degree": 42.45089130585708,
            "degree_std": 0.47827326438638945,
            "average_shortest_path": 0.16565914404635526,
            "global_efficiency": 6.131229711389017
        },
        {
            "clustering": 0.14367331151358392,
            "modularity": 0.11433410571628912,
            "average_degree": 7.665534650476984,
            "degree_std": 1.4539747351079972,
            "average_shortest_path": 0.8519326606130881,
            "global_efficiency": 1.1795398342344963
        },
        {
            "clustering": 0.688146872801767,
            "modularity": 0.018219518532304885,
            "average_degree": 27.926538486533538,
            "degree_std": 1.4641938997892192,
            "average_shortest_path": 0.45001792405332836,
            "global_efficiency": 2.2621995998086692
        },
        {
            "clustering": 0.8177037235867047,
            "modularity": 0.02035172845799479,
            "average_degree": 37.34017361705817,
            "degree_std": 0.7023495416571693,
            "average_shortest_path": 0.2565619435845589,
            "global_efficiency": 3.9867493046739213
        },
        {
            "clustering": 0.0809052944677741,
            "modularity": 0.1081023023368253,
            "average_degree": 4.329913833745159,
            "degree_std": 0.4298925039312097,
            "average_shortest_path": 0.9169836237355998,
            "global_efficiency": 1.091248378334255
        },
        {
            "clustering": 0.6837630237274941,
            "modularity": 0.0186984962066885,
            "average_degree": 33.20145181181688,
            "degree_std": 0.7362530799112469,
            "average_shortest_path": 0.293741860705979,
            "global_efficiency": 3.907722963087093
        },
        {
            "clustering": 0.4517933589217411,
            "modularity": 0.019045003427699114,
            "average_degree": 23.06755313101072,
            "degree_std": 0.7892148848332333,
            "average_shortest_path": 0.5471138296194914,
            "global_efficiency": 1.8368310914452926
        }
    ],
    "15": [
        {
            "clustering": 0.8059605344985385,
            "modularity": 0.018748292836023306,
            "average_degree": 35.26078940694846,
            "degree_std": 1.561076097456225,
            "average_shortest_path": 0.3060780259784387,
            "global_efficiency": 3.338181613442733
        },
        {
            "clustering": 0.8304081146795744,
            "modularity": 0.01853440372452426,
            "average_degree": 38.46949472969092,
            "degree_std": 2.336196411662836,
            "average_shortest_path": 0.24490433705096343,
            "global_efficiency": 4.354355940716564
        },
        {
            "clustering": 0.9038420763758163,
            "modularity": 0.018299966120702282,
            "average_degree": 43.57609359090842,
            "degree_std": 1.7016842239720562,
            "average_shortest_path": 0.1345556709474447,
            "global_efficiency": 8.316860248402241
        },
        {
            "clustering": 0.3667246218873136,
            "modularity": 0.038857893391577907,
            "average_degree": 14.931895185614339,
            "degree_std": 1.5627008333712888,
            "average_shortest_path": 0.7072078805451346,
            "global_efficiency": 1.4282979560872828
        },
        {
            "clustering": 0.5232390670992203,
            "modularity": 0.022582443573289344,
            "average_degree": 25.85375710314918,
            "degree_std": 2.123046276149618,
            "average_shortest_path": 0.4626049331499606,
            "global_efficiency": 2.371643460149812
        },
        {
            "clustering": 0.18240946341963596,
            "modularity": 0.03015527583581074,
            "average_degree": 9.38019772696156,
            "degree_std": 1.2555269603635015,
            "average_shortest_path": 0.8167441151118484,
            "global_efficiency": 1.2267529156202293
        },
        {
            "clustering": 0.6626417525596696,
            "modularity": 0.021575280917445722,
            "average_degree": 33.89750566491239,
            "degree_std": 1.8627253590493036,
            "average_shortest_path": 0.3248820227019641,
            "global_efficiency": 3.331714809864872
        },
        {
            "clustering": 0.7053475016148919,
            "modularity": 0.01877827933287348,
            "average_degree": 35.96505626353282,
            "degree_std": 0.22543146391846408,
            "average_shortest_path": 0.293758746653187,
            "global_efficiency": 3.428328915572674
        }
    ],
    "16": [
        {
            "clustering": 0.08617855567293246,
            "modularity": 0.0717500831348383,
            "average_degree": 4.5401820939787285,
            "degree_std": 1.0817723352451187,
            "average_shortest_path": 0.912059818305515,
            "global_efficiency": 1.0977093924230408
        },
        {
            "clustering": 0.09605188779455313,
            "modularity": 0.04584760759248065,
            "average_degree": 4.999586686121984,
            "degree_std": 0.997211439194978,
            "average_shortest_path": 0.9030113795779278,
            "global_efficiency": 1.1082769305364624
        },
        {
            "clustering": 0.25550820205077807,
            "modularity": 0.01792562466406064,
            "average_degree": 10.533648889854884,
            "degree_std": 2.328911187080173,
            "average_shortest_path": 0.7924047032035059,
            "global_efficiency": 1.273104109569669
        },
        {
            "clustering": 0.7675539687645734,
            "modularity": 0.017538651611707777,
            "average_degree": 31.471221646123304,
            "degree_std": 1.2313106036189754,
            "average_shortest_path": 0.38147936321034726,
            "global_efficiency": 2.6717828102010874
        },
        {
            "clustering": 0.3186857359325892,
            "modularity": 0.02283687933543476,
            "average_degree": 16.400931105044073,
            "degree_std": 2.170102872472313,
            "average_shortest_path": 0.6793402137799615,
            "global_efficiency": 1.4848834870806757
        },
        {
            "clustering": 0.16781259331338144,
            "modularity": 0.022956943089135956,
            "average_degree": 8.605865754213518,
            "degree_std": 0.9677901641756759,
            "average_shortest_path": 0.8316499411507005,
            "global_efficiency": 1.2036104661204103
        },
        {
            "clustering": 0.1879521872868243,
            "modularity": 0.023165587462505147,
            "average_degree": 9.635581224587149,
            "degree_std": 0.7011437804275736,
            "average_shortest_path": 0.811498636347368,
            "global_efficiency": 1.2332550145694152
        },
        {
            "clustering": 0.6990514911999794,
            "modularity": 0.018254365855109145,
            "average_degree": 35.19052429112453,
            "degree_std": 0.6416581660223719,
            "average_shortest_path": 0.2616451461947694,
            "global_efficiency": 4.9470585700732315
        }
    ],
    "17": [
        {
            "clustering": 0.20121975055595465,
            "modularity": 0.06773167731437657,
            "average_degree": 10.502457115234211,
            "degree_std": 0.7285734703491786,
            "average_shortest_path": 0.7960124862765521,
            "global_efficiency": 1.2600205381913638
        },
        {
            "clustering": 0.16272186634585853,
            "modularity": 0.0200204284720223,
            "average_degree": 8.420678334318437,
            "degree_std": 1.3847946573392722,
            "average_shortest_path": 0.8346258468817928,
            "global_efficiency": 1.2013321108527177
        },
        {
            "clustering": 0.292066694087963,
            "modularity": 0.08793723810706922,
            "average_degree": 15.398635461245068,
            "degree_std": 1.5771864493372927,
            "average_shortest_path": 0.7012259447072842,
            "global_efficiency": 1.452194571053263
        },
        {
            "clustering": 0.5475716062659057,
            "modularity": 0.02213629655453101,
            "average_degree": 28.014964307125993,
            "degree_std": 0.7345794462852079,
            "average_shortest_path": 0.45069480084034863,
            "global_efficiency": 2.233480469854849
        },
        {
            "clustering": 0.33731424674180766,
            "modularity": 0.03009835908872465,
            "average_degree": 17.431699020800515,
            "degree_std": 2.9232314819279397,
            "average_shortest_path": 0.6591994154952512,
            "global_efficiency": 1.551540082885537
        },
        {
            "clustering": 0.20914518045886754,
            "modularity": 0.06547497334248194,
            "average_degree": 10.86703652133081,
            "degree_std": 0.6521812589385672,
            "average_shortest_path": 0.7889718097956137,
            "global_efficiency": 1.2705406146369291
        },
        {
            "clustering": 0.6965887785520158,
            "modularity": 0.019754591140064528,
            "average_degree": 35.555343487289136,
            "degree_std": 1.295148200375393,
            "average_shortest_path": 0.30271136707189134,
            "global_efficiency": 3.372713640844883
        },
        {
            "clustering": 0.09070996393428525,
            "modularity": 0.09594843801189838,
            "average_degree": 4.809828853307627,
            "degree_std": 0.8390932433193711,
            "average_shortest_path": 0.9071745454839609,
            "global_efficiency": 1.1038461226282312
        }
    ],
    "18": [
        {
            "clustering": 0.3398956858018631,
            "modularity": 0.029245743234903615,
            "average_degree": 17.474860181902404,
            "degree_std": 1.1210502044261854,
            "average_shortest_path": 0.6587741106364484,
            "global_efficiency": 1.5238091025026863
        },
        {
            "clustering": 0.09237078655280596,
            "modularity": 0.04931126715447881,
            "average_degree": 4.800397467392831,
            "degree_std": 0.46192203834275575,
            "average_shortest_path": 0.9070103084660276,
            "global_efficiency": 1.102830359670582
        },
        {
            "clustering": 0.4783699970766754,
            "modularity": 0.027665775859446635,
            "average_degree": 24.564044501696117,
            "degree_std": 1.9757011263116264,
            "average_shortest_path": 0.5195656440470071,
            "global_efficiency": 1.9548053540513965
        },
        {
            "clustering": 0.7151392521370284,
            "modularity": 0.020158836544847417,
            "average_degree": 29.17754706057567,
            "degree_std": 1.5129873319705607,
            "average_shortest_path": 0.42643013372713207,
            "global_efficiency": 2.3813139222142725
        },
        {
            "clustering": 0.6566715079519332,
            "modularity": 0.028046531187951262,
            "average_degree": 30.380577436440362,
            "degree_std": 1.876139061740631,
            "average_shortest_path": 0.40275071519978195,
            "global_efficiency": 2.5584255234944173
        },
        {
            "clustering": 0.19394835461897852,
            "modularity": 0.03878363227411203,
            "average_degree": 9.97778842683263,
            "degree_std": 0.7071874276713838,
            "average_shortest_path": 0.8055117657607049,
            "global_efficiency": 1.2424497514530208
        },
        {
            "clustering": 0.6326503384496834,
            "modularity": 0.02712403751945445,
            "average_degree": 32.36471709403057,
            "degree_std": 0.6920845254220795,
            "average_shortest_path": 0.3668817952878097,
            "global_efficiency": 2.746329604022829
        },
        {
            "clustering": 0.13440515717716428,
            "modularity": 0.024874748853285993,
            "average_degree": 6.924384000872596,
            "degree_std": 0.9182364325231218,
            "average_shortest_path": 0.864459745826668,
            "global_efficiency": 1.1586931895488894
        }
    ],
    "19": [
        {
            "clustering": 0.7022610970292494,
            "modularity": 0.018281567016978546,
            "average_degree": 23.086426707559003,
            "degree_std": 1.2580789903366028,
            "average_shortest_path": 0.5465812626541877,
            "global_efficiency": 1.838265939140263
        },
        {
            "clustering": 0.8746600456279923,
            "modularity": 0.02000079278763639,
            "average_degree": 41.51444326823272,
            "degree_std": 1.2097666563162186,
            "average_shortest_path": 0.1813707539256738,
            "global_efficiency": 5.609341454029666
        },
        {
            "clustering": 0.9187427876131261,
            "modularity": 0.019117449308949683,
            "average_degree": 42.58427658086337,
            "degree_std": 0.8522052669045894,
            "average_shortest_path": 0.16422277049142486,
            "global_efficiency": 6.167744139264573
        },
        {
            "clustering": 0.5968388908969031,
            "modularity": 0.025900837453964556,
            "average_degree": 28.189820584327318,
            "degree_std": 2.006058016610405,
            "average_shortest_path": 0.4369047947075902,
            "global_efficiency": 2.4330472969289056
        },
        {
            "clustering": 0.2570770998095085,
            "modularity": 0.027348181979013318,
            "average_degree": 9.516611806588116,
            "degree_std": 3.102289431091228,
            "average_shortest_path": 0.812214312038216,
            "global_efficiency": 1.2505282054648665
        },
        {
            "clustering": 0.5689650704030736,
            "modularity": 0.029875239879120122,
            "average_degree": 23.32483124553539,
            "degree_std": 2.0538296145211374,
            "average_shortest_path": 0.5417513851365264,
            "global_efficiency": 1.8751990341543245
        },
        {
            "clustering": 0.06706032618542386,
            "modularity": 0.15941777405950544,
            "average_degree": 3.722867597238728,
            "degree_std": 0.5043168212462492,
            "average_shortest_path": 0.9289633621995849,
            "global_efficiency": 1.0774241181568027
        },
        {
            "clustering": 0.5405523088868543,
            "modularity": 0.018392743397542856,
            "average_degree": 27.5988386604454,
            "degree_std": 1.7950596137564585,
            "average_shortest_path": 0.45791263510324137,
            "global_efficiency": 2.2174276406962474
        }
    ],
    "20": [
        {
            "clustering": 0.2281476391271403,
            "modularity": 0.053573878876244665,
            "average_degree": 11.819478831466622,
            "degree_std": 1.7533300046745566,
            "average_shortest_path": 0.7696689349620401,
            "global_efficiency": 1.306306296065327
        },
        {
            "clustering": 0.6634003551245213,
            "modularity": 0.018735394935487044,
            "average_degree": 19.623795352492817,
            "degree_std": 1.1961939770958339,
            "average_shortest_path": 0.6134014360654498,
            "global_efficiency": 1.6524739759753717
        },
        {
            "clustering": 0.3315715384025031,
            "modularity": 0.01947233346906411,
            "average_degree": 12.498002725251354,
            "degree_std": 2.4007204779549793,
            "average_shortest_path": 0.7544462898189552,
            "global_efficiency": 1.3385042122429573
        },
        {
            "clustering": 0.7309658779651876,
            "modularity": 0.02096645076899135,
            "average_degree": 27.86714246971227,
            "degree_std": 1.2377146266449375,
            "average_shortest_path": 0.45358107750969273,
            "global_efficiency": 2.2186141529363277
        },
        {
            "clustering": 0.18799627301013078,
            "modularity": 0.023627371007474734,
            "average_degree": 9.706460250493473,
            "degree_std": 1.4219166000994592,
            "average_shortest_path": 0.8103598611477162,
            "global_efficiency": 1.236971003487708
        },
        {
            "clustering": 0.3440674635011547,
            "modularity": 0.027300731508554537,
            "average_degree": 17.614969386037775,
            "degree_std": 0.799627841472306,
            "average_shortest_path": 0.6555937517626637,
            "global_efficiency": 1.5274247613251053
        },
        {
            "clustering": 0.745907883039391,
            "modularity": 0.019318176852972345,
            "average_degree": 31.718098293792792,
            "degree_std": 2.570804608552651,
            "average_shortest_path": 0.3773015241182664,
            "global_efficiency": 2.7594588540513842
        },
        {
            "clustering": 0.17791721935584057,
            "modularity": 0.0719933483452437,
            "average_degree": 9.262268008094615,
            "degree_std": 0.416297204444326,
            "average_shortest_path": 0.8204921406851823,
            "global_efficiency": 1.220396272348967
        }
    ],
    "21": [
        {
            "clustering": 0.39046443779438333,
            "modularity": 0.048728101421500095,
            "average_degree": 18.321001618259324,
            "degree_std": 2.056291445724321,
            "average_shortest_path": 0.6333094187841124,
            "global_efficiency": 1.6158623989057177
        },
        {
            "clustering": 0.23400211029292353,
            "modularity": 0.03983474189450509,
            "average_degree": 7.771036510023623,
            "degree_std": 1.9926740551039666,
            "average_shortest_path": 0.848128073966561,
            "global_efficiency": 1.1863140201176052
        },
        {
            "clustering": 0.18136587653957242,
            "modularity": 0.022117047537079177,
            "average_degree": 9.334396884248926,
            "degree_std": 1.5864435419507066,
            "average_shortest_path": 0.8169877765108478,
            "global_efficiency": 1.2303244094121264
        },
        {
            "clustering": 0.11476256089600351,
            "modularity": 0.05049955862834136,
            "average_degree": 6.147106839603148,
            "degree_std": 2.7133359867738545,
            "average_shortest_path": 0.8800650037985075,
            "global_efficiency": 1.148101066115185
        },
        {
            "clustering": 0.6543995899048837,
            "modularity": 0.019869955767671824,
            "average_degree": 31.761429803424253,
            "degree_std": 1.198464925686393,
            "average_shortest_path": 0.3766943024007642,
            "global_efficiency": 2.696020860899071
        },
        {
            "clustering": 0.1728192878724729,
            "modularity": 0.019576439784379594,
            "average_degree": 9.303481598999278,
            "degree_std": 2.924938313722001,
            "average_shortest_path": 0.8171254585573122,
            "global_efficiency": 1.2361126793498662
        },
        {
            "clustering": 0.6877485988843023,
            "modularity": 0.02355882500664668,
            "average_degree": 35.20314288875866,
            "degree_std": 1.7927125996508138,
            "average_shortest_path": 0.30778612996850696,
            "global_efficiency": 3.3060419645446806
        },
        {
            "clustering": 0.5890627262186392,
            "modularity": 0.01829329035912035,
            "average_degree": 22.781195596333927,
            "degree_std": 0.753289945036608,
            "average_shortest_path": 0.5521782785435804,
            "global_efficiency": 1.8216011102319145
        }
    ],
    "22": [
        {
            "clustering": 0.08777862133176204,
            "modularity": 0.0972084305598003,
            "average_degree": 4.671586875927969,
            "degree_std": 0.7853471320067225,
            "average_shortest_path": 0.9101425443739201,
            "global_efficiency": 1.0999397103223845
        },
        {
            "clustering": 0.8004429714932592,
            "modularity": 0.01845371104190675,
            "average_degree": 35.55716736262359,
            "degree_std": 0.7454915826985234,
            "average_shortest_path": 0.2953230772942913,
            "global_efficiency": 3.4434510807192766
        },
        {
            "clustering": 0.6871277973194683,
            "modularity": 0.021222950899743114,
            "average_degree": 27.395797589708454,
            "degree_std": 1.6599726139482274,
            "average_shortest_path": 0.45954708859324456,
            "global_efficiency": 2.1887835854169224
        },
        {
            "clustering": 0.640734735278363,
            "modularity": 0.020350484319652553,
            "average_degree": 32.7380060696866,
            "degree_std": 1.7761487114138683,
            "average_shortest_path": 0.3582373177579471,
            "global_efficiency": 2.856199045625077
        },
        {
            "clustering": 0.16179257362777355,
            "modularity": 0.05345207538046208,
            "average_degree": 8.404978269977365,
            "degree_std": 0.8060040616141125,
            "average_shortest_path": 0.8367586595541159,
            "global_efficiency": 1.1967280775560314
        },
        {
            "clustering": 0.3535425519990267,
            "modularity": 0.04916747481210889,
            "average_degree": 18.309502731886095,
            "degree_std": 1.1923465837893668,
            "average_shortest_path": 0.6433836239388486,
            "global_efficiency": 1.5698296051553284
        },
        {
            "clustering": 0.6209824486988516,
            "modularity": 0.021431613734636704,
            "average_degree": 26.705467583589925,
            "degree_std": 0.5817890823128292,
            "average_shortest_path": 0.47643234289422326,
            "global_efficiency": 2.1047451040160627
        },
        {
            "clustering": 0.8859680777814402,
            "modularity": 0.01875545410717827,
            "average_degree": 36.81709950750388,
            "degree_std": 0.9438949921149786,
            "average_shortest_path": 0.2775932135630627,
            "global_efficiency": 3.6277042280658467
        }
    ],
    "23": [
        {
            "clustering": 0.5293674012486984,
            "modularity": 0.027571219516455855,
            "average_degree": 27.178358791143037,
            "degree_std": 2.136507532027259,
            "average_shortest_path": 0.4682689747220331,
            "global_efficiency": 2.1713482693577153
        },
        {
            "clustering": 0.9744039198745582,
            "modularity": 0.018520243854867904,
            "average_degree": 45.21606979792632,
            "degree_std": 1.1800590170202008,
            "average_shortest_path": 0.11228294430946817,
            "global_efficiency": 9.275828662533138
        },
        {
            "clustering": 0.07731294240364932,
            "modularity": 0.12768415579193942,
            "average_degree": 4.213948049953542,
            "degree_std": 1.1729832360758183,
            "average_shortest_path": 0.9190874960387856,
            "global_efficiency": 1.0899964074693569
        },
        {
            "clustering": 0.29372675934293446,
            "modularity": 0.031146140188873885,
            "average_degree": 15.055980566617436,
            "degree_std": 0.583406436097502,
            "average_shortest_path": 0.705743880006801,
            "global_efficiency": 1.4187741736231465
        },
        {
            "clustering": 0.448196644876145,
            "modularity": 0.022001057367465437,
            "average_degree": 22.922841421396807,
            "degree_std": 0.9231047065978868,
            "average_shortest_path": 0.5511742785505844,
            "global_efficiency": 1.8200280884292417
        },
        {
            "clustering": 0.1881770534908388,
            "modularity": 0.048631176544362324,
            "average_degree": 9.75138601665698,
            "degree_std": 0.846670140286227,
            "average_shortest_path": 0.8100636903049584,
            "global_efficiency": 1.236448131808071
        },
        {
            "clustering": 0.8501041657982961,
            "modularity": 0.02106080400038856,
            "average_degree": 35.478434034910386,
            "degree_std": 1.097635060345773,
            "average_shortest_path": 0.30449246534279417,
            "global_efficiency": 3.3399444229377795
        },
        {
            "clustering": 0.13367306238614476,
            "modularity": 0.06550781598313253,
            "average_degree": 6.997165539342604,
            "degree_std": 0.7737065256007717,
            "average_shortest_path": 0.8641546691360432,
            "global_efficiency": 1.159402488831076
        }
    ],
    "24": [
        {
            "clustering": 0.34707615375868994,
            "modularity": 0.03323010433109961,
            "average_degree": 17.877850522574374,
            "degree_std": 1.696893454083545,
            "average_shortest_path": 0.6512792380209563,
            "global_efficiency": 1.54480481967083
        },
        {
            "clustering": 0.959700457688444,
            "modularity": 0.018457227625603395,
            "average_degree": 47.31145973151244,
            "degree_std": 0.5437316675740808,
            "average_shortest_path": 0.07110141121611303,
            "global_efficiency": 14.51337601194303
        },
        {
            "clustering": 0.9577211237263219,
            "modularity": 0.01798362195090943,
            "average_degree": 44.65563346808471,
            "degree_std": 1.35500297732252,
            "average_shortest_path": 0.12285890221595765,
            "global_efficiency": 8.713987534740035
        },
        {
            "clustering": 0.2323720676799866,
            "modularity": 0.05174772712780277,
            "average_degree": 10.567701330174096,
            "degree_std": 1.5285421256074472,
            "average_shortest_path": 0.7890762621774745,
            "global_efficiency": 1.294089707783969
        },
        {
            "clustering": 0.26511886872801904,
            "modularity": 0.022904521606553097,
            "average_degree": 13.576982261155136,
            "degree_std": 0.9762646262656063,
            "average_shortest_path": 0.7343131139283665,
            "global_efficiency": 1.363786729675991
        },
        {
            "clustering": 0.23185065175323158,
            "modularity": 0.025143585714869323,
            "average_degree": 11.91314149321137,
            "degree_std": 0.8932515087549192,
            "average_shortest_path": 0.7673773173408002,
            "global_efficiency": 1.305002974281503
        },
        {
            "clustering": 0.8003784386727999,
            "modularity": 0.020365680176869738,
            "average_degree": 39.84991124575652,
            "degree_std": 1.017351513459358,
            "average_shortest_path": 0.2185423527445112,
            "global_efficiency": 4.700634231430423
        },
        {
            "clustering": 0.658175059405534,
            "modularity": 0.023095851582512754,
            "average_degree": 22.418419278490692,
            "degree_std": 0.9409644612880711,
            "average_shortest_path": 0.5597026832568371,
            "global_efficiency": 1.8032695829065155
        }
    ],
    "25": [
        {
            "clustering": 0.1750283994426329,
            "modularity": 0.08182114664215157,
            "average_degree": 9.176158582445568,
            "degree_std": 0.6105152822504367,
            "average_shortest_path": 0.8223340948650507,
            "global_efficiency": 1.2185816345844982
        },
        {
            "clustering": 0.19921546153204509,
            "modularity": 0.0621645218669448,
            "average_degree": 10.405153723739422,
            "degree_std": 1.794961723780379,
            "average_shortest_path": 0.7963015156967536,
            "global_efficiency": 1.2667599308792972
        },
        {
            "clustering": 0.8544459239356036,
            "modularity": 0.018621762246639993,
            "average_degree": 38.7209461747374,
            "degree_std": 1.631616227655567,
            "average_shortest_path": 0.22480025426465639,
            "global_efficiency": 4.7013195387381685
        },
        {
            "clustering": 0.2712813519172895,
            "modularity": 0.02578568789511132,
            "average_degree": 13.9171520176794,
            "degree_std": 0.6745334555134628,
            "average_shortest_path": 0.72785230227217,
            "global_efficiency": 1.3763181713715544
        },
        {
            "clustering": 0.06846681074325525,
            "modularity": 0.12370149833657121,
            "average_degree": 3.729621409454485,
            "degree_std": 0.614803082757421,
            "average_shortest_path": 0.9283567253398137,
            "global_efficiency": 1.0782599058588551
        },
        {
            "clustering": 0.7238857871770424,
            "modularity": 0.02004170862813331,
            "average_degree": 33.43915468777377,
            "degree_std": 0.9682869332026754,
            "average_shortest_path": 0.3341105028439541,
            "global_efficiency": 3.0796145613790076
        },
        {
            "clustering": 0.6832918606340225,
            "modularity": 0.021110910252582844,
            "average_degree": 34.91010047348995,
            "degree_std": 0.9926803447787687,
            "average_shortest_path": 0.31630134433454016,
            "global_efficiency": 3.18876971226571
        },
        {
            "clustering": 0.2671487417758631,
            "modularity": 0.019469178844286252,
            "average_degree": 13.710276758119798,
            "degree_std": 1.7147359935864495,
            "average_shortest_path": 0.7309482502502378,
            "global_efficiency": 1.3738303669449632
        }
    ],
    "26": [
        {
            "clustering": 0.25228692936541286,
            "modularity": 0.03813844109641632,
            "average_degree": 13.034828184701837,
            "degree_std": 1.1996134898992963,
            "average_shortest_path": 0.7447783827688856,
            "global_efficiency": 1.349884320558203
        },
        {
            "clustering": 0.8375957047597804,
            "modularity": 0.020013779880334655,
            "average_degree": 37.15277023082294,
            "degree_std": 1.069571508038628,
            "average_shortest_path": 0.2715055664583128,
            "global_efficiency": 3.717159905523046
        },
        {
            "clustering": 0.9511539039493477,
            "modularity": 0.018190594273415645,
            "average_degree": 45.58656103437461,
            "degree_std": 1.435232938064192,
            "average_shortest_path": 0.101114759420862,
            "global_efficiency": 10.842560274382494
        },
        {
            "clustering": 0.17920929267463814,
            "modularity": 0.11777347310034643,
            "average_degree": 9.539776823258363,
            "degree_std": 1.250625444189394,
            "average_shortest_path": 0.8157440580572408,
            "global_efficiency": 1.2344872337318133
        },
        {
            "clustering": 0.3141451862949871,
            "modularity": 0.021852396243456633,
            "average_degree": 16.093645181412214,
            "degree_std": 0.7889358513661082,
            "average_shortest_path": 0.6849378121435498,
            "global_efficiency": 1.4628563210014651
        },
        {
            "clustering": 0.6097859494534478,
            "modularity": 0.02360913038321598,
            "average_degree": 31.148442318492307,
            "degree_std": 0.6691929604839395,
            "average_shortest_path": 0.389842246442425,
            "global_efficiency": 2.5896939213012273
        },
        {
            "clustering": 0.8412201844534188,
            "modularity": 0.018500453088324622,
            "average_degree": 37.02240285223044,
            "degree_std": 0.5549548198654445,
            "average_shortest_path": 0.27309449587549484,
            "global_efficiency": 3.68807736609292
        },
        {
            "clustering": 0.929512103413131,
            "modularity": 0.018199580747045467,
            "average_degree": 43.34904216265,
            "degree_std": 2.547516485380969,
            "average_shortest_path": 0.1484063417084363,
            "global_efficiency": 7.855117517937002
        }
    ],
    "27": [
        {
            "clustering": 0.6246616441447789,
            "modularity": 0.022746041158492117,
            "average_degree": 27.34997467612542,
            "degree_std": 1.9907597760135367,
            "average_shortest_path": 0.46216016976809016,
            "global_efficiency": 2.2136084688190842
        },
        {
            "clustering": 0.5681681508314246,
            "modularity": 0.047605312703184494,
            "average_degree": 29.2484231268413,
            "degree_std": 2.1489150811060873,
            "average_shortest_path": 0.4219662254440541,
            "global_efficiency": 2.5187338424911334
        },
        {
            "clustering": 0.5365761253561938,
            "modularity": 0.01863338960648882,
            "average_degree": 27.375274563458152,
            "degree_std": 1.4379632839390508,
            "average_shortest_path": 0.4624978056428384,
            "global_efficiency": 2.1861634155020373
        },
        {
            "clustering": 0.9360838795442004,
            "modularity": 0.017870512281310872,
            "average_degree": 46.2102834672264,
            "degree_std": 0.9722151636843391,
            "average_shortest_path": 0.0894891792657424,
            "global_efficiency": 11.791622808117205
        },
        {
            "clustering": 0.534674774605501,
            "modularity": 0.025325752960537525,
            "average_degree": 26.366888863955026,
            "degree_std": 1.0802597991120328,
            "average_shortest_path": 0.43283697007870187,
            "global_efficiency": 2.751493204997298
        },
        {
            "clustering": 0.408877258319605,
            "modularity": 0.01820052721015448,
            "average_degree": 12.353978518963196,
            "degree_std": 1.5869531213330739,
            "average_shortest_path": 0.7569929813462792,
            "global_efficiency": 1.3280848129186564
        },
        {
            "clustering": 0.8730130589562721,
            "modularity": 0.018763675617654532,
            "average_degree": 38.07014958982982,
            "degree_std": 1.0339317950252453,
            "average_shortest_path": 0.2522795220540494,
            "global_efficiency": 4.016316920264257
        },
        {
            "clustering": 0.5049654583172997,
            "modularity": 0.02734331304242069,
            "average_degree": 25.929911871378646,
            "degree_std": 1.7857699795401938,
            "average_shortest_path": 0.4931615054034655,
            "global_efficiency": 2.0561492326833153
        }
    ],
    "28": [
        {
            "clustering": 0.5596302280419325,
            "modularity": 0.023398093043293208,
            "average_degree": 24.14248255315084,
            "degree_std": 1.5205141094878163,
            "average_shortest_path": 0.5273791697190208,
            "global_efficiency": 1.9111791667589308
        },
        {
            "clustering": 0.8362756733082983,
            "modularity": 0.02005907024193231,
            "average_degree": 36.19211617564477,
            "degree_std": 1.496994433428262,
            "average_shortest_path": 0.2878549022577247,
            "global_efficiency": 3.53909317627991
        },
        {
            "clustering": 0.6862115878577694,
            "modularity": 0.0249470372312166,
            "average_degree": 28.722503892832172,
            "degree_std": 1.8811961195203541,
            "average_shortest_path": 0.4367247190767405,
            "global_efficiency": 2.349425451769719
        },
        {
            "clustering": 0.7100810086831586,
            "modularity": 0.017387709002143332,
            "average_degree": 26.591286370807065,
            "degree_std": 0.7364386552066022,
            "average_shortest_path": 0.4772753084557397,
            "global_efficiency": 2.105891657861522
        },
        {
            "clustering": 0.2122844448752205,
            "modularity": 0.036239847193086205,
            "average_degree": 10.95886088345047,
            "degree_std": 1.57650631991845,
            "average_shortest_path": 0.785672492353771,
            "global_efficiency": 1.2795017198447738
        },
        {
            "clustering": 0.3142780043732445,
            "modularity": 0.022564520012290548,
            "average_degree": 16.083690987889057,
            "degree_std": 0.5211647870672409,
            "average_shortest_path": 0.6853858726595518,
            "global_efficiency": 1.4603544126389185
        },
        {
            "clustering": 0.8527882719604857,
            "modularity": 0.0339063481375953,
            "average_degree": 30.019219321718776,
            "degree_std": 2.095977931454952,
            "average_shortest_path": 0.4127155146210253,
            "global_efficiency": 2.4789089688953556
        },
        {
            "clustering": 0.8928688159715555,
            "modularity": 0.018922892670727276,
            "average_degree": 42.34098414319415,
            "degree_std": 1.1473874859379578,
            "average_shortest_path": 0.16191455327734655,
            "global_efficiency": 6.409891563301891
        }
    ],
    "29": [
        {
            "clustering": 0.16571535253312908,
            "modularity": 0.04478870765507688,
            "average_degree": 8.581545238385079,
            "degree_std": 0.6872858074376389,
            "average_shortest_path": 0.8327062694416265,
            "global_efficiency": 1.2032736599645624
        },
        {
            "clustering": 0.2728764287862541,
            "modularity": 0.059425157792866064,
            "average_degree": 14.202687798922051,
            "degree_std": 0.8577733607054034,
            "average_shortest_path": 0.7237004578805944,
            "global_efficiency": 1.390300508430693
        },
        {
            "clustering": 0.20403190628875711,
            "modularity": 0.02083439756709887,
            "average_degree": 8.705578787669873,
            "degree_std": 0.44456014913245284,
            "average_shortest_path": 0.8286510059106647,
            "global_efficiency": 1.2091892750893796
        },
        {
            "clustering": 0.8539618076642899,
            "modularity": 0.019841731672371903,
            "average_degree": 32.463742268670686,
            "degree_std": 2.4085146382279863,
            "average_shortest_path": 0.3569103108741799,
            "global_efficiency": 2.9170861386366136
        },
        {
            "clustering": 0.14494556069118783,
            "modularity": 0.04559664232908061,
            "average_degree": 7.494076726053245,
            "degree_std": 0.9980299691065355,
            "average_shortest_path": 0.8539105377713416,
            "global_efficiency": 1.1728855592993523
        },
        {
            "clustering": 0.31020297038239725,
            "modularity": 0.021439715884894763,
            "average_degree": 15.8471219405796,
            "degree_std": 0.6053684537949875,
            "average_shortest_path": 0.6895547003217581,
            "global_efficiency": 1.4512370056785107
        },
        {
            "clustering": 0.5157541692103268,
            "modularity": 0.019987705814135222,
            "average_degree": 26.33492906198684,
            "degree_std": 0.7412639568829387,
            "average_shortest_path": 0.4838508493345239,
            "global_efficiency": 2.073477285855148
        },
        {
            "clustering": 0.5789152159869602,
            "modularity": 0.04776988724661794,
            "average_degree": 25.803274636023417,
            "degree_std": 1.6720382871344066,
            "average_shortest_path": 0.49524250852210183,
            "global_efficiency": 2.073018129318613
        }
    ],
    "30": [
        {
            "clustering": 0.20162319526586994,
            "modularity": 0.03193317431795423,
            "average_degree": 10.373608664789572,
            "degree_std": 0.7451673334843854,
            "average_shortest_path": 0.7975608623530838,
            "global_efficiency": 1.2550414388945765
        },
        {
            "clustering": 0.954760202606514,
            "modularity": 0.018186441047797822,
            "average_degree": 45.86255412285842,
            "degree_std": 0.48330496616383156,
            "average_shortest_path": 0.09862076559845281,
            "global_efficiency": 10.419661812759514
        },
        {
            "clustering": 0.8953092789144275,
            "modularity": 0.018734221596710447,
            "average_degree": 42.901750251107586,
            "degree_std": 1.8558662278956508,
            "average_shortest_path": 0.1576117397084528,
            "global_efficiency": 6.881051568589764
        },
        {
            "clustering": 0.39123410605723846,
            "modularity": 0.02085311668775712,
            "average_degree": 11.70827202374312,
            "degree_std": 2.5601154878438495,
            "average_shortest_path": 0.7678354034732495,
            "global_efficiency": 1.3175723311460696
        },
        {
            "clustering": 0.6082100395548959,
            "modularity": 0.03135927223100312,
            "average_degree": 31.148349906754085,
            "degree_std": 1.0269479626230014,
            "average_shortest_path": 0.3907856628977606,
            "global_efficiency": 2.5897738445145904
        },
        {
            "clustering": 0.887010964594332,
            "modularity": 0.018976477017698522,
            "average_degree": 42.90567783388156,
            "degree_std": 2.5860499707852735,
            "average_shortest_path": 0.14556455397484253,
            "global_efficiency": 7.739216670095273
        },
        {
            "clustering": 0.05402552182267915,
            "modularity": 0.05261140604542983,
            "average_degree": 2.8947033348478,
            "degree_std": 1.2944599303334179,
            "average_shortest_path": 0.9440293429309472,
            "global_efficiency": 1.0608422659920846
        },
        {
            "clustering": 0.08241711102194307,
            "modularity": 0.038418930235374356,
            "average_degree": 4.301462871477343,
            "degree_std": 1.166708303093089,
            "average_shortest_path": 0.9161563279744246,
            "global_efficiency": 1.0926523355963036
        }
    ],
    "31": [
        {
            "clustering": 0.2052113852625027,
            "modularity": 0.09123582932331824,
            "average_degree": 10.779152412679615,
            "degree_std": 1.0100529906704139,
            "average_shortest_path": 0.790947092218731,
            "global_efficiency": 1.274631471523749
        },
        {
            "clustering": 0.8622528460345131,
            "modularity": 0.01946887971866652,
            "average_degree": 41.192771728065196,
            "degree_std": 2.2232353234681637,
            "average_shortest_path": 0.1823912584173436,
            "global_efficiency": 6.317930588328768
        },
        {
            "clustering": 0.5506877795599234,
            "modularity": 0.01728107568221165,
            "average_degree": 19.633110674672498,
            "degree_std": 1.0555991478645657,
            "average_shortest_path": 0.6135975193855714,
            "global_efficiency": 1.6406157354499538
        },
        {
            "clustering": 0.10647741779905241,
            "modularity": 0.11823978175324366,
            "average_degree": 5.736514203321057,
            "degree_std": 0.6858288852324596,
            "average_shortest_path": 0.8895763084277993,
            "global_efficiency": 1.1264019136128902
        },
        {
            "clustering": 0.16108018889877943,
            "modularity": 0.0800145590268167,
            "average_degree": 8.41403542048145,
            "degree_std": 0.5511647215722202,
            "average_shortest_path": 0.8369315007863384,
            "global_efficiency": 1.1965136354283197
        },
        {
            "clustering": 0.3057838922567958,
            "modularity": 0.046364658518783554,
            "average_degree": 15.724178908232934,
            "degree_std": 0.5001231084423637,
            "average_shortest_path": 0.6932831810371388,
            "global_efficiency": 1.445007765175934
        },
        {
            "clustering": 0.07311476927420914,
            "modularity": 0.13043824251681688,
            "average_degree": 3.933545591927468,
            "degree_std": 0.3956042413718417,
            "average_shortest_path": 0.924650363141645,
            "global_efficiency": 1.0822822188866483
        },
        {
            "clustering": 0.15832802701260593,
            "modularity": 0.11108107854544338,
            "average_degree": 8.400542607031166,
            "degree_std": 0.24848629200006817,
            "average_shortest_path": 0.8377847683364457,
            "global_efficiency": 1.1967213267556942
        }
    ],
    "32": [
        {
            "clustering": 0.12716459834807853,
            "modularity": 0.09045661565136145,
            "average_degree": 6.729104701614342,
            "degree_std": 0.9132950873448357,
            "average_shortest_path": 0.8699946158083125,
            "global_efficiency": 1.1516039793936035
        },
        {
            "clustering": 0.24669024907244222,
            "modularity": 0.03470235109579902,
            "average_degree": 12.678989916581996,
            "degree_std": 0.6440445106898914,
            "average_shortest_path": 0.7527439850540574,
            "global_efficiency": 1.329877351991857
        },
        {
            "clustering": 0.15735966236490959,
            "modularity": 0.042380752360753365,
            "average_degree": 8.157853042803108,
            "degree_std": 1.2728994078635616,
            "average_shortest_path": 0.8412912672388736,
            "global_efficiency": 1.1909541620910915
        },
        {
            "clustering": 0.3443446006402132,
            "modularity": 0.051713141803865305,
            "average_degree": 14.773401976850218,
            "degree_std": 2.4402791746549757,
            "average_shortest_path": 0.7106490601137668,
            "global_efficiency": 1.4331739851521919
        },
        {
            "clustering": 0.6730001029642572,
            "modularity": 0.02371738668469649,
            "average_degree": 32.86795162385024,
            "degree_std": 1.8475735083572318,
            "average_shortest_path": 0.355829777012066,
            "global_efficiency": 2.9170106194908794
        },
        {
            "clustering": 0.20167533584114444,
            "modularity": 0.02778028702355951,
            "average_degree": 10.370674472594038,
            "degree_std": 0.5321690294892947,
            "average_shortest_path": 0.7976146358952276,
            "global_efficiency": 1.2547226188203628
        },
        {
            "clustering": 0.2608156160301366,
            "modularity": 0.02948151968353733,
            "average_degree": 13.387934687736779,
            "degree_std": 0.3846720420112179,
            "average_shortest_path": 0.7385383471663479,
            "global_efficiency": 1.3556621246923248
        },
        {
            "clustering": 0.22256486485235263,
            "modularity": 0.04049843880086174,
            "average_degree": 11.476596581589765,
            "degree_std": 1.551998669775281,
            "average_shortest_path": 0.7759901170047045,
            "global_efficiency": 1.2937334632486857
        }
    ],
    "33": [
        {
            "clustering": 0.1309261475642451,
            "modularity": 0.10658252413346647,
            "average_degree": 6.981923715290832,
            "degree_std": 0.8305924302978308,
            "average_shortest_path": 0.8652938856556017,
            "global_efficiency": 1.1582450645066689
        },
        {
            "clustering": 0.2160708764187481,
            "modularity": 0.05384904319099258,
            "average_degree": 8.592813008901066,
            "degree_std": 1.942030559901809,
            "average_shortest_path": 0.8324620650520822,
            "global_efficiency": 1.2088635803345869
        },
        {
            "clustering": 0.8951189298563779,
            "modularity": 0.020538356488975774,
            "average_degree": 43.05177684729613,
            "degree_std": 0.6043117618601105,
            "average_shortest_path": 0.15576824952145013,
            "global_efficiency": 6.579455034353508
        },
        {
            "clustering": 0.8836249568341308,
            "modularity": 0.02351236503134351,
            "average_degree": 41.554727908425704,
            "degree_std": 1.0917193189707763,
            "average_shortest_path": 0.18570911875792911,
            "global_efficiency": 5.630389856313467
        },
        {
            "clustering": 0.08829538097997235,
            "modularity": 0.11919765301762754,
            "average_degree": 4.750549217045409,
            "degree_std": 0.3681276514161677,
            "average_shortest_path": 0.9089193241109632,
            "global_efficiency": 1.1013421269179329
        },
        {
            "clustering": 0.700435173498185,
            "modularity": 0.02322188793235769,
            "average_degree": 27.2593860872354,
            "degree_std": 1.4636897745122812,
            "average_shortest_path": 0.46527635278088325,
            "global_efficiency": 2.1700084946336964
        },
        {
            "clustering": 0.06785973860149692,
            "modularity": 0.09959728155989657,
            "average_degree": 3.6184454883084256,
            "degree_std": 0.9704315487797116,
            "average_shortest_path": 0.9302911726503033,
            "global_efficiency": 1.076021179138521
        },
        {
            "clustering": 0.33218609501332463,
            "modularity": 0.025645187898448503,
            "average_degree": 17.020943574577906,
            "degree_std": 0.7351803569061569,
            "average_shortest_path": 0.6667148711553573,
            "global_efficiency": 1.5057041366462416
        }
    ]
}