{
    "0": [
        {
            "clustering": 0.12232651292601705,
            "modularity": 0.02955419226472661,
            "average_degree": 6.342886352409478,
            "degree_std": 0.6633798739195796,
            "average_shortest_path": 0.8759134465847381,
            "global_efficiency": 1.1430190805829943
        },
        {
            "clustering": 0.962149024168323,
            "modularity": 0.018032530478226345,
            "average_degree": 47.32185307925261,
            "degree_std": 0.3425477933714434,
            "average_shortest_path": 0.07019200354206319,
            "global_efficiency": 14.517903933241385
        },
        {
            "clustering": 0.04330301640724718,
            "modularity": 0.1566133411516879,
            "average_degree": 2.4146092122082337,
            "degree_std": 0.2811645614803367,
            "average_shortest_path": 0.9543494361866404,
            "global_efficiency": 1.048267851580392
        },
        {
            "clustering": 0.8674348408621452,
            "modularity": 0.016626057279580914,
            "average_degree": 39.73523855274237,
            "degree_std": 0.7746814467843771,
            "average_shortest_path": 0.20656403242325297,
            "global_efficiency": 5.009434702556641
        },
        {
            "clustering": 0.8357061318731099,
            "modularity": 0.022322762877487873,
            "average_degree": 41.75229415481604,
            "degree_std": 0.9479295130536771,
            "average_shortest_path": 0.17955956704762518,
            "global_efficiency": 5.7626686081536915
        },
        {
            "clustering": 0.4264627276590431,
            "modularity": 0.029704317445397154,
            "average_degree": 18.553138318013733,
            "degree_std": 1.183450549464296,
            "average_shortest_path": 0.6322401671638378,
            "global_efficiency": 1.6053345646528459
        },
        {
            "clustering": 0.9453248757405036,
            "modularity": 0.01770366738577279,
            "average_degree": 47.52558098738707,
            "degree_std": 0.39769841890138957,
            "average_shortest_path": 0.05795275955784077,
            "global_efficiency": 18.609214183315697
        },
        {
            "clustering": 0.9754871647747226,
            "modularity": 0.01858028505682479,
            "average_degree": 45.23760300581969,
            "degree_std": 0.9921141719627504,
            "average_shortest_path": 0.11143912711922004,
            "global_efficiency": 9.207850775145936
        }
    ],
    "1": [
        {
            "clustering": 0.37222054745824606,
            "modularity": 0.07119924756407256,
            "average_degree": 15.253703721564598,
            "degree_std": 1.773382843088775,
            "average_shortest_path": 0.701925315739314,
            "global_efficiency": 1.4470355786914364
        },
        {
            "clustering": 0.9542853384735608,
            "modularity": 0.01739473948508658,
            "average_degree": 44.60251040463962,
            "degree_std": 1.3019258320029636,
            "average_shortest_path": 0.1211057998696152,
            "global_efficiency": 8.592156864768569
        },
        {
            "clustering": 0.6154430788763456,
            "modularity": 0.015373059184470144,
            "average_degree": 21.68095230737548,
            "degree_std": 3.0918097479779614,
            "average_shortest_path": 0.5693703230983909,
            "global_efficiency": 1.8190118039709824
        },
        {
            "clustering": 0.9032450578032656,
            "modularity": 0.018265837837297606,
            "average_degree": 36.217724261038676,
            "degree_std": 1.128183320043815,
            "average_shortest_path": 0.2890738619529471,
            "global_efficiency": 3.497082961556607
        },
        {
            "clustering": 0.752164725462979,
            "modularity": 0.015606306524190417,
            "average_degree": 30.632546030979938,
            "degree_std": 1.9276833638573625,
            "average_shortest_path": 0.38661539667517175,
            "global_efficiency": 2.693646153979673
        },
        {
            "clustering": 0.9731747038159996,
            "modularity": 0.018101440994969374,
            "average_degree": 46.293695434384716,
            "degree_std": 1.2547416693377482,
            "average_shortest_path": 0.08711243894635415,
            "global_efficiency": 11.907875998446967
        },
        {
            "clustering": 0.15984937824441292,
            "modularity": 0.05151870776680737,
            "average_degree": 8.269177971843964,
            "degree_std": 0.4932601113504495,
            "average_shortest_path": 0.8393706360446335,
            "global_efficiency": 1.192096411861192
        },
        {
            "clustering": 0.39902855525473696,
            "modularity": 0.0176845513718752,
            "average_degree": 14.181696505450383,
            "degree_std": 1.3658893384227457,
            "average_shortest_path": 0.7197965574629452,
            "global_efficiency": 1.3994938265412162
        }
    ],
    "2": [
        {
            "clustering": 0.9755407451403688,
            "modularity": 0.01810601017406041,
            "average_degree": 47.33582217162169,
            "degree_std": 0.8773668263484237,
            "average_shortest_path": 0.06992114008689414,
            "global_efficiency": 15.380641930408634
        },
        {
            "clustering": 0.8013429846751154,
            "modularity": 0.018688560428836563,
            "average_degree": 38.783674666311924,
            "degree_std": 1.8220693275117075,
            "average_shortest_path": 0.22493919545290422,
            "global_efficiency": 4.7002696243720345
        },
        {
            "clustering": 0.3151235725092225,
            "modularity": 0.020137682553954234,
            "average_degree": 16.131155895673075,
            "degree_std": 1.4286697406324027,
            "average_shortest_path": 0.6831890996981116,
            "global_efficiency": 1.4704749179238779
        },
        {
            "clustering": 0.6773838882770616,
            "modularity": 0.029024524218310938,
            "average_degree": 34.67169170009751,
            "degree_std": 1.9266911588229998,
            "average_shortest_path": 0.3212550416066414,
            "global_efficiency": 3.2472445308534494
        },
        {
            "clustering": 0.7076149256737918,
            "modularity": 0.02686427936290088,
            "average_degree": 28.580932341270817,
            "degree_std": 1.3751704139191316,
            "average_shortest_path": 0.43856506114103355,
            "global_efficiency": 2.3184905977436774
        },
        {
            "clustering": 0.07360034362106269,
            "modularity": 0.07303390870068581,
            "average_degree": 3.8718842375728855,
            "degree_std": 0.3259888471552211,
            "average_shortest_path": 0.9254633651634192,
            "global_efficiency": 1.0808433986355404
        },
        {
            "clustering": 0.08410958932365792,
            "modularity": 0.14035058483955343,
            "average_degree": 4.601116611687685,
            "degree_std": 0.5928608490207757,
            "average_shortest_path": 0.9119030561976622,
            "global_efficiency": 1.097906612891537
        },
        {
            "clustering": 0.8348155624394523,
            "modularity": 0.035655261541962135,
            "average_degree": 32.4083683467548,
            "degree_std": 2.178493916654395,
            "average_shortest_path": 0.365474927802095,
            "global_efficiency": 2.8466512442950105
        }
    ],
    "3": [
        {
            "clustering": 0.9178585940174142,
            "modularity": 0.017610034565000328,
            "average_degree": 42.90391122286834,
            "degree_std": 0.8090674729680737,
            "average_shortest_path": 0.15655859098142508,
            "global_efficiency": 6.556375420387181
        },
        {
            "clustering": 0.9666336918519072,
            "modularity": 0.0182294582749384,
            "average_degree": 47.75589965646781,
            "degree_std": 1.267691624078512,
            "average_shortest_path": 0.05927837916782924,
            "global_efficiency": 19.419218370503533
        },
        {
            "clustering": 0.8115416902038219,
            "modularity": 0.01770340056101197,
            "average_degree": 38.28457337333668,
            "degree_std": 0.6363156116815393,
            "average_shortest_path": 0.2313249187323512,
            "global_efficiency": 4.446451542773728
        },
        {
            "clustering": 0.46874673013339296,
            "modularity": 0.01696795524648301,
            "average_degree": 17.80378633027591,
            "degree_std": 1.9500955962609874,
            "average_shortest_path": 0.6458730758209618,
            "global_efficiency": 1.572843709184615
        },
        {
            "clustering": 0.07327100515030803,
            "modularity": 0.09934550972738254,
            "average_degree": 3.871538760599433,
            "degree_std": 0.42710834178575235,
            "average_shortest_path": 0.9254782774388194,
            "global_efficiency": 1.0809946513410813
        },
        {
            "clustering": 0.8182670657178077,
            "modularity": 0.017397987395212304,
            "average_degree": 35.140604352854865,
            "degree_std": 3.001023503286054,
            "average_shortest_path": 0.30199526654822484,
            "global_efficiency": 3.4842038060081375
        },
        {
            "clustering": 0.8406694539942025,
            "modularity": 0.018928911665729575,
            "average_degree": 22.378618738528676,
            "degree_std": 2.2353820128976456,
            "average_shortest_path": 0.5596473764911681,
            "global_efficiency": 1.8134618364415611
        },
        {
            "clustering": 0.9117500820131172,
            "modularity": 0.017354481142466512,
            "average_degree": 37.925088742345906,
            "degree_std": 2.496833555791771,
            "average_shortest_path": 0.2545192815217368,
            "global_efficiency": 4.1618700910635384
        }
    ],
    "4": [
        {
            "clustering": 0.0587034846846594,
            "modularity": 0.14716259522945493,
            "average_degree": 3.1956263164694976,
            "degree_std": 0.2888175827926787,
            "average_shortest_path": 0.9391781374548247,
            "global_efficiency": 1.0653344240764318
        },
        {
            "clustering": 0.8304927651528494,
            "modularity": 0.017737135611764304,
            "average_degree": 34.707289193325416,
            "degree_std": 0.8199214946788425,
            "average_shortest_path": 0.3183047633025111,
            "global_efficiency": 3.183905448393718
        },
        {
            "clustering": 0.07215153200826532,
            "modularity": 0.14519950900052694,
            "average_degree": 3.9408744683485564,
            "degree_std": 0.7356420444802767,
            "average_shortest_path": 0.9246986702274681,
            "global_efficiency": 1.0827421140629305
        },
        {
            "clustering": 0.9253655971787722,
            "modularity": 0.018226844426581852,
            "average_degree": 46.62465216701545,
            "degree_std": 0.5397649140668455,
            "average_shortest_path": 0.06018999598464187,
            "global_efficiency": 18.819861540885768
        },
        {
            "clustering": 0.2564078189983354,
            "modularity": 0.028035430993009973,
            "average_degree": 13.781666610637549,
            "degree_std": 4.862013155767787,
            "average_shortest_path": 0.7305290753115755,
            "global_efficiency": 1.421124190144026
        },
        {
            "clustering": 0.676027536421913,
            "modularity": 0.017702527674351546,
            "average_degree": 24.912579473011863,
            "degree_std": 0.9100814233548956,
            "average_shortest_path": 0.5093656143606925,
            "global_efficiency": 1.9853292473049193
        },
        {
            "clustering": 0.8004020001996985,
            "modularity": 0.017076243545073064,
            "average_degree": 39.5500439295049,
            "degree_std": 0.8851871399500886,
            "average_shortest_path": 0.19397692249745738,
            "global_efficiency": 5.539931634637327
        },
        {
            "clustering": 0.3790612224808786,
            "modularity": 0.01929112783316653,
            "average_degree": 19.366500602539965,
            "degree_std": 1.531960772842193,
            "average_shortest_path": 0.620190836114612,
            "global_efficiency": 1.6213388001739488
        }
    ],
    "5": [
        {
            "clustering": 0.44481814326906227,
            "modularity": 0.025592259653991277,
            "average_degree": 21.108796818580814,
            "degree_std": 1.6884903007252847,
            "average_shortest_path": 0.5868727125252472,
            "global_efficiency": 1.7168135638529762
        },
        {
            "clustering": 0.1819653016763303,
            "modularity": 0.053283660293119206,
            "average_degree": 9.421821614334695,
            "degree_std": 0.6147992142583151,
            "average_shortest_path": 0.8165628941482891,
            "global_efficiency": 1.2270852949157394
        },
        {
            "clustering": 0.6014439103118366,
            "modularity": 0.024566417405491505,
            "average_degree": 22.255730183773412,
            "degree_std": 1.6091111152265085,
            "average_shortest_path": 0.5634431813322768,
            "global_efficiency": 1.7903603681161466
        },
        {
            "clustering": 0.34553389694803677,
            "modularity": 0.019314817661262765,
            "average_degree": 17.669050212826914,
            "degree_std": 1.5321790473414507,
            "average_shortest_path": 0.6533437801192693,
            "global_efficiency": 1.5376015514027352
        },
        {
            "clustering": 0.6858747016442679,
            "modularity": 0.02265880576681379,
            "average_degree": 32.81039889492175,
            "degree_std": 2.8332290222821657,
            "average_shortest_path": 0.3545632705822283,
            "global_efficiency": 2.9285781656371976
        },
        {
            "clustering": 0.9304139010595814,
            "modularity": 0.019087680276816964,
            "average_degree": 45.12231690710105,
            "degree_std": 1.202783186063863,
            "average_shortest_path": 0.1137808087164042,
            "global_efficiency": 9.66663671698399
        },
        {
            "clustering": 0.908355108476006,
            "modularity": 0.01769895488081489,
            "average_degree": 42.393731718712225,
            "degree_std": 0.6125464786973248,
            "average_shortest_path": 0.16716737058697914,
            "global_efficiency": 6.107103412258103
        },
        {
            "clustering": 0.33656353182434856,
            "modularity": 0.018588159198395404,
            "average_degree": 17.246214966018087,
            "degree_std": 1.6102809831028768,
            "average_shortest_path": 0.6610709672408224,
            "global_efficiency": 1.52255433453498
        }
    ],
    "6": [
        {
            "clustering": 0.8854972604630718,
            "modularity": 0.019055606735042724,
            "average_degree": 43.072596310429944,
            "degree_std": 0.9751408082178332,
            "average_shortest_path": 0.15259331287169944,
            "global_efficiency": 6.88929354235163
        },
        {
            "clustering": 0.7607856255102798,
            "modularity": 0.017751371115924938,
            "average_degree": 35.572836697128004,
            "degree_std": 0.8265211237983278,
            "average_shortest_path": 0.2626832561590234,
            "global_efficiency": 4.071904146671993
        },
        {
            "clustering": 0.8840794962798425,
            "modularity": 0.01796524833004167,
            "average_degree": 41.52112512534179,
            "degree_std": 0.6561070403767018,
            "average_shortest_path": 0.18351711618657016,
            "global_efficiency": 5.542201140706966
        },
        {
            "clustering": 0.232456961449258,
            "modularity": 0.029344154539287442,
            "average_degree": 6.931133091791635,
            "degree_std": 2.704723446274087,
            "average_shortest_path": 0.8634354054614767,
            "global_efficiency": 1.1737382144238735
        },
        {
            "clustering": 0.08500689011606846,
            "modularity": 0.1846740280141238,
            "average_degree": 4.845273046475122,
            "degree_std": 0.2207412768655517,
            "average_shortest_path": 0.9076243981053742,
            "global_efficiency": 1.1040066053445803
        },
        {
            "clustering": 0.06461962750665867,
            "modularity": 0.13939701108585195,
            "average_degree": 3.5700675294439863,
            "degree_std": 0.6391569637763189,
            "average_shortest_path": 0.9318939011607023,
            "global_efficiency": 1.074033437628806
        },
        {
            "clustering": 0.964186743044212,
            "modularity": 0.018667911958881764,
            "average_degree": 45.50197164242782,
            "degree_std": 0.8729845390865959,
            "average_shortest_path": 0.10716074539690601,
            "global_efficiency": 9.705762558352582
        },
        {
            "clustering": 0.8599999848807873,
            "modularity": 0.017648447175162372,
            "average_degree": 36.70316705530204,
            "degree_std": 0.7240015624041765,
            "average_shortest_path": 0.2789681730221729,
            "global_efficiency": 3.6194214587016837
        }
    ],
    "7": [
        {
            "clustering": 0.11095720669311722,
            "modularity": 0.07614665814125879,
            "average_degree": 5.814031092467121,
            "degree_std": 0.23327697360526678,
            "average_shortest_path": 0.8877349311854926,
            "global_efficiency": 1.127125087175785
        },
        {
            "clustering": 0.966747639717066,
            "modularity": 0.017675955931699103,
            "average_degree": 47.73623662536658,
            "degree_std": 0.4935007147685598,
            "average_shortest_path": 0.05879859196896456,
            "global_efficiency": 17.964642288362782
        },
        {
            "clustering": 0.977699748174266,
            "modularity": 0.018070922458211763,
            "average_degree": 47.917433722668065,
            "degree_std": 0.8223888543200403,
            "average_shortest_path": 0.05752401721720793,
            "global_efficiency": 18.597994457139595
        },
        {
            "clustering": 0.4444900440368563,
            "modularity": 0.020869548454433413,
            "average_degree": 16.281902692577205,
            "degree_std": 3.2355966504002263,
            "average_shortest_path": 0.6804912520253544,
            "global_efficiency": 1.5042464749357243
        },
        {
            "clustering": 0.9640419720432982,
            "modularity": 0.017536871237350014,
            "average_degree": 47.71442162697829,
            "degree_std": 0.3430313287562023,
            "average_shortest_path": 0.05730471752127823,
            "global_efficiency": 18.565212864483104
        },
        {
            "clustering": 0.0678984513434698,
            "modularity": 0.12343476548414448,
            "average_degree": 3.686172827636692,
            "degree_std": 0.5061258964156806,
            "average_shortest_path": 0.9295933711740538,
            "global_efficiency": 1.0764846375918535
        },
        {
            "clustering": 0.46344925888809113,
            "modularity": 0.020281493539138464,
            "average_degree": 23.661456853177732,
            "degree_std": 0.4512581910496918,
            "average_shortest_path": 0.5363324487447214,
            "global_efficiency": 1.8668863299712597
        },
        {
            "clustering": 0.9218954738401686,
            "modularity": 0.018355904678941173,
            "average_degree": 44.887405091576944,
            "degree_std": 0.6367944391072486,
            "average_shortest_path": 0.11849979624456289,
            "global_efficiency": 8.707845741869543
        }
    ],
    "8": [
        {
            "clustering": 0.3951358269294351,
            "modularity": 0.014658808465944985,
            "average_degree": 13.296351563062853,
            "degree_std": 2.197468544405076,
            "average_shortest_path": 0.7373953523557489,
            "global_efficiency": 1.3708077343685139
        },
        {
            "clustering": 0.06564534359587207,
            "modularity": 0.0886647264609216,
            "average_degree": 3.483500030404757,
            "degree_std": 0.48539918705252244,
            "average_shortest_path": 0.9331090642954535,
            "global_efficiency": 1.0720415924245275
        },
        {
            "clustering": 0.2362165681458179,
            "modularity": 0.039729461530677565,
            "average_degree": 11.228036125514992,
            "degree_std": 1.2821305187545307,
            "average_shortest_path": 0.7809797581561145,
            "global_efficiency": 1.2852436017057518
        },
        {
            "clustering": 0.3885584952398498,
            "modularity": 0.017342409517945728,
            "average_degree": 18.321507899396455,
            "degree_std": 3.1804876419179493,
            "average_shortest_path": 0.6397715908606677,
            "global_efficiency": 1.5984311129310043
        },
        {
            "clustering": 0.11500562485219482,
            "modularity": 0.09938440314835731,
            "average_degree": 6.088137719643637,
            "degree_std": 0.8528525884826464,
            "average_shortest_path": 0.8825227644672092,
            "global_efficiency": 1.134999366727136
        },
        {
            "clustering": 0.8199529387884774,
            "modularity": 0.016630045098479342,
            "average_degree": 38.85800410834767,
            "degree_std": 0.8127850697619294,
            "average_shortest_path": 0.2206745612134739,
            "global_efficiency": 4.802271132951396
        },
        {
            "clustering": 0.27065870483461135,
            "modularity": 0.025283973853171274,
            "average_degree": 13.914531474358737,
            "degree_std": 1.879866230691273,
            "average_shortest_path": 0.7277683063439995,
            "global_efficiency": 1.3822675232681199
        },
        {
            "clustering": 0.6751477496637031,
            "modularity": 0.04001746784628155,
            "average_degree": 25.334957320195027,
            "degree_std": 1.604259400319587,
            "average_shortest_path": 0.5037173764909408,
            "global_efficiency": 2.017323913332714
        }
    ],
    "9": [
        {
            "clustering": 0.14360560317710985,
            "modularity": 0.1140415449849824,
            "average_degree": 7.72290291407342,
            "degree_std": 1.147338800045544,
            "average_shortest_path": 0.8512000177266169,
            "global_efficiency": 1.1792537217690027
        },
        {
            "clustering": 0.19162457545433373,
            "modularity": 0.02302864836947518,
            "average_degree": 9.941992082435972,
            "degree_std": 2.0379530450010606,
            "average_shortest_path": 0.8050692210820036,
            "global_efficiency": 1.249217894575149
        },
        {
            "clustering": 0.9517402333741708,
            "modularity": 0.017743034777177008,
            "average_degree": 46.889522141867054,
            "degree_std": 0.5426488385203077,
            "average_shortest_path": 0.07539865194534769,
            "global_efficiency": 14.02519111531652
        },
        {
            "clustering": 0.0695426160678212,
            "modularity": 0.13741075910581746,
            "average_degree": 3.793185812410302,
            "degree_std": 0.5988520571368163,
            "average_shortest_path": 0.92748453437924,
            "global_efficiency": 1.0790536849506849
        },
        {
            "clustering": 0.17776529923265624,
            "modularity": 0.059700407933868355,
            "average_degree": 9.252267526135183,
            "degree_std": 0.3864813022127419,
            "average_shortest_path": 0.8203730803901376,
            "global_efficiency": 1.2205837502871104
        },
        {
            "clustering": 0.859064666948424,
            "modularity": 0.02182994324782503,
            "average_degree": 43.27956813161887,
            "degree_std": 1.4084288663767772,
            "average_shortest_path": 0.15149809659743796,
            "global_efficiency": 7.305599327044392
        },
        {
            "clustering": 0.7117064830602355,
            "modularity": 0.01814633361722988,
            "average_degree": 32.64199961488761,
            "degree_std": 1.2435380168572507,
            "average_shortest_path": 0.3498656500602255,
            "global_efficiency": 2.9436373259329067
        },
        {
            "clustering": 0.8815467597035841,
            "modularity": 0.022352243636152958,
            "average_degree": 43.284356960289514,
            "degree_std": 1.909539730265758,
            "average_shortest_path": 0.14934540107542155,
            "global_efficiency": 7.160029691245424
        }
    ],
    "10": [
        {
            "clustering": 0.08084337579732717,
            "modularity": 0.08140942330711987,
            "average_degree": 4.268255220615174,
            "degree_std": 0.5322064376132792,
            "average_shortest_path": 0.9176074385832907,
            "global_efficiency": 1.0903579097731664
        },
        {
            "clustering": 0.9457101585954425,
            "modularity": 0.01818824579046117,
            "average_degree": 44.476480676584615,
            "degree_std": 0.6288079929361572,
            "average_shortest_path": 0.12607066726198002,
            "global_efficiency": 8.046792122646218
        },
        {
            "clustering": 0.17200123718066684,
            "modularity": 0.08710960857744782,
            "average_degree": 9.06509970672625,
            "degree_std": 0.8925782035502161,
            "average_shortest_path": 0.8243081483046827,
            "global_efficiency": 1.218888453798849
        },
        {
            "clustering": 0.5999245209919647,
            "modularity": 0.02509219467019212,
            "average_degree": 25.15180561342124,
            "degree_std": 1.3681665138115406,
            "average_shortest_path": 0.5064332948655498,
            "global_efficiency": 1.9892694886202236
        },
        {
            "clustering": 0.773113637497842,
            "modularity": 0.01693629580133221,
            "average_degree": 34.725000698023216,
            "degree_std": 1.1403629319994344,
            "average_shortest_path": 0.3164942691520769,
            "global_efficiency": 3.2246954166330997
        },
        {
            "clustering": 0.7537054859517487,
            "modularity": 0.02257910011359585,
            "average_degree": 29.571842253178694,
            "degree_std": 2.3572070831782814,
            "average_shortest_path": 0.4186363339059207,
            "global_efficiency": 2.4439678478708564
        },
        {
            "clustering": 0.1397143333928709,
            "modularity": 0.0919557873962038,
            "average_degree": 7.347593492035157,
            "degree_std": 0.32687050155316133,
            "average_shortest_path": 0.8580813797565527,
            "global_efficiency": 1.1670006479739798
        },
        {
            "clustering": 0.29823919713485275,
            "modularity": 0.026153836602796292,
            "average_degree": 15.289740709379984,
            "degree_std": 1.1650197880456488,
            "average_shortest_path": 0.7009225053515057,
            "global_efficiency": 1.4301522244433071
        }
    ],
    "11": [
        {
            "clustering": 0.22460164271850733,
            "modularity": 0.03669641316322808,
            "average_degree": 11.613999014569782,
            "degree_std": 0.7482681749959276,
            "average_shortest_path": 0.7730798382403603,
            "global_efficiency": 1.2969236663140356
        },
        {
            "clustering": 0.3109447479001901,
            "modularity": 0.022149288258865824,
            "average_degree": 15.941918223754255,
            "degree_std": 0.8718137197770608,
            "average_shortest_path": 0.6880250930855938,
            "global_efficiency": 1.4566697591478548
        },
        {
            "clustering": 0.07082347108627411,
            "modularity": 0.10436014215345442,
            "average_degree": 3.787860531153492,
            "degree_std": 0.6866161760638522,
            "average_shortest_path": 0.9273618828471377,
            "global_efficiency": 1.0791318572573156
        },
        {
            "clustering": 0.06212585604447275,
            "modularity": 0.11702508390594066,
            "average_degree": 3.337437084515914,
            "degree_std": 0.6883199846242973,
            "average_shortest_path": 0.9360970692965038,
            "global_efficiency": 1.0688627991299113
        },
        {
            "clustering": 0.1831401354839503,
            "modularity": 0.05888034003277426,
            "average_degree": 9.534726956075392,
            "degree_std": 1.4458513324134186,
            "average_shortest_path": 0.8148411562575377,
            "global_efficiency": 1.231668405544418
        },
        {
            "clustering": 0.2600400794379279,
            "modularity": 0.08622885570895397,
            "average_degree": 13.672324413460082,
            "degree_std": 2.2208372185121545,
            "average_shortest_path": 0.7345111566822223,
            "global_efficiency": 1.3800398647051395
        },
        {
            "clustering": 0.08188823200401663,
            "modularity": 0.04219212049484701,
            "average_degree": 4.261395662204814,
            "degree_std": 0.7705868694860789,
            "average_shortest_path": 0.9172973031550363,
            "global_efficiency": 1.0906324589005387
        },
        {
            "clustering": 0.36818105351326147,
            "modularity": 0.023605934197093042,
            "average_degree": 18.883398554651865,
            "degree_std": 1.2064266145745346,
            "average_shortest_path": 0.630817891887886,
            "global_efficiency": 1.5908343840998744
        }
    ],
    "12": [
        {
            "clustering": 0.9537520353579881,
            "modularity": 0.01745479534838261,
            "average_degree": 48.23189327185668,
            "degree_std": 0.20881707857391993,
            "average_shortest_path": 0.03159807630947658,
            "global_efficiency": 37.52881092391095
        },
        {
            "clustering": 0.6152593354854894,
            "modularity": 0.01877051066880116,
            "average_degree": 26.469879722174593,
            "degree_std": 1.4032541997888583,
            "average_shortest_path": 0.4649684475387321,
            "global_efficiency": 2.2100791514413576
        },
        {
            "clustering": 0.07157885747615875,
            "modularity": 0.10626926844915448,
            "average_degree": 3.8245043790232014,
            "degree_std": 0.5774120150799029,
            "average_shortest_path": 0.9265628944795739,
            "global_efficiency": 1.0798731149394905
        },
        {
            "clustering": 0.12488716274687274,
            "modularity": 0.05582662684349723,
            "average_degree": 6.473575659048147,
            "degree_std": 0.578460680289827,
            "average_shortest_path": 0.8744031016264727,
            "global_efficiency": 1.144253220761693
        },
        {
            "clustering": 0.5308155119592298,
            "modularity": 0.019398760828804634,
            "average_degree": 20.492210588880553,
            "degree_std": 1.762960767339092,
            "average_shortest_path": 0.5953805316908627,
            "global_efficiency": 1.7023117492126132
        },
        {
            "clustering": 0.27186353059052065,
            "modularity": 0.022403792402097722,
            "average_degree": 13.933947828266174,
            "degree_std": 0.9217298098394716,
            "average_shortest_path": 0.7273595329966441,
            "global_efficiency": 1.3771026182155135
        },
        {
            "clustering": 0.08563864109434065,
            "modularity": 0.11896013657110854,
            "average_degree": 4.606377272699828,
            "degree_std": 0.6379794737580448,
            "average_shortest_path": 0.911621307230025,
            "global_efficiency": 1.098174855985334
        },
        {
            "clustering": 0.12671936682036364,
            "modularity": 0.10012641309568189,
            "average_degree": 6.762387822783421,
            "degree_std": 1.2722908548973966,
            "average_shortest_path": 0.8695647272667019,
            "global_efficiency": 1.1533226196253314
        }
    ],
    "13": [
        {
            "clustering": 0.6888570407600126,
            "modularity": 0.023576826424225265,
            "average_degree": 35.25759083171222,
            "degree_std": 1.9456778318083434,
            "average_shortest_path": 0.3096882588726457,
            "global_efficiency": 3.3250659926287103
        },
        {
            "clustering": 0.8512555154873719,
            "modularity": 0.019027070070856973,
            "average_degree": 39.60845714216746,
            "degree_std": 2.1864738835166047,
            "average_shortest_path": 0.22250098390238626,
            "global_efficiency": 4.800713428037256
        },
        {
            "clustering": 0.5313226032025716,
            "modularity": 0.03038384745255891,
            "average_degree": 27.21598630579967,
            "degree_std": 0.6029689876336567,
            "average_shortest_path": 0.4679849044821176,
            "global_efficiency": 2.1487239947313346
        },
        {
            "clustering": 0.1771460247148556,
            "modularity": 0.08288326179553743,
            "average_degree": 9.278609392287544,
            "degree_std": 0.6424497019544825,
            "average_shortest_path": 0.820324828911756,
            "global_efficiency": 1.2217569645893367
        },
        {
            "clustering": 0.044131408534824175,
            "modularity": 0.14546613658627505,
            "average_degree": 2.431883263088166,
            "degree_std": 0.5726264557801861,
            "average_shortest_path": 0.9537776968897423,
            "global_efficiency": 1.0488850138303119
        },
        {
            "clustering": 0.09003573580479647,
            "modularity": 0.12828899241564362,
            "average_degree": 4.913023980120998,
            "degree_std": 0.8465155692826022,
            "average_shortest_path": 0.906180547904397,
            "global_efficiency": 1.1060368379578716
        },
        {
            "clustering": 0.4115715953535566,
            "modularity": 0.0337029560909262,
            "average_degree": 21.180992090653962,
            "degree_std": 1.5656205933144287,
            "average_shortest_path": 0.5862853531701308,
            "global_efficiency": 1.7202117831322832
        },
        {
            "clustering": 0.8992501053397177,
            "modularity": 0.017570463709115233,
            "average_degree": 43.05865516846694,
            "degree_std": 1.0521718104850337,
            "average_shortest_path": 0.1417676098492681,
            "global_efficiency": 7.384258036740921
        }
    ],
    "14": [
        {
            "clustering": 0.58258970454981,
            "modularity": 0.01777000224479909,
            "average_degree": 21.772738110326898,
            "degree_std": 1.9093640787581658,
            "average_shortest_path": 0.571284132335259,
            "global_efficiency": 1.7795667918689981
        },
        {
            "clustering": 0.07304198039246677,
            "modularity": 0.15408603640048565,
            "average_degree": 4.048001637365596,
            "degree_std": 1.2011596781232918,
            "average_shortest_path": 0.92256902286783,
            "global_efficiency": 1.0865637282673715
        },
        {
            "clustering": 0.623481337233319,
            "modularity": 0.017823727575591305,
            "average_degree": 31.848307239514178,
            "degree_std": 2.8244909653953485,
            "average_shortest_path": 0.348729961119136,
            "global_efficiency": 3.917331218540617
        },
        {
            "clustering": 0.9323897195936517,
            "modularity": 0.018480426516067624,
            "average_degree": 42.86937834923781,
            "degree_std": 0.502063288015171,
            "average_shortest_path": 0.15771967452399585,
            "global_efficiency": 6.423218102610413
        },
        {
            "clustering": 0.6763816122383587,
            "modularity": 0.018638087978579326,
            "average_degree": 33.0990317683186,
            "degree_std": 0.7057932576946336,
            "average_shortest_path": 0.2929177567910175,
            "global_efficiency": 4.075668861333328
        },
        {
            "clustering": 0.5645095881406542,
            "modularity": 0.019051545567233936,
            "average_degree": 28.809336261179634,
            "degree_std": 0.8831444113648685,
            "average_shortest_path": 0.43468394516073927,
            "global_efficiency": 2.314248745508654
        },
        {
            "clustering": 0.10567451230207395,
            "modularity": 0.09719199769106394,
            "average_degree": 5.627824173745102,
            "degree_std": 0.6952248765324762,
            "average_shortest_path": 0.8917074503911476,
            "global_efficiency": 1.122762412859654
        },
        {
            "clustering": 0.8083119990636359,
            "modularity": 0.021698702123846114,
            "average_degree": 35.581979531102554,
            "degree_std": 1.0443206292962608,
            "average_shortest_path": 0.2977782461594562,
            "global_efficiency": 3.43301602462669
        }
    ],
    "15": [
        {
            "clustering": 0.9237590058332512,
            "modularity": 0.018285049201270245,
            "average_degree": 44.42752357905425,
            "degree_std": 1.413615042791301,
            "average_shortest_path": 0.12175537196957335,
            "global_efficiency": 9.001397995057124
        },
        {
            "clustering": 0.6063525530505764,
            "modularity": 0.021289444657287302,
            "average_degree": 24.34849335705556,
            "degree_std": 1.2397758496050966,
            "average_shortest_path": 0.5221414747895027,
            "global_efficiency": 1.9288794495405472
        },
        {
            "clustering": 0.808550851345591,
            "modularity": 0.0181879174826291,
            "average_degree": 39.2811025542549,
            "degree_std": 2.0796738046713297,
            "average_shortest_path": 0.22814544638808892,
            "global_efficiency": 4.707088934607491
        },
        {
            "clustering": 0.7805686301002526,
            "modularity": 0.01879215513334017,
            "average_degree": 36.49195438658513,
            "degree_std": 1.686865942297459,
            "average_shortest_path": 0.2779055979787087,
            "global_efficiency": 3.759964574218457
        },
        {
            "clustering": 0.5498506103426412,
            "modularity": 0.01906840935566194,
            "average_degree": 28.04569790187139,
            "degree_std": 0.23970223997677675,
            "average_shortest_path": 0.44983739647276166,
            "global_efficiency": 2.2283287521275015
        },
        {
            "clustering": 0.1863962999695018,
            "modularity": 0.023888083842928474,
            "average_degree": 9.574050463762468,
            "degree_std": 1.2511974125052994,
            "average_shortest_path": 0.8127513021833518,
            "global_efficiency": 1.232841387186034
        },
        {
            "clustering": 0.6830155947453683,
            "modularity": 0.022556032150724017,
            "average_degree": 34.57753667433593,
            "degree_std": 1.9949359526058228,
            "average_shortest_path": 0.2950360670868231,
            "global_efficiency": 4.8120619427845
        },
        {
            "clustering": 0.6082240767888566,
            "modularity": 0.02446729526303716,
            "average_degree": 25.871439520319328,
            "degree_std": 1.6876539582861294,
            "average_shortest_path": 0.487124344572729,
            "global_efficiency": 2.095182403281507
        }
    ],
    "16": [
        {
            "clustering": 0.09330092619066405,
            "modularity": 0.05933404411425582,
            "average_degree": 4.90004619428968,
            "degree_std": 1.1984894870776137,
            "average_shortest_path": 0.9048602112469918,
            "global_efficiency": 1.106777504378453
        },
        {
            "clustering": 0.7762458051043056,
            "modularity": 0.017850980707548727,
            "average_degree": 33.676406691723244,
            "degree_std": 1.1014932063702074,
            "average_shortest_path": 0.3364583109836189,
            "global_efficiency": 3.0322921749851632
        },
        {
            "clustering": 0.19000716382016333,
            "modularity": 0.03328423039038388,
            "average_degree": 9.778634080699048,
            "degree_std": 0.9465407434628569,
            "average_shortest_path": 0.8093955140614396,
            "global_efficiency": 1.2367091234263106
        },
        {
            "clustering": 0.3548791586198697,
            "modularity": 0.01593073867825014,
            "average_degree": 11.372083211104254,
            "degree_std": 2.7343161649533316,
            "average_shortest_path": 0.7754018018795584,
            "global_efficiency": 1.308134049070514
        },
        {
            "clustering": 0.7234211879282555,
            "modularity": 0.018275714448547063,
            "average_degree": 35.39852469342608,
            "degree_std": 0.7838176809013396,
            "average_shortest_path": 0.2621230168853487,
            "global_efficiency": 4.4174807042388275
        },
        {
            "clustering": 0.25001273143019964,
            "modularity": 0.025754330000714268,
            "average_degree": 13.050698632698841,
            "degree_std": 3.094876194182363,
            "average_shortest_path": 0.7452619664502471,
            "global_efficiency": 1.3619507504533164
        },
        {
            "clustering": 0.1533159719136771,
            "modularity": 0.023727508350063424,
            "average_degree": 7.872539126396514,
            "degree_std": 1.1082615264657443,
            "average_shortest_path": 0.8459828252609827,
            "global_efficiency": 1.1836739941951826
        },
        {
            "clustering": 0.19017822118936095,
            "modularity": 0.022948216002205934,
            "average_degree": 9.752681899991222,
            "degree_std": 0.7993634917100075,
            "average_shortest_path": 0.8092142077545206,
            "global_efficiency": 1.2369380237410257
        }
    ],
    "17": [
        {
            "clustering": 0.18744315553327762,
            "modularity": 0.022711493556025662,
            "average_degree": 9.62932010851182,
            "degree_std": 0.9157545452819558,
            "average_shortest_path": 0.8113887939968325,
            "global_efficiency": 1.2342878400492305
        },
        {
            "clustering": 0.34782310494968977,
            "modularity": 0.0736625675207822,
            "average_degree": 18.159971853692188,
            "degree_std": 1.3539529169398188,
            "average_shortest_path": 0.6443363890720873,
            "global_efficiency": 1.5826480413018071
        },
        {
            "clustering": 0.1517257073179838,
            "modularity": 0.09023836796208212,
            "average_degree": 8.027441861544139,
            "degree_std": 0.8059451244530993,
            "average_shortest_path": 0.8446495836260756,
            "global_efficiency": 1.1874674943627952
        },
        {
            "clustering": 0.564380514842802,
            "modularity": 0.021327398806062586,
            "average_degree": 28.859460061740464,
            "degree_std": 0.8662455141620423,
            "average_shortest_path": 0.4339149054459163,
            "global_efficiency": 2.322155389829488
        },
        {
            "clustering": 0.17315890451574234,
            "modularity": 0.058938658994700195,
            "average_degree": 8.97893901473224,
            "degree_std": 0.5502167620616423,
            "average_shortest_path": 0.8256616401781963,
            "global_efficiency": 1.2125679442685164
        },
        {
            "clustering": 0.12263371533246907,
            "modularity": 0.06904593165440905,
            "average_degree": 6.396454713622443,
            "degree_std": 0.9247502181660532,
            "average_shortest_path": 0.8759373035179573,
            "global_efficiency": 1.143442511650814
        },
        {
            "clustering": 0.37598616162498466,
            "modularity": 0.026819093426375805,
            "average_degree": 19.356641957506874,
            "degree_std": 2.734935952104499,
            "average_shortest_path": 0.6210169801167619,
            "global_efficiency": 1.6480269137031045
        },
        {
            "clustering": 0.6256100912253022,
            "modularity": 0.019495946845547174,
            "average_degree": 31.93353199827332,
            "degree_std": 1.3443116546504097,
            "average_shortest_path": 0.37336609456254133,
            "global_efficiency": 2.7285087930099867
        }
    ],
    "18": [
        {
            "clustering": 0.7359046617946001,
            "modularity": 0.030713511037170935,
            "average_degree": 29.44283494856987,
            "degree_std": 2.5528264242041705,
            "average_shortest_path": 0.4241788156610294,
            "global_efficiency": 2.4481188463353623
        },
        {
            "clustering": 0.325503319977847,
            "modularity": 0.03497533019666776,
            "average_degree": 16.766742789385244,
            "degree_std": 0.9943140534652398,
            "average_shortest_path": 0.6728509910326117,
            "global_efficiency": 1.4919840752529738
        },
        {
            "clustering": 0.6304987225724367,
            "modularity": 0.020407835390507903,
            "average_degree": 32.2191259277131,
            "degree_std": 1.109779558661774,
            "average_shortest_path": 0.36630177320266255,
            "global_efficiency": 2.763395460444141
        },
        {
            "clustering": 0.07368701791059955,
            "modularity": 0.05561776739718443,
            "average_degree": 3.846509799722917,
            "degree_std": 0.6245018656020624,
            "average_shortest_path": 0.9256551853660806,
            "global_efficiency": 1.0806083188490199
        },
        {
            "clustering": 0.15246294351677606,
            "modularity": 0.04671805749820508,
            "average_degree": 7.866925341887036,
            "degree_std": 0.5744782368315662,
            "average_shortest_path": 0.846955240603962,
            "global_efficiency": 1.1813434794483835
        },
        {
            "clustering": 0.780534684111098,
            "modularity": 0.028965885041883334,
            "average_degree": 39.93398526402969,
            "degree_std": 0.7224212325769791,
            "average_shortest_path": 0.21866217686205494,
            "global_efficiency": 4.7211020244992135
        },
        {
            "clustering": 0.16473820851610707,
            "modularity": 0.024447409460401144,
            "average_degree": 8.481527703523971,
            "degree_std": 1.1159129820803435,
            "average_shortest_path": 0.8338658942645537,
            "global_efficiency": 1.2020818115709768
        },
        {
            "clustering": 0.6126186223441384,
            "modularity": 0.03316334796310077,
            "average_degree": 27.980934036799443,
            "degree_std": 2.1624123382759772,
            "average_shortest_path": 0.4519488978446746,
            "global_efficiency": 2.281255601584471
        }
    ],
    "19": [
        {
            "clustering": 0.626592424601319,
            "modularity": 0.020339090390189322,
            "average_degree": 31.14455466094274,
            "degree_std": 2.1321018900847846,
            "average_shortest_path": 0.3511571981833906,
            "global_efficiency": 3.5846058942411005
        },
        {
            "clustering": 0.944477374018389,
            "modularity": 0.01910154706784871,
            "average_degree": 43.007033455722706,
            "degree_std": 1.2856957053579097,
            "average_shortest_path": 0.1551889653108558,
            "global_efficiency": 6.59422760956685
        },
        {
            "clustering": 0.45702333528352473,
            "modularity": 0.017491607991647486,
            "average_degree": 14.129820379454976,
            "degree_std": 1.734268152313013,
            "average_shortest_path": 0.7218438267101827,
            "global_efficiency": 1.3943320788464402
        },
        {
            "clustering": 0.9287984756020584,
            "modularity": 0.01952825160252399,
            "average_degree": 42.856807653956785,
            "degree_std": 1.155174385563374,
            "average_shortest_path": 0.1563382595169301,
            "global_efficiency": 6.498445684631884
        },
        {
            "clustering": 0.15134292214447645,
            "modularity": 0.028503365239857987,
            "average_degree": 8.072083895782344,
            "degree_std": 2.4041278933814683,
            "average_shortest_path": 0.8411207055030893,
            "global_efficiency": 1.1986313949821334
        },
        {
            "clustering": 0.06110177166569314,
            "modularity": 0.17128690724167545,
            "average_degree": 3.420602064187042,
            "degree_std": 0.5258868715147592,
            "average_shortest_path": 0.9348379784507267,
            "global_efficiency": 1.0706552160963019
        },
        {
            "clustering": 0.2941728969815509,
            "modularity": 0.036319320050791935,
            "average_degree": 15.290349955273195,
            "degree_std": 1.6795779470401653,
            "average_shortest_path": 0.700827208244983,
            "global_efficiency": 1.4393250297787343
        },
        {
            "clustering": 0.8400550463382271,
            "modularity": 0.017868375941837322,
            "average_degree": 33.67894954296607,
            "degree_std": 1.6759710945173716,
            "average_shortest_path": 0.3380871848792446,
            "global_efficiency": 3.039380188212443
        }
    ],
    "20": [
        {
            "clustering": 0.48439536431369673,
            "modularity": 0.02093678887838775,
            "average_degree": 14.576418500252403,
            "degree_std": 0.9099977380995676,
            "average_shortest_path": 0.7132192893841672,
            "global_efficiency": 1.4111998471148968
        },
        {
            "clustering": 0.7996229168078207,
            "modularity": 0.01960434214611709,
            "average_degree": 34.6505506963066,
            "degree_std": 1.0485832615653294,
            "average_shortest_path": 0.32016930512019565,
            "global_efficiency": 3.1525321402674624
        },
        {
            "clustering": 0.2263948758165235,
            "modularity": 0.0651269883664965,
            "average_degree": 11.77527500795979,
            "degree_std": 1.6531416405840755,
            "average_shortest_path": 0.7708314189400683,
            "global_efficiency": 1.303884998611612
        },
        {
            "clustering": 0.34750059108648756,
            "modularity": 0.021367473115041252,
            "average_degree": 14.528326105613596,
            "degree_std": 2.5719493828256783,
            "average_shortest_path": 0.7147698718889415,
            "global_efficiency": 1.4194035285281708
        },
        {
            "clustering": 0.1646055702019852,
            "modularity": 0.0314616767978042,
            "average_degree": 8.488371435886584,
            "degree_std": 0.9212686005665344,
            "average_shortest_path": 0.8342915031641122,
            "global_efficiency": 1.2000557483254526
        },
        {
            "clustering": 0.6132154025303048,
            "modularity": 0.019698032272464756,
            "average_degree": 26.933612410527058,
            "degree_std": 2.571855012712732,
            "average_shortest_path": 0.4680063058871479,
            "global_efficiency": 2.2032421274203537
        },
        {
            "clustering": 0.21186948986478987,
            "modularity": 0.06004124533590113,
            "average_degree": 10.971932997282929,
            "degree_std": 0.43785064619398045,
            "average_shortest_path": 0.7869139010773105,
            "global_efficiency": 1.2724588654371283
        },
        {
            "clustering": 0.3828111848087526,
            "modularity": 0.02286850216299302,
            "average_degree": 19.573349405292756,
            "degree_std": 0.6397089632428552,
            "average_shortest_path": 0.617014811457337,
            "global_efficiency": 1.6220701256710164
        }
    ],
    "21": [
        {
            "clustering": 0.4182021257083837,
            "modularity": 0.06490746288437543,
            "average_degree": 15.23979656650532,
            "degree_std": 2.6022532028553744,
            "average_shortest_path": 0.6994243172028403,
            "global_efficiency": 1.462018872675055
        },
        {
            "clustering": 0.21801769687731912,
            "modularity": 0.021275881323396986,
            "average_degree": 11.192634849565438,
            "degree_std": 1.5808431950817448,
            "average_shortest_path": 0.7803183862143102,
            "global_efficiency": 1.2915215439694554
        },
        {
            "clustering": 0.25099130745208553,
            "modularity": 0.03672018601514174,
            "average_degree": 11.131886446781792,
            "degree_std": 2.2224736231417563,
            "average_shortest_path": 0.7822720163998182,
            "global_efficiency": 1.29072437374561
        },
        {
            "clustering": 0.18105154711324517,
            "modularity": 0.043398650702520344,
            "average_degree": 7.150381859027184,
            "degree_std": 2.0409042196979335,
            "average_shortest_path": 0.8603654796111576,
            "global_efficiency": 1.1698041428513273
        },
        {
            "clustering": 0.5724108289746707,
            "modularity": 0.01907385576413538,
            "average_degree": 22.311543081913477,
            "degree_std": 0.6977057398580224,
            "average_shortest_path": 0.5616459514795905,
            "global_efficiency": 1.7887822112180083
        },
        {
            "clustering": 0.935620629133496,
            "modularity": 0.021570405223559578,
            "average_degree": 44.40067578808717,
            "degree_std": 2.1679274649981464,
            "average_shortest_path": 0.12383372226539924,
            "global_efficiency": 8.516191315073467
        },
        {
            "clustering": 0.5863868754760663,
            "modularity": 0.020203181425876682,
            "average_degree": 29.969039534952827,
            "degree_std": 1.9357262293441984,
            "average_shortest_path": 0.41162193573859274,
            "global_efficiency": 2.4867977919786988
        },
        {
            "clustering": 0.2690076867805319,
            "modularity": 0.018188368041261057,
            "average_degree": 13.950717148509211,
            "degree_std": 2.448373471612027,
            "average_shortest_path": 0.7254633436331419,
            "global_efficiency": 1.392725930357384
        }
    ],
    "22": [
        {
            "clustering": 0.4096989349449069,
            "modularity": 0.0278870024627228,
            "average_degree": 20.514814896516835,
            "degree_std": 1.1642142746277055,
            "average_shortest_path": 0.5927649674674199,
            "global_efficiency": 1.7176049461757819
        },
        {
            "clustering": 0.2879884300559393,
            "modularity": 0.02271349550480222,
            "average_degree": 14.730607763722874,
            "degree_std": 0.608877573465078,
            "average_shortest_path": 0.711691074440363,
            "global_efficiency": 1.406191802453864
        },
        {
            "clustering": 0.06567210699072756,
            "modularity": 0.10284958208890288,
            "average_degree": 3.5182687877534047,
            "degree_std": 0.6878120607289439,
            "average_shortest_path": 0.9325823485781988,
            "global_efficiency": 1.0730218177673088
        },
        {
            "clustering": 0.8251237524512224,
            "modularity": 0.018100049233241926,
            "average_degree": 37.560990977936164,
            "degree_std": 0.7266765984778228,
            "average_shortest_path": 0.2538120219415548,
            "global_efficiency": 4.016361965411662
        },
        {
            "clustering": 0.6007105083400295,
            "modularity": 0.023664243921581122,
            "average_degree": 24.51951865439929,
            "degree_std": 0.8544592505408388,
            "average_shortest_path": 0.5196362637135448,
            "global_efficiency": 1.9321215882803806
        },
        {
            "clustering": 0.162727543434976,
            "modularity": 0.04973826929749409,
            "average_degree": 8.437826014561216,
            "degree_std": 0.8591285604390502,
            "average_shortest_path": 0.8360168486630276,
            "global_efficiency": 1.19773691557722
        },
        {
            "clustering": 0.9441063280992826,
            "modularity": 0.01844926080354131,
            "average_degree": 42.561432239466086,
            "degree_std": 1.180782886267786,
            "average_shortest_path": 0.16471108845302038,
            "global_efficiency": 6.255252482037218
        },
        {
            "clustering": 0.6157747911445389,
            "modularity": 0.031214764691546895,
            "average_degree": 31.145756794538684,
            "degree_std": 0.5870469328808211,
            "average_shortest_path": 0.3908574020431442,
            "global_efficiency": 2.595774475671559
        }
    ],
    "23": [
        {
            "clustering": 0.2896540310249005,
            "modularity": 0.03998132341453345,
            "average_degree": 14.94283930077996,
            "degree_std": 1.1442645202876183,
            "average_shortest_path": 0.7083954210275601,
            "global_efficiency": 1.416544831556644
        },
        {
            "clustering": 0.9804609166349337,
            "modularity": 0.018558332543875563,
            "average_degree": 46.62977037375487,
            "degree_std": 1.0316460283264135,
            "average_shortest_path": 0.08445443133918606,
            "global_efficiency": 12.305451893214087
        },
        {
            "clustering": 0.13665967096709386,
            "modularity": 0.07379966648310529,
            "average_degree": 7.177439350493587,
            "degree_std": 1.3193599373028084,
            "average_shortest_path": 0.8609267559706792,
            "global_efficiency": 1.164462934889061
        },
        {
            "clustering": 0.1956382811773292,
            "modularity": 0.03584496913899234,
            "average_degree": 10.060369737919755,
            "degree_std": 0.5651373032593469,
            "average_shortest_path": 0.803852971788641,
            "global_efficiency": 1.244785451614568
        },
        {
            "clustering": 0.9235633752748929,
            "modularity": 0.020280438891503997,
            "average_degree": 42.74014382812042,
            "degree_std": 1.51345562693374,
            "average_shortest_path": 0.16133613976897027,
            "global_efficiency": 6.62259878310091
        },
        {
            "clustering": 0.1447189901743521,
            "modularity": 0.07545710441639841,
            "average_degree": 7.560290447610096,
            "degree_std": 0.9511470068801002,
            "average_shortest_path": 0.8530777260724486,
            "global_efficiency": 1.1743098473127842
        },
        {
            "clustering": 0.22670301668871334,
            "modularity": 0.03854952555824807,
            "average_degree": 11.714929308366191,
            "degree_std": 0.8349031350334898,
            "average_shortest_path": 0.7715017071412653,
            "global_efficiency": 1.2994279927284555
        },
        {
            "clustering": 0.4222715109598127,
            "modularity": 0.023556337547963865,
            "average_degree": 21.60887074213322,
            "degree_std": 0.8167644496672958,
            "average_shortest_path": 0.5771713640046979,
            "global_efficiency": 1.736782381531065
        }
    ],
    "24": [
        {
            "clustering": 0.9807598599958733,
            "modularity": 0.018585901253848968,
            "average_degree": 46.141992240600956,
            "degree_std": 0.5527522432496383,
            "average_shortest_path": 0.09445727574582002,
            "global_efficiency": 10.729366855069527
        },
        {
            "clustering": 0.9534746037385605,
            "modularity": 0.01805016701323705,
            "average_degree": 45.6935185570053,
            "degree_std": 1.392075787532946,
            "average_shortest_path": 0.10253328038721668,
            "global_efficiency": 10.833372056598195
        },
        {
            "clustering": 0.26089279333417287,
            "modularity": 0.04299869338770187,
            "average_degree": 12.256022422717287,
            "degree_std": 1.800227877369294,
            "average_shortest_path": 0.7542851525645217,
            "global_efficiency": 1.3702153688098282
        },
        {
            "clustering": 0.4531699882137387,
            "modularity": 0.03127281596111229,
            "average_degree": 23.342634182300753,
            "degree_std": 2.4455829598730756,
            "average_shortest_path": 0.5444020753181186,
            "global_efficiency": 1.8689713712184182
        },
        {
            "clustering": 0.28559957845073014,
            "modularity": 0.025262344991143142,
            "average_degree": 14.65768025818128,
            "degree_std": 1.2495512212171636,
            "average_shortest_path": 0.7134682257802595,
            "global_efficiency": 1.4054059678829491
        },
        {
            "clustering": 0.7654556972585873,
            "modularity": 0.022757314440372867,
            "average_degree": 26.664918629618697,
            "degree_std": 1.1224164369738487,
            "average_shortest_path": 0.4766844576578519,
            "global_efficiency": 2.122602634902789
        },
        {
            "clustering": 0.8417299828613156,
            "modularity": 0.020760573976268532,
            "average_degree": 37.64777011578597,
            "degree_std": 1.3356113931939095,
            "average_shortest_path": 0.26176770117818093,
            "global_efficiency": 3.9308024272295414
        },
        {
            "clustering": 0.3039471579757745,
            "modularity": 0.02308718432893078,
            "average_degree": 15.582542377248393,
            "degree_std": 0.8924229841362908,
            "average_shortest_path": 0.695392034744426,
            "global_efficiency": 1.440573379677079
        }
    ],
    "25": [
        {
            "clustering": 0.16317094126609016,
            "modularity": 0.03000898490352104,
            "average_degree": 8.408243287157601,
            "degree_std": 0.8699372900273271,
            "average_shortest_path": 0.8356850049578497,
            "global_efficiency": 1.1985529358800262
        },
        {
            "clustering": 0.15930952122036612,
            "modularity": 0.04908427340655774,
            "average_degree": 8.311710507057942,
            "degree_std": 1.6061346939089787,
            "average_shortest_path": 0.8380402479349586,
            "global_efficiency": 1.1981481949914496
        },
        {
            "clustering": 0.8681678585788676,
            "modularity": 0.018239174658933172,
            "average_degree": 39.022636815857474,
            "degree_std": 1.398193604407106,
            "average_shortest_path": 0.22648777365684508,
            "global_efficiency": 4.6019414455990955
        },
        {
            "clustering": 0.2057311550749726,
            "modularity": 0.05597180707133101,
            "average_degree": 10.665168287091292,
            "degree_std": 0.6358208467709243,
            "average_shortest_path": 0.7927820556761287,
            "global_efficiency": 1.2633893320442404
        },
        {
            "clustering": 0.16457820705920542,
            "modularity": 0.07854427324789977,
            "average_degree": 8.629270571384914,
            "degree_std": 0.9399093129867006,
            "average_shortest_path": 0.8325269284071143,
            "global_efficiency": 1.2047577940994374
        },
        {
            "clustering": 0.6250987304227685,
            "modularity": 0.020808577587009647,
            "average_degree": 31.94517237367887,
            "degree_std": 1.1179065897968403,
            "average_shortest_path": 0.3744253753758899,
            "global_efficiency": 2.689490058389099
        },
        {
            "clustering": 0.22280221112599802,
            "modularity": 0.019598483600482358,
            "average_degree": 11.428738481231703,
            "degree_std": 1.3613617535591171,
            "average_shortest_path": 0.7756384131053881,
            "global_efficiency": 1.2924378434416337
        },
        {
            "clustering": 0.5972953438280798,
            "modularity": 0.023497961062997036,
            "average_degree": 30.53030279765684,
            "degree_std": 1.1724132415651518,
            "average_shortest_path": 0.3955051305342694,
            "global_efficiency": 2.575333327544717
        }
    ],
    "26": [
        {
            "clustering": 0.819273416134192,
            "modularity": 0.020376045582982307,
            "average_degree": 35.426999768965615,
            "degree_std": 1.0304173541890642,
            "average_shortest_path": 0.3053790474850304,
            "global_efficiency": 3.301030949359681
        },
        {
            "clustering": 0.17242641578836476,
            "modularity": 0.03279119051919193,
            "average_degree": 8.899117422456257,
            "degree_std": 0.955745005781027,
            "average_shortest_path": 0.8260029698562721,
            "global_efficiency": 1.2126589708515259
        },
        {
            "clustering": 0.9540364112923791,
            "modularity": 0.01803579228683655,
            "average_degree": 45.839834492855445,
            "degree_std": 1.3199279007000515,
            "average_shortest_path": 0.0949456768619771,
            "global_efficiency": 11.363560240474568
        },
        {
            "clustering": 0.11751084795245367,
            "modularity": 0.11448643711029902,
            "average_degree": 6.2764520816489675,
            "degree_std": 0.6929208328258968,
            "average_shortest_path": 0.8789893778581104,
            "global_efficiency": 1.1400204885400398
        },
        {
            "clustering": 0.2900020576388739,
            "modularity": 0.023121389700520197,
            "average_degree": 14.87900141151382,
            "degree_std": 0.7965943395725946,
            "average_shortest_path": 0.7086938333933789,
            "global_efficiency": 1.414230794449491
        },
        {
            "clustering": 0.91580201378002,
            "modularity": 0.018128820219740632,
            "average_degree": 42.03994155588407,
            "degree_std": 3.052365646590665,
            "average_shortest_path": 0.17357262599224946,
            "global_efficiency": 6.739804344611343
        },
        {
            "clustering": 0.4772025281173683,
            "modularity": 0.03124290903842887,
            "average_degree": 24.45485345160283,
            "degree_std": 0.8356992448448786,
            "average_shortest_path": 0.5216454122200305,
            "global_efficiency": 1.9391017626358962
        },
        {
            "clustering": 0.8898586655791556,
            "modularity": 0.018237889207300063,
            "average_degree": 38.803341147356406,
            "degree_std": 0.4330989120358948,
            "average_shortest_path": 0.2381826226078734,
            "global_efficiency": 4.221241751387041
        }
    ],
    "27": [
        {
            "clustering": 0.5877520297078295,
            "modularity": 0.04415312083549071,
            "average_degree": 28.352005786661394,
            "degree_std": 2.2558778035059865,
            "average_shortest_path": 0.43926354359607306,
            "global_efficiency": 2.3892852721447477
        },
        {
            "clustering": 0.5928037927729685,
            "modularity": 0.023895664495807586,
            "average_degree": 23.73623004039444,
            "degree_std": 2.0287021611760516,
            "average_shortest_path": 0.5329692491736947,
            "global_efficiency": 1.9088570598494727
        },
        {
            "clustering": 0.5864591360612075,
            "modularity": 0.018863516061784474,
            "average_degree": 29.907223529544062,
            "degree_std": 0.7131271721993417,
            "average_shortest_path": 0.4131519361661405,
            "global_efficiency": 2.430426684104024
        },
        {
            "clustering": 0.8920375242343261,
            "modularity": 0.020063032223254357,
            "average_degree": 38.98949038361825,
            "degree_std": 1.399098458922969,
            "average_shortest_path": 0.23266216585830765,
            "global_efficiency": 4.370893275911026
        },
        {
            "clustering": 0.4696047683859297,
            "modularity": 0.026056660769321973,
            "average_degree": 24.094690241793504,
            "degree_std": 1.4771419536980366,
            "average_shortest_path": 0.5289186793691505,
            "global_efficiency": 1.906082295729646
        },
        {
            "clustering": 0.9292370781025444,
            "modularity": 0.018909085529551114,
            "average_degree": 39.882069603853594,
            "degree_std": 1.034896546421136,
            "average_shortest_path": 0.21721139014983665,
            "global_efficiency": 4.669252695571216
        },
        {
            "clustering": 0.5202473317929163,
            "modularity": 0.02711495064442105,
            "average_degree": 22.514776765358036,
            "degree_std": 1.396124377354968,
            "average_shortest_path": 0.5406228386728588,
            "global_efficiency": 1.9110792541352384
        },
        {
            "clustering": 0.30934899033760693,
            "modularity": 0.018319989070876397,
            "average_degree": 8.03507835532735,
            "degree_std": 2.0112451255159174,
            "average_shortest_path": 0.8416887798427907,
            "global_efficiency": 1.1952403693984703
        }
    ],
    "28": [
        {
            "clustering": 0.8578173782500639,
            "modularity": 0.019321894826068352,
            "average_degree": 39.56040725832499,
            "degree_std": 1.2629219385744634,
            "average_shortest_path": 0.22080634151186262,
            "global_efficiency": 4.636443294386091
        },
        {
            "clustering": 0.8299897574133229,
            "modularity": 0.02253871306996191,
            "average_degree": 40.278087342434304,
            "degree_std": 1.3766807314455385,
            "average_shortest_path": 0.20661672511879278,
            "global_efficiency": 5.230378826620318
        },
        {
            "clustering": 0.6526133265177093,
            "modularity": 0.01671769806311959,
            "average_degree": 25.820281246357336,
            "degree_std": 1.0951693360564003,
            "average_shortest_path": 0.4892160031746845,
            "global_efficiency": 2.0687780805019855
        },
        {
            "clustering": 0.7208876496305524,
            "modularity": 0.022561454636988016,
            "average_degree": 29.468807984020895,
            "degree_std": 1.3739764709089985,
            "average_shortest_path": 0.4229414148592911,
            "global_efficiency": 2.3879678497944745
        },
        {
            "clustering": 0.8982419872446831,
            "modularity": 0.01896316629157211,
            "average_degree": 41.46345737571675,
            "degree_std": 1.3614106561647739,
            "average_shortest_path": 0.18174371698681188,
            "global_efficiency": 5.652934254839615
        },
        {
            "clustering": 0.1853173197716847,
            "modularity": 0.0336181456693614,
            "average_degree": 9.569905912664472,
            "degree_std": 1.4199219752276002,
            "average_shortest_path": 0.812882322052974,
            "global_efficiency": 1.23412680823016
        },
        {
            "clustering": 0.9315643411125883,
            "modularity": 0.026514985759675418,
            "average_degree": 31.996248980217352,
            "degree_std": 1.307547168233387,
            "average_shortest_path": 0.3732129169726858,
            "global_efficiency": 2.706984298756892
        },
        {
            "clustering": 0.42377471201617,
            "modularity": 0.024022964549677252,
            "average_degree": 21.698741476105862,
            "degree_std": 0.855494002556103,
            "average_shortest_path": 0.5755890534449757,
            "global_efficiency": 1.7420885529691303
        }
    ],
    "29": [
        {
            "clustering": 0.38809058503514554,
            "modularity": 0.05556056991761835,
            "average_degree": 20.16698948627185,
            "degree_std": 1.495137640923281,
            "average_shortest_path": 0.6071407895417702,
            "global_efficiency": 1.6731126075493241
        },
        {
            "clustering": 0.1765749245133683,
            "modularity": 0.020989913489682186,
            "average_degree": 9.072249825567342,
            "degree_std": 1.24791627110564,
            "average_shortest_path": 0.8218418144942478,
            "global_efficiency": 1.2205769545969665
        },
        {
            "clustering": 0.16031355507511763,
            "modularity": 0.06256382734365556,
            "average_degree": 8.373322421282865,
            "degree_std": 0.6525280387007202,
            "average_shortest_path": 0.8370559034304891,
            "global_efficiency": 1.19791529552503
        },
        {
            "clustering": 0.8101900063425603,
            "modularity": 0.020610052991574725,
            "average_degree": 37.106567021336744,
            "degree_std": 3.4294825774385105,
            "average_shortest_path": 0.25100734925999935,
            "global_efficiency": 4.347549657343811
        },
        {
            "clustering": 0.1861980703087309,
            "modularity": 0.03415311326245294,
            "average_degree": 9.574782335970886,
            "degree_std": 0.8734575353407029,
            "average_shortest_path": 0.8128931923501733,
            "global_efficiency": 1.2321832637039978
        },
        {
            "clustering": 0.28272164373312053,
            "modularity": 0.02596100309920074,
            "average_degree": 14.484320536030792,
            "degree_std": 1.3257995445777673,
            "average_shortest_path": 0.7164564725498468,
            "global_efficiency": 1.4005270759581343
        },
        {
            "clustering": 0.48290017975117566,
            "modularity": 0.0200045228323074,
            "average_degree": 24.661428793322628,
            "degree_std": 0.7637098567219187,
            "average_shortest_path": 0.5167315558338735,
            "global_efficiency": 1.9399806835283473
        },
        {
            "clustering": 0.47533654396016334,
            "modularity": 0.06696662007993087,
            "average_degree": 22.508085662179365,
            "degree_std": 2.1897568454120804,
            "average_shortest_path": 0.5605314180011652,
            "global_efficiency": 1.8535763699887142
        }
    ],
    "30": [
        {
            "clustering": 0.3176825854405674,
            "modularity": 0.01854249977920617,
            "average_degree": 14.227914249923415,
            "degree_std": 3.0088755102585067,
            "average_shortest_path": 0.7202978683151237,
            "global_efficiency": 1.4110710853151334
        },
        {
            "clustering": 0.9266409396155849,
            "modularity": 0.0184549596843285,
            "average_degree": 45.11350869958915,
            "degree_std": 0.3934829359957483,
            "average_shortest_path": 0.11193730076965021,
            "global_efficiency": 9.222794822958825
        },
        {
            "clustering": 0.8877622220825672,
            "modularity": 0.01867281932703227,
            "average_degree": 39.30868547593869,
            "degree_std": 1.3305445051446787,
            "average_shortest_path": 0.22717176826632754,
            "global_efficiency": 4.4850625091565846
        },
        {
            "clustering": 0.24055681880936175,
            "modularity": 0.02796849888516249,
            "average_degree": 12.368260701991021,
            "degree_std": 0.9557131741275597,
            "average_shortest_path": 0.7583894943076555,
            "global_efficiency": 1.3206870709291296
        },
        {
            "clustering": 0.5347059113969516,
            "modularity": 0.030860784345481094,
            "average_degree": 27.385333108257836,
            "degree_std": 0.8651997806002246,
            "average_shortest_path": 0.4644148599016507,
            "global_efficiency": 2.166402412404255
        },
        {
            "clustering": 0.8957832466542434,
            "modularity": 0.018500103326973702,
            "average_degree": 41.84164500856001,
            "degree_std": 2.3072092354421683,
            "average_shortest_path": 0.17355895209677366,
            "global_efficiency": 6.2437137216801055
        },
        {
            "clustering": 0.06802329733564152,
            "modularity": 0.044122389129049144,
            "average_degree": 3.6340364701471843,
            "degree_std": 1.5819365435971706,
            "average_shortest_path": 0.9295195549494918,
            "global_efficiency": 1.0784288346532158
        },
        {
            "clustering": 0.1252994275983792,
            "modularity": 0.034708216055223194,
            "average_degree": 6.4608331369220835,
            "degree_std": 1.0719665925247253,
            "average_shortest_path": 0.8738435379651744,
            "global_efficiency": 1.1455007717395425
        }
    ],
    "31": [
        {
            "clustering": 0.10593486473724982,
            "modularity": 0.12213111230620495,
            "average_degree": 5.708583611416034,
            "degree_std": 0.34282516112239314,
            "average_shortest_path": 0.8901368919528421,
            "global_efficiency": 1.1253570678801819
        },
        {
            "clustering": 0.1645850756088403,
            "modularity": 0.11427215046014505,
            "average_degree": 8.735164283504927,
            "degree_std": 1.149342341976927,
            "average_shortest_path": 0.8310214981621049,
            "global_efficiency": 1.2112141006368373
        },
        {
            "clustering": 0.9102091146848206,
            "modularity": 0.01886220479794162,
            "average_degree": 44.25503202291984,
            "degree_std": 1.5912535576619276,
            "average_shortest_path": 0.12117598248987782,
            "global_efficiency": 9.37106669354075
        },
        {
            "clustering": 0.5886912105087547,
            "modularity": 0.016623494969442213,
            "average_degree": 21.002170478456392,
            "degree_std": 1.4878611641965274,
            "average_shortest_path": 0.5867568085205799,
            "global_efficiency": 1.7215517793811141
        },
        {
            "clustering": 0.24542990187547967,
            "modularity": 0.06381021106468882,
            "average_degree": 12.720670660313553,
            "degree_std": 0.820076279709748,
            "average_shortest_path": 0.7526370269024334,
            "global_efficiency": 1.3325000747841875
        },
        {
            "clustering": 0.271618177551727,
            "modularity": 0.05645996320833587,
            "average_degree": 14.02208665521197,
            "degree_std": 0.7168690214003579,
            "average_shortest_path": 0.7268598401483118,
            "global_efficiency": 1.3792345408096918
        },
        {
            "clustering": 0.07881917228860937,
            "modularity": 0.13643972214799005,
            "average_degree": 4.26308400182832,
            "degree_std": 0.3270733038164172,
            "average_shortest_path": 0.9183588004722667,
            "global_efficiency": 1.0899083498279218
        },
        {
            "clustering": 0.15769132696885113,
            "modularity": 0.08854951599755242,
            "average_degree": 8.270742580958977,
            "degree_std": 0.2667937796232365,
            "average_shortest_path": 0.8399240710648392,
            "global_efficiency": 1.1924868440982201
        }
    ],
    "32": [
        {
            "clustering": 0.14757956060860727,
            "modularity": 0.08741801889944269,
            "average_degree": 7.770290819232687,
            "degree_std": 0.8369396023259429,
            "average_shortest_path": 0.8496260096624387,
            "global_efficiency": 1.1794000444342227
        },
        {
            "clustering": 0.3650128825977796,
            "modularity": 0.02838025713116129,
            "average_degree": 13.24885491272129,
            "degree_std": 2.639349572128723,
            "average_shortest_path": 0.7351054374812817,
            "global_efficiency": 1.3844656883538775
        },
        {
            "clustering": 0.1511961074446392,
            "modularity": 0.037567184203224344,
            "average_degree": 7.840264992679804,
            "degree_std": 1.495894981101077,
            "average_shortest_path": 0.8472714089441938,
            "global_efficiency": 1.1833798470734307
        },
        {
            "clustering": 0.0818409742098447,
            "modularity": 0.06446916148759696,
            "average_degree": 4.297273264104369,
            "degree_std": 0.5764903076080188,
            "average_shortest_path": 0.9171196847997101,
            "global_efficiency": 1.0908668490180082
        },
        {
            "clustering": 0.2984362227015279,
            "modularity": 0.026688724502648305,
            "average_degree": 15.330134543993845,
            "degree_std": 1.0244400156798843,
            "average_shortest_path": 0.7005140891930932,
            "global_efficiency": 1.4308947581276896
        },
        {
            "clustering": 0.13006546093041982,
            "modularity": 0.05109906656590528,
            "average_degree": 6.796368806211612,
            "degree_std": 1.7903007299164748,
            "average_shortest_path": 0.867633484282695,
            "global_efficiency": 1.1568981582079922
        },
        {
            "clustering": 0.6291792064404712,
            "modularity": 0.024110808475378526,
            "average_degree": 30.395202080633826,
            "degree_std": 1.9053212944861875,
            "average_shortest_path": 0.4044528475829533,
            "global_efficiency": 2.557007957922857
        },
        {
            "clustering": 0.22227171943625113,
            "modularity": 0.027050113354149478,
            "average_degree": 11.39766273303736,
            "degree_std": 0.35443615545777113,
            "average_shortest_path": 0.777336145362905,
            "global_efficiency": 1.2872387741893914
        }
    ],
    "33": [
        {
            "clustering": 0.9344479858620791,
            "modularity": 0.019797900160967385,
            "average_degree": 45.63055404489555,
            "degree_std": 0.7601916548827247,
            "average_shortest_path": 0.10492174805427085,
            "global_efficiency": 9.896428245696296
        },
        {
            "clustering": 0.7980313643749983,
            "modularity": 0.0255814126767382,
            "average_degree": 39.65099994724311,
            "degree_std": 0.8550362729660311,
            "average_shortest_path": 0.22320447320840797,
            "global_efficiency": 4.593374365090089
        },
        {
            "clustering": 0.11992621872861677,
            "modularity": 0.11177169475529802,
            "average_degree": 6.40068064815212,
            "degree_std": 0.5618990551783063,
            "average_shortest_path": 0.8765599014429801,
            "global_efficiency": 1.1426441656696258
        },
        {
            "clustering": 0.1737500732641317,
            "modularity": 0.08066366119785393,
            "average_degree": 6.349381328218951,
            "degree_std": 2.2951091722362507,
            "average_shortest_path": 0.8765740635566611,
            "global_efficiency": 1.151012924635382
        },
        {
            "clustering": 0.06743952783658876,
            "modularity": 0.07291910989722267,
            "average_degree": 3.573151471890378,
            "degree_std": 1.148885210235059,
            "average_shortest_path": 0.9309510135290296,
            "global_efficiency": 1.0753979251138448
        },
        {
            "clustering": 0.8105592951456493,
            "modularity": 0.020367159463339626,
            "average_degree": 35.10044986849345,
            "degree_std": 0.859604857726586,
            "average_shortest_path": 0.3115182805669551,
            "global_efficiency": 3.2310496239623308
        },
        {
            "clustering": 0.2599742971619673,
            "modularity": 0.0247748425400794,
            "average_degree": 13.322581194283776,
            "degree_std": 0.9435848806161982,
            "average_shortest_path": 0.7389072237403577,
            "global_efficiency": 1.3575216237449816
        },
        {
            "clustering": 0.0800409317466144,
            "modularity": 0.1352032066154574,
            "average_degree": 4.353882034722119,
            "degree_std": 0.3590544655474411,
            "average_shortest_path": 0.9167342970321951,
            "global_efficiency": 1.0920622328680574
        }
    ]
}