{
    "0": [
        {
            "clustering": 2.8525850491332117e-05,
            "modularity": 0.9704421966112086,
            "average_degree": 1.9386209356286557,
            "degree_std": 0.15802914128949103,
            "average_shortest_path": 0.9995827808054535,
            "global_efficiency": 1.0004342624804716,
            "characteristic_path_length": 0.9995827808056723
        },
        {
            "clustering": 0.0025925949604627954,
            "modularity": 0.19980635102478017,
            "average_degree": 1.208118499363566,
            "degree_std": 0.4966027574121564,
            "average_shortest_path": 0.9938892884671046,
            "global_efficiency": 1.006284091678573,
            "characteristic_path_length": 0.9938892884671016
        },
        {
            "clustering": 0.002384347473743191,
            "modularity": 0.6602385051912716,
            "average_degree": 1.7995687760339425,
            "degree_std": 0.9391680067457217,
            "average_shortest_path": 0.991705588208934,
            "global_efficiency": 1.0091094779481753,
            "characteristic_path_length": 0.9917055882089408
        },
        {
            "clustering": 0.0014417567897777371,
            "modularity": 0.7231074207460183,
            "average_degree": 2.584431201881652,
            "degree_std": 0.6974119600364093,
            "average_shortest_path": 0.9900197769838258,
            "global_efficiency": 1.0119961138617726,
            "characteristic_path_length": 0.9900197769838245
        },
        {
            "clustering": 3.83017994060934e-05,
            "modularity": 0.9933334774464837,
            "average_degree": 1.995140765569512,
            "degree_std": 0.10335287230204647,
            "average_shortest_path": 0.9806788829698747,
            "global_efficiency": 1.0341800776239019,
            "characteristic_path_length": 0.980678882969903
        },
        {
            "clustering": 0.0003578675418010726,
            "modularity": 0.8523299486858875,
            "average_degree": 2.0220078555715557,
            "degree_std": 0.7015802961108251,
            "average_shortest_path": 0.9940027642612079,
            "global_efficiency": 1.0084212697831758,
            "characteristic_path_length": 0.9940027642612649
        },
        {
            "clustering": 0.0020199795488966238,
            "modularity": 0.707625591913989,
            "average_degree": 2.0922840494575,
            "degree_std": 1.1289110374824494,
            "average_shortest_path": 0.9905506113890519,
            "global_efficiency": 1.0106720858468572,
            "characteristic_path_length": 0.990550611389053
        },
        {
            "clustering": 0.0014043255078910381,
            "modularity": 0.6292331398984312,
            "average_degree": 1.2453143170381098,
            "degree_std": 0.6821889052102081,
            "average_shortest_path": 0.9936982041076037,
            "global_efficiency": 1.0075506187984846,
            "characteristic_path_length": 0.9936982041076801
        },
        {
            "clustering": 0.012184254622373086,
            "modularity": 0.5920855445637556,
            "average_degree": 5.796635393423029,
            "degree_std": 1.6436207050700942,
            "average_shortest_path": 0.9732264445500796,
            "global_efficiency": 1.0326921061433294,
            "characteristic_path_length": 0.9732264445500844
        },
        {
            "clustering": 0.0007804128158507077,
            "modularity": 0.7036295302051359,
            "average_degree": 1.2130662486662986,
            "degree_std": 0.18616140978638476,
            "average_shortest_path": 0.9959651342030025,
            "global_efficiency": 1.0043065622762337,
            "characteristic_path_length": 0.9959651342030043
        },
        {
            "clustering": 0.14816211993561193,
            "modularity": 0.06328520171898422,
            "average_degree": 31.483543681180002,
            "degree_std": 11.9435749425068,
            "average_shortest_path": 0.8415629438283853,
            "global_efficiency": 1.207490390660653,
            "characteristic_path_length": 0.8415629438283853
        },
        {
            "clustering": 0.03471827708184618,
            "modularity": 0.26126535929922473,
            "average_degree": 9.50274195016793,
            "degree_std": 4.748674222344855,
            "average_shortest_path": 0.9535302440952023,
            "global_efficiency": 1.0541570304977386,
            "characteristic_path_length": 0.9535302440952025
        }
    ],
    "1": [
        {
            "clustering": 0.057564558428347457,
            "modularity": 0.38478655016630137,
            "average_degree": 15.618541247857932,
            "degree_std": 2.039971005458774,
            "average_shortest_path": 0.9216017530713778,
            "global_efficiency": 1.1044251871422741,
            "characteristic_path_length": 0.9216017530713778
        },
        {
            "clustering": 0.00021180036571465124,
            "modularity": 0.848112311540082,
            "average_degree": 1.1769733294039202,
            "degree_std": 0.3088899846401365,
            "average_shortest_path": 0.9945771745572657,
            "global_efficiency": 1.0086364666082734,
            "characteristic_path_length": 0.9945771745572781
        },
        {
            "clustering": 0.08820570905421535,
            "modularity": 0.25550663095623466,
            "average_degree": 21.2800241456024,
            "degree_std": 1.299124537035426,
            "average_shortest_path": 0.8936879577612136,
            "global_efficiency": 1.1301951908485353,
            "characteristic_path_length": 0.8936879577612136
        },
        {
            "clustering": 4.411148506644018e-05,
            "modularity": 0.9225916287012554,
            "average_degree": 1.049861900171143,
            "degree_std": 0.3033121825908585,
            "average_shortest_path": 0.9749329436681657,
            "global_efficiency": 1.0499448847462796,
            "characteristic_path_length": 0.974932943668586
        },
        {
            "clustering": 4.4259277132990226e-05,
            "modularity": 0.9227490701564034,
            "average_degree": 1.0360932657090716,
            "degree_std": 0.2559077345435595,
            "average_shortest_path": 0.9358541056440141,
            "global_efficiency": 1.1280627442977287,
            "characteristic_path_length": 0.9358541056444346
        },
        {
            "clustering": 0.0026686755994706616,
            "modularity": 0.66364185693577,
            "average_degree": 3.4501201630492657,
            "degree_std": 0.45431247600176605,
            "average_shortest_path": 0.9815408931813088,
            "global_efficiency": 1.031979096567614,
            "characteristic_path_length": 0.9815408931813013
        },
        {
            "clustering": 0.2801533123245369,
            "modularity": 0.128339777294315,
            "average_degree": 44.954080144073046,
            "degree_std": 3.9536762074628022,
            "average_shortest_path": 0.7733201063216516,
            "global_efficiency": 1.3164345480192559,
            "characteristic_path_length": 0.7733201063216516
        },
        {
            "clustering": 0.0028773794068594647,
            "modularity": 0.6068482366918085,
            "average_degree": 3.294841373014472,
            "degree_std": 0.4347245652369233,
            "average_shortest_path": 0.9899187743715363,
            "global_efficiency": 1.0113733855826734,
            "characteristic_path_length": 0.9899187743715381
        },
        {
            "clustering": 0.016507922799792945,
            "modularity": 0.5065396737475766,
            "average_degree": 6.182377079353856,
            "degree_std": 0.8781589220665481,
            "average_shortest_path": 0.9715780089271464,
            "global_efficiency": 1.0337656668596196,
            "characteristic_path_length": 0.9715780089271471
        },
        {
            "clustering": 0.002418076537771135,
            "modularity": 0.6880948351967596,
            "average_degree": 3.266883776852119,
            "degree_std": 0.413768940449159,
            "average_shortest_path": 0.9887860899322142,
            "global_efficiency": 1.013434293262012,
            "characteristic_path_length": 0.9887860899322185
        },
        {
            "clustering": 0.0803700942498049,
            "modularity": 0.2066601075284345,
            "average_degree": 19.516352548089696,
            "degree_std": 5.908714996367767,
            "average_shortest_path": 0.9037583715983372,
            "global_efficiency": 1.1193071318539536,
            "characteristic_path_length": 0.9037583715983372
        },
        {
            "clustering": 3.674988744783148e-05,
            "modularity": 0.9225880514053628,
            "average_degree": 1.054640431047225,
            "degree_std": 0.3288103988807375,
            "average_shortest_path": 0.9704453004998292,
            "global_efficiency": 1.0588681818012071,
            "characteristic_path_length": 0.9704453005002495
        }
    ],
    "2": [
        {
            "clustering": 0.11068515621132712,
            "modularity": 0.24695939138412973,
            "average_degree": 27.269211594758744,
            "degree_std": 0.9962516249496278,
            "average_shortest_path": 0.8645871704673418,
            "global_efficiency": 1.1805199391144117,
            "characteristic_path_length": 0.8645871704673418
        },
        {
            "clustering": 0.03767646287010931,
            "modularity": 0.3479559239621114,
            "average_degree": 12.749429464640542,
            "degree_std": 1.0211780820985603,
            "average_shortest_path": 0.9293099927222538,
            "global_efficiency": 1.1028461755557166,
            "characteristic_path_length": 0.9293099927222538
        },
        {
            "clustering": 0.06424575619645467,
            "modularity": 0.3463425654593557,
            "average_degree": 17.555893724092964,
            "degree_std": 1.5692602604983048,
            "average_shortest_path": 0.911612563058284,
            "global_efficiency": 1.1169877785827487,
            "characteristic_path_length": 0.911612563058284
        },
        {
            "clustering": 0.0002722115936398082,
            "modularity": 0.8995151753282664,
            "average_degree": 1.1372927239681765,
            "degree_std": 0.2397592086473935,
            "average_shortest_path": 0.9946245462110859,
            "global_efficiency": 1.0078247354022682,
            "characteristic_path_length": 0.9946245462110859
        },
        {
            "clustering": 0.07844114524335451,
            "modularity": 0.2925185629882838,
            "average_degree": 13.930937270064781,
            "degree_std": 0.7235220518751772,
            "average_shortest_path": 0.9299900940179116,
            "global_efficiency": 1.0834715429392847,
            "characteristic_path_length": 0.9299900940179116
        },
        {
            "clustering": 0.05835235314886433,
            "modularity": 0.3743514917852225,
            "average_degree": 17.92206477638024,
            "degree_std": 1.9599147075820935,
            "average_shortest_path": 0.9127656114100303,
            "global_efficiency": 1.1209564186021521,
            "characteristic_path_length": 0.9127656114100303
        },
        {
            "clustering": 0.00010980368445029769,
            "modularity": 0.9121058060638797,
            "average_degree": 1.0315596716853106,
            "degree_std": 0.20091702034394124,
            "average_shortest_path": 0.9950280521883136,
            "global_efficiency": 1.0093015008453543,
            "characteristic_path_length": 0.9950280521884833
        },
        {
            "clustering": 0.4099871001976194,
            "modularity": 0.01653960688199353,
            "average_degree": 81.55978718497113,
            "degree_std": 5.503655160830839,
            "average_shortest_path": 0.5867550470260368,
            "global_efficiency": 1.735342652066294,
            "characteristic_path_length": 0.5867550470260368
        },
        {
            "clustering": 0.01731484267523986,
            "modularity": 0.518824657807926,
            "average_degree": 8.251424070338414,
            "degree_std": 0.7433199076323639,
            "average_shortest_path": 0.9552603144003722,
            "global_efficiency": 1.0750669292581276,
            "characteristic_path_length": 0.9552603144003722
        },
        {
            "clustering": 0.0006520146473401319,
            "modularity": 0.7939182990585155,
            "average_degree": 1.4073006465414022,
            "degree_std": 0.20509812452500487,
            "average_shortest_path": 0.9936805687047682,
            "global_efficiency": 1.0089577432460246,
            "characteristic_path_length": 0.9936805687047793
        },
        {
            "clustering": 0.00046250685282097536,
            "modularity": 0.7982461317615835,
            "average_degree": 1.3287053546667862,
            "degree_std": 0.28013502219745245,
            "average_shortest_path": 0.9941170164825769,
            "global_efficiency": 1.0082474947948237,
            "characteristic_path_length": 0.9941170164825716
        },
        {
            "clustering": 0.24006719528917958,
            "modularity": 0.058703138961354,
            "average_degree": 49.520159102962545,
            "degree_std": 1.3549086088438878,
            "average_shortest_path": 0.7368918469888781,
            "global_efficiency": 1.4088938044225627,
            "characteristic_path_length": 0.7368918469888781
        }
    ],
    "3": [
        {
            "clustering": 0.03739221237320568,
            "modularity": 0.4419701162345227,
            "average_degree": 13.413476580579031,
            "degree_std": 1.4317984046779295,
            "average_shortest_path": 0.9362926650357957,
            "global_efficiency": 1.0906822472130167,
            "characteristic_path_length": 0.9362926650357957
        },
        {
            "clustering": 0.21476025769032497,
            "modularity": 0.20232455223641502,
            "average_degree": 48.0409678983942,
            "degree_std": 1.7230002951004113,
            "average_shortest_path": 0.7602917746008216,
            "global_efficiency": 1.3848528532975461,
            "characteristic_path_length": 0.7602917746008216
        },
        {
            "clustering": 0.007066237437833072,
            "modularity": 0.6712992826115941,
            "average_degree": 5.104775567672012,
            "degree_std": 0.7516372853283142,
            "average_shortest_path": 0.9747685324640684,
            "global_efficiency": 1.0392329723427842,
            "characteristic_path_length": 0.9747685324640627
        },
        {
            "clustering": 0.015699856458560566,
            "modularity": 0.5056161969921167,
            "average_degree": 8.07084478867001,
            "degree_std": 0.8650362455840719,
            "average_shortest_path": 0.9638766576917175,
            "global_efficiency": 1.0537418342986362,
            "characteristic_path_length": 0.9638766576917177
        },
        {
            "clustering": 0.042908608428862696,
            "modularity": 0.3417351228286826,
            "average_degree": 13.772621487085638,
            "degree_std": 1.059320620945921,
            "average_shortest_path": 0.9354754053800447,
            "global_efficiency": 1.0868947134837805,
            "characteristic_path_length": 0.9354754053800447
        },
        {
            "clustering": 0.24325754285105886,
            "modularity": 0.21172737658493307,
            "average_degree": 43.12858107418426,
            "degree_std": 1.478441122107308,
            "average_shortest_path": 0.7845506283379747,
            "global_efficiency": 1.3227137905277617,
            "characteristic_path_length": 0.7845506283379747
        },
        {
            "clustering": 0.021287431666177414,
            "modularity": 0.3914546597120667,
            "average_degree": 7.958320159647047,
            "degree_std": 1.140085448737772,
            "average_shortest_path": 0.9629380301400337,
            "global_efficiency": 1.043810080296562,
            "characteristic_path_length": 0.9629380301400337
        },
        {
            "clustering": 0.020398138486940054,
            "modularity": 0.17147188080847897,
            "average_degree": 7.25180261911786,
            "degree_std": 1.1061531467652934,
            "average_shortest_path": 0.9613921745178552,
            "global_efficiency": 1.0495033459591374,
            "characteristic_path_length": 0.9613921745178552
        },
        {
            "clustering": 0.4249812802527185,
            "modularity": 0.03672892898510868,
            "average_degree": 60.0944208389045,
            "degree_std": 4.242054598380847,
            "average_shortest_path": 0.6946240664043646,
            "global_efficiency": 1.4609323434507435,
            "characteristic_path_length": 0.6946240664043646
        },
        {
            "clustering": 0.006267466418491928,
            "modularity": 0.5038482988406969,
            "average_degree": 2.750771610609937,
            "degree_std": 0.6007165107901538,
            "average_shortest_path": 0.986076685502255,
            "global_efficiency": 1.0160379382748628,
            "characteristic_path_length": 0.9860766855022516
        },
        {
            "clustering": 0.2804261271117354,
            "modularity": 0.18535596269654375,
            "average_degree": 61.380374633239434,
            "degree_std": 1.299185813954132,
            "average_shortest_path": 0.6928952608660703,
            "global_efficiency": 1.5523583726978973,
            "characteristic_path_length": 0.6928952608660703
        },
        {
            "clustering": 0.31525636825945164,
            "modularity": 0.13431156745222722,
            "average_degree": 63.974202416319166,
            "degree_std": 1.6167132341651005,
            "average_shortest_path": 0.6793137674985278,
            "global_efficiency": 1.5396443069953116,
            "characteristic_path_length": 0.6793137674985278
        }
    ],
    "4": [
        {
            "clustering": 0.0021144168764973973,
            "modularity": 0.8233104449570613,
            "average_degree": 1.6569380332817063,
            "degree_std": 0.3742035469930277,
            "average_shortest_path": 0.9921881078996243,
            "global_efficiency": 1.0095034832380159,
            "characteristic_path_length": 0.9921881078996129
        },
        {
            "clustering": 0.01111135646642605,
            "modularity": 0.5090420187611603,
            "average_degree": 6.56949030871858,
            "degree_std": 1.1976124229702443,
            "average_shortest_path": 0.9714331596028511,
            "global_efficiency": 1.0442765704481975,
            "characteristic_path_length": 0.971433159602852
        },
        {
            "clustering": 0.34863316924770593,
            "modularity": 0.13449461017926392,
            "average_degree": 59.77848815543628,
            "degree_std": 1.0987338612904611,
            "average_shortest_path": 0.7004809439555425,
            "global_efficiency": 1.4814592030091105,
            "characteristic_path_length": 0.7004809439555425
        },
        {
            "clustering": 0.03393331351665161,
            "modularity": 0.37227501176323285,
            "average_degree": 11.939371671233427,
            "degree_std": 1.5641902373719716,
            "average_shortest_path": 0.9440440843730395,
            "global_efficiency": 1.0749030292048063,
            "characteristic_path_length": 0.9440440843730398
        },
        {
            "clustering": 0.21709813244631304,
            "modularity": 0.18442752433506449,
            "average_degree": 30.77850386648764,
            "degree_std": 1.9295129775540847,
            "average_shortest_path": 0.844975698330747,
            "global_efficiency": 1.2016207557074108,
            "characteristic_path_length": 0.844975698330747
        },
        {
            "clustering": 0.1771840197724624,
            "modularity": 0.15341697518809894,
            "average_degree": 27.0952565649368,
            "degree_std": 1.5774545054831435,
            "average_shortest_path": 0.8647119743488401,
            "global_efficiency": 1.166657407162155,
            "characteristic_path_length": 0.8647119743488401
        },
        {
            "clustering": 0.3352299254244927,
            "modularity": 0.015590481633965939,
            "average_degree": 63.30159153537641,
            "degree_std": 1.6285046622658126,
            "average_shortest_path": 0.6506818475211953,
            "global_efficiency": 1.59614468932628,
            "characteristic_path_length": 0.6506818475211953
        },
        {
            "clustering": 0.17930291385685293,
            "modularity": 0.15046640351707774,
            "average_degree": 38.85298843416943,
            "degree_std": 1.6053237854106095,
            "average_shortest_path": 0.8054763005644543,
            "global_efficiency": 1.271294410645363,
            "characteristic_path_length": 0.8054763005644543
        },
        {
            "clustering": 0.23133989129517585,
            "modularity": 0.040219206313785116,
            "average_degree": 42.10871065133077,
            "degree_std": 2.1596973569961446,
            "average_shortest_path": 0.7731320353063366,
            "global_efficiency": 1.329193931820406,
            "characteristic_path_length": 0.7731320353063366
        },
        {
            "clustering": 0.04924301557551814,
            "modularity": 0.2526402834750117,
            "average_degree": 7.761664058790829,
            "degree_std": 1.2469545100948702,
            "average_shortest_path": 0.9609142747724516,
            "global_efficiency": 1.0443882416558972,
            "characteristic_path_length": 0.9609142747724506
        },
        {
            "clustering": 0.1590074145989677,
            "modularity": 0.19267842487643327,
            "average_degree": 34.705983242892735,
            "degree_std": 1.4633384415181383,
            "average_shortest_path": 0.828704372123473,
            "global_efficiency": 1.2499304653528232,
            "characteristic_path_length": 0.828704372123473
        },
        {
            "clustering": 0.0022131066738470947,
            "modularity": 0.7501075621527237,
            "average_degree": 1.6846726298979193,
            "degree_std": 0.35196684697418595,
            "average_shortest_path": 0.9923310310744842,
            "global_efficiency": 1.0097142786595956,
            "characteristic_path_length": 0.9923310310744797
        }
    ],
    "5": [
        {
            "clustering": 0.22604024847531962,
            "modularity": 0.037245801491888345,
            "average_degree": 43.16066177813542,
            "degree_std": 2.0131401955915713,
            "average_shortest_path": 0.7635836955058598,
            "global_efficiency": 1.3484252314110612,
            "characteristic_path_length": 0.7635836955058598
        },
        {
            "clustering": 0.04053896477176948,
            "modularity": 0.30972124116573474,
            "average_degree": 11.998719645416935,
            "degree_std": 1.312870558004805,
            "average_shortest_path": 0.9429536890112685,
            "global_efficiency": 1.0701144176227582,
            "characteristic_path_length": 0.9429536890112685
        },
        {
            "clustering": 0.3760270110941731,
            "modularity": 0.11065880099107489,
            "average_degree": 71.04985090664863,
            "degree_std": 1.9681807822759225,
            "average_shortest_path": 0.637867935869327,
            "global_efficiency": 1.6391434634292625,
            "characteristic_path_length": 0.637867935869327
        },
        {
            "clustering": 0.3149196045048664,
            "modularity": 0.18256298143849947,
            "average_degree": 66.34776797529678,
            "degree_std": 1.5626193703229603,
            "average_shortest_path": 0.6678547778975329,
            "global_efficiency": 1.640898073307803,
            "characteristic_path_length": 0.667854777897533
        },
        {
            "clustering": 0.2111560676455036,
            "modularity": 0.2142233820890163,
            "average_degree": 43.33164816205014,
            "degree_std": 1.1817733009868647,
            "average_shortest_path": 0.7847612403253817,
            "global_efficiency": 1.323961446066754,
            "characteristic_path_length": 0.7847612403253817
        },
        {
            "clustering": 0.22455543497997502,
            "modularity": 0.20238276239961558,
            "average_degree": 46.00467012139225,
            "degree_std": 1.58207840671995,
            "average_shortest_path": 0.770728252642628,
            "global_efficiency": 1.3440052528600315,
            "characteristic_path_length": 0.770728252642628
        },
        {
            "clustering": 0.028302210787576217,
            "modularity": 0.3608725199356316,
            "average_degree": 9.257199871711897,
            "degree_std": 1.4308561207957748,
            "average_shortest_path": 0.9567456037630542,
            "global_efficiency": 1.0528904614652321,
            "characteristic_path_length": 0.9567456037630542
        },
        {
            "clustering": 0.35007316310903847,
            "modularity": 0.1737174044528441,
            "average_degree": 67.53985118277588,
            "degree_std": 1.412078352828561,
            "average_shortest_path": 0.661754955650127,
            "global_efficiency": 1.616972741228343,
            "characteristic_path_length": 0.661754955650127
        },
        {
            "clustering": 0.03606448307935134,
            "modularity": 0.35868897537012595,
            "average_degree": 12.32488476656756,
            "degree_std": 1.5963756416726167,
            "average_shortest_path": 0.941868943559585,
            "global_efficiency": 1.0769755802015653,
            "characteristic_path_length": 0.941868943559585
        },
        {
            "clustering": 0.39315008123026235,
            "modularity": 0.12491633698284271,
            "average_degree": 75.43457784087637,
            "degree_std": 1.150694892381154,
            "average_shortest_path": 0.6204806387522512,
            "global_efficiency": 1.712683572247064,
            "characteristic_path_length": 0.6204806387522512
        },
        {
            "clustering": 0.009193365027004515,
            "modularity": 0.47852402404262717,
            "average_degree": 4.402631416579752,
            "degree_std": 1.0354318131330873,
            "average_shortest_path": 0.9801223746604056,
            "global_efficiency": 1.0242607421362957,
            "characteristic_path_length": 0.9801223746604072
        },
        {
            "clustering": 0.022412356156415278,
            "modularity": 0.37224051803461317,
            "average_degree": 6.166505823540384,
            "degree_std": 1.0732927844720717,
            "average_shortest_path": 0.9715230019917158,
            "global_efficiency": 1.0329636364560415,
            "characteristic_path_length": 0.9715230019917156
        }
    ],
    "6": [
        {
            "clustering": 0.3032226562423801,
            "modularity": 0.2364674994734553,
            "average_degree": 64.74201662655346,
            "degree_std": 1.7706852895153464,
            "average_shortest_path": 0.6759539095394898,
            "global_efficiency": 1.65210517630174,
            "characteristic_path_length": 0.6759539095394898
        },
        {
            "clustering": 0.06863923807343413,
            "modularity": 0.3040484774703207,
            "average_degree": 9.60355764235735,
            "degree_std": 1.095473534197735,
            "average_shortest_path": 0.9526734383366694,
            "global_efficiency": 1.0531003135665566,
            "characteristic_path_length": 0.9526734383366694
        },
        {
            "clustering": 0.11486318391258922,
            "modularity": 0.27406192104646315,
            "average_degree": 28.54585198211258,
            "degree_std": 1.6879890087801726,
            "average_shortest_path": 0.8593283864775149,
            "global_efficiency": 1.1917041833536488,
            "characteristic_path_length": 0.8593283864775149
        },
        {
            "clustering": 0.138600948148146,
            "modularity": 0.2849480930178654,
            "average_degree": 34.61090676170832,
            "degree_std": 1.8739494163863128,
            "average_shortest_path": 0.8287833557531358,
            "global_efficiency": 1.2569422535845174,
            "characteristic_path_length": 0.8287833557531359
        },
        {
            "clustering": 0.17581740107700533,
            "modularity": 0.2755407814804722,
            "average_degree": 41.83703518870512,
            "degree_std": 2.2422107299575016,
            "average_shortest_path": 0.7917368157678946,
            "global_efficiency": 1.3205614480046455,
            "characteristic_path_length": 0.7917368157678946
        },
        {
            "clustering": 0.2597079210609579,
            "modularity": 0.2250402886255364,
            "average_degree": 55.817227781005286,
            "degree_std": 1.8176984772884792,
            "average_shortest_path": 0.721518376299165,
            "global_efficiency": 1.4938802472858526,
            "characteristic_path_length": 0.721518376299165
        },
        {
            "clustering": 0.44054614268272685,
            "modularity": 0.07050559406794457,
            "average_degree": 70.80483753903763,
            "degree_std": 0.9334651749542622,
            "average_shortest_path": 0.6420526054147654,
            "global_efficiency": 1.5935384455387014,
            "characteristic_path_length": 0.6420526054147654
        },
        {
            "clustering": 0.44555897161706187,
            "modularity": 0.16400410789279737,
            "average_degree": 78.2008812500628,
            "degree_std": 1.1980251333277967,
            "average_shortest_path": 0.604017764770149,
            "global_efficiency": 1.7769493128624427,
            "characteristic_path_length": 0.604017764770149
        },
        {
            "clustering": 0.05028750307736133,
            "modularity": 0.34378627027339376,
            "average_degree": 15.166709992456486,
            "degree_std": 1.5718665413096096,
            "average_shortest_path": 0.9268536718684747,
            "global_efficiency": 1.0927984162696232,
            "characteristic_path_length": 0.9268536718684747
        },
        {
            "clustering": 0.286410248515146,
            "modularity": 0.2312529858996114,
            "average_degree": 48.8955130191347,
            "degree_std": 1.324062535086085,
            "average_shortest_path": 0.7553189472645145,
            "global_efficiency": 1.3776798812384397,
            "characteristic_path_length": 0.7553189472645145
        },
        {
            "clustering": 0.062668756592671,
            "modularity": 0.2575912650955761,
            "average_degree": 15.795317434191805,
            "degree_std": 1.618158441914756,
            "average_shortest_path": 0.9228434521341308,
            "global_efficiency": 1.0967625036985984,
            "characteristic_path_length": 0.9228434521341308
        },
        {
            "clustering": 0.43881556864567284,
            "modularity": 0.01897803588397453,
            "average_degree": 67.19951386251661,
            "degree_std": 1.7511844523317217,
            "average_shortest_path": 0.6523377132157938,
            "global_efficiency": 1.5689234963885983,
            "characteristic_path_length": 0.6523377132157938
        }
    ],
    "7": [
        {
            "clustering": 0.26044161610271865,
            "modularity": 0.24416010597912896,
            "average_degree": 55.326016401376144,
            "degree_std": 1.8849533128456133,
            "average_shortest_path": 0.7231228994253568,
            "global_efficiency": 1.4751345645374783,
            "characteristic_path_length": 0.7231228994253568
        },
        {
            "clustering": 0.43353071994054887,
            "modularity": 0.11860895274714996,
            "average_degree": 79.9020976404405,
            "degree_std": 1.2148789949773109,
            "average_shortest_path": 0.5991020369372472,
            "global_efficiency": 1.7806141854542055,
            "characteristic_path_length": 0.5991020369372472
        },
        {
            "clustering": 0.31707561752637353,
            "modularity": 0.22066370310353334,
            "average_degree": 67.7771215095266,
            "degree_std": 1.87794159744045,
            "average_shortest_path": 0.66047205388347,
            "global_efficiency": 1.680612627607912,
            "characteristic_path_length": 0.6604720538834701
        },
        {
            "clustering": 0.26145287260743477,
            "modularity": 0.2312393318549842,
            "average_degree": 55.574334140003245,
            "degree_std": 1.659830104839977,
            "average_shortest_path": 0.7220873088426718,
            "global_efficiency": 1.4944182158069488,
            "characteristic_path_length": 0.7220873088426718
        },
        {
            "clustering": 0.30218609500460253,
            "modularity": 0.20116001889629495,
            "average_degree": 66.3616209980262,
            "degree_std": 1.2505284402276784,
            "average_shortest_path": 0.6680611248097768,
            "global_efficiency": 1.6368591856811134,
            "characteristic_path_length": 0.6680611248097768
        },
        {
            "clustering": 0.15645490520352756,
            "modularity": 0.2743684799123489,
            "average_degree": 25.66915157245289,
            "degree_std": 1.6476370680744672,
            "average_shortest_path": 0.8725987906979964,
            "global_efficiency": 1.1625625162835298,
            "characteristic_path_length": 0.8725987906979964
        },
        {
            "clustering": 0.31939312338897546,
            "modularity": 0.18487158924348326,
            "average_degree": 67.51820908296521,
            "degree_std": 1.3503323839606916,
            "average_shortest_path": 0.6618592011545421,
            "global_efficiency": 1.6244465253213192,
            "characteristic_path_length": 0.6618592011545421
        },
        {
            "clustering": 0.3578312914351467,
            "modularity": 0.15102286230122008,
            "average_degree": 65.386610934917,
            "degree_std": 0.6782061020953559,
            "average_shortest_path": 0.6725456146591876,
            "global_efficiency": 1.5678225096910494,
            "characteristic_path_length": 0.6725456146591876
        },
        {
            "clustering": 0.32449897551627127,
            "modularity": 0.23348249137910526,
            "average_degree": 67.45974107249484,
            "degree_std": 2.1170278760598054,
            "average_shortest_path": 0.661711694416153,
            "global_efficiency": 1.6860922102619829,
            "characteristic_path_length": 0.661711694416153
        },
        {
            "clustering": 0.3618050776563935,
            "modularity": 0.03562197629871583,
            "average_degree": 73.10578630478815,
            "degree_std": 1.0919595409794052,
            "average_shortest_path": 0.6048674113870186,
            "global_efficiency": 1.7345946869249722,
            "characteristic_path_length": 0.6048674113870186
        },
        {
            "clustering": 0.22383321569341505,
            "modularity": 0.2509097905464864,
            "average_degree": 34.9781789840515,
            "degree_std": 1.738420216364637,
            "average_shortest_path": 0.8255490658859579,
            "global_efficiency": 1.2381552758788974,
            "characteristic_path_length": 0.8255490658859579
        },
        {
            "clustering": 0.13034921140733696,
            "modularity": 0.28612797415803914,
            "average_degree": 17.438170675012266,
            "degree_std": 1.4687508123213797,
            "average_shortest_path": 0.9130582693738005,
            "global_efficiency": 1.1027150074832595,
            "characteristic_path_length": 0.9130582693738005
        }
    ],
    "8": [
        {
            "clustering": 0.2587531595259659,
            "modularity": 0.2112241449058608,
            "average_degree": 56.07257097990149,
            "degree_std": 1.5181524647755267,
            "average_shortest_path": 0.7192212500736909,
            "global_efficiency": 1.4710872677128575,
            "characteristic_path_length": 0.7192212500736909
        },
        {
            "clustering": 0.28750831784850517,
            "modularity": 0.2250162939404481,
            "average_degree": 63.091118087890045,
            "degree_std": 1.5934276222664396,
            "average_shortest_path": 0.684486201513457,
            "global_efficiency": 1.5955947654873124,
            "characteristic_path_length": 0.684486201513457
        },
        {
            "clustering": 0.25685495841245237,
            "modularity": 0.24530267854272148,
            "average_degree": 54.28539415397439,
            "degree_std": 1.9865930180976334,
            "average_shortest_path": 0.7282248535479774,
            "global_efficiency": 1.4600563226699608,
            "characteristic_path_length": 0.7282248535479774
        },
        {
            "clustering": 0.2903930170116208,
            "modularity": 0.23868993884323886,
            "average_degree": 61.019698387550434,
            "degree_std": 1.889711832868207,
            "average_shortest_path": 0.6949728367929124,
            "global_efficiency": 1.572801009712733,
            "characteristic_path_length": 0.6949728367929124
        },
        {
            "clustering": 0.5310170352840807,
            "modularity": 0.05780890538206146,
            "average_degree": 82.65092929824793,
            "degree_std": 1.4409594132453485,
            "average_shortest_path": 0.5821263705231549,
            "global_efficiency": 1.7609972395685503,
            "characteristic_path_length": 0.5821263705231549
        },
        {
            "clustering": 0.27768900782107414,
            "modularity": 0.23109982528614859,
            "average_degree": 61.65931058656102,
            "degree_std": 1.932075343278405,
            "average_shortest_path": 0.6914454140204221,
            "global_efficiency": 1.5926085800242618,
            "characteristic_path_length": 0.6914454140204221
        },
        {
            "clustering": 0.24906060573653457,
            "modularity": 0.27535026673756574,
            "average_degree": 58.21557489258576,
            "degree_std": 2.3788105551162193,
            "average_shortest_path": 0.7083345318499107,
            "global_efficiency": 1.599171349952059,
            "characteristic_path_length": 0.7083345318499107
        },
        {
            "clustering": 0.42082864107131357,
            "modularity": 0.11652675743269655,
            "average_degree": 83.28327135123962,
            "degree_std": 1.1553039507482719,
            "average_shortest_path": 0.579765174597549,
            "global_efficiency": 1.8381690546993519,
            "characteristic_path_length": 0.579765174597549
        },
        {
            "clustering": 0.4015268153610344,
            "modularity": 0.10224871016039913,
            "average_degree": 78.2588025455709,
            "degree_std": 1.5101817959547037,
            "average_shortest_path": 0.6025263067146465,
            "global_efficiency": 1.7358346823770145,
            "characteristic_path_length": 0.6025263067146465
        },
        {
            "clustering": 0.514884335085099,
            "modularity": 0.039861345648314325,
            "average_degree": 78.70487299157968,
            "degree_std": 2.4472553627891553,
            "average_shortest_path": 0.6011956914733834,
            "global_efficiency": 1.6913138787079045,
            "characteristic_path_length": 0.6011956914733834
        },
        {
            "clustering": 0.24588053824987954,
            "modularity": 0.2632290558470015,
            "average_degree": 54.695817259989695,
            "degree_std": 2.4041147372745315,
            "average_shortest_path": 0.727140371440512,
            "global_efficiency": 1.4958940617625198,
            "characteristic_path_length": 0.727140371440512
        },
        {
            "clustering": 0.24846212369379927,
            "modularity": 0.24213501155618258,
            "average_degree": 54.982142285391454,
            "degree_std": 1.9800542903849372,
            "average_shortest_path": 0.7252361781226668,
            "global_efficiency": 1.481693714835413,
            "characteristic_path_length": 0.7252361781226668
        }
    ],
    "9": [
        {
            "clustering": 0.46905026503611946,
            "modularity": 0.06642694261428972,
            "average_degree": 83.27855258851999,
            "degree_std": 2.026550337407512,
            "average_shortest_path": 0.580763985295948,
            "global_efficiency": 1.783693018988115,
            "characteristic_path_length": 0.580763985295948
        },
        {
            "clustering": 0.49357566399652447,
            "modularity": 0.021317543079175827,
            "average_degree": 75.6228015574236,
            "degree_std": 1.149536952886827,
            "average_shortest_path": 0.6140111728795575,
            "global_efficiency": 1.6598960661078732,
            "characteristic_path_length": 0.6140111728795575
        },
        {
            "clustering": 0.47587004058931354,
            "modularity": 0.1185516510589877,
            "average_degree": 81.71270964668581,
            "degree_std": 1.5864526197309041,
            "average_shortest_path": 0.5881020416071884,
            "global_efficiency": 1.7930315824891323,
            "characteristic_path_length": 0.5881020416071884
        },
        {
            "clustering": 0.4642396868150542,
            "modularity": 0.02418268023854367,
            "average_degree": 82.1980402982473,
            "degree_std": 1.806880698477215,
            "average_shortest_path": 0.5631229174317108,
            "global_efficiency": 1.8416569306815145,
            "characteristic_path_length": 0.5631229174317108
        },
        {
            "clustering": 0.49468737255427975,
            "modularity": 0.04826419761351877,
            "average_degree": 72.4204486958882,
            "degree_std": 1.1336531421641676,
            "average_shortest_path": 0.6343840374888216,
            "global_efficiency": 1.6037917711994152,
            "characteristic_path_length": 0.6343840374888216
        },
        {
            "clustering": 0.4754683070516238,
            "modularity": 0.06978196144215532,
            "average_degree": 68.68362815348631,
            "degree_std": 2.487067529821071,
            "average_shortest_path": 0.6537635663269215,
            "global_efficiency": 1.5590438799159112,
            "characteristic_path_length": 0.6537635663269215
        },
        {
            "clustering": 0.49382123400971417,
            "modularity": 0.048971894178722185,
            "average_degree": 83.91851999780579,
            "degree_std": 1.5310680783045802,
            "average_shortest_path": 0.5741017478346159,
            "global_efficiency": 1.7952039139953562,
            "characteristic_path_length": 0.5741017478346159
        },
        {
            "clustering": 0.5114495894412722,
            "modularity": 0.06898067932963312,
            "average_degree": 88.56748088291066,
            "degree_std": 1.7272277665617641,
            "average_shortest_path": 0.545161189143829,
            "global_efficiency": 1.9157536889727893,
            "characteristic_path_length": 0.545161189143829
        },
        {
            "clustering": 0.48760946977524267,
            "modularity": 0.012705417339918491,
            "average_degree": 89.21893744992705,
            "degree_std": 0.9589433336104997,
            "average_shortest_path": 0.5153892908207119,
            "global_efficiency": 2.02422862956544,
            "characteristic_path_length": 0.5153892908207119
        },
        {
            "clustering": 0.5556696623921246,
            "modularity": 0.05003335877881898,
            "average_degree": 70.18914393544263,
            "degree_std": 1.5162643038969448,
            "average_shortest_path": 0.6457559347104513,
            "global_efficiency": 1.5676006236482083,
            "characteristic_path_length": 0.6457559347104513
        },
        {
            "clustering": 0.4134854574608473,
            "modularity": 0.12205183054195445,
            "average_degree": 76.05794910996461,
            "degree_std": 1.5860188759685994,
            "average_shortest_path": 0.6169742485075267,
            "global_efficiency": 1.6982390735596413,
            "characteristic_path_length": 0.6169742485075267
        },
        {
            "clustering": 0.43007252055790035,
            "modularity": 0.1057576639051245,
            "average_degree": 68.81364040978943,
            "degree_std": 0.7272220343460799,
            "average_shortest_path": 0.6533880192519297,
            "global_efficiency": 1.5724877398702624,
            "characteristic_path_length": 0.6533880192519297
        }
    ],
    "10": [
        {
            "clustering": 0.4829658074313555,
            "modularity": 0.019444517287635802,
            "average_degree": 90.25846200418785,
            "degree_std": 1.6912663274338653,
            "average_shortest_path": 0.5106240743309056,
            "global_efficiency": 2.0485436654151523,
            "characteristic_path_length": 0.5106240743309056
        },
        {
            "clustering": 0.4508763067190721,
            "modularity": 0.022700808780925986,
            "average_degree": 81.34020321478859,
            "degree_std": 2.8590230494548368,
            "average_shortest_path": 0.5745165213052209,
            "global_efficiency": 1.7941345393972252,
            "characteristic_path_length": 0.5745165213052209
        },
        {
            "clustering": 0.4915480240289418,
            "modularity": 0.03340099934221111,
            "average_degree": 83.39826178754113,
            "degree_std": 2.4751697330154703,
            "average_shortest_path": 0.5646555081045606,
            "global_efficiency": 1.8288611514480573,
            "characteristic_path_length": 0.5646555081045606
        },
        {
            "clustering": 0.48544972453256724,
            "modularity": 0.03430955984255324,
            "average_degree": 82.02202636525571,
            "degree_std": 2.2805915450446066,
            "average_shortest_path": 0.5813247915763171,
            "global_efficiency": 1.7553027856829622,
            "characteristic_path_length": 0.5813247915763171
        },
        {
            "clustering": 0.4465114518202402,
            "modularity": 0.04442427847227712,
            "average_degree": 88.2961713355858,
            "degree_std": 2.9478912974788987,
            "average_shortest_path": 0.5534836203335043,
            "global_efficiency": 1.871680441835984,
            "characteristic_path_length": 0.5534836203335043
        },
        {
            "clustering": 0.45103374861953943,
            "modularity": 0.059503512924357564,
            "average_degree": 84.80419723947404,
            "degree_std": 1.4540282298484857,
            "average_shortest_path": 0.5724657737930103,
            "global_efficiency": 1.8209176193045877,
            "characteristic_path_length": 0.5724657737930103
        },
        {
            "clustering": 0.4456913046591989,
            "modularity": 0.051883868242110734,
            "average_degree": 83.01552188530441,
            "degree_std": 2.245049373759878,
            "average_shortest_path": 0.5819137386137857,
            "global_efficiency": 1.772197417084633,
            "characteristic_path_length": 0.5819137386137857
        },
        {
            "clustering": 0.49569817885805983,
            "modularity": 0.044690802141213015,
            "average_degree": 85.22949530610889,
            "degree_std": 3.2338238206632317,
            "average_shortest_path": 0.5599333147281864,
            "global_efficiency": 1.8556619674231172,
            "characteristic_path_length": 0.5599333147281864
        },
        {
            "clustering": 0.49235484012007213,
            "modularity": 0.040576523104845746,
            "average_degree": 74.33427706031979,
            "degree_std": 1.9491212567262426,
            "average_shortest_path": 0.6243880029865824,
            "global_efficiency": 1.6359429105259313,
            "characteristic_path_length": 0.6243880029865824
        },
        {
            "clustering": 0.5047563768642426,
            "modularity": 0.04944766050499946,
            "average_degree": 73.14556527245342,
            "degree_std": 1.8227960662383835,
            "average_shortest_path": 0.6307785854771265,
            "global_efficiency": 1.6180566269060368,
            "characteristic_path_length": 0.6307785854771265
        },
        {
            "clustering": 0.43941629999833065,
            "modularity": 0.055689158009823034,
            "average_degree": 75.05780965432268,
            "degree_std": 1.8535863099168277,
            "average_shortest_path": 0.6219850524899614,
            "global_efficiency": 1.647729738610108,
            "characteristic_path_length": 0.6219850524899614
        },
        {
            "clustering": 0.5249572311307713,
            "modularity": 0.034844044034350596,
            "average_degree": 90.41001849001007,
            "degree_std": 2.352397990166826,
            "average_shortest_path": 0.5352855804293813,
            "global_efficiency": 1.9312616293570775,
            "characteristic_path_length": 0.5352855804293813
        }
    ],
    "11": [
        {
            "clustering": 0.44646245200378737,
            "modularity": 0.011208834981014833,
            "average_degree": 83.80305159718544,
            "degree_std": 0.9893958952191967,
            "average_shortest_path": 0.5585303792864467,
            "global_efficiency": 1.8449914487916588,
            "characteristic_path_length": 0.5585303792864467
        },
        {
            "clustering": 0.6490308975016917,
            "modularity": 0.021764827780399454,
            "average_degree": 108.0995862060526,
            "degree_std": 0.8337990964058294,
            "average_shortest_path": 0.45302732606604346,
            "global_efficiency": 2.2538260750762658,
            "characteristic_path_length": 0.45302732606604346
        },
        {
            "clustering": 0.4993732042961751,
            "modularity": 0.026490875379745524,
            "average_degree": 91.86687994664402,
            "degree_std": 0.6517580342175004,
            "average_shortest_path": 0.5137263409385073,
            "global_efficiency": 2.022236094370793,
            "characteristic_path_length": 0.5137263409385073
        },
        {
            "clustering": 0.48240193548302307,
            "modularity": 0.019632546703672975,
            "average_degree": 86.424822167129,
            "degree_std": 0.4929414227247405,
            "average_shortest_path": 0.5458406542549307,
            "global_efficiency": 1.8885415911594476,
            "characteristic_path_length": 0.5458406542549307
        },
        {
            "clustering": 0.5415404671591288,
            "modularity": 0.011657424234980663,
            "average_degree": 76.92473029583266,
            "degree_std": 1.110040503431994,
            "average_shortest_path": 0.6098530267950525,
            "global_efficiency": 1.662221784738342,
            "characteristic_path_length": 0.6098530267950525
        },
        {
            "clustering": 0.5622544880244258,
            "modularity": 0.021390319888959876,
            "average_degree": 78.51597746636943,
            "degree_std": 0.6553271819680359,
            "average_shortest_path": 0.6027446628997706,
            "global_efficiency": 1.6740751336396185,
            "characteristic_path_length": 0.6027446628997706
        },
        {
            "clustering": 0.4745730028156372,
            "modularity": 0.017993319821439153,
            "average_degree": 87.83806086317827,
            "degree_std": 1.3319800280517413,
            "average_shortest_path": 0.5374329505137282,
            "global_efficiency": 1.9197845699574405,
            "characteristic_path_length": 0.5374329505137282
        },
        {
            "clustering": 0.5693060424535813,
            "modularity": 0.009952800654229418,
            "average_degree": 104.6818898297573,
            "degree_std": 1.0111397955955517,
            "average_shortest_path": 0.43844945616939085,
            "global_efficiency": 2.382392813150057,
            "characteristic_path_length": 0.43844945616939085
        },
        {
            "clustering": 0.5871978202054206,
            "modularity": 0.025522886936622954,
            "average_degree": 88.36414804836649,
            "degree_std": 1.0770101506477008,
            "average_shortest_path": 0.5505996304995927,
            "global_efficiency": 1.8551452232675996,
            "characteristic_path_length": 0.5505996304995927
        },
        {
            "clustering": 0.5695579006712395,
            "modularity": 0.014913564137549684,
            "average_degree": 95.6253652879866,
            "degree_std": 0.6870572401100906,
            "average_shortest_path": 0.5116673942196466,
            "global_efficiency": 1.9996959013263786,
            "characteristic_path_length": 0.5116673942196466
        },
        {
            "clustering": 0.5341061096481756,
            "modularity": 0.009592105617316746,
            "average_degree": 91.46015680402829,
            "degree_std": 1.2799435222186906,
            "average_shortest_path": 0.511797666392999,
            "global_efficiency": 2.028650537339727,
            "characteristic_path_length": 0.511797666392999
        },
        {
            "clustering": 0.5527249180712379,
            "modularity": 0.012175299677940121,
            "average_degree": 87.28737913150312,
            "degree_std": 0.9571738034463205,
            "average_shortest_path": 0.5487778153232663,
            "global_efficiency": 1.8780695984207993,
            "characteristic_path_length": 0.5487778153232663
        }
    ]
}