{
    "0": [
        {
            "clustering": 0.45226831501934656,
            "modularity": 0.11121764376439294,
            "average_degree": 90.73946873402916,
            "degree_std": 1.2289266411884538,
            "average_shortest_path": 0.541118737024916,
            "global_efficiency": 2.058834567480687
        },
        {
            "clustering": 0.4781072103137376,
            "modularity": 0.0807972287078812,
            "average_degree": 92.10116076776102,
            "degree_std": 0.8581729454501006,
            "average_shortest_path": 0.5342851566511909,
            "global_efficiency": 2.033114826021073
        },
        {
            "clustering": 0.5483939167099993,
            "modularity": 0.037678112980478407,
            "average_degree": 108.62563346051904,
            "degree_std": 8.534062765008796,
            "average_shortest_path": 0.443445300147491,
            "global_efficiency": 2.3770865330267292
        },
        {
            "clustering": 0.36870764963251473,
            "modularity": 0.1033941386584722,
            "average_degree": 75.49318902719756,
            "degree_std": 4.045479266828902,
            "average_shortest_path": 0.6186659918408562,
            "global_efficiency": 1.6912197241740432
        },
        {
            "clustering": 0.5669135364870246,
            "modularity": 0.03904502725204843,
            "average_degree": 82.81920948190034,
            "degree_std": 1.5709502207674984,
            "average_shortest_path": 0.5797953001284076,
            "global_efficiency": 1.7464072487151412
        },
        {
            "clustering": 0.5959786903656071,
            "modularity": 0.054350142754831895,
            "average_degree": 96.87773116047654,
            "degree_std": 0.8449976629476257,
            "average_shortest_path": 0.5074528349160929,
            "global_efficiency": 2.0400757384625736
        },
        {
            "clustering": 0.474495186915887,
            "modularity": 0.02902051360518179,
            "average_degree": 68.57816212142218,
            "degree_std": 6.555534681485051,
            "average_shortest_path": 0.6513551096028528,
            "global_efficiency": 1.5563155196066658
        },
        {
            "clustering": 0.5775459613197416,
            "modularity": 0.03011434558733305,
            "average_degree": 93.89463680699114,
            "degree_std": 3.9627194873822478,
            "average_shortest_path": 0.5236319570791085,
            "global_efficiency": 1.9429950027034255
        },
        {
            "clustering": 0.4399282577764302,
            "modularity": 0.05704806082955775,
            "average_degree": 86.28255611616956,
            "degree_std": 13.068190118486482,
            "average_shortest_path": 0.5629920121662125,
            "global_efficiency": 1.8793442740147268
        },
        {
            "clustering": 0.41598621169208533,
            "modularity": 0.07049315341452624,
            "average_degree": 77.83866740041849,
            "degree_std": 5.202271718648171,
            "average_shortest_path": 0.6065218508956571,
            "global_efficiency": 1.7024694047066713
        },
        {
            "clustering": 0.5883060652907125,
            "modularity": 0.029357626998919716,
            "average_degree": 79.1917249143419,
            "degree_std": 1.711964851111997,
            "average_shortest_path": 0.5981227686958775,
            "global_efficiency": 1.682402353851383
        },
        {
            "clustering": 0.5256300782890074,
            "modularity": 0.040542794175632835,
            "average_degree": 77.00073166343829,
            "degree_std": 2.7398796066847804,
            "average_shortest_path": 0.6086796748503548,
            "global_efficiency": 1.6693340277939959
        }
    ],
    "1": [
        {
            "clustering": 0.343339615992289,
            "modularity": 0.08962866996599372,
            "average_degree": 53.92934185221553,
            "degree_std": 0.4984776243849499,
            "average_shortest_path": 0.7255350232181835,
            "global_efficiency": 1.401265147282272
        },
        {
            "clustering": 0.08760590547792564,
            "modularity": 0.320235756804679,
            "average_degree": 24.343793016306705,
            "degree_std": 1.0650237123702715,
            "average_shortest_path": 0.8808646187583944,
            "global_efficiency": 1.1757669669855515
        },
        {
            "clustering": 0.42178560966751233,
            "modularity": 0.018812190758804827,
            "average_degree": 73.20308491052317,
            "degree_std": 0.8477331020704543,
            "average_shortest_path": 0.6111817281151288,
            "global_efficiency": 1.692253022970847
        },
        {
            "clustering": 0.4361370333255669,
            "modularity": 0.04544790496110224,
            "average_degree": 81.52787012666454,
            "degree_std": 0.9714998992516027,
            "average_shortest_path": 0.5832689348927956,
            "global_efficiency": 1.759028228685853
        },
        {
            "clustering": 0.2403504417626075,
            "modularity": 0.12403514833644336,
            "average_degree": 50.477500425836595,
            "degree_std": 0.7207761487910422,
            "average_shortest_path": 0.7455871392690855,
            "global_efficiency": 1.3731407279724193
        },
        {
            "clustering": 0.022006591320734965,
            "modularity": 0.4209759061083483,
            "average_degree": 9.456087492137696,
            "degree_std": 0.5168777034993115,
            "average_shortest_path": 0.9588847723220909,
            "global_efficiency": 1.052571113372523
        },
        {
            "clustering": 0.3779663079553459,
            "modularity": 0.0814102176004115,
            "average_degree": 71.91269920170221,
            "degree_std": 0.7191886947131799,
            "average_shortest_path": 0.6290799951462503,
            "global_efficiency": 1.6601274056418382
        },
        {
            "clustering": 0.4237904715878489,
            "modularity": 0.04354499985623589,
            "average_degree": 84.56167371717851,
            "degree_std": 0.624537587461491,
            "average_shortest_path": 0.567884069750566,
            "global_efficiency": 1.800790285878274
        },
        {
            "clustering": 0.6195441164036991,
            "modularity": 0.028984314814613818,
            "average_degree": 104.67494227253432,
            "degree_std": 1.8371089579182993,
            "average_shortest_path": 0.4565438410960243,
            "global_efficiency": 2.2788911150213274
        },
        {
            "clustering": 0.3066613962678751,
            "modularity": 0.1558137040413778,
            "average_degree": 66.69291088381406,
            "degree_std": 0.7285526883458767,
            "average_shortest_path": 0.6635524172098951,
            "global_efficiency": 1.6709836808822678
        },
        {
            "clustering": 0.369110540454881,
            "modularity": 0.06574989318040336,
            "average_degree": 67.41313203360465,
            "degree_std": 0.5679745728768875,
            "average_shortest_path": 0.6419251701220956,
            "global_efficiency": 1.6211044516825373
        },
        {
            "clustering": 0.33682672000758185,
            "modularity": 0.08584449370711446,
            "average_degree": 64.90729388461305,
            "degree_std": 0.7486670030875668,
            "average_shortest_path": 0.6698922469905928,
            "global_efficiency": 1.537866567130856
        }
    ],
    "2": [
        {
            "clustering": 0.29471495768570954,
            "modularity": 0.09417131801807373,
            "average_degree": 62.02474847132995,
            "degree_std": 0.9300038122217655,
            "average_shortest_path": 0.689171554640165,
            "global_efficiency": 1.5070989482708768
        },
        {
            "clustering": 0.2931150847942493,
            "modularity": 0.16338216166228536,
            "average_degree": 62.83498876951525,
            "degree_std": 0.7351981178939617,
            "average_shortest_path": 0.6829321605115205,
            "global_efficiency": 1.5881210369063328
        },
        {
            "clustering": 0.3444988145940681,
            "modularity": 0.08260690925128031,
            "average_degree": 70.67352358236329,
            "degree_std": 0.9374235512150958,
            "average_shortest_path": 0.644574265678348,
            "global_efficiency": 1.60612238361608
        },
        {
            "clustering": 0.3176410740525833,
            "modularity": 0.17844854288141845,
            "average_degree": 64.74823075520283,
            "degree_std": 0.9940559053891104,
            "average_shortest_path": 0.6710540147234249,
            "global_efficiency": 1.629866649040769
        },
        {
            "clustering": 0.48832253595118846,
            "modularity": 0.06523572219469805,
            "average_degree": 76.50810261924798,
            "degree_std": 3.2767168369922293,
            "average_shortest_path": 0.6119547259909194,
            "global_efficiency": 1.6678026012545812
        },
        {
            "clustering": 0.14631097465562948,
            "modularity": 0.22803368394870757,
            "average_degree": 34.54764876312808,
            "degree_std": 1.0873220191674413,
            "average_shortest_path": 0.830152624594638,
            "global_efficiency": 1.2401558147796548
        },
        {
            "clustering": 0.24301894709061014,
            "modularity": 0.1670538349152717,
            "average_degree": 50.558979080060624,
            "degree_std": 0.8958957314605293,
            "average_shortest_path": 0.7456133409390003,
            "global_efficiency": 1.394215596090915
        },
        {
            "clustering": 0.5088819478715086,
            "modularity": 0.0547912123587907,
            "average_degree": 96.97729800813943,
            "degree_std": 0.330428594521304,
            "average_shortest_path": 0.5072880693680637,
            "global_efficiency": 2.0445085675410093
        },
        {
            "clustering": 0.4031073314976364,
            "modularity": 0.07192630175719823,
            "average_degree": 82.32309746951876,
            "degree_std": 0.47953040201682035,
            "average_shortest_path": 0.5855494625875874,
            "global_efficiency": 1.796311020467409
        },
        {
            "clustering": 0.045046548155779395,
            "modularity": 0.35678901676764185,
            "average_degree": 14.082003980684634,
            "degree_std": 0.8876525560470678,
            "average_shortest_path": 0.9341627191986138,
            "global_efficiency": 1.0821307623944445
        },
        {
            "clustering": 0.14368521872008289,
            "modularity": 0.11639045692474423,
            "average_degree": 16.854759565504278,
            "degree_std": 0.42482701801496947,
            "average_shortest_path": 0.9150687333459223,
            "global_efficiency": 1.0942484292020693
        },
        {
            "clustering": 0.013878568109960295,
            "modularity": 0.5025054987608166,
            "average_degree": 7.809277269692957,
            "degree_std": 0.4642340218902599,
            "average_shortest_path": 0.9649374877619339,
            "global_efficiency": 1.0456222508871909
        }
    ],
    "3": [
        {
            "clustering": 0.00039981115772226865,
            "modularity": 0.8329053602902197,
            "average_degree": 1.1244270131270353,
            "degree_std": 0.14600438247287828,
            "average_shortest_path": 0.9944375744261882,
            "global_efficiency": 1.0095265003652554
        },
        {
            "clustering": 0.04087101802241388,
            "modularity": 0.48456997829053033,
            "average_degree": 13.95196377617097,
            "degree_std": 0.7264578805189816,
            "average_shortest_path": 0.9284182899398141,
            "global_efficiency": 1.1102092200605593
        },
        {
            "clustering": 0.27077801213800073,
            "modularity": 0.1891968909503094,
            "average_degree": 58.283090590642686,
            "degree_std": 0.8487488605065897,
            "average_shortest_path": 0.706879951182967,
            "global_efficiency": 1.5531054951295737
        },
        {
            "clustering": 0.010464634593976828,
            "modularity": 0.3423609507800366,
            "average_degree": 4.223873639292889,
            "degree_std": 0.41966141457048356,
            "average_shortest_path": 0.981836887841615,
            "global_efficiency": 1.0196039494428477
        },
        {
            "clustering": 0.33843561979480663,
            "modularity": 0.1749239699386428,
            "average_degree": 67.3511382477783,
            "degree_std": 0.8847359842965006,
            "average_shortest_path": 0.6609413387561264,
            "global_efficiency": 1.6336889762610918
        },
        {
            "clustering": 0.0012978304617386296,
            "modularity": 0.7329960421616044,
            "average_degree": 1.5379448887712794,
            "degree_std": 0.19673073869674465,
            "average_shortest_path": 0.992748600477771,
            "global_efficiency": 1.0105999207572267
        },
        {
            "clustering": 0.30000826952844883,
            "modularity": 0.19123450725091046,
            "average_degree": 65.99766971009069,
            "degree_std": 1.1830840190484082,
            "average_shortest_path": 0.6687636904520953,
            "global_efficiency": 1.6533157955641617
        },
        {
            "clustering": 0.14126355940289187,
            "modularity": 0.2513824410597792,
            "average_degree": 32.47422692314127,
            "degree_std": 1.3586818662557145,
            "average_shortest_path": 0.8346850547711715,
            "global_efficiency": 1.2519366357091612
        },
        {
            "clustering": 0.010136828603803867,
            "modularity": 0.6999788556791706,
            "average_degree": 5.536333789094002,
            "degree_std": 0.4656792261785501,
            "average_shortest_path": 0.9750881957179942,
            "global_efficiency": 1.0356347480628258
        },
        {
            "clustering": 0.5274707247570397,
            "modularity": 0.03899927136165164,
            "average_degree": 87.60818558532648,
            "degree_std": 2.367541739494233,
            "average_shortest_path": 0.5478387023502116,
            "global_efficiency": 1.885759899552466
        },
        {
            "clustering": 0.6240310727204849,
            "modularity": 0.0031569106121262314,
            "average_degree": 112.6276799932409,
            "degree_std": 0.9686993958060196,
            "average_shortest_path": 0.4008220564665625,
            "global_efficiency": 2.599832510900303
        },
        {
            "clustering": 0.00048276282634774254,
            "modularity": 0.8392506948838324,
            "average_degree": 1.1402674967569009,
            "degree_std": 0.15610412748328542,
            "average_shortest_path": 0.9944523886651347,
            "global_efficiency": 1.0093105668324347
        }
    ],
    "4": [
        {
            "clustering": 0.036884823697414006,
            "modularity": 0.5263993991249694,
            "average_degree": 11.137270025222195,
            "degree_std": 0.6059484968174789,
            "average_shortest_path": 0.9445324602881542,
            "global_efficiency": 1.076021337206072
        },
        {
            "clustering": 0.20790378500795395,
            "modularity": 0.20503209777335019,
            "average_degree": 48.66917888766439,
            "degree_std": 0.7158321868879056,
            "average_shortest_path": 0.7567779457155919,
            "global_efficiency": 1.4225007073485436
        },
        {
            "clustering": 0.25700355488577004,
            "modularity": 0.19313920293548106,
            "average_degree": 53.580346975567984,
            "degree_std": 0.598778627951624,
            "average_shortest_path": 0.7306349673021517,
            "global_efficiency": 1.4381249662198987
        },
        {
            "clustering": 0.4979980268615591,
            "modularity": 0.007118287515243099,
            "average_degree": 97.29962997118346,
            "degree_std": 1.253243270907325,
            "average_shortest_path": 0.4174141364656525,
            "global_efficiency": 2.552514848842777
        },
        {
            "clustering": 0.12535948871887237,
            "modularity": 0.24467860679491737,
            "average_degree": 31.222684229019883,
            "degree_std": 0.7620018750494608,
            "average_shortest_path": 0.8452178730260511,
            "global_efficiency": 1.2192702418883223
        },
        {
            "clustering": 0.0029069271947810066,
            "modularity": 0.598371699256103,
            "average_degree": 2.0039070968900283,
            "degree_std": 0.24896826097751296,
            "average_shortest_path": 0.9902655684472811,
            "global_efficiency": 1.0125450995370338
        },
        {
            "clustering": 0.0015093336452307103,
            "modularity": 0.6911304627141034,
            "average_degree": 1.515429627347871,
            "degree_std": 0.19236278755285083,
            "average_shortest_path": 0.9927920725419342,
            "global_efficiency": 1.0107475322444743
        },
        {
            "clustering": 0.42635732709796464,
            "modularity": 0.154765333781453,
            "average_degree": 80.4655165430891,
            "degree_std": 1.0065516685301137,
            "average_shortest_path": 0.5859308492325047,
            "global_efficiency": 1.9010938084420517
        },
        {
            "clustering": 0.007790557560473615,
            "modularity": 0.5179454914038977,
            "average_degree": 2.848652568039973,
            "degree_std": 0.36232048731760996,
            "average_shortest_path": 0.9864007048678116,
            "global_efficiency": 1.015748299533269
        },
        {
            "clustering": 0.35856780553452394,
            "modularity": 0.11413295220152794,
            "average_degree": 70.95927384409691,
            "degree_std": 1.1372234126537566,
            "average_shortest_path": 0.5961505439349809,
            "global_efficiency": 1.8538155850957956
        },
        {
            "clustering": 0.14714730625095987,
            "modularity": 0.22092607101615946,
            "average_degree": 35.5266044754341,
            "degree_std": 0.8853828002787917,
            "average_shortest_path": 0.8237621105336985,
            "global_efficiency": 1.2604266038702652
        },
        {
            "clustering": 0.05145397170327554,
            "modularity": 0.38946510025173053,
            "average_degree": 13.432777983345417,
            "degree_std": 0.9221023172738289,
            "average_shortest_path": 0.9359198896930776,
            "global_efficiency": 1.0846090623537497
        }
    ],
    "5": [
        {
            "clustering": 0.28035240034656694,
            "modularity": 0.17283164718166466,
            "average_degree": 61.85994260111186,
            "degree_std": 0.8163470565778844,
            "average_shortest_path": 0.6891831958301318,
            "global_efficiency": 1.5713718880645628
        },
        {
            "clustering": 0.12635880381100373,
            "modularity": 0.25850260319814966,
            "average_degree": 31.95848953510334,
            "degree_std": 0.9061042711687649,
            "average_shortest_path": 0.8414955447753347,
            "global_efficiency": 1.2330949253453616
        },
        {
            "clustering": 0.37371269425359804,
            "modularity": 0.14496327496543346,
            "average_degree": 74.66610905916002,
            "degree_std": 0.6204876869589042,
            "average_shortest_path": 0.6231948010668188,
            "global_efficiency": 1.7603276671000965
        },
        {
            "clustering": 0.09639234492396354,
            "modularity": 0.280027418690992,
            "average_degree": 25.952225910785884,
            "degree_std": 0.6578375990089699,
            "average_shortest_path": 0.8728502629314989,
            "global_efficiency": 1.1809654806158192
        },
        {
            "clustering": 0.3805238604313745,
            "modularity": 0.17351391404491215,
            "average_degree": 70.71914470458498,
            "degree_std": 0.7809642836589297,
            "average_shortest_path": 0.6424585993790873,
            "global_efficiency": 1.6620914243426104
        },
        {
            "clustering": 0.05970815394552914,
            "modularity": 0.38424848128023686,
            "average_degree": 18.14403140179785,
            "degree_std": 0.7743213525141842,
            "average_shortest_path": 0.9104097151509974,
            "global_efficiency": 1.1367463651944558
        },
        {
            "clustering": 0.5766182468006744,
            "modularity": 0.028104070282925636,
            "average_degree": 103.71411831120265,
            "degree_std": 1.5659393883889436,
            "average_shortest_path": 0.37791057837642594,
            "global_efficiency": 2.824272582649179
        },
        {
            "clustering": 0.3194588391696965,
            "modularity": 0.1445017110043356,
            "average_degree": 68.7991682125052,
            "degree_std": 0.8213461490858758,
            "average_shortest_path": 0.6534246406645383,
            "global_efficiency": 1.660967763487556
        },
        {
            "clustering": 0.005387050161558765,
            "modularity": 0.6320207183578654,
            "average_degree": 3.041054748558773,
            "degree_std": 0.49622040119691563,
            "average_shortest_path": 0.9864280762976977,
            "global_efficiency": 1.0173104982125072
        },
        {
            "clustering": 0.2157818790513713,
            "modularity": 0.08631627252452725,
            "average_degree": 49.447748051077966,
            "degree_std": 1.2055952658867555,
            "average_shortest_path": 0.7074246996090406,
            "global_efficiency": 1.505353245744423
        },
        {
            "clustering": 0.14126662743996335,
            "modularity": 0.2755641011889044,
            "average_degree": 35.63045010071116,
            "degree_std": 1.1758467637055914,
            "average_shortest_path": 0.823150203121165,
            "global_efficiency": 1.2892011479518568
        },
        {
            "clustering": 0.006838060969236121,
            "modularity": 0.5614545979763816,
            "average_degree": 3.338481750798096,
            "degree_std": 0.6123088034297909,
            "average_shortest_path": 0.9844618879297501,
            "global_efficiency": 1.019005824306684
        }
    ],
    "6": [
        {
            "clustering": 0.06827477350379264,
            "modularity": 0.34237973950821526,
            "average_degree": 19.798481316367674,
            "degree_std": 0.7309124436349135,
            "average_shortest_path": 0.9030200650601397,
            "global_efficiency": 1.1468555033698447
        },
        {
            "clustering": 0.05216395557913008,
            "modularity": 0.4532851901119784,
            "average_degree": 17.569194350722515,
            "degree_std": 0.5525025205689783,
            "average_shortest_path": 0.9148015908607039,
            "global_efficiency": 1.140459256372997
        },
        {
            "clustering": 0.11626253756350544,
            "modularity": 0.24323812208070406,
            "average_degree": 29.824388445687816,
            "degree_std": 0.4981164432021217,
            "average_shortest_path": 0.8527808160850526,
            "global_efficiency": 1.2116548881791895
        },
        {
            "clustering": 0.062290614537019014,
            "modularity": 0.41838640213956535,
            "average_degree": 11.362418016249398,
            "degree_std": 0.7055577303417281,
            "average_shortest_path": 0.9435809577223023,
            "global_efficiency": 1.0695247283033478
        },
        {
            "clustering": 0.05929284075916238,
            "modularity": 0.35392229290325483,
            "average_degree": 18.9379114820507,
            "degree_std": 0.6559099554163215,
            "average_shortest_path": 0.908858110443302,
            "global_efficiency": 1.1304862104690783
        },
        {
            "clustering": 0.052017134062929384,
            "modularity": 0.4512226045551395,
            "average_degree": 10.270605923233104,
            "degree_std": 0.6067994449462316,
            "average_shortest_path": 0.948876862833566,
            "global_efficiency": 1.062720701337075
        },
        {
            "clustering": 0.059762330088942196,
            "modularity": 0.35191102794217816,
            "average_degree": 10.847294566094462,
            "degree_std": 1.092325657919215,
            "average_shortest_path": 0.9463901232912136,
            "global_efficiency": 1.0647547630876266
        },
        {
            "clustering": 0.5106619962272625,
            "modularity": 0.010105702186265504,
            "average_degree": 103.34916928983658,
            "degree_std": 1.151162733333241,
            "average_shortest_path": 0.4101885014159526,
            "global_efficiency": 2.6175776134065076
        },
        {
            "clustering": 0.3094160428747245,
            "modularity": 0.18896391143963714,
            "average_degree": 62.259210036073455,
            "degree_std": 0.8446622023233533,
            "average_shortest_path": 0.686433263613727,
            "global_efficiency": 1.5707718326338205
        },
        {
            "clustering": 0.3224996162596781,
            "modularity": 0.18118509388039925,
            "average_degree": 58.41819852608103,
            "degree_std": 0.9098237298003292,
            "average_shortest_path": 0.7064934330021866,
            "global_efficiency": 1.4972676249494778
        },
        {
            "clustering": 0.2629146742180804,
            "modularity": 0.1794808443156418,
            "average_degree": 56.046766739423774,
            "degree_std": 0.9792932094997802,
            "average_shortest_path": 0.719448901988102,
            "global_efficiency": 1.49654334137142
        },
        {
            "clustering": 0.39990086566485866,
            "modularity": 0.015085268056048044,
            "average_degree": 78.72953616755542,
            "degree_std": 1.758307360105055,
            "average_shortest_path": 0.48159688848910504,
            "global_efficiency": 2.254579573538626
        }
    ],
    "7": [
        {
            "clustering": 0.19922233019329066,
            "modularity": 0.2145489630682218,
            "average_degree": 46.583883535940636,
            "degree_std": 1.0208150314591813,
            "average_shortest_path": 0.7672334654279763,
            "global_efficiency": 1.3924929362552219
        },
        {
            "clustering": 0.39297271158412117,
            "modularity": 0.04964766512156801,
            "average_degree": 86.57069094124334,
            "degree_std": 0.7841513837898859,
            "average_shortest_path": 0.40296646511208506,
            "global_efficiency": 2.7921531871279686
        },
        {
            "clustering": 0.06437965602695712,
            "modularity": 0.3162033670691396,
            "average_degree": 16.386253196825887,
            "degree_std": 0.8630507718224936,
            "average_shortest_path": 0.9205557982836259,
            "global_efficiency": 1.1023974702787305
        },
        {
            "clustering": 0.2155752767690342,
            "modularity": 0.16484258971773247,
            "average_degree": 30.409193306635885,
            "degree_std": 1.9024938270377347,
            "average_shortest_path": 0.8461793907103331,
            "global_efficiency": 1.1997752354810585
        },
        {
            "clustering": 0.17629566493182364,
            "modularity": 0.2180878908435211,
            "average_degree": 41.625067552762836,
            "degree_std": 0.7660094642618331,
            "average_shortest_path": 0.7924240228300292,
            "global_efficiency": 1.322406080655105
        },
        {
            "clustering": 0.06772456832182958,
            "modularity": 0.2992113115930152,
            "average_degree": 18.25146263613297,
            "degree_std": 1.289129905647394,
            "average_shortest_path": 0.9108691436176816,
            "global_efficiency": 1.1155418041722645
        },
        {
            "clustering": 0.10983190753454798,
            "modularity": 0.3388657811626441,
            "average_degree": 30.722698283573962,
            "degree_std": 1.5611222189266802,
            "average_shortest_path": 0.8480911236910272,
            "global_efficiency": 1.2381168170961876
        },
        {
            "clustering": 0.27934216655242006,
            "modularity": 0.17347064150739397,
            "average_degree": 61.932581422802585,
            "degree_std": 0.7354183531310178,
            "average_shortest_path": 0.6888890890790094,
            "global_efficiency": 1.5895739739921293
        },
        {
            "clustering": 0.14085340499764848,
            "modularity": 0.24733523685458286,
            "average_degree": 35.16242114428691,
            "degree_std": 1.2036742710201502,
            "average_shortest_path": 0.8255972674062476,
            "global_efficiency": 1.2638445661767284
        },
        {
            "clustering": 0.09771802098409618,
            "modularity": 0.3414997003687208,
            "average_degree": 25.929130714475033,
            "degree_std": 0.9541152912437584,
            "average_shortest_path": 0.8730494916134319,
            "global_efficiency": 1.1903901461568418
        },
        {
            "clustering": 0.5298307999588112,
            "modularity": 0.016598338459058046,
            "average_degree": 77.77682914040832,
            "degree_std": 1.5203171757779477,
            "average_shortest_path": 0.5989307970598082,
            "global_efficiency": 1.7277502311533617
        },
        {
            "clustering": 0.548132722013368,
            "modularity": 0.04239101813441157,
            "average_degree": 110.83299119581372,
            "degree_std": 1.191459512087039,
            "average_shortest_path": 0.29489547736447624,
            "global_efficiency": 3.734450514735129
        }
    ],
    "8": [
        {
            "clustering": 0.5033395714562741,
            "modularity": 0.03658926512113699,
            "average_degree": 79.98691416956045,
            "degree_std": 0.5962138166078175,
            "average_shortest_path": 0.5894615889956257,
            "global_efficiency": 1.7485983717786777
        },
        {
            "clustering": 0.12271502057588787,
            "modularity": 0.2928658154654236,
            "average_degree": 30.588998229624515,
            "degree_std": 0.8139035211174078,
            "average_shortest_path": 0.8495558449086104,
            "global_efficiency": 1.2311000120403057
        },
        {
            "clustering": 0.4882109727729429,
            "modularity": 0.009434630659030203,
            "average_degree": 91.18895494951599,
            "degree_std": 1.3501413905176565,
            "average_shortest_path": 0.46622515318750524,
            "global_efficiency": 2.285068025661169
        },
        {
            "clustering": 0.07711794978875071,
            "modularity": 0.3266662631825841,
            "average_degree": 22.392704416245543,
            "degree_std": 0.8058233873656433,
            "average_shortest_path": 0.8907527726128563,
            "global_efficiency": 1.155345428125218
        },
        {
            "clustering": 0.43892344843012077,
            "modularity": 0.12439460431230905,
            "average_degree": 85.61345615543443,
            "degree_std": 0.7223542761338121,
            "average_shortest_path": 0.5664104050411324,
            "global_efficiency": 1.922229316965636
        },
        {
            "clustering": 0.1885436830277605,
            "modularity": 0.21211812995287777,
            "average_degree": 43.972125727492255,
            "degree_std": 1.1657718953220861,
            "average_shortest_path": 0.7800085968199109,
            "global_efficiency": 1.3486730161444382
        },
        {
            "clustering": 0.10639233970348676,
            "modularity": 0.27760645281984725,
            "average_degree": 18.347655214279573,
            "degree_std": 1.4295393509183152,
            "average_shortest_path": 0.9084580695583817,
            "global_efficiency": 1.1136848836539748
        },
        {
            "clustering": 0.6743116440234981,
            "modularity": 0.02672032594124106,
            "average_degree": 109.55609673365427,
            "degree_std": 0.8958170370633872,
            "average_shortest_path": 0.4391859238615434,
            "global_efficiency": 2.3452129173490555
        },
        {
            "clustering": 0.10765386420844505,
            "modularity": 0.2667211376009693,
            "average_degree": 16.198521881064757,
            "degree_std": 1.3434719927616297,
            "average_shortest_path": 0.9185275549846621,
            "global_efficiency": 1.0962499954392635
        },
        {
            "clustering": 0.2645745304361712,
            "modularity": 0.170897261640219,
            "average_degree": 59.036669949751094,
            "degree_std": 0.7873691758184859,
            "average_shortest_path": 0.7033651110362003,
            "global_efficiency": 1.5273217822833962
        },
        {
            "clustering": 0.3952301908614527,
            "modularity": 0.06937322645256339,
            "average_degree": 70.6542900493626,
            "degree_std": 0.9563638053217006,
            "average_shortest_path": 0.6412712741162319,
            "global_efficiency": 1.592487316519564
        },
        {
            "clustering": 0.21838602947152547,
            "modularity": 0.21809072913773386,
            "average_degree": 49.39242178621103,
            "degree_std": 0.8401724452642719,
            "average_shortest_path": 0.7532797199515878,
            "global_efficiency": 1.4389232816751907
        }
    ],
    "9": [
        {
            "clustering": 0.3471293581294736,
            "modularity": 0.14523894267845133,
            "average_degree": 72.68402012018686,
            "degree_std": 0.7832498198443865,
            "average_shortest_path": 0.6338781966484613,
            "global_efficiency": 1.7328033443654047
        },
        {
            "clustering": 0.23454882445353614,
            "modularity": 0.19008028475385158,
            "average_degree": 40.51361227699853,
            "degree_std": 1.8091486869347486,
            "average_shortest_path": 0.7968516370614409,
            "global_efficiency": 1.2895476714534153
        },
        {
            "clustering": 0.33389730895801295,
            "modularity": 0.18149997439600338,
            "average_degree": 71.15532260031486,
            "degree_std": 0.847833273988509,
            "average_shortest_path": 0.6423230907009506,
            "global_efficiency": 1.7799998435272604
        },
        {
            "clustering": 0.5733650546617334,
            "modularity": 0.0038539965876491153,
            "average_degree": 103.45592730364456,
            "degree_std": 0.7713746580700888,
            "average_shortest_path": 0.41777685887133,
            "global_efficiency": 2.5439670527393003
        },
        {
            "clustering": 0.3617498020876499,
            "modularity": 0.19146363707437664,
            "average_degree": 72.03550530600498,
            "degree_std": 1.4787041204342144,
            "average_shortest_path": 0.6366968012504503,
            "global_efficiency": 1.7684732659830502
        },
        {
            "clustering": 0.21354567654468348,
            "modularity": 0.206717834870067,
            "average_degree": 47.78923718465851,
            "degree_std": 1.8014489421015987,
            "average_shortest_path": 0.7606971938117262,
            "global_efficiency": 1.3885331109495636
        },
        {
            "clustering": 0.5875574150998596,
            "modularity": 0.04848014105900869,
            "average_degree": 104.88836347915155,
            "degree_std": 0.777666227916432,
            "average_shortest_path": 0.4489913602935151,
            "global_efficiency": 2.3509465334834756
        },
        {
            "clustering": 0.25891160890459053,
            "modularity": 0.1968377485910558,
            "average_degree": 56.200845793160795,
            "degree_std": 1.442203850713956,
            "average_shortest_path": 0.7183534371034257,
            "global_efficiency": 1.517830782523017
        },
        {
            "clustering": 0.24797607549774822,
            "modularity": 0.20765466873899768,
            "average_degree": 56.9935453061494,
            "degree_std": 1.3710413714389815,
            "average_shortest_path": 0.7144298306765905,
            "global_efficiency": 1.5744821322770406
        },
        {
            "clustering": 0.4047774347691075,
            "modularity": 0.11624332104781387,
            "average_degree": 83.21790170412216,
            "degree_std": 0.8186475343483688,
            "average_shortest_path": 0.5799005104447552,
            "global_efficiency": 1.9168405384443024
        },
        {
            "clustering": 0.28510820556741856,
            "modularity": 0.17740962257796936,
            "average_degree": 63.62802145487533,
            "degree_std": 1.1167743607019656,
            "average_shortest_path": 0.6804196457827433,
            "global_efficiency": 1.6314763631511462
        },
        {
            "clustering": 0.23492142382524048,
            "modularity": 0.20234333574452268,
            "average_degree": 53.37289834978989,
            "degree_std": 1.0588836643890451,
            "average_shortest_path": 0.732751706388451,
            "global_efficiency": 1.477968173581874
        }
    ],
    "10": [
        {
            "clustering": 0.4402947443456602,
            "modularity": 0.1460249190582899,
            "average_degree": 87.30773612145266,
            "degree_std": 0.5384394593073741,
            "average_shortest_path": 0.5586687968943355,
            "global_efficiency": 2.0299739849419582
        },
        {
            "clustering": 0.36308246457785126,
            "modularity": 0.18118649832763922,
            "average_degree": 77.69448709444087,
            "degree_std": 0.9550529887280095,
            "average_shortest_path": 0.6089142086483451,
            "global_efficiency": 1.9477018441820457
        },
        {
            "clustering": 0.6512068230546668,
            "modularity": 0.04388071914394888,
            "average_degree": 93.78491833018651,
            "degree_std": 1.2515103448229639,
            "average_shortest_path": 0.5241797238617837,
            "global_efficiency": 1.9310754342452712
        },
        {
            "clustering": 0.5010692427995703,
            "modularity": 0.12466659959070105,
            "average_degree": 75.05457908034461,
            "degree_std": 1.2657881177673544,
            "average_shortest_path": 0.6203012978061767,
            "global_efficiency": 1.6788845233616878
        },
        {
            "clustering": 0.3327062919269568,
            "modularity": 0.1677335837352998,
            "average_degree": 69.66066257169031,
            "degree_std": 1.1536698386223594,
            "average_shortest_path": 0.6497109544726147,
            "global_efficiency": 1.733506487711949
        },
        {
            "clustering": 0.4312160737735572,
            "modularity": 0.1348200854747577,
            "average_degree": 86.7713518050942,
            "degree_std": 0.8495729676453746,
            "average_shortest_path": 0.5610772579045784,
            "global_efficiency": 1.990240787589281
        },
        {
            "clustering": 0.5697658300568891,
            "modularity": 0.004613543556261791,
            "average_degree": 94.84651610152201,
            "degree_std": 1.3526811374454135,
            "average_shortest_path": 0.4776577402625578,
            "global_efficiency": 2.2090849298961452
        },
        {
            "clustering": 0.5008591018201741,
            "modularity": 0.11762003334825447,
            "average_degree": 78.36799123445464,
            "degree_std": 2.017309118205526,
            "average_shortest_path": 0.6039605535935566,
            "global_efficiency": 1.741903285751039
        },
        {
            "clustering": 0.4600893759560471,
            "modularity": 0.10699702530883826,
            "average_degree": 93.73445506746486,
            "degree_std": 0.9690592576748083,
            "average_shortest_path": 0.5248264849937678,
            "global_efficiency": 2.091121070276941
        },
        {
            "clustering": 0.46389572354280334,
            "modularity": 0.13433802637197667,
            "average_degree": 91.77121217019237,
            "degree_std": 0.8139143073009695,
            "average_shortest_path": 0.5359782290435525,
            "global_efficiency": 2.07407853580762
        },
        {
            "clustering": 0.49701627505231744,
            "modularity": 0.09432122540681788,
            "average_degree": 95.76829376123207,
            "degree_std": 1.2282216829326476,
            "average_shortest_path": 0.5152712051841863,
            "global_efficiency": 2.0777759220069925
        },
        {
            "clustering": 0.44066000884418755,
            "modularity": 0.11993229546959744,
            "average_degree": 87.12791757105468,
            "degree_std": 1.0786401253687434,
            "average_shortest_path": 0.5597116791492387,
            "global_efficiency": 1.9361407216803652
        }
    ],
    "11": [
        {
            "clustering": 0.3167978192923964,
            "modularity": 0.020081489256316223,
            "average_degree": 71.418556179812,
            "degree_std": 3.5571017466549786,
            "average_shortest_path": 0.49743570560469547,
            "global_efficiency": 2.470670511611982
        },
        {
            "clustering": 0.5845565050822366,
            "modularity": 0.032865167412851906,
            "average_degree": 88.15803685035203,
            "degree_std": 1.261906544378687,
            "average_shortest_path": 0.5512519035339726,
            "global_efficiency": 1.8489219350917918
        },
        {
            "clustering": 0.5301685572368977,
            "modularity": 0.005669135051027339,
            "average_degree": 98.22312298485437,
            "degree_std": 1.0427294954228463,
            "average_shortest_path": 0.43427340706244055,
            "global_efficiency": 2.445438979955816
        },
        {
            "clustering": 0.5520844540237134,
            "modularity": 0.04857193413440618,
            "average_degree": 94.82064412059864,
            "degree_std": 1.0233358036421758,
            "average_shortest_path": 0.5106948018237785,
            "global_efficiency": 2.0274599887450404
        },
        {
            "clustering": 0.478072451270415,
            "modularity": 0.014811030757740474,
            "average_degree": 94.06186280921689,
            "degree_std": 1.155793993593212,
            "average_shortest_path": 0.5003820736610347,
            "global_efficiency": 2.0790733218112836
        },
        {
            "clustering": 0.49153750492593273,
            "modularity": 0.013995568904028264,
            "average_degree": 96.62465921199927,
            "degree_std": 1.058849243707176,
            "average_shortest_path": 0.4148622250202936,
            "global_efficiency": 2.629645408904477
        },
        {
            "clustering": 0.48465626184775873,
            "modularity": 0.014683325449266128,
            "average_degree": 90.36274557800563,
            "degree_std": 0.6732995679587978,
            "average_shortest_path": 0.4837092109036221,
            "global_efficiency": 2.1797131903757756
        },
        {
            "clustering": 0.567786605592697,
            "modularity": 0.027483534767625634,
            "average_degree": 82.16078294307782,
            "degree_std": 1.5745977578729176,
            "average_shortest_path": 0.5820653961960821,
            "global_efficiency": 1.7407797505702918
        },
        {
            "clustering": 0.5034360259751645,
            "modularity": 0.011212497741482783,
            "average_degree": 98.01139912576032,
            "degree_std": 0.731395541038791,
            "average_shortest_path": 0.4591364969607113,
            "global_efficiency": 2.2915361945329704
        },
        {
            "clustering": 0.4748210542786836,
            "modularity": 0.005742785449608463,
            "average_degree": 84.24916279719324,
            "degree_std": 0.7063635670719889,
            "average_shortest_path": 0.5367455457776301,
            "global_efficiency": 1.9536172480731888
        },
        {
            "clustering": 0.5034740055910748,
            "modularity": 0.04739998335270529,
            "average_degree": 81.77799158829596,
            "degree_std": 0.8378165007964612,
            "average_shortest_path": 0.5800444360958896,
            "global_efficiency": 1.7769981432134123
        },
        {
            "clustering": 0.5117745629563417,
            "modularity": 0.004852593931627934,
            "average_degree": 92.84041486716067,
            "degree_std": 0.8085287856957394,
            "average_shortest_path": 0.48491311251711683,
            "global_efficiency": 2.172968146652576
        }
    ]
}