{
    "0": [
        {
            "clustering": 0.0034916942784653134,
            "modularity": 0.3697610760515845,
            "average_degree": 1.1755763937925239,
            "degree_std": 0.1567488989936832,
            "average_shortest_path": 0.994597422146396,
            "global_efficiency": 1.0054898016072316,
            "characteristic_path_length": 0.9945974221463958
        },
        {
            "clustering": 0.0042343369774300605,
            "modularity": 0.2561472285666685,
            "average_degree": 1.033414373927362,
            "degree_std": 0.1625845306030887,
            "average_shortest_path": 0.9949301905792917,
            "global_efficiency": 1.00511213399336,
            "characteristic_path_length": 0.9949301905792922
        },
        {
            "clustering": 0.00011107042233780674,
            "modularity": 0.8934045548893589,
            "average_degree": 2.140455187428683,
            "degree_std": 0.09845730255310355,
            "average_shortest_path": 0.9980292200114304,
            "global_efficiency": 1.0021473727050056,
            "characteristic_path_length": 0.9980292200114285
        }
    ],
    "1": [
        {
            "clustering": 0.0006149409104924777,
            "modularity": 0.7808855823295661,
            "average_degree": 1.4119271785037402,
            "degree_std": 0.22046466183983643,
            "average_shortest_path": 0.9937062900639476,
            "global_efficiency": 1.0096352899939205,
            "characteristic_path_length": 0.9937062900639371
        },
        {
            "clustering": 0.1250290962683218,
            "modularity": 0.2172002903310292,
            "average_degree": 30.38220944637063,
            "degree_std": 0.4809178495844491,
            "average_shortest_path": 0.8511569811399844,
            "global_efficiency": 1.2035371922121536,
            "characteristic_path_length": 0.8511569811399844
        },
        {
            "clustering": 0.0006717475670922725,
            "modularity": 0.7793866592245976,
            "average_degree": 1.427563951326326,
            "degree_std": 0.20426811307175413,
            "average_shortest_path": 0.9936251071881369,
            "global_efficiency": 1.0096992849615347,
            "characteristic_path_length": 0.9936251071881325
        }
    ],
    "2": [
        {
            "clustering": 0.008164342820867464,
            "modularity": 0.2609196513691796,
            "average_degree": 2.018000377293851,
            "degree_std": 0.10293147614822326,
            "average_shortest_path": 0.9900564349220904,
            "global_efficiency": 1.0101068936821112,
            "characteristic_path_length": 0.9900564349220904
        },
        {
            "clustering": 0.0006176455942267477,
            "modularity": 0.7470944545297326,
            "average_degree": 1.2492364320835938,
            "degree_std": 0.215457977304688,
            "average_shortest_path": 0.9942584571579638,
            "global_efficiency": 1.008558810258371,
            "characteristic_path_length": 0.9942584571579695
        },
        {
            "clustering": 0.10514200551755663,
            "modularity": 0.22731818946263277,
            "average_degree": 25.793855258230167,
            "degree_std": 0.45622382056662775,
            "average_shortest_path": 0.8731040259908414,
            "global_efficiency": 1.1635061886561842,
            "characteristic_path_length": 0.8731040259908414
        }
    ],
    "3": [
        {
            "clustering": 0.27782825505123304,
            "modularity": 0.19302457138787496,
            "average_degree": 41.56957464230845,
            "degree_std": 1.30253452555783,
            "average_shortest_path": 0.7919712080095551,
            "global_efficiency": 1.2967728677138064,
            "characteristic_path_length": 0.7919712080095552
        },
        {
            "clustering": 0.45791545504312775,
            "modularity": 0.028276832470842367,
            "average_degree": 74.9894550491078,
            "degree_std": 0.842182760029687,
            "average_shortest_path": 0.6139051849824257,
            "global_efficiency": 1.6695621163105592,
            "characteristic_path_length": 0.6139051849824257
        },
        {
            "clustering": 0.05607652656408314,
            "modularity": 0.37219951176685173,
            "average_degree": 10.165656876958542,
            "degree_std": 0.9491290286313412,
            "average_shortest_path": 0.9504476723585197,
            "global_efficiency": 1.0591285131261237,
            "characteristic_path_length": 0.9504476723585195
        }
    ],
    "4": [
        {
            "clustering": 0.02517415823967505,
            "modularity": 0.4890552159618807,
            "average_degree": 11.340284341369463,
            "degree_std": 1.296290580665911,
            "average_shortest_path": 0.9473881252840551,
            "global_efficiency": 1.078395665234532,
            "characteristic_path_length": 0.9473881252840551
        },
        {
            "clustering": 0.18140873954598669,
            "modularity": 0.23964750765311665,
            "average_degree": 40.056406571255515,
            "degree_std": 2.1000881570307346,
            "average_shortest_path": 0.7991493945783057,
            "global_efficiency": 1.3041954077516313,
            "characteristic_path_length": 0.7991493945783057
        },
        {
            "clustering": 0.3285154872092263,
            "modularity": 0.03389205575802505,
            "average_degree": 57.81079494812458,
            "degree_std": 2.3275423599934473,
            "average_shortest_path": 0.6900162491495886,
            "global_efficiency": 1.5081241836695023,
            "characteristic_path_length": 0.6900162491495886
        }
    ],
    "5": [
        {
            "clustering": 0.07198480924151453,
            "modularity": 0.2841655823646456,
            "average_degree": 16.12614995129989,
            "degree_std": 1.2350619746226716,
            "average_shortest_path": 0.9220365310158224,
            "global_efficiency": 1.0967696573801224,
            "characteristic_path_length": 0.9220365310158224
        },
        {
            "clustering": 0.2077784177684021,
            "modularity": 0.10866679058796724,
            "average_degree": 43.12423774661212,
            "degree_std": 0.8935545974948235,
            "average_shortest_path": 0.7824863676627062,
            "global_efficiency": 1.2916767605326376,
            "characteristic_path_length": 0.7824863676627062
        },
        {
            "clustering": 0.0853419550786788,
            "modularity": 0.2980804387522837,
            "average_degree": 14.795133123480287,
            "degree_std": 1.2815400936306827,
            "average_shortest_path": 0.9277888997928571,
            "global_efficiency": 1.0863217668845069,
            "characteristic_path_length": 0.927788899792857
        }
    ],
    "6": [
        {
            "clustering": 0.3330945102403642,
            "modularity": 0.18876763391834234,
            "average_degree": 65.49224819856416,
            "degree_std": 1.9182395943218362,
            "average_shortest_path": 0.6623249601608573,
            "global_efficiency": 1.640491919292239,
            "characteristic_path_length": 0.6623249601608573
        },
        {
            "clustering": 0.15839829386531412,
            "modularity": 0.17037151341566145,
            "average_degree": 35.39219688947704,
            "degree_std": 1.285973700599818,
            "average_shortest_path": 0.8248267057773768,
            "global_efficiency": 1.2350130343735097,
            "characteristic_path_length": 0.8248267057773768
        },
        {
            "clustering": 0.3052301922715035,
            "modularity": 0.08955655766407009,
            "average_degree": 59.21630298514306,
            "degree_std": 1.2747254679422755,
            "average_shortest_path": 0.7027318522429368,
            "global_efficiency": 1.4566901300503254,
            "characteristic_path_length": 0.7027318522429368
        }
    ],
    "7": [
        {
            "clustering": 0.22471537154675625,
            "modularity": 0.21712789025053808,
            "average_degree": 49.42508833130859,
            "degree_std": 1.8520794123715627,
            "average_shortest_path": 0.7538951657127737,
            "global_efficiency": 1.388292182631144,
            "characteristic_path_length": 0.7538951657127737
        },
        {
            "clustering": 0.21372926597884592,
            "modularity": 0.2338920341104807,
            "average_degree": 48.28485122514373,
            "degree_std": 2.257113720156533,
            "average_shortest_path": 0.759430122470079,
            "global_efficiency": 1.3785005793616958,
            "characteristic_path_length": 0.759430122470079
        },
        {
            "clustering": 0.16651578630520492,
            "modularity": 0.24587684255802406,
            "average_degree": 37.74052591984557,
            "degree_std": 1.2092364160212241,
            "average_shortest_path": 0.8135478962820826,
            "global_efficiency": 1.269251678431948,
            "characteristic_path_length": 0.8135478962820826
        }
    ],
    "8": [
        {
            "clustering": 0.3174613886883773,
            "modularity": 0.12669405171012849,
            "average_degree": 61.63509482381292,
            "degree_std": 1.3146339613353881,
            "average_shortest_path": 0.6912332373683686,
            "global_efficiency": 1.499448391121341,
            "characteristic_path_length": 0.6912332373683686
        },
        {
            "clustering": 0.2969665575641148,
            "modularity": 0.10649478291432302,
            "average_degree": 62.21016199141702,
            "degree_std": 1.184094117942291,
            "average_shortest_path": 0.6889551768167602,
            "global_efficiency": 1.5051404834257467,
            "characteristic_path_length": 0.6889551768167602
        },
        {
            "clustering": 0.3132264748808426,
            "modularity": 0.12342159254820984,
            "average_degree": 54.95616207076292,
            "degree_std": 1.1421442302430076,
            "average_shortest_path": 0.7244533995725615,
            "global_efficiency": 1.4094794280809841,
            "characteristic_path_length": 0.7244533995725615
        }
    ],
    "9": [
        {
            "clustering": 0.42089686101604923,
            "modularity": 0.0756655401931972,
            "average_degree": 73.52298990721411,
            "degree_std": 1.0610453159712656,
            "average_shortest_path": 0.6301304415223976,
            "global_efficiency": 1.6371373016837087,
            "characteristic_path_length": 0.6301304415223976
        },
        {
            "clustering": 0.3323742307341233,
            "modularity": 0.0929788657185671,
            "average_degree": 65.03356023859855,
            "degree_std": 1.5736013872220538,
            "average_shortest_path": 0.673746796663062,
            "global_efficiency": 1.525766481323347,
            "characteristic_path_length": 0.673746796663062
        },
        {
            "clustering": 0.42754049028966445,
            "modularity": 0.06359280625930823,
            "average_degree": 73.51464259473634,
            "degree_std": 1.5567241451008405,
            "average_shortest_path": 0.630094581469138,
            "global_efficiency": 1.6437989354487375,
            "characteristic_path_length": 0.630094581469138
        }
    ],
    "10": [
        {
            "clustering": 0.493112843392383,
            "modularity": 0.056834017484177435,
            "average_degree": 72.61014034462048,
            "degree_std": 1.6824061069640048,
            "average_shortest_path": 0.6341494744655395,
            "global_efficiency": 1.6041087236524596,
            "characteristic_path_length": 0.6341494744655396
        },
        {
            "clustering": 0.4376766597191373,
            "modularity": 0.06937735911721121,
            "average_degree": 63.31374957930343,
            "degree_std": 1.012728063949669,
            "average_shortest_path": 0.6803406268527403,
            "global_efficiency": 1.501311710190696,
            "characteristic_path_length": 0.6803406268527403
        },
        {
            "clustering": 0.4156425616817199,
            "modularity": 0.06768186220789396,
            "average_degree": 75.82945354870685,
            "degree_std": 1.169409652095505,
            "average_shortest_path": 0.6172410800133634,
            "global_efficiency": 1.672739393309052,
            "characteristic_path_length": 0.6172410800133634
        }
    ],
    "11": [
        {
            "clustering": 0.46036807673190067,
            "modularity": 0.04529577558362166,
            "average_degree": 75.65128771518562,
            "degree_std": 1.6361587189106799,
            "average_shortest_path": 0.6173288575042016,
            "global_efficiency": 1.6535079721078816,
            "characteristic_path_length": 0.6173288575042016
        },
        {
            "clustering": 0.4091294315283577,
            "modularity": 0.0557529950203416,
            "average_degree": 76.99023665747978,
            "degree_std": 1.326105097802025,
            "average_shortest_path": 0.6101433260586291,
            "global_efficiency": 1.6818937706342962,
            "characteristic_path_length": 0.6101433260586291
        },
        {
            "clustering": 0.3369168118287462,
            "modularity": 0.06858078886066485,
            "average_degree": 64.9224824283332,
            "degree_std": 1.39607112347115,
            "average_shortest_path": 0.6733046430020133,
            "global_efficiency": 1.514552750066085,
            "characteristic_path_length": 0.6733046430020133
        }
    ]
}