{
    "0": [
        {
            "clustering": 0.0036225226600174534,
            "modularity": 0.12945863026709187,
            "average_degree": 1.096717598573502,
            "degree_std": 0.5846611007386339,
            "average_shortest_path": 0.9944618064380935,
            "global_efficiency": 1.0056322184044106
        },
        {
            "clustering": 0.004900975830699422,
            "modularity": 0.6000635441892352,
            "average_degree": 2.646965971235091,
            "degree_std": 0.9428809108622559,
            "average_shortest_path": 0.9876057397399112,
            "global_efficiency": 1.0136025413868974
        },
        {
            "clustering": 0.002980617666175551,
            "modularity": 0.6721710798487581,
            "average_degree": 3.8133963843367917,
            "degree_std": 0.7453809903046977,
            "average_shortest_path": 0.9843916196056544,
            "global_efficiency": 1.0195458009229779
        },
        {
            "clustering": 4.296239620444246e-05,
            "modularity": 0.9536793621515368,
            "average_degree": 1.925303592634669,
            "degree_std": 0.21870094084425626,
            "average_shortest_path": 0.9992566599166942,
            "global_efficiency": 1.0007889473470486
        },
        {
            "clustering": 6.645770055487325e-06,
            "modularity": 0.9946374704489829,
            "average_degree": 1.9995781432579616,
            "degree_std": 0.010235490375102064,
            "average_shortest_path": 1.9365393915370595,
            "global_efficiency": 0.5316140365065258
        },
        {
            "clustering": 0.0025787372630456185,
            "modularity": 0.5974006759012254,
            "average_degree": 1.6150019503132214,
            "degree_std": 0.6472549787926003,
            "average_shortest_path": 0.9919490201438232,
            "global_efficiency": 1.0092278057849338
        },
        {
            "clustering": 0.0036526883612862807,
            "modularity": 0.6616211051271355,
            "average_degree": 3.017586899844208,
            "degree_std": 1.1534131506734238,
            "average_shortest_path": 0.9861658121171539,
            "global_efficiency": 1.0158116482418815
        },
        {
            "clustering": 0.0006400835552341481,
            "modularity": 0.8141530481577953,
            "average_degree": 2.4696651982411946,
            "degree_std": 0.7115502692342823,
            "average_shortest_path": 0.9920884343965616,
            "global_efficiency": 1.011359684988412
        },
        {
            "clustering": 0.020460169842495105,
            "modularity": 0.5362078124636687,
            "average_degree": 8.16898816193825,
            "degree_std": 1.9050967834052701,
            "average_shortest_path": 0.9617000296709198,
            "global_efficiency": 1.0490286018525785
        },
        {
            "clustering": 0.07164075611591494,
            "modularity": 0.1985338688459449,
            "average_degree": 15.576719046591856,
            "degree_std": 6.037568987292556,
            "average_shortest_path": 0.9230793201891274,
            "global_efficiency": 1.09239222449887
        },
        {
            "clustering": 0.0011619589500563824,
            "modularity": 0.6409056033715258,
            "average_degree": 1.1703010222386667,
            "degree_std": 0.16106905859716647,
            "average_shortest_path": 0.9957469443915472,
            "global_efficiency": 1.0044664547858946
        },
        {
            "clustering": 0.23179884198626538,
            "modularity": 0.05077295954526413,
            "average_degree": 46.029032995964,
            "degree_std": 14.40582482699968,
            "average_shortest_path": 0.768306458879895,
            "global_efficiency": 1.3405074353665882
        }
    ],
    "1": [
        {
            "clustering": 0.08041650110749322,
            "modularity": 0.3643240519363949,
            "average_degree": 21.594873291094515,
            "degree_std": 2.141829735397003,
            "average_shortest_path": 0.892404449263688,
            "global_efficiency": 1.1534392705586172
        },
        {
            "clustering": 6.324906687748992e-05,
            "modularity": 0.9211862112311895,
            "average_degree": 1.0323161319992449,
            "degree_std": 0.22047432808447504,
            "average_shortest_path": 0.9949883833270012,
            "global_efficiency": 1.0100986882178853
        },
        {
            "clustering": 0.0005153877755210846,
            "modularity": 0.8035793781758154,
            "average_degree": 1.3676266359286786,
            "degree_std": 0.27786934149249143,
            "average_shortest_path": 0.9940463444578105,
            "global_efficiency": 1.009209824815494
        },
        {
            "clustering": 0.07884588766942748,
            "modularity": 0.22960172547134644,
            "average_degree": 18.354361368833327,
            "degree_std": 0.7167308666191197,
            "average_shortest_path": 0.9082977334052457,
            "global_efficiency": 1.106518795499457
        },
        {
            "clustering": 0.0074233121996714006,
            "modularity": 0.5955535710923258,
            "average_degree": 5.5371124194681,
            "degree_std": 0.5392644302847612,
            "average_shortest_path": 0.9722365642948793,
            "global_efficiency": 1.0430328043498327
        },
        {
            "clustering": 7.690987184246151e-05,
            "modularity": 0.9224510150792519,
            "average_degree": 1.0207572030593777,
            "degree_std": 0.18946182853821772,
            "average_shortest_path": 0.9949818038978833,
            "global_efficiency": 1.0097431837270725
        },
        {
            "clustering": 0.008966017005431445,
            "modularity": 0.45730317502205703,
            "average_degree": 5.165412807711429,
            "degree_std": 0.5082133944237047,
            "average_shortest_path": 0.9800965893470794,
            "global_efficiency": 1.022865562318582
        },
        {
            "clustering": 0.23180310260140385,
            "modularity": 0.14808345460442784,
            "average_degree": 49.06074606828107,
            "degree_std": 3.5044232910789783,
            "average_shortest_path": 0.7532898057689966,
            "global_efficiency": 1.3586185813006901
        },
        {
            "clustering": 0.03154562247979382,
            "modularity": 0.42525387053950137,
            "average_degree": 9.408853445447647,
            "degree_std": 0.8126651715085569,
            "average_shortest_path": 0.9557261564484731,
            "global_efficiency": 1.0537856267185353
        },
        {
            "clustering": 6.186353279102129e-05,
            "modularity": 0.9215403706834738,
            "average_degree": 1.0378952190384907,
            "degree_std": 0.2444989609289673,
            "average_shortest_path": 0.9950385174236224,
            "global_efficiency": 1.0098763380412719
        },
        {
            "clustering": 0.007126604629841026,
            "modularity": 0.5819215469633608,
            "average_degree": 5.206141689984752,
            "degree_std": 0.4683783621956466,
            "average_shortest_path": 0.9794589779509375,
            "global_efficiency": 1.0253254013574475
        },
        {
            "clustering": 0.17921747591654433,
            "modularity": 0.12146290218708997,
            "average_degree": 31.87683041179022,
            "degree_std": 6.982339176730484,
            "average_shortest_path": 0.8410130014142297,
            "global_efficiency": 1.2036978728153394
        }
    ],
    "2": [
        {
            "clustering": 0.16311790744592006,
            "modularity": 0.24121948724253622,
            "average_degree": 39.40365248090439,
            "degree_std": 1.0822128702224696,
            "average_shortest_path": 0.804378721502766,
            "global_efficiency": 1.3007713955768179
        },
        {
            "clustering": 0.1024123050012915,
            "modularity": 0.26213532383207494,
            "average_degree": 24.460572393394994,
            "degree_std": 0.7118873709672716,
            "average_shortest_path": 0.8710876007573074,
            "global_efficiency": 1.1889576977097946
        },
        {
            "clustering": 0.11568901587913553,
            "modularity": 0.30250235676960113,
            "average_degree": 30.249836849975235,
            "degree_std": 1.9764483438628153,
            "average_shortest_path": 0.8474044774122826,
            "global_efficiency": 1.4156632917277008
        },
        {
            "clustering": 0.0005440261788245659,
            "modularity": 0.8535148580657472,
            "average_degree": 1.2415215304547693,
            "degree_std": 0.2168055829114497,
            "average_shortest_path": 0.9942581431375356,
            "global_efficiency": 1.0084649545007844
        },
        {
            "clustering": 0.12972748356659752,
            "modularity": 0.2630438712246673,
            "average_degree": 23.049537395744263,
            "degree_std": 0.6531106470189323,
            "average_shortest_path": 0.8849667933452503,
            "global_efficiency": 1.1467183036231545
        },
        {
            "clustering": 0.16918684755210578,
            "modularity": 0.22044977136077828,
            "average_degree": 38.52560081516193,
            "degree_std": 1.249770156353617,
            "average_shortest_path": 0.8087524830063814,
            "global_efficiency": 1.2867535080325145
        },
        {
            "clustering": 0.00020579649609492844,
            "modularity": 0.8835395975896113,
            "average_degree": 1.0332825883451549,
            "degree_std": 0.20131870453111925,
            "average_shortest_path": 0.994992294509493,
            "global_efficiency": 1.0088281291258492
        },
        {
            "clustering": 0.2962125009506543,
            "modularity": 0.015618301075633839,
            "average_degree": 59.12327307356402,
            "degree_std": 3.8485994114477533,
            "average_shortest_path": 0.700731295657263,
            "global_efficiency": 1.435080985922195
        },
        {
            "clustering": 0.0009082241485438399,
            "modularity": 0.7364163995627714,
            "average_degree": 1.5591964231831057,
            "degree_std": 0.27493637372065177,
            "average_shortest_path": 0.9936764296295123,
            "global_efficiency": 1.008828540967221
        },
        {
            "clustering": 0.05194070527957171,
            "modularity": 0.36845592011604394,
            "average_degree": 16.10630996371474,
            "degree_std": 0.9937760000008551,
            "average_shortest_path": 0.9152060478852371,
            "global_efficiency": 1.1348292175382197
        },
        {
            "clustering": 0.30015568051949837,
            "modularity": 0.06824734631310912,
            "average_degree": 62.165588855236784,
            "degree_std": 1.257787083841545,
            "average_shortest_path": 0.6723637309650535,
            "global_efficiency": 1.5865379127508579
        },
        {
            "clustering": 0.0011659667815190683,
            "modularity": 0.7305507721691116,
            "average_degree": 1.595628440303491,
            "degree_std": 0.21918741930156233,
            "average_shortest_path": 0.9934762578969328,
            "global_efficiency": 1.0089536429020256
        }
    ],
    "3": [
        {
            "clustering": 0.2678049959821975,
            "modularity": 0.18243849558144715,
            "average_degree": 57.519011482662194,
            "degree_std": 1.4071002689167285,
            "average_shortest_path": 0.7126190926423601,
            "global_efficiency": 1.5001655799882068
        },
        {
            "clustering": 0.07150307652525431,
            "modularity": 0.34058881747681524,
            "average_degree": 20.30850362310889,
            "degree_std": 1.6551608935467341,
            "average_shortest_path": 0.9020225936354312,
            "global_efficiency": 1.142862184188472
        },
        {
            "clustering": 0.017249471719315925,
            "modularity": 0.5418392703356689,
            "average_degree": 8.022186127385627,
            "degree_std": 1.1011902118102255,
            "average_shortest_path": 0.9612365079280671,
            "global_efficiency": 1.0576578867233626
        },
        {
            "clustering": 0.03051325621529104,
            "modularity": 0.421047877115859,
            "average_degree": 12.003611023062518,
            "degree_std": 1.0879676116319155,
            "average_shortest_path": 0.9445258532954087,
            "global_efficiency": 1.0844383344958477
        },
        {
            "clustering": 0.3005831827278933,
            "modularity": 0.18315555499018663,
            "average_degree": 55.50939867994591,
            "degree_std": 1.1107400298901604,
            "average_shortest_path": 0.7225051969495663,
            "global_efficiency": 1.4636740168605469
        },
        {
            "clustering": 0.07777422361514288,
            "modularity": 0.26468015750000673,
            "average_degree": 21.562417402700312,
            "degree_std": 1.1388822760518318,
            "average_shortest_path": 0.8962928651988273,
            "global_efficiency": 1.144872960930215
        },
        {
            "clustering": 0.07344136362210597,
            "modularity": 0.09038095313655244,
            "average_degree": 18.27480513164486,
            "degree_std": 1.3315342901484641,
            "average_shortest_path": 0.8973721002549228,
            "global_efficiency": 1.1397536213934396
        },
        {
            "clustering": 0.042041607834939314,
            "modularity": 0.3158547145943831,
            "average_degree": 12.750347748890904,
            "degree_std": 1.165675032225491,
            "average_shortest_path": 0.9392081112706486,
            "global_efficiency": 1.074230909727517
        },
        {
            "clustering": 0.3525904711265019,
            "modularity": 0.11903221124383731,
            "average_degree": 72.38163649884775,
            "degree_std": 2.167293618099438,
            "average_shortest_path": 0.6369068711813823,
            "global_efficiency": 1.6531331086993428
        },
        {
            "clustering": 0.010984270555311924,
            "modularity": 0.4624125212914555,
            "average_degree": 3.5291570898217115,
            "degree_std": 0.749096171718887,
            "average_shortest_path": 0.9822720810689892,
            "global_efficiency": 1.0205269457432817
        },
        {
            "clustering": 0.44616346710688,
            "modularity": 0.034201501793643084,
            "average_degree": 64.06154521788446,
            "degree_std": 4.210016264593058,
            "average_shortest_path": 0.6743855936659021,
            "global_efficiency": 1.5081126974066474
        },
        {
            "clustering": 0.31726081789258465,
            "modularity": 0.16528057793382886,
            "average_degree": 68.45024684419921,
            "degree_std": 1.0972040779450027,
            "average_shortest_path": 0.6574011772919421,
            "global_efficiency": 1.6506760446752924
        }
    ],
    "4": [
        {
            "clustering": 0.38804615887306826,
            "modularity": 0.11736979693194667,
            "average_degree": 70.04633888231935,
            "degree_std": 1.1562012394403862,
            "average_shortest_path": 0.6487983672761864,
            "global_efficiency": 1.6187125978427084
        },
        {
            "clustering": 0.04633088409061653,
            "modularity": 0.31495623858583977,
            "average_degree": 14.629852587609134,
            "degree_std": 1.7888832378939417,
            "average_shortest_path": 0.9304763627906673,
            "global_efficiency": 1.0943972193988927
        },
        {
            "clustering": 0.005860036997609889,
            "modularity": 0.7211642401178237,
            "average_degree": 2.72821466404923,
            "degree_std": 0.5171413151280622,
            "average_shortest_path": 0.9877206543214735,
            "global_efficiency": 1.0150230651699779
        },
        {
            "clustering": 0.019633939280862187,
            "modularity": 0.42605510586905004,
            "average_degree": 8.935385638543558,
            "degree_std": 1.4869087109221202,
            "average_shortest_path": 0.9596731901843035,
            "global_efficiency": 1.0593761780598414
        },
        {
            "clustering": 0.2788545258181182,
            "modularity": 0.17090323070267022,
            "average_degree": 38.36267167662922,
            "degree_std": 1.7094557671126962,
            "average_shortest_path": 0.8073805684996801,
            "global_efficiency": 1.265123958239552
        },
        {
            "clustering": 0.21617603264161325,
            "modularity": 0.13280795376722548,
            "average_degree": 46.35654768577577,
            "degree_std": 1.3209573375691634,
            "average_shortest_path": 0.7677144809525855,
            "global_efficiency": 1.3391085445828472
        },
        {
            "clustering": 0.25616555218572173,
            "modularity": 0.14842593903971474,
            "average_degree": 36.72691241037215,
            "degree_std": 1.4759835188902195,
            "average_shortest_path": 0.8165809492999595,
            "global_efficiency": 1.2422013448488525
        },
        {
            "clustering": 0.372439966116318,
            "modularity": 0.01464877594208976,
            "average_degree": 70.14309280072973,
            "degree_std": 1.6099050903938354,
            "average_shortest_path": 0.6083007735721895,
            "global_efficiency": 1.71708596905972
        },
        {
            "clustering": 0.30753148432126004,
            "modularity": 0.03390005866042427,
            "average_degree": 54.577485457114335,
            "degree_std": 1.3552237673345948,
            "average_shortest_path": 0.7107534946345652,
            "global_efficiency": 1.444631954067808
        },
        {
            "clustering": 0.1945305157497784,
            "modularity": 0.1666719063863944,
            "average_degree": 44.3902150498626,
            "degree_std": 1.4871705281002152,
            "average_shortest_path": 0.7797646160199533,
            "global_efficiency": 1.3558141250627842
        },
        {
            "clustering": 0.08871795071175513,
            "modularity": 0.22650794546068284,
            "average_degree": 12.301714062308895,
            "degree_std": 1.623193223044004,
            "average_shortest_path": 0.9385606758011095,
            "global_efficiency": 1.0723467587551863
        },
        {
            "clustering": 0.004310728761753799,
            "modularity": 0.6646331486988089,
            "average_degree": 2.0332267056391484,
            "degree_std": 0.4115869569097528,
            "average_shortest_path": 0.9911568940668029,
            "global_efficiency": 1.0105909902238543
        }
    ],
    "5": [
        {
            "clustering": 0.0651133498172995,
            "modularity": 0.253071136591147,
            "average_degree": 17.487470196147086,
            "degree_std": 1.436685254966103,
            "average_shortest_path": 0.9154646002704143,
            "global_efficiency": 1.1074621200525798
        },
        {
            "clustering": 0.33413222055012654,
            "modularity": 0.16142789461907953,
            "average_degree": 72.22233406789468,
            "degree_std": 1.2784176451867275,
            "average_shortest_path": 0.6383140584977413,
            "global_efficiency": 1.7296160449014748
        },
        {
            "clustering": 0.4241708318373536,
            "modularity": 0.07338581945031197,
            "average_degree": 83.15376480389584,
            "degree_std": 2.469609976893791,
            "average_shortest_path": 0.5751386543628383,
            "global_efficiency": 1.8226722353440785
        },
        {
            "clustering": 0.32629459068364547,
            "modularity": 0.01644809016015701,
            "average_degree": 64.74232393340485,
            "degree_std": 1.5651558452327996,
            "average_shortest_path": 0.6396739571569952,
            "global_efficiency": 1.6313403933231254
        },
        {
            "clustering": 0.25717373834453616,
            "modularity": 0.1842237578883598,
            "average_degree": 52.350600527209934,
            "degree_std": 0.9998666865421508,
            "average_shortest_path": 0.7393573036753789,
            "global_efficiency": 1.4198078115626536
        },
        {
            "clustering": 0.04360718570998289,
            "modularity": 0.30463349561873254,
            "average_degree": 13.866808335866965,
            "degree_std": 1.7305184490639447,
            "average_shortest_path": 0.9342500372090128,
            "global_efficiency": 1.0856621797929067
        },
        {
            "clustering": 0.27073371013356967,
            "modularity": 0.1697556218283709,
            "average_degree": 54.46468027954561,
            "degree_std": 1.4190694876288286,
            "average_shortest_path": 0.7281394100091451,
            "global_efficiency": 1.4330375895294176
        },
        {
            "clustering": 0.3809887753477461,
            "modularity": 0.14562000392165578,
            "average_degree": 77.83133092389976,
            "degree_std": 1.3410456862671514,
            "average_shortest_path": 0.6099076341260061,
            "global_efficiency": 1.7909550449809526
        },
        {
            "clustering": 0.051844465351102535,
            "modularity": 0.2944270402250119,
            "average_degree": 15.524222880729194,
            "degree_std": 1.7482373748694955,
            "average_shortest_path": 0.9256455296643841,
            "global_efficiency": 1.0987116937948727
        },
        {
            "clustering": 0.020185334963748133,
            "modularity": 0.4124329299701989,
            "average_degree": 7.264912183777657,
            "degree_std": 1.3881918612195414,
            "average_shortest_path": 0.9662655952406819,
            "global_efficiency": 1.0418797229052716
        },
        {
            "clustering": 0.03454914313589734,
            "modularity": 0.32961720558559443,
            "average_degree": 8.805586154569507,
            "degree_std": 1.3340462323305904,
            "average_shortest_path": 0.9585581076748921,
            "global_efficiency": 1.048904283853249
        },
        {
            "clustering": 0.40956420525481513,
            "modularity": 0.11801128775146602,
            "average_degree": 83.30038639708965,
            "degree_std": 1.3168227898179024,
            "average_shortest_path": 0.5805368187498219,
            "global_efficiency": 1.858940040137302
        }
    ],
    "6": [
        {
            "clustering": 0.09960326032233054,
            "modularity": 0.2651097996447652,
            "average_degree": 14.342577125022327,
            "degree_std": 1.2615946973904955,
            "average_shortest_path": 0.929313186102085,
            "global_efficiency": 1.0820110638299947
        },
        {
            "clustering": 0.16073072431782903,
            "modularity": 0.2439855713588514,
            "average_degree": 37.84465864663881,
            "degree_std": 1.5638037301670802,
            "average_shortest_path": 0.8125051205927007,
            "global_efficiency": 1.2747207682317656
        },
        {
            "clustering": 0.1772112670303131,
            "modularity": 0.2508518697617947,
            "average_degree": 42.17840087265157,
            "degree_std": 1.6528879611593974,
            "average_shortest_path": 0.790589122195115,
            "global_efficiency": 1.330824337449707
        },
        {
            "clustering": 0.33791537342832917,
            "modularity": 0.20860973129433524,
            "average_degree": 69.11732084164092,
            "degree_std": 1.341648275480351,
            "average_shortest_path": 0.654256465858803,
            "global_efficiency": 1.6918779717193548
        },
        {
            "clustering": 0.4717107407917695,
            "modularity": 0.16159608261959824,
            "average_degree": 84.9052295499468,
            "degree_std": 1.1643554306159132,
            "average_shortest_path": 0.5694253311819474,
            "global_efficiency": 1.9247231074277096
        },
        {
            "clustering": 0.49679472043331413,
            "modularity": 0.05683280517426814,
            "average_degree": 82.6954621606181,
            "degree_std": 0.9892997712834755,
            "average_shortest_path": 0.5810009213184709,
            "global_efficiency": 1.765895254818832
        },
        {
            "clustering": 0.3092637192627899,
            "modularity": 0.2047733479468278,
            "average_degree": 66.55987446024257,
            "degree_std": 1.4770036543402472,
            "average_shortest_path": 0.667178962137772,
            "global_efficiency": 1.6720826748520818
        },
        {
            "clustering": 0.23295455499340642,
            "modularity": 0.2455275657737797,
            "average_degree": 53.26812033473149,
            "degree_std": 1.8789499946431973,
            "average_shortest_path": 0.734173738364531,
            "global_efficiency": 1.4570666983144454
        },
        {
            "clustering": 0.10128410821281868,
            "modularity": 0.2138492017327961,
            "average_degree": 24.131520500720615,
            "degree_std": 1.6531994981559248,
            "average_shortest_path": 0.88109007936831,
            "global_efficiency": 1.1607667731496267
        },
        {
            "clustering": 0.3268772915075098,
            "modularity": 0.20937689929644615,
            "average_degree": 58.30443056142079,
            "degree_std": 1.0825991292575274,
            "average_shortest_path": 0.7081143468131613,
            "global_efficiency": 1.491263203936523
        },
        {
            "clustering": 0.0764092128567834,
            "modularity": 0.30298913319813303,
            "average_degree": 20.73576323871329,
            "degree_std": 1.6044626705753824,
            "average_shortest_path": 0.8988947423360671,
            "global_efficiency": 1.1328616049872162
        },
        {
            "clustering": 0.48648151252504895,
            "modularity": 0.018586004588481878,
            "average_degree": 75.36908509939643,
            "degree_std": 1.6853009182311103,
            "average_shortest_path": 0.6078412505587426,
            "global_efficiency": 1.6939935368626569
        }
    ],
    "7": [
        {
            "clustering": 0.426461295141843,
            "modularity": 0.12248820607508219,
            "average_degree": 83.032255229983,
            "degree_std": 1.1188541520329325,
            "average_shortest_path": 0.5834998399743935,
            "global_efficiency": 1.8557496364031854
        },
        {
            "clustering": 0.2973992533751627,
            "modularity": 0.22006314227928203,
            "average_degree": 60.79759680519733,
            "degree_std": 1.3982144742149045,
            "average_shortest_path": 0.6959646692853275,
            "global_efficiency": 1.56687783439321
        },
        {
            "clustering": 0.30237747011754135,
            "modularity": 0.21943345239597398,
            "average_degree": 64.83140573989996,
            "degree_std": 1.3580911600596868,
            "average_shortest_path": 0.6751933237151359,
            "global_efficiency": 1.606963165259815
        },
        {
            "clustering": 0.3657149306898423,
            "modularity": 0.19131322779894155,
            "average_degree": 77.94749628662845,
            "degree_std": 1.4668209429401298,
            "average_shortest_path": 0.6088383649297283,
            "global_efficiency": 1.8588882590704365
        },
        {
            "clustering": 0.35298091739892373,
            "modularity": 0.18440180472287027,
            "average_degree": 74.79087805561919,
            "degree_std": 1.2083708542518803,
            "average_shortest_path": 0.6252734663736583,
            "global_efficiency": 1.7670942522234536
        },
        {
            "clustering": 0.18649519839055595,
            "modularity": 0.24961796576511558,
            "average_degree": 30.563162480660818,
            "degree_std": 1.5427154800976726,
            "average_shortest_path": 0.8481288877244944,
            "global_efficiency": 1.2001918779660494
        },
        {
            "clustering": 0.32824508005085024,
            "modularity": 0.19282334399794296,
            "average_degree": 71.55414502894843,
            "degree_std": 1.0416645481736022,
            "average_shortest_path": 0.6419183782081411,
            "global_efficiency": 1.7253809573021377
        },
        {
            "clustering": 0.3761007261255503,
            "modularity": 0.15744054731700302,
            "average_degree": 70.65242174632813,
            "degree_std": 0.6578533437879459,
            "average_shortest_path": 0.6461467682553237,
            "global_efficiency": 1.6592203134314114
        },
        {
            "clustering": 0.3646049055292825,
            "modularity": 0.21692902884177623,
            "average_degree": 75.03929857689101,
            "degree_std": 1.7003467971472042,
            "average_shortest_path": 0.6234080684476938,
            "global_efficiency": 1.8271072536223014
        },
        {
            "clustering": 0.4272015884586719,
            "modularity": 0.02720849500174779,
            "average_degree": 83.53105381534155,
            "degree_std": 0.8445804463984017,
            "average_shortest_path": 0.5491188068942777,
            "global_efficiency": 1.9119333809515364
        },
        {
            "clustering": 0.19187366035274983,
            "modularity": 0.23318046975137802,
            "average_degree": 25.430565152482952,
            "degree_std": 1.4424208295354568,
            "average_shortest_path": 0.8730953878885498,
            "global_efficiency": 1.1571834402006944
        },
        {
            "clustering": 0.2604101179809894,
            "modularity": 0.223313579313212,
            "average_degree": 41.59795262294825,
            "degree_std": 1.483308234566325,
            "average_shortest_path": 0.7923124190303673,
            "global_efficiency": 1.296150437830595
        }
    ],
    "8": [
        {
            "clustering": 0.30799472599087685,
            "modularity": 0.22147716707898707,
            "average_degree": 65.03048568164323,
            "degree_std": 1.5267340798642066,
            "average_shortest_path": 0.6741033894663238,
            "global_efficiency": 1.6155907404459344
        },
        {
            "clustering": 0.3273816804273034,
            "modularity": 0.207762736331561,
            "average_degree": 70.25180040505738,
            "degree_std": 1.3093046113725952,
            "average_shortest_path": 0.6483650915528401,
            "global_efficiency": 1.7085170793814195
        },
        {
            "clustering": 0.29515009013671356,
            "modularity": 0.1978689975043888,
            "average_degree": 63.68203231837647,
            "degree_std": 1.252792983107052,
            "average_shortest_path": 0.6809641143174473,
            "global_efficiency": 1.5776651045150563
        },
        {
            "clustering": 0.3210631814984456,
            "modularity": 0.22348533995617464,
            "average_degree": 69.12653566555667,
            "degree_std": 1.556863212791067,
            "average_shortest_path": 0.654128325876407,
            "global_efficiency": 1.715908392626739
        },
        {
            "clustering": 0.315727944200446,
            "modularity": 0.21645029001708832,
            "average_degree": 69.61508423478782,
            "degree_std": 1.5495565177335564,
            "average_shortest_path": 0.651466399025809,
            "global_efficiency": 1.7344012564054463
        },
        {
            "clustering": 0.2854868744355232,
            "modularity": 0.2638289122102459,
            "average_degree": 65.51353711155701,
            "degree_std": 1.9606763946380392,
            "average_shortest_path": 0.6716898624935362,
            "global_efficiency": 1.7023677757047193
        },
        {
            "clustering": 0.4532395937663068,
            "modularity": 0.11132093220189723,
            "average_degree": 87.37127724992129,
            "degree_std": 1.0489551388447977,
            "average_shortest_path": 0.5588368221690596,
            "global_efficiency": 1.9142405965066258
        },
        {
            "clustering": 0.5458086361232034,
            "modularity": 0.06263610369757822,
            "average_degree": 88.52198258081506,
            "degree_std": 1.4167431352668742,
            "average_shortest_path": 0.5525717609929705,
            "global_efficiency": 1.8672865609466065
        },
        {
            "clustering": 0.4110139715067747,
            "modularity": 0.10462713442355198,
            "average_degree": 80.4154400417133,
            "degree_std": 1.3908963068437792,
            "average_shortest_path": 0.5928158262764054,
            "global_efficiency": 1.7659716833644186
        },
        {
            "clustering": 0.2901987999181203,
            "modularity": 0.24121484579023228,
            "average_degree": 65.70013355525516,
            "degree_std": 2.0418542967076276,
            "average_shortest_path": 0.6717911000401187,
            "global_efficiency": 1.7003621150042134
        },
        {
            "clustering": 0.5509170842603814,
            "modularity": 0.03834282928383822,
            "average_degree": 85.45611706152661,
            "degree_std": 2.731058488781748,
            "average_shortest_path": 0.5674562372724948,
            "global_efficiency": 1.7962977063234893
        },
        {
            "clustering": 0.2890641800239759,
            "modularity": 0.2296699644150814,
            "average_degree": 62.08652728311809,
            "degree_std": 1.6101010379914025,
            "average_shortest_path": 0.6895228358707143,
            "global_efficiency": 1.5866729837049338
        }
    ],
    "9": [
        {
            "clustering": 0.48275421299420884,
            "modularity": 0.06258725266725164,
            "average_degree": 84.18301423295802,
            "degree_std": 2.0907001560793956,
            "average_shortest_path": 0.5760966392957955,
            "global_efficiency": 1.7950739664746447
        },
        {
            "clustering": 0.5052904308389689,
            "modularity": 0.11585873834259813,
            "average_degree": 88.55997839826239,
            "degree_std": 1.5439848038893111,
            "average_shortest_path": 0.5533360893827302,
            "global_efficiency": 1.9299021157747658
        },
        {
            "clustering": 0.4975605204625999,
            "modularity": 0.02087440942380855,
            "average_degree": 85.29328542875636,
            "degree_std": 1.8426246016527201,
            "average_shortest_path": 0.5506426315962277,
            "global_efficiency": 1.8790710304694909
        },
        {
            "clustering": 0.5069170144296494,
            "modularity": 0.019928924588764857,
            "average_degree": 82.6889609383264,
            "degree_std": 1.25202399891366,
            "average_shortest_path": 0.5749253110563979,
            "global_efficiency": 1.7814539442912356
        },
        {
            "clustering": 0.5058518786490189,
            "modularity": 0.04710425680046948,
            "average_degree": 87.38674328553093,
            "degree_std": 1.4131601341734947,
            "average_shortest_path": 0.5560922523291851,
            "global_efficiency": 1.8564199482538415
        },
        {
            "clustering": 0.5105162590026808,
            "modularity": 0.059876292864480096,
            "average_degree": 78.15548606040059,
            "degree_std": 2.6712855433321705,
            "average_shortest_path": 0.6058340650783653,
            "global_efficiency": 1.6866316493822247
        },
        {
            "clustering": 0.5272168911255791,
            "modularity": 0.06898949348878486,
            "average_degree": 92.8858906955426,
            "degree_std": 1.7131246195464098,
            "average_shortest_path": 0.5221093972243958,
            "global_efficiency": 2.0092208782776284
        },
        {
            "clustering": 0.544812627509325,
            "modularity": 0.04766786922850496,
            "average_degree": 79.56109156688579,
            "degree_std": 1.1944675887497893,
            "average_shortest_path": 0.5986005610956178,
            "global_efficiency": 1.7056833918612886
        },
        {
            "clustering": 0.595094474944345,
            "modularity": 0.04369984747342369,
            "average_degree": 76.86871582550208,
            "degree_std": 1.6899665769672718,
            "average_shortest_path": 0.6119805481707097,
            "global_efficiency": 1.65569354679631
        },
        {
            "clustering": 0.4283348605186259,
            "modularity": 0.120582522045073,
            "average_degree": 85.28211934788605,
            "degree_std": 1.6365745166772963,
            "average_shortest_path": 0.5697086881581973,
            "global_efficiency": 1.872037918881378
        },
        {
            "clustering": 0.42769313082593846,
            "modularity": 0.1161649759449879,
            "average_degree": 76.01017503799397,
            "degree_std": 0.7602523511102456,
            "average_shortest_path": 0.6175971007388426,
            "global_efficiency": 1.6872491112172243
        },
        {
            "clustering": 0.504340659479187,
            "modularity": 0.009605128665827228,
            "average_degree": 95.01047168742447,
            "degree_std": 0.9399368277902902,
            "average_shortest_path": 0.4870171091349202,
            "global_efficiency": 2.147885555434905
        }
    ],
    "10": [
        {
            "clustering": 0.49916590408261924,
            "modularity": 0.01605300557058113,
            "average_degree": 93.25520943307009,
            "degree_std": 1.6435424944137382,
            "average_shortest_path": 0.4964304216521371,
            "global_efficiency": 2.107846890037461
        },
        {
            "clustering": 0.4821454264241263,
            "modularity": 0.031153960558815766,
            "average_degree": 82.24439114789253,
            "degree_std": 2.0665967465340076,
            "average_shortest_path": 0.5800568184273396,
            "global_efficiency": 1.7568472648095987
        },
        {
            "clustering": 0.4759418367250932,
            "modularity": 0.020183354875973253,
            "average_degree": 89.4782814049452,
            "degree_std": 2.5668039599806387,
            "average_shortest_path": 0.5243893392815512,
            "global_efficiency": 1.9784875141245928
        },
        {
            "clustering": 0.5149698217240536,
            "modularity": 0.03172052644230091,
            "average_degree": 85.72541702510325,
            "degree_std": 2.2623690083117887,
            "average_shortest_path": 0.5519382004468061,
            "global_efficiency": 1.8720782311227513
        },
        {
            "clustering": 0.4628407233672979,
            "modularity": 0.04882507301025574,
            "average_degree": 88.29001057883781,
            "degree_std": 2.318858165929964,
            "average_shortest_path": 0.5547362058156591,
            "global_efficiency": 1.864991237327
        },
        {
            "clustering": 0.45537959658921207,
            "modularity": 0.04283962806345236,
            "average_degree": 91.18571773098346,
            "degree_std": 2.959424859557303,
            "average_shortest_path": 0.5386539378850393,
            "global_efficiency": 1.9284881148627298
        },
        {
            "clustering": 0.5146491287237569,
            "modularity": 0.04162262515606087,
            "average_degree": 86.68474283915324,
            "degree_std": 3.018173104219947,
            "average_shortest_path": 0.5545382354886509,
            "global_efficiency": 1.8693211404579082
        },
        {
            "clustering": 0.4825742466871002,
            "modularity": 0.05630466727493226,
            "average_degree": 88.01316075717878,
            "degree_std": 1.568580621538065,
            "average_shortest_path": 0.555734554738,
            "global_efficiency": 1.8778980182588865
        },
        {
            "clustering": 0.4552473410596055,
            "modularity": 0.054799596810368556,
            "average_degree": 81.55093263356014,
            "degree_std": 1.9659510031229073,
            "average_shortest_path": 0.588996550433933,
            "global_efficiency": 1.7495266498228403
        },
        {
            "clustering": 0.5270384428799602,
            "modularity": 0.030934435083482127,
            "average_degree": 87.63044328021017,
            "degree_std": 2.218755561539678,
            "average_shortest_path": 0.5523594656325688,
            "global_efficiency": 1.860950235169485
        },
        {
            "clustering": 0.48719746809268005,
            "modularity": 0.051309063687459064,
            "average_degree": 74.5472514771729,
            "degree_std": 1.9332104505233827,
            "average_shortest_path": 0.6231818324383752,
            "global_efficiency": 1.6421974741324237
        },
        {
            "clustering": 0.5092465390981847,
            "modularity": 0.038647605767445824,
            "average_degree": 78.22392561308101,
            "degree_std": 2.0675103258216962,
            "average_shortest_path": 0.6040681616451306,
            "global_efficiency": 1.6910494152573465
        }
    ],
    "11": [
        {
            "clustering": 0.6204901580403749,
            "modularity": 0.018093605240725563,
            "average_degree": 101.3134730509829,
            "degree_std": 0.5105036260336664,
            "average_shortest_path": 0.48810229584648795,
            "global_efficiency": 2.066503063198727
        },
        {
            "clustering": 0.5488701674143722,
            "modularity": 0.012042785999182452,
            "average_degree": 89.78468051639011,
            "degree_std": 0.7451912494842581,
            "average_shortest_path": 0.5393740880518911,
            "global_efficiency": 1.8965135873558592
        },
        {
            "clustering": 0.4973718312276924,
            "modularity": 0.022629243902320656,
            "average_degree": 89.26638395538004,
            "degree_std": 0.7808789831209351,
            "average_shortest_path": 0.531720194538387,
            "global_efficiency": 1.9448731710173242
        },
        {
            "clustering": 0.518651217076932,
            "modularity": 0.01847500102535292,
            "average_degree": 91.92255500746992,
            "degree_std": 0.5679044041563428,
            "average_shortest_path": 0.5177197463860228,
            "global_efficiency": 1.9942507589096081
        },
        {
            "clustering": 0.6029508284741141,
            "modularity": 0.008858904258915648,
            "average_degree": 108.3728591599423,
            "degree_std": 0.759511640774381,
            "average_shortest_path": 0.43505137020718754,
            "global_efficiency": 2.3802512347037927
        },
        {
            "clustering": 0.5986015985208732,
            "modularity": 0.017886365409834043,
            "average_degree": 88.69840045195222,
            "degree_std": 0.5925794557136306,
            "average_shortest_path": 0.5513236796195694,
            "global_efficiency": 1.8310882497106116
        },
        {
            "clustering": 0.48716993891955307,
            "modularity": 0.022001238695593492,
            "average_degree": 91.69928933654948,
            "degree_std": 1.2480853266250018,
            "average_shortest_path": 0.5159206697413397,
            "global_efficiency": 2.0058833927115844
        },
        {
            "clustering": 0.5641943367901006,
            "modularity": 0.011077641886094303,
            "average_degree": 81.11235317200865,
            "degree_std": 0.809369226633581,
            "average_shortest_path": 0.5891983904680442,
            "global_efficiency": 1.7130217065349589
        },
        {
            "clustering": 0.6552993203867163,
            "modularity": 0.012022174267561875,
            "average_degree": 108.29583673070812,
            "degree_std": 0.5912969057439229,
            "average_shortest_path": 0.44990516618692256,
            "global_efficiency": 2.268905605823167
        },
        {
            "clustering": 0.6029096452355621,
            "modularity": 0.01771064064704189,
            "average_degree": 88.40087863538838,
            "degree_std": 0.7190132588992559,
            "average_shortest_path": 0.552840931877385,
            "global_efficiency": 1.830283339396811
        },
        {
            "clustering": 0.4774216932371711,
            "modularity": 0.007236197694275168,
            "average_degree": 69.19233229468371,
            "degree_std": 0.8803479131791957,
            "average_shortest_path": 0.6486584886915864,
            "global_efficiency": 1.5586453091964112
        },
        {
            "clustering": 0.5496974253215942,
            "modularity": 0.010189050913438785,
            "average_degree": 85.13330516373652,
            "degree_std": 0.9161040388857565,
            "average_shortest_path": 0.5602124958800507,
            "global_efficiency": 1.8389249508308818
        }
    ]
}