{
    "0": [
        {
            "clustering": 0.004636608983221675,
            "modularity": 0.07577700706141677,
            "average_degree": 1.0117582576121127,
            "degree_std": 1.1169553371734045,
            "average_shortest_path": 0.9949380524412894,
            "global_efficiency": 1.005153318636852
        },
        {
            "clustering": 0.004887188601108593,
            "modularity": 0.10555554602372937,
            "average_degree": 1.015040797788416,
            "degree_std": 0.21050531829345637,
            "average_shortest_path": 0.9949547233935512,
            "global_efficiency": 1.0050737383352857
        },
        {
            "clustering": 0.1240663848586145,
            "modularity": 0.023334798535654917,
            "average_degree": 13.20616830321821,
            "degree_std": 1.4297696158385795,
            "average_shortest_path": 0.9332948632798463,
            "global_efficiency": 1.0717352155873427
        },
        {
            "clustering": 0.0003481174455544749,
            "modularity": 0.7709881248122458,
            "average_degree": 1.2854836606219933,
            "degree_std": 0.356173948305606,
            "average_shortest_path": 0.9963344063383606,
            "global_efficiency": 1.0040962459643807
        },
        {
            "clustering": 0.0022927194071539433,
            "modularity": 0.45129251460396175,
            "average_degree": 1.0451946451493992,
            "degree_std": 0.5768425306283996,
            "average_shortest_path": 0.9951086464632106,
            "global_efficiency": 1.005009438890871
        },
        {
            "clustering": 0.004536603010129245,
            "modularity": 0.19211865780852105,
            "average_degree": 1.0605678699537167,
            "degree_std": 0.22534744139763893,
            "average_shortest_path": 0.9948470731513968,
            "global_efficiency": 1.0051981100281
        },
        {
            "clustering": 0.0011165885843223177,
            "modularity": 0.6944441606344097,
            "average_degree": 2.016795233234011,
            "degree_std": 0.45268349683728587,
            "average_shortest_path": 0.9932204701535391,
            "global_efficiency": 1.0078025036611407
        },
        {
            "clustering": 0.004948217434663608,
            "modularity": 0.08835192367607951,
            "average_degree": 1.0141888378397068,
            "degree_std": 0.22211843304395618,
            "average_shortest_path": 0.9949504241851416,
            "global_efficiency": 1.005077159908653
        },
        {
            "clustering": 0.005261695264767529,
            "modularity": 0.028903289948424667,
            "average_degree": 1.0682858045448036,
            "degree_std": 0.25972385988825025,
            "average_shortest_path": 0.9946575826448134,
            "global_efficiency": 1.0053733819390605
        },
        {
            "clustering": 0.004166538935853116,
            "modularity": 0.22912246123579072,
            "average_degree": 1.018821675545332,
            "degree_std": 0.823311420253344,
            "average_shortest_path": 0.9949740904123198,
            "global_efficiency": 1.0053615231285622
        },
        {
            "clustering": 0.0011963620412449051,
            "modularity": 0.6077307653467735,
            "average_degree": 1.1199926612818376,
            "degree_std": 0.18956838621809044,
            "average_shortest_path": 0.9954735169460499,
            "global_efficiency": 1.0047348525656876
        },
        {
            "clustering": 0.0020327048378235043,
            "modularity": 0.4979989643276903,
            "average_degree": 1.0830883764974253,
            "degree_std": 0.1861531059127336,
            "average_shortest_path": 0.9952844943340656,
            "global_efficiency": 1.0048464040616
        }
    ],
    "1": [
        {
            "clustering": 0.07165298112579101,
            "modularity": 0.308964818334569,
            "average_degree": 21.509491495747525,
            "degree_std": 1.1020200547840997,
            "average_shortest_path": 0.8965146827557843,
            "global_efficiency": 1.1493583364546494
        },
        {
            "clustering": 0.002131637691356842,
            "modularity": 0.4935238838587508,
            "average_degree": 1.1023118058686119,
            "degree_std": 0.14706186905794216,
            "average_shortest_path": 0.9950084012689103,
            "global_efficiency": 1.0051287780827025
        },
        {
            "clustering": 0.2519563013539257,
            "modularity": 0.17285108163152618,
            "average_degree": 54.11934897217935,
            "degree_std": 0.7020244663828376,
            "average_shortest_path": 0.7301146925407627,
            "global_efficiency": 1.459899951255798
        },
        {
            "clustering": 0.19041206513630765,
            "modularity": 0.18968030413185144,
            "average_degree": 44.10267482165015,
            "degree_std": 0.8005724640625841,
            "average_shortest_path": 0.7809535392899416,
            "global_efficiency": 1.3388275379434664
        },
        {
            "clustering": 0.014871706563420592,
            "modularity": 0.23442281659390712,
            "average_degree": 3.5626568906038005,
            "degree_std": 0.1422034079137252,
            "average_shortest_path": 0.9823509950868312,
            "global_efficiency": 1.018142929905638
        },
        {
            "clustering": 0.005470568925270849,
            "modularity": 0.4254858207605384,
            "average_degree": 2.4350460485527874,
            "degree_std": 0.20698863292673159,
            "average_shortest_path": 0.9895566932750939,
            "global_efficiency": 1.0109926271243532
        },
        {
            "clustering": 0.1848132022098339,
            "modularity": 0.005542043478386909,
            "average_degree": 37.50963213253774,
            "degree_std": 0.535394893680823,
            "average_shortest_path": 0.8095759725874644,
            "global_efficiency": 1.2409723296314834
        },
        {
            "clustering": 0.030971674215425144,
            "modularity": 0.11153500794475835,
            "average_degree": 6.655158427233122,
            "degree_std": 0.5547610179247416,
            "average_shortest_path": 0.9664768159344235,
            "global_efficiency": 1.0350872393732085
        },
        {
            "clustering": 0.11557689013451401,
            "modularity": 0.20405558221791398,
            "average_degree": 26.06349598861349,
            "degree_std": 0.3811727561234361,
            "average_shortest_path": 0.8697739140636854,
            "global_efficiency": 1.158281743965094
        },
        {
            "clustering": 0.33125166141295437,
            "modularity": 0.1271345440370611,
            "average_degree": 65.55384963353924,
            "degree_std": 1.2763174719660275,
            "average_shortest_path": 0.6711644400107883,
            "global_efficiency": 1.5710166866556379
        },
        {
            "clustering": 0.0004208076892814408,
            "modularity": 0.8564481111933183,
            "average_degree": 1.2159082339090894,
            "degree_std": 0.1942856351754517,
            "average_shortest_path": 0.9945749480017978,
            "global_efficiency": 1.0086292312680603
        },
        {
            "clustering": 0.0035026032912940266,
            "modularity": 0.6288815116601194,
            "average_degree": 3.9260251628013276,
            "degree_std": 0.4868549032189243,
            "average_shortest_path": 0.9846678456308818,
            "global_efficiency": 1.0188982051196647
        }
    ],
    "2": [
        {
            "clustering": 0.04339394205551384,
            "modularity": 0.39073237298367863,
            "average_degree": 16.03635032153966,
            "degree_std": 0.9341935717021175,
            "average_shortest_path": 0.9234857001160945,
            "global_efficiency": 1.1130842356518158
        },
        {
            "clustering": 0.23167485150812056,
            "modularity": 0.13540861925749756,
            "average_degree": 48.85185791568338,
            "degree_std": 0.716476512095768,
            "average_shortest_path": 0.7541402078489808,
            "global_efficiency": 1.3505284059123341
        },
        {
            "clustering": 0.13355752388985143,
            "modularity": 0.1776915855700707,
            "average_degree": 29.279685924367634,
            "degree_std": 0.29274448693821914,
            "average_shortest_path": 0.85340755451282,
            "global_efficiency": 1.1809029243270817
        },
        {
            "clustering": 0.001116022420148779,
            "modularity": 0.7456357328035039,
            "average_degree": 1.4311979171164788,
            "degree_std": 0.24545953620142172,
            "average_shortest_path": 0.9937462048370878,
            "global_efficiency": 1.0085206784600618
        },
        {
            "clustering": 0.027428168284858518,
            "modularity": 0.3408457791499434,
            "average_degree": 8.746534645980498,
            "degree_std": 0.3627141626621642,
            "average_shortest_path": 0.9581899178644986,
            "global_efficiency": 1.0474478713435351
        },
        {
            "clustering": 0.06531434768509355,
            "modularity": 0.18335727821294107,
            "average_degree": 14.658873649487985,
            "degree_std": 0.153902042288937,
            "average_shortest_path": 0.9267672460754597,
            "global_efficiency": 1.0811205510299102
        },
        {
            "clustering": 0.0008390473921691269,
            "modularity": 0.7397462335372247,
            "average_degree": 1.3166370807740087,
            "degree_std": 0.2541755625452871,
            "average_shortest_path": 0.9940530520958554,
            "global_efficiency": 1.008498577361044
        },
        {
            "clustering": 0.03215113902315638,
            "modularity": 0.3417500910091439,
            "average_degree": 10.180743437323944,
            "degree_std": 0.4771116934036947,
            "average_shortest_path": 0.9512746496746846,
            "global_efficiency": 1.056582324381771
        },
        {
            "clustering": 0.005368035411183479,
            "modularity": 0.2397547827190587,
            "average_degree": 1.3015452273877026,
            "degree_std": 0.10576635775594875,
            "average_shortest_path": 0.9935801167942444,
            "global_efficiency": 1.0064841309356622
        },
        {
            "clustering": 0.07456074785851953,
            "modularity": 0.1741405200687689,
            "average_degree": 16.668133253891337,
            "degree_std": 0.2113375243742933,
            "average_shortest_path": 0.9168035719001297,
            "global_efficiency": 1.0936560234120198
        },
        {
            "clustering": 0.03662877750085954,
            "modularity": 0.4070885088039585,
            "average_degree": 14.0774548045444,
            "degree_std": 0.8722500696651035,
            "average_shortest_path": 0.9333804202985951,
            "global_efficiency": 1.0958605895315192
        },
        {
            "clustering": 0.21011222991529574,
            "modularity": 0.2138479497862073,
            "average_degree": 48.6911538554432,
            "degree_std": 1.0365340380006212,
            "average_shortest_path": 0.7576281793111677,
            "global_efficiency": 1.4139063530234428
        }
    ],
    "3": [
        {
            "clustering": 0.7457445239270215,
            "modularity": 0.014096162284584664,
            "average_degree": 140.45597360658897,
            "degree_std": 1.1109890474975266,
            "average_shortest_path": 0.28953943644550617,
            "global_efficiency": 3.5297017522846326
        },
        {
            "clustering": 0.024457293243178847,
            "modularity": 0.338715405845745,
            "average_degree": 4.731271961503835,
            "degree_std": 0.4593309777371905,
            "average_shortest_path": 0.9773572129869478,
            "global_efficiency": 1.0259919807907136
        },
        {
            "clustering": 0.10803941079967179,
            "modularity": 0.23280950130922706,
            "average_degree": 18.627511390748335,
            "degree_std": 1.1523795017534948,
            "average_shortest_path": 0.9075612736414946,
            "global_efficiency": 1.1128311657089007
        },
        {
            "clustering": 0.08177866331328157,
            "modularity": 0.2875220593184319,
            "average_degree": 16.187862087660573,
            "degree_std": 0.8415207332651621,
            "average_shortest_path": 0.9216135620619954,
            "global_efficiency": 1.0959848788441164
        },
        {
            "clustering": 0.28136960513517506,
            "modularity": 0.1821168654164441,
            "average_degree": 62.41324987513953,
            "degree_std": 1.2777156980296522,
            "average_shortest_path": 0.6895271557727016,
            "global_efficiency": 1.590763532878886
        },
        {
            "clustering": 0.034005540678562776,
            "modularity": 0.22236141823382502,
            "average_degree": 7.605478915927518,
            "degree_std": 0.1478709349551163,
            "average_shortest_path": 0.961952705194409,
            "global_efficiency": 1.0400586740453652
        },
        {
            "clustering": 0.18077619929204478,
            "modularity": 0.20418885079785712,
            "average_degree": 40.051591917285826,
            "degree_std": 0.5237860753264235,
            "average_shortest_path": 0.7988715676222651,
            "global_efficiency": 1.2784053575965129
        },
        {
            "clustering": 0.05700372014740527,
            "modularity": 0.009322699805230412,
            "average_degree": 11.302235877653905,
            "degree_std": 0.09070378438513872,
            "average_shortest_path": 0.942951387927066,
            "global_efficiency": 1.060509198355384
        },
        {
            "clustering": 0.3549869102568846,
            "modularity": 0.16916995104594476,
            "average_degree": 76.3994999523838,
            "degree_std": 1.1476154738071347,
            "average_shortest_path": 0.6162926108470422,
            "global_efficiency": 1.8468256171254427
        },
        {
            "clustering": 0.12264151889242238,
            "modularity": 0.22402629167403176,
            "average_degree": 27.638024724293572,
            "degree_std": 0.4961376747510584,
            "average_shortest_path": 0.8617728182298272,
            "global_efficiency": 1.170808912231428
        },
        {
            "clustering": 0.43395902592318664,
            "modularity": 0.06038399226184981,
            "average_degree": 87.66433955651438,
            "degree_std": 0.59921393586517,
            "average_shortest_path": 0.467728315139112,
            "global_efficiency": 2.3180892157300956
        },
        {
            "clustering": 0.08007127302345195,
            "modularity": 0.2714144391876635,
            "average_degree": 15.895805808393774,
            "degree_std": 0.7975289921379125,
            "average_shortest_path": 0.9229202435694572,
            "global_efficiency": 1.0931247339193584
        }
    ],
    "4": [
        {
            "clustering": 0.1310866775921392,
            "modularity": 0.09713546902454867,
            "average_degree": 27.078328414576575,
            "degree_std": 0.2126852638138809,
            "average_shortest_path": 0.8629135254606239,
            "global_efficiency": 1.1624455627640755
        },
        {
            "clustering": 0.5903728220986667,
            "modularity": 0.011678027295002174,
            "average_degree": 90.50608572366178,
            "degree_std": 0.5901326316416368,
            "average_shortest_path": 0.5421756923973049,
            "global_efficiency": 1.8725476038382294
        },
        {
            "clustering": 0.11602637660216454,
            "modularity": 0.2624208113393256,
            "average_degree": 30.04407168311521,
            "degree_std": 1.195703106520475,
            "average_shortest_path": 0.8535874618931029,
            "global_efficiency": 1.2356587997338635
        },
        {
            "clustering": 0.33379679050309163,
            "modularity": 0.13729424721008,
            "average_degree": 71.96339549356796,
            "degree_std": 1.1658331892663543,
            "average_shortest_path": 0.6407256062690287,
            "global_efficiency": 1.7220317425319167
        },
        {
            "clustering": 0.42743493077441735,
            "modularity": 0.012756807908120145,
            "average_degree": 56.24727431743079,
            "degree_std": 0.4001399749631325,
            "average_shortest_path": 0.7159311939313713,
            "global_efficiency": 1.3978535926364957
        },
        {
            "clustering": 0.22820631637839087,
            "modularity": 0.18381720476068017,
            "average_degree": 52.42482542805889,
            "degree_std": 0.9946476770946321,
            "average_shortest_path": 0.7404324808101758,
            "global_efficiency": 1.4657097458942197
        },
        {
            "clustering": 0.33190969514816726,
            "modularity": 0.17292765966202786,
            "average_degree": 69.26795518826087,
            "degree_std": 0.5983363591258042,
            "average_shortest_path": 0.6532203879855111,
            "global_efficiency": 1.7154132724263946
        },
        {
            "clustering": 0.17184946544183538,
            "modularity": 0.19419286935470909,
            "average_degree": 21.457775179734526,
            "degree_std": 1.4245923671017173,
            "average_shortest_path": 0.8928311434896039,
            "global_efficiency": 1.1336237825793942
        },
        {
            "clustering": 0.1624549936128235,
            "modularity": 0.012888121612794949,
            "average_degree": 33.55065364500133,
            "degree_std": 0.3630910815102961,
            "average_shortest_path": 0.8299583289109775,
            "global_efficiency": 1.2112488893869293
        },
        {
            "clustering": 0.16851644782200897,
            "modularity": 0.1658795319402408,
            "average_degree": 37.04366987168178,
            "degree_std": 0.6612983738938137,
            "average_shortest_path": 0.8153131224257947,
            "global_efficiency": 1.2451453789053941
        },
        {
            "clustering": 0.11788071609793964,
            "modularity": 0.24120692784860337,
            "average_degree": 18.777122456055256,
            "degree_std": 0.9120740979020061,
            "average_shortest_path": 0.9085910483235714,
            "global_efficiency": 1.1134077688608992
        },
        {
            "clustering": 0.12445052214925588,
            "modularity": 0.06587378487119644,
            "average_degree": 25.621302359995752,
            "degree_std": 0.2943878642949332,
            "average_shortest_path": 0.8700044423210239,
            "global_efficiency": 1.1524972103717488
        }
    ],
    "5": [
        {
            "clustering": 0.210881018112981,
            "modularity": 0.10361650110744242,
            "average_degree": 43.370421669256444,
            "degree_std": 0.24280882671717893,
            "average_shortest_path": 0.7820367506200604,
            "global_efficiency": 1.2895752609010542
        },
        {
            "clustering": 0.2032039379444008,
            "modularity": 0.09223096061561306,
            "average_degree": 41.17331211793382,
            "degree_std": 0.5038238484100076,
            "average_shortest_path": 0.7923420754205109,
            "global_efficiency": 1.2676225367785963
        },
        {
            "clustering": 0.24539974164087025,
            "modularity": 0.007648469248941393,
            "average_degree": 50.78888159870863,
            "degree_std": 0.7641723014897404,
            "average_shortest_path": 0.7412604487313045,
            "global_efficiency": 1.3728062977351183
        },
        {
            "clustering": 0.3563264962926979,
            "modularity": 0.11304406413756886,
            "average_degree": 72.19624392326757,
            "degree_std": 0.8881041268495748,
            "average_shortest_path": 0.6393899269540935,
            "global_efficiency": 1.6716319784491966
        },
        {
            "clustering": 0.10057689304134189,
            "modularity": 0.022273249606880922,
            "average_degree": 20.06878213626223,
            "degree_std": 0.37866184844327694,
            "average_shortest_path": 0.8985111203500323,
            "global_efficiency": 1.113286531922474
        },
        {
            "clustering": 0.23157431632174105,
            "modularity": 0.17680097399564643,
            "average_degree": 51.93846929394058,
            "degree_std": 1.1894626770010255,
            "average_shortest_path": 0.7383376188119962,
            "global_efficiency": 1.4758097494539715
        },
        {
            "clustering": 0.24133101733870144,
            "modularity": 0.1605555105225093,
            "average_degree": 49.799712265733135,
            "degree_std": 0.7527543255929746,
            "average_shortest_path": 0.7451024835422598,
            "global_efficiency": 1.4126681478899294
        },
        {
            "clustering": 0.3688723518793406,
            "modularity": 0.10301810352907612,
            "average_degree": 61.1589903045846,
            "degree_std": 1.1357305508501851,
            "average_shortest_path": 0.6932159262551364,
            "global_efficiency": 1.4765589410141047
        },
        {
            "clustering": 0.09781233228792935,
            "modularity": 0.12696081084407157,
            "average_degree": 20.071295942789323,
            "degree_std": 0.13509059394499517,
            "average_shortest_path": 0.8991436417713683,
            "global_efficiency": 1.113473930174456
        },
        {
            "clustering": 0.22303121054983216,
            "modularity": 0.1541735886377646,
            "average_degree": 28.519096318862776,
            "degree_std": 1.1436598632719592,
            "average_shortest_path": 0.8573709793644725,
            "global_efficiency": 1.1772139435531934
        },
        {
            "clustering": 0.2412862265248778,
            "modularity": 0.15313004680928327,
            "average_degree": 43.756214267632956,
            "degree_std": 1.1289099097029607,
            "average_shortest_path": 0.7824937892398843,
            "global_efficiency": 1.3183716605429001
        },
        {
            "clustering": 0.5190531360905114,
            "modularity": 0.029707039420971127,
            "average_degree": 85.41071982236143,
            "degree_std": 1.0076882562841996,
            "average_shortest_path": 0.566671953323928,
            "global_efficiency": 1.7938624852470968
        }
    ],
    "6": [
        {
            "clustering": 0.1972047933400766,
            "modularity": 0.035625187167763,
            "average_degree": 40.58528889502658,
            "degree_std": 0.3560251905862156,
            "average_shortest_path": 0.7941132000646467,
            "global_efficiency": 1.2689983116056922
        },
        {
            "clustering": 0.2567771652313901,
            "modularity": 0.00822600241725071,
            "average_degree": 50.936740689581995,
            "degree_std": 0.4930167315242557,
            "average_shortest_path": 0.742300463939175,
            "global_efficiency": 1.3488756683683532
        },
        {
            "clustering": 0.17255555375514203,
            "modularity": 0.17990163884598806,
            "average_degree": 24.966240059482942,
            "degree_std": 1.0349902027692988,
            "average_shortest_path": 0.8772884297643181,
            "global_efficiency": 1.1527253205948587
        },
        {
            "clustering": 0.13593806398946434,
            "modularity": 0.009414958489783461,
            "average_degree": 26.962387998216883,
            "degree_std": 0.21864279240138124,
            "average_shortest_path": 0.8636617719515609,
            "global_efficiency": 1.1581109550872377
        },
        {
            "clustering": 0.1380682903737225,
            "modularity": 0.16581423463097225,
            "average_degree": 29.199640406093167,
            "degree_std": 0.3214145331034819,
            "average_shortest_path": 0.853461440460151,
            "global_efficiency": 1.1775548804307678
        },
        {
            "clustering": 0.09327175399190012,
            "modularity": 0.16615422022446125,
            "average_degree": 19.86223047644069,
            "degree_std": 0.23339688742118295,
            "average_shortest_path": 0.9005286697892673,
            "global_efficiency": 1.1129803387918626
        },
        {
            "clustering": 0.2204414254807751,
            "modularity": 0.15638950096763515,
            "average_degree": 48.666205502711655,
            "degree_std": 1.0524111760350159,
            "average_shortest_path": 0.7588447397942089,
            "global_efficiency": 1.3732110256840089
        },
        {
            "clustering": 0.20536860207260269,
            "modularity": 0.19066596880435863,
            "average_degree": 29.78427453758038,
            "degree_std": 0.9954983744802677,
            "average_shortest_path": 0.8520032476323948,
            "global_efficiency": 1.1916703806374342
        },
        {
            "clustering": 0.14669682852354024,
            "modularity": 0.07368644866478924,
            "average_degree": 29.477053217199447,
            "degree_std": 0.20423272642693005,
            "average_shortest_path": 0.8515820635280104,
            "global_efficiency": 1.1755348120043587
        },
        {
            "clustering": 0.2836556950104109,
            "modularity": 0.16760556005900562,
            "average_degree": 62.02823900187888,
            "degree_std": 1.236377362495862,
            "average_shortest_path": 0.6914923397482792,
            "global_efficiency": 1.5722648271042805
        },
        {
            "clustering": 0.17883652148706372,
            "modularity": 0.12936711541648543,
            "average_degree": 38.03795601388101,
            "degree_std": 0.5749596456434749,
            "average_shortest_path": 0.8095434738277036,
            "global_efficiency": 1.2482886298803377
        },
        {
            "clustering": 0.4429498930458517,
            "modularity": 0.006895451320073222,
            "average_degree": 91.74094172210124,
            "degree_std": 1.485092692095208,
            "average_shortest_path": 0.4066392338335804,
            "global_efficiency": 2.746339450973814
        }
    ],
    "7": [
        {
            "clustering": 0.2762034310760956,
            "modularity": 0.1335299206348765,
            "average_degree": 59.597512403353754,
            "degree_std": 0.7660222959310335,
            "average_shortest_path": 0.7027488416107497,
            "global_efficiency": 1.5033323337342352
        },
        {
            "clustering": 0.35636555396243347,
            "modularity": 0.1230479020728236,
            "average_degree": 70.8757406207729,
            "degree_std": 1.2917072596813992,
            "average_shortest_path": 0.645990616500754,
            "global_efficiency": 1.669982232112248
        },
        {
            "clustering": 0.16715273579040837,
            "modularity": 0.15040008872164123,
            "average_degree": 36.59959509050958,
            "degree_std": 1.2450200357041135,
            "average_shortest_path": 0.8182172656850158,
            "global_efficiency": 1.2435413957879002
        },
        {
            "clustering": 0.3156739411982174,
            "modularity": 0.1180901902545228,
            "average_degree": 51.51080600499771,
            "degree_std": 1.1119613761353897,
            "average_shortest_path": 0.741562566319925,
            "global_efficiency": 1.3834018912387047
        },
        {
            "clustering": 0.3156491726977114,
            "modularity": 0.11931181866752497,
            "average_degree": 67.10803106068099,
            "degree_std": 0.8383975715919019,
            "average_shortest_path": 0.6646880810237191,
            "global_efficiency": 1.5922731419160625
        },
        {
            "clustering": 0.345098460879481,
            "modularity": 0.12988559624346002,
            "average_degree": 72.37642980329086,
            "degree_std": 0.9096852351464829,
            "average_shortest_path": 0.6379140573784348,
            "global_efficiency": 1.6759664481925765
        },
        {
            "clustering": 0.3823634510679505,
            "modularity": 0.0751497839125114,
            "average_degree": 78.29240291636768,
            "degree_std": 0.6928195461575302,
            "average_shortest_path": 0.6073086496763637,
            "global_efficiency": 1.71277356725739
        },
        {
            "clustering": 0.20944996118577722,
            "modularity": 0.1081584659792241,
            "average_degree": 43.868545906409835,
            "degree_std": 0.5952145198695448,
            "average_shortest_path": 0.7803159310135326,
            "global_efficiency": 1.2963523539452542
        },
        {
            "clustering": 0.1015094444124959,
            "modularity": 0.09881316388039094,
            "average_degree": 20.64437231889213,
            "degree_std": 0.18853686280896115,
            "average_shortest_path": 0.8959767920957818,
            "global_efficiency": 1.1171961337307998
        },
        {
            "clustering": 0.2477029838850154,
            "modularity": 0.14268410366614193,
            "average_degree": 53.766910511891496,
            "degree_std": 1.163486447857025,
            "average_shortest_path": 0.7321964185529349,
            "global_efficiency": 1.426189764208671
        },
        {
            "clustering": 0.24643477758108448,
            "modularity": 0.02256866225601145,
            "average_degree": 48.9666212043097,
            "degree_std": 0.46872263444766465,
            "average_shortest_path": 0.7524543767023748,
            "global_efficiency": 1.3309254338482273
        },
        {
            "clustering": 0.46767655696196725,
            "modularity": 0.01988535422979036,
            "average_degree": 94.82001294258252,
            "degree_std": 2.160269368314688,
            "average_shortest_path": 0.3857287192391285,
            "global_efficiency": 2.877454288014628
        }
    ],
    "8": [
        {
            "clustering": 0.40901737242179437,
            "modularity": 0.1397578347534929,
            "average_degree": 86.09921475455982,
            "degree_std": 0.8164553925092815,
            "average_shortest_path": 0.5680916157752857,
            "global_efficiency": 1.9862535722880117
        },
        {
            "clustering": 0.31233713499715915,
            "modularity": 0.1953584527361129,
            "average_degree": 69.38670592498246,
            "degree_std": 0.9157306519471797,
            "average_shortest_path": 0.6536633523971461,
            "global_efficiency": 1.7197151606782841
        },
        {
            "clustering": 0.33236035409672954,
            "modularity": 0.136507602338769,
            "average_degree": 71.03266947989687,
            "degree_std": 0.8136539632798274,
            "average_shortest_path": 0.6447061237084699,
            "global_efficiency": 1.6786984005386008
        },
        {
            "clustering": 0.5384412488040338,
            "modularity": 0.04388327251493719,
            "average_degree": 95.84201185300029,
            "degree_std": 0.659093321438646,
            "average_shortest_path": 0.5161182970757171,
            "global_efficiency": 1.9896945018114873
        },
        {
            "clustering": 0.3222083606066179,
            "modularity": 0.17048914653251118,
            "average_degree": 69.6680418558682,
            "degree_std": 0.6043041797478571,
            "average_shortest_path": 0.6513637043839822,
            "global_efficiency": 1.6584284723031832
        },
        {
            "clustering": 0.22944060244336068,
            "modularity": 0.19712942072982947,
            "average_degree": 51.60256070741957,
            "degree_std": 0.7565094781491217,
            "average_shortest_path": 0.7431280850431384,
            "global_efficiency": 1.4241647499222092
        },
        {
            "clustering": 0.20359134299861537,
            "modularity": 0.20234681529268142,
            "average_degree": 45.842372706395935,
            "degree_std": 0.9825610373990389,
            "average_shortest_path": 0.771964288124963,
            "global_efficiency": 1.349185421771116
        },
        {
            "clustering": 0.3364005130504458,
            "modularity": 0.15223532704022635,
            "average_degree": 72.24913718608325,
            "degree_std": 0.958550338168447,
            "average_shortest_path": 0.6387551719283914,
            "global_efficiency": 1.7117367862402877
        },
        {
            "clustering": 0.3086497937231945,
            "modularity": 0.13159164793815747,
            "average_degree": 65.6504658635508,
            "degree_std": 0.7522961700776254,
            "average_shortest_path": 0.6714913477429731,
            "global_efficiency": 1.5768910852306122
        },
        {
            "clustering": 0.4168387196757651,
            "modularity": 0.11611705908853885,
            "average_degree": 75.49627731391426,
            "degree_std": 0.6950052877325206,
            "average_shortest_path": 0.6211880744982208,
            "global_efficiency": 1.700094933660679
        },
        {
            "clustering": 0.2584850937748867,
            "modularity": 0.14934681288393845,
            "average_degree": 54.710219838695394,
            "degree_std": 0.6672601753937649,
            "average_shortest_path": 0.7260341423010628,
            "global_efficiency": 1.4166663378487212
        },
        {
            "clustering": 0.366720202601338,
            "modularity": 0.14460625825882642,
            "average_degree": 77.6015735184888,
            "degree_std": 0.6854619984016342,
            "average_shortest_path": 0.6112152509132205,
            "global_efficiency": 1.7796717718502288
        }
    ],
    "9": [
        {
            "clustering": 0.05971661011443865,
            "modularity": 0.05503629578227808,
            "average_degree": 12.025749185763186,
            "degree_std": 0.13746559737946681,
            "average_shortest_path": 0.9395751118111648,
            "global_efficiency": 1.0644660634926446
        },
        {
            "clustering": 0.374825076720357,
            "modularity": 0.12210483869071276,
            "average_degree": 78.08608896042143,
            "degree_std": 1.132936774312499,
            "average_shortest_path": 0.6077779169848808,
            "global_efficiency": 1.7654918798499273
        },
        {
            "clustering": 0.4076935195993816,
            "modularity": 0.10187866777755422,
            "average_degree": 83.89514655803012,
            "degree_std": 0.8269414629861677,
            "average_shortest_path": 0.5784570778020547,
            "global_efficiency": 1.8455923426006824
        },
        {
            "clustering": 0.37684801646632815,
            "modularity": 0.10638193956454675,
            "average_degree": 75.923187825033,
            "degree_std": 1.3425090223233722,
            "average_shortest_path": 0.6187991997918721,
            "global_efficiency": 1.6784500084343266
        },
        {
            "clustering": 0.3789254891577868,
            "modularity": 0.11013534929394375,
            "average_degree": 75.80303154203784,
            "degree_std": 0.6757631914647109,
            "average_shortest_path": 0.6191788525916977,
            "global_efficiency": 1.6902134381286509
        },
        {
            "clustering": 0.4135890808720073,
            "modularity": 0.12037577641133064,
            "average_degree": 85.61911540267818,
            "degree_std": 1.1749592756306726,
            "average_shortest_path": 0.570032077152896,
            "global_efficiency": 1.8965305025807822
        },
        {
            "clustering": 0.4592641503482706,
            "modularity": 0.08697748081389084,
            "average_degree": 92.29142276373261,
            "degree_std": 0.8288343206228601,
            "average_shortest_path": 0.535138636045222,
            "global_efficiency": 2.00005875702508
        },
        {
            "clustering": 0.36440986873841413,
            "modularity": 0.1312858114771307,
            "average_degree": 76.19211629157148,
            "degree_std": 1.1054235375826038,
            "average_shortest_path": 0.6173319708725931,
            "global_efficiency": 1.7297157848937355
        },
        {
            "clustering": 0.20426935217498327,
            "modularity": 0.05579206521851357,
            "average_degree": 41.10448833757046,
            "degree_std": 0.4271993274840991,
            "average_shortest_path": 0.7919668725681359,
            "global_efficiency": 1.2672361166962145
        },
        {
            "clustering": 0.4210277495586438,
            "modularity": 0.12141097551517319,
            "average_degree": 86.19074228482737,
            "degree_std": 0.9812443705750084,
            "average_shortest_path": 0.567139045527193,
            "global_efficiency": 1.9206568404846804
        },
        {
            "clustering": 0.5472503140786924,
            "modularity": 0.029302306346193886,
            "average_degree": 95.23116184198756,
            "degree_std": 0.6165080005263509,
            "average_shortest_path": 0.5144133539637864,
            "global_efficiency": 1.9886539603683588
        },
        {
            "clustering": 0.39461772732998623,
            "modularity": 0.10942399096346966,
            "average_degree": 81.12219739922278,
            "degree_std": 0.8652070014603795,
            "average_shortest_path": 0.5925516862096193,
            "global_efficiency": 1.7872997244369027
        }
    ],
    "10": [
        {
            "clustering": 0.4780167158945367,
            "modularity": 0.050927265679640926,
            "average_degree": 87.93141013625639,
            "degree_std": 1.0401923189780742,
            "average_shortest_path": 0.5571695129646463,
            "global_efficiency": 1.851465098189822
        },
        {
            "clustering": 0.40073430623454925,
            "modularity": 0.10963340475137257,
            "average_degree": 76.45364513599894,
            "degree_std": 1.008451381406676,
            "average_shortest_path": 0.6160852433502921,
            "global_efficiency": 1.7013467954016184
        },
        {
            "clustering": 0.45858524439036163,
            "modularity": 0.020760399159118398,
            "average_degree": 91.59008970326849,
            "degree_std": 1.0160255448440003,
            "average_shortest_path": 0.5334603775164554,
            "global_efficiency": 1.9159638202913665
        },
        {
            "clustering": 0.5414818548696804,
            "modularity": 0.007857660761152551,
            "average_degree": 104.40098351877351,
            "degree_std": 0.8733742279802412,
            "average_shortest_path": 0.4461222756960831,
            "global_efficiency": 2.3324378036394715
        },
        {
            "clustering": 0.5284731413585128,
            "modularity": 0.06571112149153632,
            "average_degree": 89.35954600265495,
            "degree_std": 0.8629271667407338,
            "average_shortest_path": 0.5500814189649879,
            "global_efficiency": 1.8653662983117536
        },
        {
            "clustering": 0.5051616826404971,
            "modularity": 0.1023900863391561,
            "average_degree": 90.87877326579442,
            "degree_std": 0.9239066195761472,
            "average_shortest_path": 0.5422972291065575,
            "global_efficiency": 1.952760867033979
        },
        {
            "clustering": 0.40354004690003265,
            "modularity": 0.08246549359408645,
            "average_degree": 82.26039219210547,
            "degree_std": 0.9081528455938926,
            "average_shortest_path": 0.5861903486579008,
            "global_efficiency": 1.7791381424911146
        },
        {
            "clustering": 0.4891209981804195,
            "modularity": 0.0947347457446092,
            "average_degree": 94.30784753759868,
            "degree_std": 0.6050355323408838,
            "average_shortest_path": 0.5251160530007023,
            "global_efficiency": 2.020563433964358
        },
        {
            "clustering": 0.5074900492159228,
            "modularity": 0.07507530548898222,
            "average_degree": 81.30057047458969,
            "degree_std": 1.093336818047381,
            "average_shortest_path": 0.5908984294182131,
            "global_efficiency": 1.7457822567632721
        },
        {
            "clustering": 0.44481269643728344,
            "modularity": 0.1129300928008557,
            "average_degree": 85.40253605021995,
            "degree_std": 1.2333561780928792,
            "average_shortest_path": 0.5677032659381813,
            "global_efficiency": 1.8737574381696678
        },
        {
            "clustering": 0.4715188300065663,
            "modularity": 0.10152472889441744,
            "average_degree": 92.45821336644478,
            "degree_std": 1.8161268434111602,
            "average_shortest_path": 0.5320851763037527,
            "global_efficiency": 2.033999453606437
        },
        {
            "clustering": 0.5170525376845106,
            "modularity": 0.06414995043307106,
            "average_degree": 83.4901257111063,
            "degree_std": 0.9090566731485988,
            "average_shortest_path": 0.578995295341182,
            "global_efficiency": 1.779728577184459
        }
    ],
    "11": [
        {
            "clustering": 0.5831104132366889,
            "modularity": 0.01477302917980941,
            "average_degree": 94.79038033152139,
            "degree_std": 0.4913114251384567,
            "average_shortest_path": 0.5146650298758392,
            "global_efficiency": 1.9925473119301533
        },
        {
            "clustering": 0.5246908513116585,
            "modularity": 0.026614837721703394,
            "average_degree": 89.51834262441766,
            "degree_std": 0.7334053574658771,
            "average_shortest_path": 0.5349333673695523,
            "global_efficiency": 1.9304966726184931
        },
        {
            "clustering": 0.5141772509960587,
            "modularity": 0.015301297978638587,
            "average_degree": 87.87040436195444,
            "degree_std": 0.880753286638117,
            "average_shortest_path": 0.5398789147219184,
            "global_efficiency": 1.9111687193390348
        },
        {
            "clustering": 0.5849776049832741,
            "modularity": 0.024259119712757547,
            "average_degree": 104.0815147208893,
            "degree_std": 1.097534920466655,
            "average_shortest_path": 0.4529162644876861,
            "global_efficiency": 2.294510875133329
        },
        {
            "clustering": 0.5063366250610363,
            "modularity": 0.02356000782355401,
            "average_degree": 83.58557095349052,
            "degree_std": 0.842415897724124,
            "average_shortest_path": 0.5711138642746266,
            "global_efficiency": 1.7876408862378512
        },
        {
            "clustering": 0.507087248003787,
            "modularity": 0.01980797162181184,
            "average_degree": 90.50344139564857,
            "degree_std": 0.6234313471463394,
            "average_shortest_path": 0.5279381165922917,
            "global_efficiency": 1.9510160503817355
        },
        {
            "clustering": 0.6492459341108239,
            "modularity": 0.019268560742366526,
            "average_degree": 100.68738529374887,
            "degree_std": 1.3768214507841428,
            "average_shortest_path": 0.4866264588381421,
            "global_efficiency": 2.104938088518038
        },
        {
            "clustering": 0.5124851972411882,
            "modularity": 0.022034935796936467,
            "average_degree": 78.13241282728022,
            "degree_std": 0.7729798907980441,
            "average_shortest_path": 0.6019069357654262,
            "global_efficiency": 1.6956504737490479
        },
        {
            "clustering": 0.6052990731662307,
            "modularity": 0.020667842483287027,
            "average_degree": 87.83782732612202,
            "degree_std": 0.3885278465768813,
            "average_shortest_path": 0.5558794559008804,
            "global_efficiency": 1.8169794727807698
        },
        {
            "clustering": 0.4740021112901909,
            "modularity": 0.014193234436573731,
            "average_degree": 82.49852676417753,
            "degree_std": 1.1970230541660207,
            "average_shortest_path": 0.5693927983278025,
            "global_efficiency": 1.8108054822135622
        },
        {
            "clustering": 0.516203824290413,
            "modularity": 0.016029515112266947,
            "average_degree": 85.20068347595621,
            "degree_std": 0.8770214821846938,
            "average_shortest_path": 0.5566507022544019,
            "global_efficiency": 1.8509908298637083
        },
        {
            "clustering": 0.551836866834552,
            "modularity": 0.02167042472839119,
            "average_degree": 96.66385502440741,
            "degree_std": 1.1911182568211172,
            "average_shortest_path": 0.5000632514411657,
            "global_efficiency": 2.060847909981641
        }
    ]
}