{
    "0": [
        {
            "clustering": 0.0026045834754148383,
            "modularity": 0.4294838336404493,
            "average_degree": 1.0407986789667416,
            "degree_std": 0.9206784430582649,
            "average_shortest_path": 0.9950453054834038,
            "global_efficiency": 1.0053943092488369
        },
        {
            "clustering": 0.0005158914160759182,
            "modularity": 0.7724370264288325,
            "average_degree": 1.7350842636598625,
            "degree_std": 0.572314711690044,
            "average_shortest_path": 0.9943274988232045,
            "global_efficiency": 1.0065960421767755
        },
        {
            "clustering": 0.06534926917529606,
            "modularity": 0.07717945182651242,
            "average_degree": 6.96943518306083,
            "degree_std": 1.8991759981485796,
            "average_shortest_path": 0.9649766481007119,
            "global_efficiency": 1.036697756173523
        },
        {
            "clustering": 0.0005750672021349353,
            "modularity": 0.7145300170480743,
            "average_degree": 1.0934039698281295,
            "degree_std": 0.35556374557379417,
            "average_shortest_path": 0.9953546124190975,
            "global_efficiency": 1.0050951735303402
        },
        {
            "clustering": 4.2738917647813795e-06,
            "modularity": 0.9945537636889794,
            "average_degree": 1.9994489512301943,
            "degree_std": 0.01281834954936215,
            "average_shortest_path": 1.8014602737500105,
            "global_efficiency": 0.5991462390121898
        },
        {
            "clustering": 0.0002679121270194016,
            "modularity": 0.8223344549499183,
            "average_degree": 1.440749721692892,
            "degree_std": 0.5566886406781386,
            "average_shortest_path": 0.9958833119862271,
            "global_efficiency": 1.0047952843743329
        },
        {
            "clustering": 0.0010959584052874429,
            "modularity": 0.6285118777119142,
            "average_degree": 1.2012509414956318,
            "degree_std": 0.2916398098911683,
            "average_shortest_path": 0.9955531520171101,
            "global_efficiency": 1.0046968156516027
        },
        {
            "clustering": 0.06711480557388787,
            "modularity": 0.0658948647213475,
            "average_degree": 7.150111758149625,
            "degree_std": 1.0701123445938394,
            "average_shortest_path": 0.9639716096426446,
            "global_efficiency": 1.0375939434837198
        },
        {
            "clustering": 0.003203547482739554,
            "modularity": 0.13136513237319217,
            "average_degree": 1.0083482037041553,
            "degree_std": 2.607361082049522,
            "average_shortest_path": 0.9949206543854637,
            "global_efficiency": 1.0060347267902168
        },
        {
            "clustering": 0.0035658145948532383,
            "modularity": 0.28996661840082016,
            "average_degree": 1.1061410770211166,
            "degree_std": 0.5051739206233592,
            "average_shortest_path": 0.9945309474028413,
            "global_efficiency": 1.00562597865238
        },
        {
            "clustering": 0.00015244262980813338,
            "modularity": 0.8484130029077852,
            "average_degree": 1.493893786355343,
            "degree_std": 0.3643218231230139,
            "average_shortest_path": 0.9970284131674371,
            "global_efficiency": 1.0033554522661983
        },
        {
            "clustering": 0.00031850248275679463,
            "modularity": 0.8052897377988107,
            "average_degree": 1.6078260020973583,
            "degree_std": 0.4410705845518118,
            "average_shortest_path": 0.9957981427107049,
            "global_efficiency": 1.0047912905386795
        }
    ],
    "1": [
        {
            "clustering": 0.15222425255308933,
            "modularity": 0.042904792960424855,
            "average_degree": 19.547306672278356,
            "degree_std": 3.0206767671731285,
            "average_shortest_path": 0.9007349712461038,
            "global_efficiency": 1.1141603103393818
        },
        {
            "clustering": 0.40729499282931214,
            "modularity": 0.09477896662381827,
            "average_degree": 68.22028415697129,
            "degree_std": 3.0644153311668307,
            "average_shortest_path": 0.6553295916975325,
            "global_efficiency": 1.5784345766604597
        },
        {
            "clustering": 0.060205829874230676,
            "modularity": 0.3208561075760558,
            "average_degree": 17.03667855783403,
            "degree_std": 1.5296174242930725,
            "average_shortest_path": 0.9170746972996726,
            "global_efficiency": 1.1074071112391326
        },
        {
            "clustering": 0.2583109996926515,
            "modularity": 0.16503023898466207,
            "average_degree": 43.58803362478487,
            "degree_std": 0.9224837454510749,
            "average_shortest_path": 0.7816930094441253,
            "global_efficiency": 1.3096261981885708
        },
        {
            "clustering": 0.042288386869780134,
            "modularity": 0.4074738969809229,
            "average_degree": 15.257362452478054,
            "degree_std": 1.081712233799139,
            "average_shortest_path": 0.9271382188979825,
            "global_efficiency": 1.0985766743121117
        },
        {
            "clustering": 0.0002284380103113448,
            "modularity": 0.8088901683418506,
            "average_degree": 1.1420944043282057,
            "degree_std": 0.2522001617051504,
            "average_shortest_path": 0.994855847944129,
            "global_efficiency": 1.0085027453488837
        },
        {
            "clustering": 0.00019371818554098566,
            "modularity": 0.8105517603308078,
            "average_degree": 1.1242780206261584,
            "degree_std": 0.2360366834106457,
            "average_shortest_path": 0.9949005943370873,
            "global_efficiency": 1.0087843908746856
        },
        {
            "clustering": 0.043992655330554624,
            "modularity": 0.3439836022241471,
            "average_degree": 12.740105181983104,
            "degree_std": 1.0105829835921807,
            "average_shortest_path": 0.9391701714222173,
            "global_efficiency": 1.0746474054630724
        },
        {
            "clustering": 0.01836047547466827,
            "modularity": 0.44410064235777874,
            "average_degree": 8.555725231430104,
            "degree_std": 1.0008026886414139,
            "average_shortest_path": 0.9609809041507008,
            "global_efficiency": 1.0493316802241783
        },
        {
            "clustering": 0.0002149916514339303,
            "modularity": 0.8343119320265632,
            "average_degree": 1.0827058394610514,
            "degree_std": 0.24177562344859438,
            "average_shortest_path": 0.9950404289478092,
            "global_efficiency": 1.0079843726074131
        },
        {
            "clustering": 0.08284643360510985,
            "modularity": 0.34201175818010965,
            "average_degree": 24.501510496775726,
            "degree_std": 1.494060551729288,
            "average_shortest_path": 0.8795298590110842,
            "global_efficiency": 1.1747709059296343
        },
        {
            "clustering": 0.00019441492498582254,
            "modularity": 0.8546710554774651,
            "average_degree": 1.0730718267340849,
            "degree_std": 0.22889216320303388,
            "average_shortest_path": 0.9951489062606589,
            "global_efficiency": 1.0079874075624813
        }
    ],
    "2": [
        {
            "clustering": 0.001223351972742912,
            "modularity": 0.66513229748928,
            "average_degree": 1.500570480893154,
            "degree_std": 0.32971070940506975,
            "average_shortest_path": 0.993373528183064,
            "global_efficiency": 1.008438494005557
        },
        {
            "clustering": 0.03876307992132813,
            "modularity": 0.4047305220076176,
            "average_degree": 14.072470883910318,
            "degree_std": 1.3287046572359171,
            "average_shortest_path": 0.9331395821168732,
            "global_efficiency": 1.0900389649280307
        },
        {
            "clustering": 0.289488008503505,
            "modularity": 0.046140592266994726,
            "average_degree": 44.01204753778531,
            "degree_std": 1.2139202419587212,
            "average_shortest_path": 0.7773171426352368,
            "global_efficiency": 1.301604529226512
        },
        {
            "clustering": 0.48810961369808403,
            "modularity": 0.024999492327575035,
            "average_degree": 92.0727453217956,
            "degree_std": 3.0760290069114022,
            "average_shortest_path": 0.5148327277750812,
            "global_efficiency": 2.0117859260926654
        },
        {
            "clustering": 0.013537053921742832,
            "modularity": 0.45619999040357945,
            "average_degree": 6.260714535738924,
            "degree_std": 0.7541878322759795,
            "average_shortest_path": 0.9717354380033961,
            "global_efficiency": 1.0333507711549155
        },
        {
            "clustering": 0.003968042286634376,
            "modularity": 0.604148701733917,
            "average_degree": 3.8372369191329985,
            "degree_std": 0.6436157090509946,
            "average_shortest_path": 0.9847467696651362,
            "global_efficiency": 1.0184567149475106
        },
        {
            "clustering": 0.04334571306810734,
            "modularity": 0.32516550852637416,
            "average_degree": 13.063061744780711,
            "degree_std": 1.020426509327679,
            "average_shortest_path": 0.9374762145803898,
            "global_efficiency": 1.075598031214669
        },
        {
            "clustering": 0.13627524408343578,
            "modularity": 0.21909332301766113,
            "average_degree": 33.18660527431967,
            "degree_std": 1.226243405459565,
            "average_shortest_path": 0.8139145991283729,
            "global_efficiency": 1.3219204394221462
        },
        {
            "clustering": 0.12293426252571985,
            "modularity": 0.26855379694072,
            "average_degree": 31.37122646636284,
            "degree_std": 1.489110112611747,
            "average_shortest_path": 0.8457128362272497,
            "global_efficiency": 1.2237044358290265
        },
        {
            "clustering": 0.4101273222179576,
            "modularity": 0.11987912142072847,
            "average_degree": 77.50393385382161,
            "degree_std": 0.9908669027899629,
            "average_shortest_path": 0.6111433018706948,
            "global_efficiency": 1.7456181932108514
        },
        {
            "clustering": 0.021452922672665558,
            "modularity": 0.43201316270748746,
            "average_degree": 9.127228962541986,
            "degree_std": 1.0350720343861775,
            "average_shortest_path": 0.9579780755699505,
            "global_efficiency": 1.0538892211113935
        },
        {
            "clustering": 0.10600012576054876,
            "modularity": 0.24269339796007072,
            "average_degree": 26.95883368570904,
            "degree_std": 1.4235726098120645,
            "average_shortest_path": 0.8680892659074583,
            "global_efficiency": 1.1831235763450694
        }
    ],
    "3": [
        {
            "clustering": 0.5345444971687184,
            "modularity": 0.05196992530381006,
            "average_degree": 97.1294464096494,
            "degree_std": 1.0356485753967777,
            "average_shortest_path": 0.4942068549857743,
            "global_efficiency": 2.109898425977004
        },
        {
            "clustering": 0.4582877884921853,
            "modularity": 0.03234984273966948,
            "average_degree": 79.12245427518997,
            "degree_std": 1.2472132674698975,
            "average_shortest_path": 0.6003612739370467,
            "global_efficiency": 1.68635027202265
        },
        {
            "clustering": 0.399536190442546,
            "modularity": 0.02784731728099818,
            "average_degree": 79.57980348720758,
            "degree_std": 1.0787408106376237,
            "average_shortest_path": 0.5983403538688473,
            "global_efficiency": 1.6838124758056863
        },
        {
            "clustering": 0.30600368610307593,
            "modularity": 0.05169044402008516,
            "average_degree": 53.4894278030035,
            "degree_std": 1.393439252575708,
            "average_shortest_path": 0.7065451590675574,
            "global_efficiency": 1.4678325221476642
        },
        {
            "clustering": 0.15709014456965084,
            "modularity": 0.2444479995379978,
            "average_degree": 37.82911055613103,
            "degree_std": 2.1565227161433187,
            "average_shortest_path": 0.8080055218403261,
            "global_efficiency": 1.3413319148065648
        },
        {
            "clustering": 0.30119224983052795,
            "modularity": 0.18546820137384418,
            "average_degree": 66.33127511973184,
            "degree_std": 1.7012065352234829,
            "average_shortest_path": 0.6677424650753089,
            "global_efficiency": 1.6499240870567746
        },
        {
            "clustering": 0.03737336062170791,
            "modularity": 0.3158357336081746,
            "average_degree": 11.795495178631496,
            "degree_std": 1.1924829330375992,
            "average_shortest_path": 0.944430626503205,
            "global_efficiency": 1.0681060395084916
        },
        {
            "clustering": 0.013097871530720964,
            "modularity": 0.4636193690383088,
            "average_degree": 3.797082478680025,
            "degree_std": 0.7225680248112646,
            "average_shortest_path": 0.9818218880973929,
            "global_efficiency": 1.0210057612092371
        },
        {
            "clustering": 0.04339753844975568,
            "modularity": 0.32398023694891387,
            "average_degree": 12.729151597476681,
            "degree_std": 1.475787705843276,
            "average_shortest_path": 0.9391561394294671,
            "global_efficiency": 1.076198854164205
        },
        {
            "clustering": 0.36565819445208475,
            "modularity": 0.01440867431451774,
            "average_degree": 67.42343096076272,
            "degree_std": 1.111547050883467,
            "average_shortest_path": 0.6086996606517632,
            "global_efficiency": 1.723922183614678
        },
        {
            "clustering": 0.16086214910000263,
            "modularity": 0.21340591833822206,
            "average_degree": 37.91906334982548,
            "degree_std": 1.3448885627859815,
            "average_shortest_path": 0.8122882293404647,
            "global_efficiency": 1.2741570528954074
        },
        {
            "clustering": 0.016794863551110952,
            "modularity": 0.40441996435375127,
            "average_degree": 6.966774365232489,
            "degree_std": 0.9172181787866871,
            "average_shortest_path": 0.9685815209842848,
            "global_efficiency": 1.0372590045786323
        }
    ],
    "4": [
        {
            "clustering": 0.018013882275624157,
            "modularity": 0.40065534010092996,
            "average_degree": 7.640174968486458,
            "degree_std": 1.3218748638911768,
            "average_shortest_path": 0.9651776887238783,
            "global_efficiency": 1.042968928354546
        },
        {
            "clustering": 0.302723847302676,
            "modularity": 0.20143136695561722,
            "average_degree": 66.92471547795628,
            "degree_std": 1.1227253613301542,
            "average_shortest_path": 0.6657966172128991,
            "global_efficiency": 1.6590973543040537
        },
        {
            "clustering": 0.012085311853647453,
            "modularity": 0.486935753877647,
            "average_degree": 3.7463448117850886,
            "degree_std": 0.773734027057856,
            "average_shortest_path": 0.9827869620664369,
            "global_efficiency": 1.0201842052599375
        },
        {
            "clustering": 0.46140037159190544,
            "modularity": 0.11969021659669934,
            "average_degree": 91.80869353695782,
            "degree_std": 0.9088922507842981,
            "average_shortest_path": 0.5380639168702226,
            "global_efficiency": 2.0745979163208985
        },
        {
            "clustering": 0.040867370316595,
            "modularity": 0.35218665829711937,
            "average_degree": 11.474408931742062,
            "degree_std": 1.5152674786348765,
            "average_shortest_path": 0.9450458818112919,
            "global_efficiency": 1.0711333378540746
        },
        {
            "clustering": 0.41077290266592226,
            "modularity": 0.1335839484530964,
            "average_degree": 85.3831707009933,
            "degree_std": 1.3606897277264918,
            "average_shortest_path": 0.5710301775317349,
            "global_efficiency": 1.9127494185507883
        },
        {
            "clustering": 0.4073705548176733,
            "modularity": 0.01890231235445427,
            "average_degree": 81.52203507667274,
            "degree_std": 1.5962912444276312,
            "average_shortest_path": 0.5153353298896275,
            "global_efficiency": 2.0682621551718183
        },
        {
            "clustering": 0.32490492437572555,
            "modularity": 0.01767226051398993,
            "average_degree": 60.419748442102545,
            "degree_std": 1.2509807245947513,
            "average_shortest_path": 0.6618897660950805,
            "global_efficiency": 1.5748464308831236
        },
        {
            "clustering": 0.1920839528925584,
            "modularity": 0.15592420522267914,
            "average_degree": 42.72179478623152,
            "degree_std": 1.4659695787026505,
            "average_shortest_path": 0.7876142188198163,
            "global_efficiency": 1.3133586849034526
        },
        {
            "clustering": 0.0245342653598768,
            "modularity": 0.4296937650220144,
            "average_degree": 5.034856071566149,
            "degree_std": 0.880071454272622,
            "average_shortest_path": 0.9754894165520119,
            "global_efficiency": 1.0278015661391213
        },
        {
            "clustering": 0.37560750385165487,
            "modularity": 0.1471081910747529,
            "average_degree": 76.96656950456902,
            "degree_std": 1.4721407625594318,
            "average_shortest_path": 0.6143469895915326,
            "global_efficiency": 1.800609981132673
        },
        {
            "clustering": 0.43893117158114664,
            "modularity": 0.01041222734839222,
            "average_degree": 84.22646423904564,
            "degree_std": 0.5647825317688668,
            "average_shortest_path": 0.5274479915099936,
            "global_efficiency": 1.9968947518607298
        }
    ],
    "5": [
        {
            "clustering": 0.4200161778002602,
            "modularity": 0.034658612330499425,
            "average_degree": 85.31857871822737,
            "degree_std": 1.2306588260914488,
            "average_shortest_path": 0.48746653917802935,
            "global_efficiency": 2.23441552864583
        },
        {
            "clustering": 0.42597184122508347,
            "modularity": 0.10503044477141615,
            "average_degree": 75.35480621554211,
            "degree_std": 1.117132463792381,
            "average_shortest_path": 0.6207858482953656,
            "global_efficiency": 1.695338321093595
        },
        {
            "clustering": 0.5040521780547496,
            "modularity": 0.06136395113096968,
            "average_degree": 101.72677827035251,
            "degree_std": 1.320286500775616,
            "average_shortest_path": 0.487522722414823,
            "global_efficiency": 2.1811302813693096
        },
        {
            "clustering": 0.07218602332660046,
            "modularity": 0.3390110458308371,
            "average_degree": 10.668734630466863,
            "degree_std": 1.2934967582100405,
            "average_shortest_path": 0.9474334727430861,
            "global_efficiency": 1.0605088254594912
        },
        {
            "clustering": 0.34040241502942764,
            "modularity": 0.12755519070569407,
            "average_degree": 61.57159794633608,
            "degree_std": 1.1378964679844015,
            "average_shortest_path": 0.668341039028559,
            "global_efficiency": 1.5748749001729254
        },
        {
            "clustering": 0.15977112812255373,
            "modularity": 0.1736321861134771,
            "average_degree": 36.141382572546696,
            "degree_std": 1.3703186874356375,
            "average_shortest_path": 0.8090250637082593,
            "global_efficiency": 1.2979061626873745
        },
        {
            "clustering": 0.0815041392234858,
            "modularity": 0.2534516042138086,
            "average_degree": 21.131829900988524,
            "degree_std": 1.3248115378006637,
            "average_shortest_path": 0.8970293151037678,
            "global_efficiency": 1.1322794317980145
        },
        {
            "clustering": 0.2856043929010888,
            "modularity": 0.18053419188376166,
            "average_degree": 61.96620570466966,
            "degree_std": 1.0330138284260897,
            "average_shortest_path": 0.690277114336699,
            "global_efficiency": 1.5417995876170274
        },
        {
            "clustering": 0.5329154598741777,
            "modularity": 0.03475154121067875,
            "average_degree": 94.80390574044372,
            "degree_std": 1.0632204519724378,
            "average_shortest_path": 0.5002731515885196,
            "global_efficiency": 2.085489991078169
        },
        {
            "clustering": 0.029256655978411192,
            "modularity": 0.35808947525509094,
            "average_degree": 8.81550071340108,
            "degree_std": 1.27034396536874,
            "average_shortest_path": 0.958611070146474,
            "global_efficiency": 1.0490820826374203
        },
        {
            "clustering": 0.11787955409977548,
            "modularity": 0.2307075009256718,
            "average_degree": 28.488148586368236,
            "degree_std": 1.3728037637256298,
            "average_shortest_path": 0.8598008697216716,
            "global_efficiency": 1.1890625769218084
        },
        {
            "clustering": 0.04720007911444701,
            "modularity": 0.31302194064268063,
            "average_degree": 14.122587663675436,
            "degree_std": 1.5031291011973946,
            "average_shortest_path": 0.9325794385864075,
            "global_efficiency": 1.0851500800949234
        }
    ],
    "6": [
        {
            "clustering": 0.3504479079814196,
            "modularity": 0.23310738049777088,
            "average_degree": 76.77830906887928,
            "degree_std": 1.3464171634249396,
            "average_shortest_path": 0.6147935525555894,
            "global_efficiency": 1.9073075707805294
        },
        {
            "clustering": 0.1970049251408144,
            "modularity": 0.24472799399814962,
            "average_degree": 45.840185473943016,
            "degree_std": 1.437062824201722,
            "average_shortest_path": 0.7723116961314648,
            "global_efficiency": 1.3625278978701145
        },
        {
            "clustering": 0.3206102814193078,
            "modularity": 0.026075337833066252,
            "average_degree": 69.3604969317464,
            "degree_std": 1.7864194455276323,
            "average_shortest_path": 0.5070240963314075,
            "global_efficiency": 2.1468938820470203
        },
        {
            "clustering": 0.14597156298281744,
            "modularity": 0.2686320614052724,
            "average_degree": 20.908666365885622,
            "degree_std": 1.6112068519119476,
            "average_shortest_path": 0.896491488339668,
            "global_efficiency": 1.1269060365675596
        },
        {
            "clustering": 0.3302566361118696,
            "modularity": 0.15985117357377168,
            "average_degree": 70.23646636896014,
            "degree_std": 1.104996971418574,
            "average_shortest_path": 0.6482220081098657,
            "global_efficiency": 1.6615346442576546
        },
        {
            "clustering": 0.1372131935312532,
            "modularity": 0.23586049496933784,
            "average_degree": 32.62250507182195,
            "degree_std": 1.479705093884552,
            "average_shortest_path": 0.8388579460792998,
            "global_efficiency": 1.224834656062995
        },
        {
            "clustering": 0.221659343540713,
            "modularity": 0.27458299002761993,
            "average_degree": 52.16574484326434,
            "degree_std": 1.6839810979993428,
            "average_shortest_path": 0.7402860300606632,
            "global_efficiency": 1.4574977066713077
        },
        {
            "clustering": 0.29097223698005714,
            "modularity": 0.22230932305984316,
            "average_degree": 64.35468348411823,
            "degree_std": 1.5023258230272245,
            "average_shortest_path": 0.6783084090556151,
            "global_efficiency": 1.6038120268842795
        },
        {
            "clustering": 0.19267109426804577,
            "modularity": 0.2477375510689825,
            "average_degree": 44.97003539760075,
            "degree_std": 1.495827817303512,
            "average_shortest_path": 0.7766894442841807,
            "global_efficiency": 1.353456064380245
        },
        {
            "clustering": 0.09064389028624124,
            "modularity": 0.3312280319438388,
            "average_degree": 14.685251462048669,
            "degree_std": 1.6534680823473713,
            "average_shortest_path": 0.9280185820615028,
            "global_efficiency": 1.0870272350446795
        },
        {
            "clustering": 0.27410985522139275,
            "modularity": 0.2558004059609229,
            "average_degree": 62.94709531272673,
            "degree_std": 1.433156168997275,
            "average_shortest_path": 0.6856254321366412,
            "global_efficiency": 1.6322284953732107
        },
        {
            "clustering": 0.36524286925701527,
            "modularity": 0.013783908582261958,
            "average_degree": 61.83464888832907,
            "degree_std": 1.0373866895047932,
            "average_shortest_path": 0.6672519877445701,
            "global_efficiency": 1.5500233981120701
        }
    ],
    "7": [
        {
            "clustering": 0.24277618433720716,
            "modularity": 0.25405653078652146,
            "average_degree": 44.00490534543033,
            "degree_std": 1.7765129558602961,
            "average_shortest_path": 0.7800956533668962,
            "global_efficiency": 1.3235905060409883
        },
        {
            "clustering": 0.3961554628662098,
            "modularity": 0.10929603701826482,
            "average_degree": 77.84861563245708,
            "degree_std": 1.083875379820049,
            "average_shortest_path": 0.6089277631992992,
            "global_efficiency": 1.7730312220905884
        },
        {
            "clustering": 0.2622000467969018,
            "modularity": 0.1992064948331688,
            "average_degree": 56.78613098894179,
            "degree_std": 1.37639360146079,
            "average_shortest_path": 0.7161644611492808,
            "global_efficiency": 1.4790520215478749
        },
        {
            "clustering": 0.47036017811983805,
            "modularity": 0.1406707051660547,
            "average_degree": 80.13379029571844,
            "degree_std": 0.8137556715164791,
            "average_shortest_path": 0.5958768184122648,
            "global_efficiency": 1.7746554610498366
        },
        {
            "clustering": 0.37371821727330246,
            "modularity": 0.19474629447979866,
            "average_degree": 73.8597279509093,
            "degree_std": 1.1247040910280437,
            "average_shortest_path": 0.629774269447696,
            "global_efficiency": 1.7329430624433815
        },
        {
            "clustering": 0.1724679669049445,
            "modularity": 0.2848462673440787,
            "average_degree": 41.161508016829195,
            "degree_std": 1.8952082821903604,
            "average_shortest_path": 0.7953022309536595,
            "global_efficiency": 1.3118102745629088
        },
        {
            "clustering": 0.43678640942626296,
            "modularity": 0.18244552869842454,
            "average_degree": 75.58558799151699,
            "degree_std": 1.0856620401197405,
            "average_shortest_path": 0.6203479957220652,
            "global_efficiency": 1.7334367018372905
        },
        {
            "clustering": 0.2137183644220038,
            "modularity": 0.24439769949752124,
            "average_degree": 48.84900192487331,
            "degree_std": 1.5989720296520837,
            "average_shortest_path": 0.7568657535571905,
            "global_efficiency": 1.3928078512331241
        },
        {
            "clustering": 0.1850028405850982,
            "modularity": 0.24790552199575622,
            "average_degree": 42.46202591602855,
            "degree_std": 1.6663872767934833,
            "average_shortest_path": 0.7891683517999885,
            "global_efficiency": 1.322930562992471
        },
        {
            "clustering": 0.15733962835757057,
            "modularity": 0.10572672172688591,
            "average_degree": 32.237816623978986,
            "degree_std": 0.6855812837979491,
            "average_shortest_path": 0.8372848750525834,
            "global_efficiency": 1.1986507898514502
        },
        {
            "clustering": 0.16026952438450148,
            "modularity": 0.3127179737422604,
            "average_degree": 39.87774552283773,
            "degree_std": 2.091484139955218,
            "average_shortest_path": 0.8022241397235709,
            "global_efficiency": 1.308031454882315
        },
        {
            "clustering": 0.574618606126619,
            "modularity": 0.054569035635488296,
            "average_degree": 93.50670469426251,
            "degree_std": 2.2604805613567476,
            "average_shortest_path": 0.5245157046256863,
            "global_efficiency": 1.9702973861825606
        }
    ],
    "8": [
        {
            "clustering": 0.4478593639105644,
            "modularity": 0.06059928234257417,
            "average_degree": 90.3590262118749,
            "degree_std": 1.9603436207774,
            "average_shortest_path": 0.5447762941487434,
            "global_efficiency": 1.9039491304946927
        },
        {
            "clustering": 0.4778422150223674,
            "modularity": 0.10610767907478219,
            "average_degree": 93.67889272803308,
            "degree_std": 0.8713875707280218,
            "average_shortest_path": 0.5228037423407239,
            "global_efficiency": 2.1009484485872525
        },
        {
            "clustering": 0.5366740239990879,
            "modularity": 0.030365375467641217,
            "average_degree": 79.82462299026056,
            "degree_std": 1.2115859260656208,
            "average_shortest_path": 0.5947077884944691,
            "global_efficiency": 1.717453634657092
        },
        {
            "clustering": 0.41725254243848575,
            "modularity": 0.15274657609333747,
            "average_degree": 76.6147494927839,
            "degree_std": 1.1070986766276727,
            "average_shortest_path": 0.6153556570356913,
            "global_efficiency": 1.7284701200673318
        },
        {
            "clustering": 0.29345910746440657,
            "modularity": 0.19643152655537274,
            "average_degree": 63.85252108689634,
            "degree_std": 1.1398670427891506,
            "average_shortest_path": 0.6804462201057043,
            "global_efficiency": 1.574170935397615
        },
        {
            "clustering": 0.28858704071363994,
            "modularity": 0.26899296670566675,
            "average_degree": 55.91992884339858,
            "degree_std": 1.8367732456601908,
            "average_shortest_path": 0.7202522906485136,
            "global_efficiency": 1.4784325079350964
        },
        {
            "clustering": 0.5681824055110486,
            "modularity": 0.03941369552052814,
            "average_degree": 85.72498295277668,
            "degree_std": 0.7896868505897152,
            "average_shortest_path": 0.5665790712283882,
            "global_efficiency": 1.8053911481971587
        },
        {
            "clustering": 0.41923943852600304,
            "modularity": 0.1885130723187993,
            "average_degree": 77.92940947440826,
            "degree_std": 1.3548478575899505,
            "average_shortest_path": 0.6090177269166728,
            "global_efficiency": 1.7949917214543138
        },
        {
            "clustering": 0.4754764159428092,
            "modularity": 0.07962298870591109,
            "average_degree": 91.70482408036297,
            "degree_std": 1.466268459280108,
            "average_shortest_path": 0.5382786211702406,
            "global_efficiency": 1.9716595966886135
        },
        {
            "clustering": 0.45470116711720354,
            "modularity": 0.09892599480851992,
            "average_degree": 74.44995652074617,
            "degree_std": 1.2655018236578106,
            "average_shortest_path": 0.6256275704962522,
            "global_efficiency": 1.6475084541191902
        },
        {
            "clustering": 0.3862989649947294,
            "modularity": 0.1885322980325146,
            "average_degree": 82.11978895458866,
            "degree_std": 1.2861022032001936,
            "average_shortest_path": 0.5877382911143356,
            "global_efficiency": 1.9108776004087953
        },
        {
            "clustering": 0.4264872387768676,
            "modularity": 0.08376785389352784,
            "average_degree": 81.14067706295728,
            "degree_std": 1.3274597797441436,
            "average_shortest_path": 0.5918601885333473,
            "global_efficiency": 1.7723686045979443
        }
    ],
    "9": [
        {
            "clustering": 0.5327508116516871,
            "modularity": 0.0346342168479149,
            "average_degree": 96.06642031774963,
            "degree_std": 1.9837363053426593,
            "average_shortest_path": 0.5053181292852515,
            "global_efficiency": 2.0453280453207032
        },
        {
            "clustering": 0.47951821240353226,
            "modularity": 0.06342648303415435,
            "average_degree": 96.439725394826,
            "degree_std": 0.9068348448053567,
            "average_shortest_path": 0.5134371974171952,
            "global_efficiency": 2.0364679915708193
        },
        {
            "clustering": 0.5377674336747688,
            "modularity": 0.05823735466879737,
            "average_degree": 91.87445773498878,
            "degree_std": 1.385233674641137,
            "average_shortest_path": 0.5369760156247458,
            "global_efficiency": 1.931811555410757
        },
        {
            "clustering": 0.52621566102491,
            "modularity": 0.04894764920994006,
            "average_degree": 94.67960559883764,
            "degree_std": 1.3350177772173855,
            "average_shortest_path": 0.5221465122244892,
            "global_efficiency": 1.9779805228570075
        },
        {
            "clustering": 0.4213338855030653,
            "modularity": 0.059969585358864104,
            "average_degree": 79.62780848828338,
            "degree_std": 1.3526128464183662,
            "average_shortest_path": 0.5987530087987989,
            "global_efficiency": 1.696888599167906
        },
        {
            "clustering": 0.564852754371958,
            "modularity": 0.03744267024664449,
            "average_degree": 88.04586515034543,
            "degree_std": 0.7619548213770124,
            "average_shortest_path": 0.5556687313299714,
            "global_efficiency": 1.8241856626261992
        },
        {
            "clustering": 0.5435262026980681,
            "modularity": 0.015256629595510912,
            "average_degree": 92.95082530699271,
            "degree_std": 0.9847540034076473,
            "average_shortest_path": 0.5128231938929524,
            "global_efficiency": 2.0164281551329295
        },
        {
            "clustering": 0.5097355422670004,
            "modularity": 0.04331048607999823,
            "average_degree": 95.77085730692258,
            "degree_std": 1.5484612468243948,
            "average_shortest_path": 0.5074006346670208,
            "global_efficiency": 2.0571721696035534
        },
        {
            "clustering": 0.5145632603211614,
            "modularity": 0.028499810535305328,
            "average_degree": 80.59117398284063,
            "degree_std": 1.593074367647989,
            "average_shortest_path": 0.584746244558859,
            "global_efficiency": 1.7618896447446537
        },
        {
            "clustering": 0.53600433055271,
            "modularity": 0.07384904409546497,
            "average_degree": 83.04662426892006,
            "degree_std": 1.6672242580148073,
            "average_shortest_path": 0.5789891668211575,
            "global_efficiency": 1.789034514415615
        },
        {
            "clustering": 0.4408812076455385,
            "modularity": 0.06025768854050664,
            "average_degree": 82.00589837828792,
            "degree_std": 1.6698556433734104,
            "average_shortest_path": 0.5870556396233105,
            "global_efficiency": 1.7529946191108647
        },
        {
            "clustering": 0.5092045526495927,
            "modularity": 0.04876008346905282,
            "average_degree": 88.86378708913136,
            "degree_std": 1.3918273913520578,
            "average_shortest_path": 0.54564428428823,
            "global_efficiency": 1.9014378663787286
        }
    ],
    "10": [
        {
            "clustering": 0.5204670126357706,
            "modularity": 0.02768582148022177,
            "average_degree": 86.3209012255688,
            "degree_std": 0.9562969379416163,
            "average_shortest_path": 0.5597893477462971,
            "global_efficiency": 1.8261146388519198
        },
        {
            "clustering": 0.5647816338516977,
            "modularity": 0.002475475582252706,
            "average_degree": 100.0137205959011,
            "degree_std": 2.1774821905469954,
            "average_shortest_path": 0.4613263570308673,
            "global_efficiency": 2.25900601325625
        },
        {
            "clustering": 0.4519491867449193,
            "modularity": 0.0328363034908161,
            "average_degree": 85.91944032648142,
            "degree_std": 1.1170063656767755,
            "average_shortest_path": 0.5562769955308353,
            "global_efficiency": 1.8562539884125102
        },
        {
            "clustering": 0.5097459573598,
            "modularity": 0.019352092009717846,
            "average_degree": 95.03726562875791,
            "degree_std": 2.516057324629299,
            "average_shortest_path": 0.48827276052998764,
            "global_efficiency": 2.145861990664367
        },
        {
            "clustering": 0.5360595087027172,
            "modularity": 0.01964680490627424,
            "average_degree": 91.56440329753485,
            "degree_std": 1.859925099638102,
            "average_shortest_path": 0.5242377325445167,
            "global_efficiency": 1.9685223524328275
        },
        {
            "clustering": 0.5659217392760318,
            "modularity": 0.030029553611330456,
            "average_degree": 93.4946479205355,
            "degree_std": 1.4017992131407897,
            "average_shortest_path": 0.5127220470093574,
            "global_efficiency": 2.025944508949458
        },
        {
            "clustering": 0.5452526958035646,
            "modularity": 0.027931354518268663,
            "average_degree": 87.79323089627121,
            "degree_std": 1.9194411897684414,
            "average_shortest_path": 0.5479252154738294,
            "global_efficiency": 1.8804762838225637
        },
        {
            "clustering": 0.5690178211430532,
            "modularity": 0.021601011418304568,
            "average_degree": 97.7332278397285,
            "degree_std": 2.0160919345580672,
            "average_shortest_path": 0.492057447120166,
            "global_efficiency": 2.09815834280981
        },
        {
            "clustering": 0.5385816779839657,
            "modularity": 0.02912095991880835,
            "average_degree": 87.42538153102848,
            "degree_std": 0.8783940889941785,
            "average_shortest_path": 0.5527729845039356,
            "global_efficiency": 1.854372033480104
        },
        {
            "clustering": 0.5693355054907893,
            "modularity": 0.032837506263426595,
            "average_degree": 93.57511671351438,
            "degree_std": 1.6690101907258377,
            "average_shortest_path": 0.5197182397388554,
            "global_efficiency": 1.9869493995131378
        },
        {
            "clustering": 0.5156881992626859,
            "modularity": 0.038787758780377,
            "average_degree": 90.4073511610208,
            "degree_std": 1.447864536301474,
            "average_shortest_path": 0.5248733949659865,
            "global_efficiency": 1.9847818097349392
        },
        {
            "clustering": 0.4981878824019619,
            "modularity": 0.03600575431305185,
            "average_degree": 80.97970799715243,
            "degree_std": 1.7266183759044293,
            "average_shortest_path": 0.58395742804509,
            "global_efficiency": 1.7581790940782709
        }
    ],
    "11": [
        {
            "clustering": 0.4863789304950896,
            "modularity": 0.0489164659116174,
            "average_degree": 82.8261038839676,
            "degree_std": 1.8901659800758872,
            "average_shortest_path": 0.5830943430247755,
            "global_efficiency": 1.7549735889603026
        },
        {
            "clustering": 0.6022666728535998,
            "modularity": 0.009028473463099694,
            "average_degree": 100.02945862216372,
            "degree_std": 1.0961958493571988,
            "average_shortest_path": 0.47120089209025406,
            "global_efficiency": 2.2004583645773494
        },
        {
            "clustering": 0.5646412042037681,
            "modularity": 0.01851397363767371,
            "average_degree": 99.4584894876304,
            "degree_std": 1.2906190941208178,
            "average_shortest_path": 0.46992775105907825,
            "global_efficiency": 2.216486266928322
        },
        {
            "clustering": 0.5622642277288744,
            "modularity": 0.008620405500038264,
            "average_degree": 98.67667625688668,
            "degree_std": 1.9164355068106245,
            "average_shortest_path": 0.4819095737720405,
            "global_efficiency": 2.1447517468778727
        },
        {
            "clustering": 0.5486634536181608,
            "modularity": 0.0033176680106173488,
            "average_degree": 95.4458356833975,
            "degree_std": 1.3998929916186365,
            "average_shortest_path": 0.49504656795793206,
            "global_efficiency": 2.091996045981538
        },
        {
            "clustering": 0.5848411332955893,
            "modularity": 0.013225109306876617,
            "average_degree": 108.14258231377143,
            "degree_std": 1.2020619850233876,
            "average_shortest_path": 0.42176450758564227,
            "global_efficiency": 2.4771558973351144
        },
        {
            "clustering": 0.6067136953818094,
            "modularity": 0.015704809274624462,
            "average_degree": 105.37626246651028,
            "degree_std": 1.716118608043774,
            "average_shortest_path": 0.44853451083251494,
            "global_efficiency": 2.310079239307145
        },
        {
            "clustering": 0.5868788116893557,
            "modularity": 0.0070757646668847055,
            "average_degree": 109.51042551688565,
            "degree_std": 1.9034595421998703,
            "average_shortest_path": 0.40217694156369704,
            "global_efficiency": 2.6182738320872945
        },
        {
            "clustering": 0.6023418125706499,
            "modularity": 0.014073329441964377,
            "average_degree": 97.31866507749105,
            "degree_std": 1.5312682464071325,
            "average_shortest_path": 0.49368106561393477,
            "global_efficiency": 2.093185369316431
        },
        {
            "clustering": 0.5433678551765097,
            "modularity": 0.008561769290306413,
            "average_degree": 106.64995328907489,
            "degree_std": 1.514917904021196,
            "average_shortest_path": 0.4216219839243139,
            "global_efficiency": 2.494000900922648
        },
        {
            "clustering": 0.5892941968925728,
            "modularity": 0.009462262237945291,
            "average_degree": 100.72017840709611,
            "degree_std": 1.4807622767226916,
            "average_shortest_path": 0.4779939744719925,
            "global_efficiency": 2.1571156810441745
        },
        {
            "clustering": 0.5730599906513162,
            "modularity": 0.007040564542638966,
            "average_degree": 107.36471154656525,
            "degree_std": 1.2702995600081948,
            "average_shortest_path": 0.42600374049511425,
            "global_efficiency": 2.4523823326911773
        }
    ]
}