{
    "0": [
        {
            "clustering": 0.0003395553152170299,
            "modularity": 0.7771857287281587,
            "average_degree": 1.2881544160945666,
            "degree_std": 0.36408021530890705,
            "average_shortest_path": 0.9963479337222098,
            "global_efficiency": 1.0040901291922726,
            "characteristic_path_length": 0.9963479337222273
        },
        {
            "clustering": 0.004883481950607026,
            "modularity": 0.1022677306752631,
            "average_degree": 1.015062582180122,
            "degree_std": 0.2241443953472841,
            "average_shortest_path": 0.9949548940622704,
            "global_efficiency": 1.0050738012019975,
            "characteristic_path_length": 0.9949548940622707
        },
        {
            "clustering": 0.004641476821558988,
            "modularity": 0.07495924139485692,
            "average_degree": 1.011716872515369,
            "degree_std": 1.114451876706168,
            "average_shortest_path": 0.9949378413232218,
            "global_efficiency": 1.00515436495886,
            "characteristic_path_length": 0.9949378413232272
        },
        {
            "clustering": 0.1245180920287715,
            "modularity": 0.020744061385501937,
            "average_degree": 13.29769540479339,
            "degree_std": 1.4784233047670432,
            "average_shortest_path": 0.9328153185448413,
            "global_efficiency": 1.0723124100768933,
            "characteristic_path_length": 0.9328153185448413
        },
        {
            "clustering": 0.0049482897236207525,
            "modularity": 0.0877318498284676,
            "average_degree": 1.0141813793409522,
            "degree_std": 0.22957024641688234,
            "average_shortest_path": 0.9949504080944992,
            "global_efficiency": 1.005077227612534,
            "characteristic_path_length": 0.9949504080944989
        },
        {
            "clustering": 0.004502663697846786,
            "modularity": 0.19229940843747015,
            "average_degree": 1.052978280865392,
            "degree_std": 0.22304178748706682,
            "average_shortest_path": 0.9948845157961003,
            "global_efficiency": 1.0051599652638248,
            "characteristic_path_length": 0.9948845157961006
        },
        {
            "clustering": 0.0010387905404070153,
            "modularity": 0.7009385961267979,
            "average_degree": 1.9748549930041863,
            "degree_std": 0.44861035833996576,
            "average_shortest_path": 0.9934565284098241,
            "global_efficiency": 1.0075353389158967,
            "characteristic_path_length": 0.9934565284098245
        },
        {
            "clustering": 0.0022962308134803567,
            "modularity": 0.449194789244978,
            "average_degree": 1.0447196893099844,
            "degree_std": 0.6115406324049278,
            "average_shortest_path": 0.9951062231617726,
            "global_efficiency": 1.005014934026005,
            "characteristic_path_length": 0.9951062231617772
        },
        {
            "clustering": 0.004119001471290307,
            "modularity": 0.2356181406640023,
            "average_degree": 1.0192367396000568,
            "degree_std": 0.8401343842295795,
            "average_shortest_path": 0.994976208002562,
            "global_efficiency": 1.005367190402148,
            "characteristic_path_length": 0.9949762080025618
        },
        {
            "clustering": 0.0019138817142272096,
            "modularity": 0.5128395693457162,
            "average_degree": 1.089293070818569,
            "degree_std": 0.1860960207024528,
            "average_shortest_path": 0.9953153163341658,
            "global_efficiency": 1.00482535634404,
            "characteristic_path_length": 0.9953153163341677
        },
        {
            "clustering": 0.005106457131085109,
            "modularity": 0.02974795041568558,
            "average_degree": 1.0372147182560494,
            "degree_std": 0.25708076282228887,
            "average_shortest_path": 0.9948145984589792,
            "global_efficiency": 1.0052145790293792,
            "characteristic_path_length": 0.9948145984589798
        },
        {
            "clustering": 0.001166765946050365,
            "modularity": 0.6111038398499166,
            "average_degree": 1.1243021006091116,
            "degree_std": 0.1911444970720715,
            "average_shortest_path": 0.9954944003182199,
            "global_efficiency": 1.0047196298435184,
            "characteristic_path_length": 0.9954944003182182
        }
    ],
    "1": [
        {
            "clustering": 0.2225598961757333,
            "modularity": 0.16345181287629856,
            "average_degree": 49.384845837850655,
            "degree_std": 0.766342780267724,
            "average_shortest_path": 0.754174664542681,
            "global_efficiency": 1.3871186528976533,
            "characteristic_path_length": 0.754174664542681
        },
        {
            "clustering": 0.2571519776831081,
            "modularity": 0.16945421024216967,
            "average_degree": 55.24162445239513,
            "degree_std": 0.7211078362207947,
            "average_shortest_path": 0.7244435064138598,
            "global_efficiency": 1.473027421065041,
            "characteristic_path_length": 0.7244435064138598
        },
        {
            "clustering": 0.058779304082395414,
            "modularity": 0.32618407888150575,
            "average_degree": 18.68499636037484,
            "degree_std": 1.0321099961001872,
            "average_shortest_path": 0.910712097212938,
            "global_efficiency": 1.125894813728232,
            "characteristic_path_length": 0.910712097212938
        },
        {
            "clustering": 0.0021061961917586795,
            "modularity": 0.49999847427625566,
            "average_degree": 1.1067839528154233,
            "degree_std": 0.14770415592056083,
            "average_shortest_path": 0.9949987510755908,
            "global_efficiency": 1.0051415448801644,
            "characteristic_path_length": 0.994998751075594
        },
        {
            "clustering": 0.02805383660615137,
            "modularity": 0.10940773858533984,
            "average_degree": 6.0012677517250745,
            "degree_std": 0.4775342931095647,
            "average_shortest_path": 0.9697737198380565,
            "global_efficiency": 1.0314671657861127,
            "characteristic_path_length": 0.9697737198380566
        },
        {
            "clustering": 0.0056149629884412085,
            "modularity": 0.42213040572295296,
            "average_degree": 2.4152413010000977,
            "degree_std": 0.20303684045852488,
            "average_shortest_path": 0.9895933753209208,
            "global_efficiency": 1.0109254630651312,
            "characteristic_path_length": 0.9895933753209224
        },
        {
            "clustering": 0.015221246105211248,
            "modularity": 0.23634949689540072,
            "average_degree": 3.6543198791123683,
            "degree_std": 0.14511827946170167,
            "average_shortest_path": 0.9818978954493339,
            "global_efficiency": 1.0186245412252217,
            "characteristic_path_length": 0.9818978954493339
        },
        {
            "clustering": 0.2899654720548512,
            "modularity": 0.005581233302892542,
            "average_degree": 59.06324377868644,
            "degree_std": 0.9548793851241381,
            "average_shortest_path": 0.6998443137929592,
            "global_efficiency": 1.4548957911307636,
            "characteristic_path_length": 0.6998443137929592
        },
        {
            "clustering": 0.12475591269057097,
            "modularity": 0.20393023144762945,
            "average_degree": 28.09299802003417,
            "degree_std": 0.4067727645612005,
            "average_shortest_path": 0.8596243256674606,
            "global_efficiency": 1.173591944241847,
            "characteristic_path_length": 0.8596243256674606
        },
        {
            "clustering": 0.3402591852039468,
            "modularity": 0.12201746000474689,
            "average_degree": 66.39040789807763,
            "degree_std": 1.2518771159969255,
            "average_shortest_path": 0.6668248358445035,
            "global_efficiency": 1.5766805602784768,
            "characteristic_path_length": 0.6668248358445035
        },
        {
            "clustering": 0.0004454666910608031,
            "modularity": 0.856434580223358,
            "average_degree": 1.2305540059130555,
            "degree_std": 0.19441982324852972,
            "average_shortest_path": 0.9944998500785766,
            "global_efficiency": 1.0087012144075664,
            "characteristic_path_length": 0.994499850078585
        },
        {
            "clustering": 0.0034672047391765817,
            "modularity": 0.6252980175093196,
            "average_degree": 3.8636039124645407,
            "degree_std": 0.4697517913740144,
            "average_shortest_path": 0.9849124119303339,
            "global_efficiency": 1.0185079346094363,
            "characteristic_path_length": 0.9849124119303365
        }
    ],
    "2": [
        {
            "clustering": 0.2189125319307385,
            "modularity": 0.1295397972046852,
            "average_degree": 45.745417534786974,
            "degree_std": 0.6825946813070113,
            "average_shortest_path": 0.7695658113183594,
            "global_efficiency": 1.3169371010259345,
            "characteristic_path_length": 0.7695658113183594
        },
        {
            "clustering": 0.14603426608750966,
            "modularity": 0.1776976916424138,
            "average_degree": 32.000259243323775,
            "degree_std": 0.3051869562643626,
            "average_shortest_path": 0.8397784800008823,
            "global_efficiency": 1.2023010975955382,
            "characteristic_path_length": 0.8397784800008823
        },
        {
            "clustering": 0.04813428150606223,
            "modularity": 0.38192069481422486,
            "average_degree": 17.255867166471603,
            "degree_std": 0.9591581965661113,
            "average_shortest_path": 0.9174286995138545,
            "global_efficiency": 1.1255262539438666,
            "characteristic_path_length": 0.9174286995138545
        },
        {
            "clustering": 0.0011363473340972605,
            "modularity": 0.7468254183318523,
            "average_degree": 1.4333933456732273,
            "degree_std": 0.24292137371230926,
            "average_shortest_path": 0.9936982903606119,
            "global_efficiency": 1.0085317552332247,
            "characteristic_path_length": 0.993698290360611
        },
        {
            "clustering": 0.07150993659485853,
            "modularity": 0.1823701401412771,
            "average_degree": 16.017730339613095,
            "degree_std": 0.16173805603303903,
            "average_shortest_path": 0.9199736376130417,
            "global_efficiency": 1.0895349198480762,
            "characteristic_path_length": 0.9199736376130417
        },
        {
            "clustering": 0.02579168522215571,
            "modularity": 0.3407376542230062,
            "average_degree": 8.211430104421229,
            "degree_std": 0.3564763803801743,
            "average_shortest_path": 0.9607619764798492,
            "global_efficiency": 1.0441399126638302,
            "characteristic_path_length": 0.9607619764798492
        },
        {
            "clustering": 0.0008632087276934331,
            "modularity": 0.7257182822076117,
            "average_degree": 1.3325295114122968,
            "degree_std": 0.2626641518919056,
            "average_shortest_path": 0.993965249649417,
            "global_efficiency": 1.0085457098129442,
            "characteristic_path_length": 0.9939652496494157
        },
        {
            "clustering": 0.03433870884171802,
            "modularity": 0.3435487066831415,
            "average_degree": 10.918213134626916,
            "degree_std": 0.521871273650622,
            "average_shortest_path": 0.9477768823154749,
            "global_efficiency": 1.061568928328108,
            "characteristic_path_length": 0.9477768823154749
        },
        {
            "clustering": 0.0052712152299239385,
            "modularity": 0.2264762305254095,
            "average_degree": 1.2537164029125023,
            "degree_std": 0.10559401110905454,
            "average_shortest_path": 0.9938085901318364,
            "global_efficiency": 1.006248790491653,
            "characteristic_path_length": 0.9938085901318366
        },
        {
            "clustering": 0.07506212101302238,
            "modularity": 0.17541373809740984,
            "average_degree": 16.83724058734576,
            "degree_std": 0.20660000755233654,
            "average_shortest_path": 0.9159803112315403,
            "global_efficiency": 1.0947838080478762,
            "characteristic_path_length": 0.9159803112315403
        },
        {
            "clustering": 0.2138748107589167,
            "modularity": 0.21607830329717914,
            "average_degree": 49.32938965943457,
            "degree_std": 1.0562264870929228,
            "average_shortest_path": 0.7544585158628648,
            "global_efficiency": 1.4280633544927823,
            "characteristic_path_length": 0.7544585158628648
        },
        {
            "clustering": 0.03857574107648907,
            "modularity": 0.39832299082207145,
            "average_degree": 14.3177688505634,
            "degree_std": 0.883770587498596,
            "average_shortest_path": 0.9321598450883163,
            "global_efficiency": 1.0976445096960257,
            "characteristic_path_length": 0.9321598450883163
        }
    ],
    "3": [
        {
            "clustering": 0.104862844906871,
            "modularity": 0.24449648155803722,
            "average_degree": 18.28844943638618,
            "degree_std": 1.0754337902643634,
            "average_shortest_path": 0.9092724071438482,
            "global_efficiency": 1.1107036078170578,
            "characteristic_path_length": 0.9092724071438482
        },
        {
            "clustering": 0.023538633807055297,
            "modularity": 0.34879049537865714,
            "average_degree": 4.641810609200348,
            "degree_std": 0.46138089570830443,
            "average_shortest_path": 0.9777511752454138,
            "global_efficiency": 1.0256312275918245,
            "characteristic_path_length": 0.9777511752454142
        },
        {
            "clustering": 0.7264914944120554,
            "modularity": 0.0145134518527534,
            "average_degree": 138.8305943239293,
            "degree_std": 1.1640544758405567,
            "average_shortest_path": 0.29779976764673594,
            "global_efficiency": 3.4256366753147933,
            "characteristic_path_length": 0.29779976764673594
        },
        {
            "clustering": 0.08193507259316406,
            "modularity": 0.29174910773399804,
            "average_degree": 15.75133689552347,
            "degree_std": 0.8142091004011853,
            "average_shortest_path": 0.9238656307567825,
            "global_efficiency": 1.0932828043972362,
            "characteristic_path_length": 0.9238656307567825
        },
        {
            "clustering": 0.28095634566214606,
            "modularity": 0.18705975701692137,
            "average_degree": 62.481964162582386,
            "degree_std": 1.3471656331209645,
            "average_shortest_path": 0.6891688955907797,
            "global_efficiency": 1.5967591302229482,
            "characteristic_path_length": 0.6891688955907797
        },
        {
            "clustering": 0.04081125660732508,
            "modularity": 0.21889696601726766,
            "average_degree": 9.114578249770227,
            "degree_std": 0.16464600763988502,
            "average_shortest_path": 0.9544111553333373,
            "global_efficiency": 1.0485081919450014,
            "characteristic_path_length": 0.9544111553333373
        },
        {
            "clustering": 0.07546060131729579,
            "modularity": 0.011677539036554134,
            "average_degree": 14.963053489780744,
            "degree_std": 0.09471301341112402,
            "average_shortest_path": 0.9244866868625284,
            "global_efficiency": 1.0816965092132482,
            "characteristic_path_length": 0.9244866868625284
        },
        {
            "clustering": 0.1632051010251268,
            "modularity": 0.20286834704905385,
            "average_degree": 36.248508501224904,
            "degree_std": 0.42436972639597736,
            "average_shortest_path": 0.8180724904548304,
            "global_efficiency": 1.2429242115281796,
            "characteristic_path_length": 0.8180724904548304
        },
        {
            "clustering": 0.07771294282378403,
            "modularity": 0.27134849269165107,
            "average_degree": 15.822312463762833,
            "degree_std": 0.7923456816267472,
            "average_shortest_path": 0.9234051850866085,
            "global_efficiency": 1.093065068760557,
            "characteristic_path_length": 0.9234051850866085
        },
        {
            "clustering": 0.3730428218269231,
            "modularity": 0.15214247198335518,
            "average_degree": 78.99269443853166,
            "degree_std": 1.040094305425396,
            "average_shortest_path": 0.6028556819790704,
            "global_efficiency": 1.8630836726578628,
            "characteristic_path_length": 0.6028556819790704
        },
        {
            "clustering": 0.10833076048703777,
            "modularity": 0.22278913827157512,
            "average_degree": 24.398585095614614,
            "degree_std": 0.39564746792813865,
            "average_shortest_path": 0.8780005422251347,
            "global_efficiency": 1.14649869602557,
            "characteristic_path_length": 0.8780005422251347
        },
        {
            "clustering": 0.42784746304574134,
            "modularity": 0.05446540017502706,
            "average_degree": 86.48669304643946,
            "degree_std": 0.5647089230824913,
            "average_shortest_path": 0.46983536775033363,
            "global_efficiency": 2.3016230109682954,
            "characteristic_path_length": 0.46983536775033363
        }
    ],
    "4": [
        {
            "clustering": 0.626054334041796,
            "modularity": 0.013479181703562954,
            "average_degree": 100.84663127855062,
            "degree_std": 0.6085714043910626,
            "average_shortest_path": 0.48996471005897996,
            "global_efficiency": 2.0719377279775104,
            "characteristic_path_length": 0.48996471005897996
        },
        {
            "clustering": 0.11749675389724192,
            "modularity": 0.2696280506186176,
            "average_degree": 30.00369667548347,
            "degree_std": 1.1475487580203452,
            "average_shortest_path": 0.8537767512926304,
            "global_efficiency": 1.2401631541033227,
            "characteristic_path_length": 0.8537767512926304
        },
        {
            "clustering": 0.12816638835390415,
            "modularity": 0.10457526379879949,
            "average_degree": 26.52580347575423,
            "degree_std": 0.18956204816574668,
            "average_shortest_path": 0.865769360763371,
            "global_efficiency": 1.1585875097788185,
            "characteristic_path_length": 0.865769360763371
        },
        {
            "clustering": 0.3315678475943836,
            "modularity": 0.14913186264305775,
            "average_degree": 71.90484734488315,
            "degree_std": 1.1857667609283746,
            "average_shortest_path": 0.6410379556368502,
            "global_efficiency": 1.736935769057986,
            "characteristic_path_length": 0.6410379556368503
        },
        {
            "clustering": 0.4188912215484492,
            "modularity": 0.011716554453487049,
            "average_degree": 53.17974692679723,
            "degree_std": 0.35521686463060886,
            "average_shortest_path": 0.7314332727813373,
            "global_efficiency": 1.367803913855178,
            "characteristic_path_length": 0.7314332727813373
        },
        {
            "clustering": 0.2294332450252162,
            "modularity": 0.18437834213712542,
            "average_degree": 52.717765838280876,
            "degree_std": 1.0425561041013605,
            "average_shortest_path": 0.7388502537936624,
            "global_efficiency": 1.4709922140187586,
            "characteristic_path_length": 0.7388502537936624
        },
        {
            "clustering": 0.3211991648345698,
            "modularity": 0.176676819338494,
            "average_degree": 67.22372376977376,
            "degree_std": 0.6296677687885688,
            "average_shortest_path": 0.6639250981025505,
            "global_efficiency": 1.6754112115804007,
            "characteristic_path_length": 0.6639250981025505
        },
        {
            "clustering": 0.16352682399782797,
            "modularity": 0.19790917149231063,
            "average_degree": 20.45023007885073,
            "degree_std": 1.3510696743626363,
            "average_shortest_path": 0.8978923524445697,
            "global_efficiency": 1.1258838091156171,
            "characteristic_path_length": 0.8978923524445697
        },
        {
            "clustering": 0.12434402837935567,
            "modularity": 0.06782662337069162,
            "average_degree": 25.599706074853362,
            "degree_std": 0.2556184471709969,
            "average_shortest_path": 0.8701344467016603,
            "global_efficiency": 1.1523306436604108,
            "characteristic_path_length": 0.8701344467016603
        },
        {
            "clustering": 0.11298657557380731,
            "modularity": 0.24782927841819052,
            "average_degree": 18.1083785246597,
            "degree_std": 0.8805452068556686,
            "average_shortest_path": 0.9119966706008971,
            "global_efficiency": 1.1089611177553045,
            "characteristic_path_length": 0.9119966706008971
        },
        {
            "clustering": 0.15303956144151953,
            "modularity": 0.1650103745898767,
            "average_degree": 33.605214086500304,
            "degree_std": 0.5983005425786602,
            "average_shortest_path": 0.8324442448153335,
            "global_efficiency": 1.2151572547994474,
            "characteristic_path_length": 0.8324442448153335
        },
        {
            "clustering": 0.15651195451981648,
            "modularity": 0.010767936562837265,
            "average_degree": 32.05459636681896,
            "degree_std": 0.29359513815101085,
            "average_shortest_path": 0.837562208822019,
            "global_efficiency": 1.1984802219499433,
            "characteristic_path_length": 0.837562208822019
        }
    ],
    "5": [
        {
            "clustering": 0.20085168926637165,
            "modularity": 0.10946678889862582,
            "average_degree": 41.42635873849063,
            "degree_std": 0.251620559470034,
            "average_shortest_path": 0.7918664580842887,
            "global_efficiency": 1.2732109794824822,
            "characteristic_path_length": 0.7918664580842887
        },
        {
            "clustering": 0.23571036809499818,
            "modularity": 0.008472861865448142,
            "average_degree": 48.81244583627862,
            "degree_std": 0.7315044202816167,
            "average_shortest_path": 0.751526528811855,
            "global_efficiency": 1.3518664595686745,
            "characteristic_path_length": 0.751526528811855
        },
        {
            "clustering": 0.19846987348913173,
            "modularity": 0.08031236285218225,
            "average_degree": 40.14115852949899,
            "degree_std": 0.557176627195604,
            "average_shortest_path": 0.7973386488961237,
            "global_efficiency": 1.2590081365367458,
            "characteristic_path_length": 0.7973386488961237
        },
        {
            "clustering": 0.35466169674204984,
            "modularity": 0.11410534046020988,
            "average_degree": 72.04569217082674,
            "degree_std": 0.91902474441702,
            "average_shortest_path": 0.6401107939791498,
            "global_efficiency": 1.6681280893877835,
            "characteristic_path_length": 0.6401107939791499
        },
        {
            "clustering": 0.2359036252353635,
            "modularity": 0.15744974564477102,
            "average_degree": 48.15660127526734,
            "degree_std": 0.7440432343694042,
            "average_shortest_path": 0.7548377502903486,
            "global_efficiency": 1.3884438875766578,
            "characteristic_path_length": 0.7548377502903486
        },
        {
            "clustering": 0.2309992330958133,
            "modularity": 0.1794116649817103,
            "average_degree": 52.11879842126287,
            "degree_std": 1.22388328227061,
            "average_shortest_path": 0.7355487994075501,
            "global_efficiency": 1.5034299367033532,
            "characteristic_path_length": 0.7355487994075501
        },
        {
            "clustering": 0.08890734101714622,
            "modularity": 0.02438544539706777,
            "average_degree": 17.707807391644586,
            "degree_std": 0.3046838125525603,
            "average_shortest_path": 0.9105202304848216,
            "global_efficiency": 1.0984628257158469,
            "characteristic_path_length": 0.9105202304848216
        },
        {
            "clustering": 0.3666482281052598,
            "modularity": 0.1048954753440193,
            "average_degree": 63.22391150348431,
            "degree_std": 1.1671444504547996,
            "average_shortest_path": 0.6828955157222152,
            "global_efficiency": 1.5041860687160011,
            "characteristic_path_length": 0.6828955157222152
        },
        {
            "clustering": 0.21332146600520474,
            "modularity": 0.15602260192146677,
            "average_degree": 27.02127435681183,
            "degree_std": 1.1396068040713323,
            "average_shortest_path": 0.8649108944243126,
            "global_efficiency": 1.1660020946729002,
            "characteristic_path_length": 0.8649108944243126
        },
        {
            "clustering": 0.09371475213584504,
            "modularity": 0.13409733636753662,
            "average_degree": 19.306032420041095,
            "degree_std": 0.12236690571436924,
            "average_shortest_path": 0.903026992676428,
            "global_efficiency": 1.1087081598267163,
            "characteristic_path_length": 0.903026992676428
        },
        {
            "clustering": 0.24051323283410864,
            "modularity": 0.15413698451726,
            "average_degree": 44.05233961527804,
            "degree_std": 1.1335905336011118,
            "average_shortest_path": 0.7810536719587996,
            "global_efficiency": 1.3224907581358674,
            "characteristic_path_length": 0.7810536719587996
        },
        {
            "clustering": 0.5309899383164076,
            "modularity": 0.03870287417900141,
            "average_degree": 83.78536796620607,
            "degree_std": 0.9009621570385932,
            "average_shortest_path": 0.5765152515218416,
            "global_efficiency": 1.7557261316424315,
            "characteristic_path_length": 0.5765152515218416
        }
    ],
    "6": [
        {
            "clustering": 0.17239982817568153,
            "modularity": 0.04274030229371939,
            "average_degree": 35.51970619729298,
            "degree_std": 0.3155133599611968,
            "average_shortest_path": 0.8198528591536388,
            "global_efficiency": 1.2266261816422608,
            "characteristic_path_length": 0.8198528591536388
        },
        {
            "clustering": 0.4099818879427548,
            "modularity": 0.007200861779515558,
            "average_degree": 74.92938516862642,
            "degree_std": 0.6429114118882299,
            "average_shortest_path": 0.6209731011366595,
            "global_efficiency": 1.6149157986612783,
            "characteristic_path_length": 0.6209731011366595
        },
        {
            "clustering": 0.172954418184275,
            "modularity": 0.17609078841473985,
            "average_degree": 24.74988968646928,
            "degree_std": 0.9959215801402621,
            "average_shortest_path": 0.8782583135588184,
            "global_efficiency": 1.1505431218928035,
            "characteristic_path_length": 0.8782583135588184
        },
        {
            "clustering": 0.1564423004070446,
            "modularity": 0.008953104401000136,
            "average_degree": 31.033509899864086,
            "degree_std": 0.22440164848976224,
            "average_shortest_path": 0.8430570586139682,
            "global_efficiency": 1.1865454857652233,
            "characteristic_path_length": 0.8430570586139682
        },
        {
            "clustering": 0.12944251080430588,
            "modularity": 0.16580322174348375,
            "average_degree": 27.417824395860826,
            "degree_std": 0.3227841910422367,
            "average_shortest_path": 0.8624348016980166,
            "global_efficiency": 1.1646102312000706,
            "characteristic_path_length": 0.8624348016980166
        },
        {
            "clustering": 0.1925987044975023,
            "modularity": 0.19481206248175365,
            "average_degree": 27.570459917569345,
            "degree_std": 0.9934654308786396,
            "average_shortest_path": 0.862996103857758,
            "global_efficiency": 1.1740648550984514,
            "characteristic_path_length": 0.862996103857758
        },
        {
            "clustering": 0.22906003531823427,
            "modularity": 0.15318256894160612,
            "average_degree": 50.5097880095067,
            "degree_std": 1.095485607022532,
            "average_shortest_path": 0.7496906569911748,
            "global_efficiency": 1.3977737996451671,
            "characteristic_path_length": 0.7496906569911748
        },
        {
            "clustering": 0.08435719371432775,
            "modularity": 0.17009634314983976,
            "average_degree": 18.084509331097635,
            "degree_std": 0.23681532217126355,
            "average_shortest_path": 0.909481694692865,
            "global_efficiency": 1.1017251116941527,
            "characteristic_path_length": 0.909481694692865
        },
        {
            "clustering": 0.14260563860069833,
            "modularity": 0.07982194925877255,
            "average_degree": 28.745607200005,
            "degree_std": 0.21206886765958907,
            "average_shortest_path": 0.8553407384086866,
            "global_efficiency": 1.1705632700433188,
            "characteristic_path_length": 0.8553407384086866
        },
        {
            "clustering": 0.2668859024721608,
            "modularity": 0.1678007906856745,
            "average_degree": 58.54054814178888,
            "degree_std": 1.2365289248377487,
            "average_shortest_path": 0.7089384135610409,
            "global_efficiency": 1.511270408489157,
            "characteristic_path_length": 0.7089384135610409
        },
        {
            "clustering": 0.15475463733239406,
            "modularity": 0.11909401961573177,
            "average_degree": 32.77992564684384,
            "degree_std": 0.500656830814163,
            "average_shortest_path": 0.8358183698348206,
            "global_efficiency": 1.2045058753288453,
            "characteristic_path_length": 0.8358183698348206
        },
        {
            "clustering": 0.44438158283417784,
            "modularity": 0.007355248607217226,
            "average_degree": 91.00613705079859,
            "degree_std": 1.4731917516063329,
            "average_shortest_path": 0.4058878549353318,
            "global_efficiency": 2.777620297731391,
            "characteristic_path_length": 0.4058878549353318
        }
    ],
    "7": [
        {
            "clustering": 0.16790679974944017,
            "modularity": 0.1528108753081993,
            "average_degree": 36.77149272836005,
            "degree_std": 1.2705114726613733,
            "average_shortest_path": 0.817355026752873,
            "global_efficiency": 1.2455154071867358,
            "characteristic_path_length": 0.817355026752873
        },
        {
            "clustering": 0.3492795703961029,
            "modularity": 0.12453441764241444,
            "average_degree": 68.31125536430494,
            "degree_std": 1.300743244838877,
            "average_shortest_path": 0.6588290128118843,
            "global_efficiency": 1.624182115115008,
            "characteristic_path_length": 0.6588290128118843
        },
        {
            "clustering": 0.27458123428410774,
            "modularity": 0.14009668266031708,
            "average_degree": 59.64597205974614,
            "degree_std": 0.8101621198600039,
            "average_shortest_path": 0.7026485437801321,
            "global_efficiency": 1.5127657237202619,
            "characteristic_path_length": 0.7026485437801321
        },
        {
            "clustering": 0.31835554969993163,
            "modularity": 0.12412968986452806,
            "average_degree": 49.45444867500836,
            "degree_std": 1.0960585450193947,
            "average_shortest_path": 0.7517541518649473,
            "global_efficiency": 1.3603309162170656,
            "characteristic_path_length": 0.7517541518649473
        },
        {
            "clustering": 0.38432710755204597,
            "modularity": 0.07619135927234806,
            "average_degree": 79.00391124268047,
            "degree_std": 0.7711213358761169,
            "average_shortest_path": 0.6037778792419751,
            "global_efficiency": 1.736239933262144,
            "characteristic_path_length": 0.6037778792419751
        },
        {
            "clustering": 0.33269937485486706,
            "modularity": 0.12622798955853187,
            "average_degree": 69.57840311955054,
            "degree_std": 0.8866719713973774,
            "average_shortest_path": 0.6519045640054706,
            "global_efficiency": 1.6207140501353754,
            "characteristic_path_length": 0.6519045640054706
        },
        {
            "clustering": 0.30281618419364753,
            "modularity": 0.11787674207488189,
            "average_degree": 64.30567083976472,
            "degree_std": 0.8102877223646547,
            "average_shortest_path": 0.6786838348123011,
            "global_efficiency": 1.5459446788725077,
            "characteristic_path_length": 0.6786838348123011
        },
        {
            "clustering": 0.17414512099518062,
            "modularity": 0.11225118511762619,
            "average_degree": 36.42799360983196,
            "degree_std": 0.5107123512104494,
            "average_shortest_path": 0.8175659946163562,
            "global_efficiency": 1.231682869459823,
            "characteristic_path_length": 0.8175659946163563
        },
        {
            "clustering": 0.14336063621741124,
            "modularity": 0.08091105421666187,
            "average_degree": 28.913040479067988,
            "degree_std": 0.20801830095267465,
            "average_shortest_path": 0.8542346223365076,
            "global_efficiency": 1.1723557839401024,
            "characteristic_path_length": 0.8542346223365076
        },
        {
            "clustering": 0.24509796183160654,
            "modularity": 0.14406355673304513,
            "average_degree": 53.292219989745064,
            "degree_std": 1.1672205404119285,
            "average_shortest_path": 0.734601463101262,
            "global_efficiency": 1.4209102137226783,
            "characteristic_path_length": 0.734601463101262
        },
        {
            "clustering": 0.47485872943641394,
            "modularity": 0.018007858623432266,
            "average_degree": 94.76986434279198,
            "degree_std": 2.2301821227881575,
            "average_shortest_path": 0.3861908470926403,
            "global_efficiency": 2.8704754620993698,
            "characteristic_path_length": 0.3861908470926403
        },
        {
            "clustering": 0.27598593375945485,
            "modularity": 0.019836488018643267,
            "average_degree": 54.871223445969534,
            "degree_std": 0.530217591236235,
            "average_shortest_path": 0.7224961438342411,
            "global_efficiency": 1.3874245395824576,
            "characteristic_path_length": 0.7224961438342411
        }
    ],
    "8": [
        {
            "clustering": 0.31164147603148196,
            "modularity": 0.19601203324264715,
            "average_degree": 69.23296568762038,
            "degree_std": 0.9058542244553873,
            "average_shortest_path": 0.6544577951892213,
            "global_efficiency": 1.7226693401949136,
            "characteristic_path_length": 0.6544577951892214
        },
        {
            "clustering": 0.4097381550977025,
            "modularity": 0.1426368919649389,
            "average_degree": 86.47090511158457,
            "degree_std": 0.8234432707116883,
            "average_shortest_path": 0.5652168281622284,
            "global_efficiency": 2.017935923894887,
            "characteristic_path_length": 0.5652168281622284
        },
        {
            "clustering": 0.3190629840581451,
            "modularity": 0.13966294575847407,
            "average_degree": 68.45382208538766,
            "degree_std": 0.8289281185043105,
            "average_shortest_path": 0.6577380899553443,
            "global_efficiency": 1.6384629293906765,
            "characteristic_path_length": 0.6577380899553444
        },
        {
            "clustering": 0.47196344531491097,
            "modularity": 0.05020765729614993,
            "average_degree": 89.55140344050395,
            "degree_std": 0.7473057819257759,
            "average_shortest_path": 0.5480756743782224,
            "global_efficiency": 1.8773813716066365,
            "characteristic_path_length": 0.5480756743782224
        },
        {
            "clustering": 0.22630815920865413,
            "modularity": 0.2064490048864554,
            "average_degree": 51.331421325554885,
            "degree_std": 0.8381710206956124,
            "average_shortest_path": 0.7446192873140026,
            "global_efficiency": 1.4273730983017954,
            "characteristic_path_length": 0.7446192873140026
        },
        {
            "clustering": 0.32794586720207947,
            "modularity": 0.18538544099631135,
            "average_degree": 71.49123432079462,
            "degree_std": 0.7127255970408585,
            "average_shortest_path": 0.6423046175740555,
            "global_efficiency": 1.7139938721553925,
            "characteristic_path_length": 0.6423046175740555
        },
        {
            "clustering": 0.20107906327872374,
            "modularity": 0.20111454738751428,
            "average_degree": 45.1762526071636,
            "degree_std": 1.0363707641567612,
            "average_shortest_path": 0.7753093564456524,
            "global_efficiency": 1.3412223308982243,
            "characteristic_path_length": 0.7753093564456524
        },
        {
            "clustering": 0.3197975396549251,
            "modularity": 0.15940809533767455,
            "average_degree": 69.03254325390249,
            "degree_std": 0.9670199639759837,
            "average_shortest_path": 0.6549942508627966,
            "global_efficiency": 1.6570570992091895,
            "characteristic_path_length": 0.6549942508627967
        },
        {
            "clustering": 0.3183034951973612,
            "modularity": 0.14417768512535734,
            "average_degree": 66.90486242863734,
            "degree_std": 0.9115738332930269,
            "average_shortest_path": 0.6647345839815473,
            "global_efficiency": 1.5793128446660387,
            "characteristic_path_length": 0.6647345839815473
        },
        {
            "clustering": 0.3913030228391782,
            "modularity": 0.1294615385076619,
            "average_degree": 73.05826367562489,
            "degree_std": 0.6747608672905978,
            "average_shortest_path": 0.6337288438891466,
            "global_efficiency": 1.6776166602841,
            "characteristic_path_length": 0.6337288438891467
        },
        {
            "clustering": 0.3180261754294982,
            "modularity": 0.1296015530437802,
            "average_degree": 67.57787741035855,
            "degree_std": 0.7841888642373993,
            "average_shortest_path": 0.6618715851075487,
            "global_efficiency": 1.6073651934290687,
            "characteristic_path_length": 0.6618715851075488
        },
        {
            "clustering": 0.3540486305587952,
            "modularity": 0.158402108440686,
            "average_degree": 75.63839779578839,
            "degree_std": 0.6912906354705614,
            "average_shortest_path": 0.6211851616470508,
            "global_efficiency": 1.7596563107609642,
            "characteristic_path_length": 0.621185161647051
        }
    ],
    "9": [
        {
            "clustering": 0.12256513873608761,
            "modularity": 0.04525129182641237,
            "average_degree": 24.61392266143708,
            "degree_std": 0.22213491941436694,
            "average_shortest_path": 0.8762290233745201,
            "global_efficiency": 1.1419255439037308,
            "characteristic_path_length": 0.8762290233745201
        },
        {
            "clustering": 0.428814292459155,
            "modularity": 0.09488620934225916,
            "average_degree": 87.49445683386867,
            "degree_std": 0.733018154603702,
            "average_shortest_path": 0.5601949418036177,
            "global_efficiency": 1.8991576670352244,
            "characteristic_path_length": 0.5601949418036177
        },
        {
            "clustering": 0.3519726008483023,
            "modularity": 0.13180046514836805,
            "average_degree": 73.81199625309739,
            "degree_std": 1.1417369342827162,
            "average_shortest_path": 0.629624098273194,
            "global_efficiency": 1.6958424390758542,
            "characteristic_path_length": 0.629624098273194
        },
        {
            "clustering": 0.3872353841246378,
            "modularity": 0.10850535232474565,
            "average_degree": 79.03400533354146,
            "degree_std": 1.527031779070335,
            "average_shortest_path": 0.6031619290936856,
            "global_efficiency": 1.7345772507906163,
            "characteristic_path_length": 0.6031619290936856
        },
        {
            "clustering": 0.3679897302930738,
            "modularity": 0.12158930740966194,
            "average_degree": 76.43741801935612,
            "degree_std": 1.206079582837097,
            "average_shortest_path": 0.615993312898259,
            "global_efficiency": 1.7206247295564712,
            "characteristic_path_length": 0.615993312898259
        },
        {
            "clustering": 0.4426532759909101,
            "modularity": 0.1005368940364946,
            "average_degree": 85.8114866562595,
            "degree_std": 0.8552906065058584,
            "average_shortest_path": 0.5687334821676852,
            "global_efficiency": 1.8792227889278579,
            "characteristic_path_length": 0.5687334821676852
        },
        {
            "clustering": 0.36323204179354635,
            "modularity": 0.1156788856702069,
            "average_degree": 75.03013400311028,
            "degree_std": 0.7057722608795824,
            "average_shortest_path": 0.6233187535682361,
            "global_efficiency": 1.6856462545912811,
            "characteristic_path_length": 0.6233187535682362
        },
        {
            "clustering": 0.38857679121967814,
            "modularity": 0.12577089326475802,
            "average_degree": 80.76516767532637,
            "degree_std": 1.128160672205232,
            "average_shortest_path": 0.5946184596553121,
            "global_efficiency": 1.7999712937315284,
            "characteristic_path_length": 0.5946184596553121
        },
        {
            "clustering": 0.3246568284542102,
            "modularity": 0.03678295242399742,
            "average_degree": 65.13899986003044,
            "degree_std": 0.5213688263018098,
            "average_shortest_path": 0.6699681383503878,
            "global_efficiency": 1.50984713979756,
            "characteristic_path_length": 0.6699681383503878
        },
        {
            "clustering": 0.5560922278630723,
            "modularity": 0.03710047499145632,
            "average_degree": 92.37078173663475,
            "degree_std": 0.7849353918202797,
            "average_shortest_path": 0.5298303267416831,
            "global_efficiency": 1.934130761627838,
            "characteristic_path_length": 0.5298303267416831
        },
        {
            "clustering": 0.40938995806832956,
            "modularity": 0.12604765128731935,
            "average_degree": 84.38950657921859,
            "degree_std": 0.8902439943591279,
            "average_shortest_path": 0.5762642693825023,
            "global_efficiency": 1.8967731548688496,
            "characteristic_path_length": 0.5762642693825023
        },
        {
            "clustering": 0.3892257160499764,
            "modularity": 0.11871497102596974,
            "average_degree": 80.40378650179925,
            "degree_std": 0.9466636346633991,
            "average_shortest_path": 0.5961070345512409,
            "global_efficiency": 1.791457537296957,
            "characteristic_path_length": 0.5961070345512409
        }
    ],
    "10": [
        {
            "clustering": 0.34488415391823085,
            "modularity": 0.032154038686985055,
            "average_degree": 69.31252015952388,
            "degree_std": 0.8108942421284809,
            "average_shortest_path": 0.6495785983596526,
            "global_efficiency": 1.5599891639475356,
            "characteristic_path_length": 0.6495785983596526
        },
        {
            "clustering": 0.47883143985094306,
            "modularity": 0.04245141255997164,
            "average_degree": 89.84064350810175,
            "degree_std": 1.3603142984926253,
            "average_shortest_path": 0.5440009586390223,
            "global_efficiency": 1.89610976261598,
            "characteristic_path_length": 0.5440009586390223
        },
        {
            "clustering": 0.41837549165728155,
            "modularity": 0.11407337102977,
            "average_degree": 83.34014417490822,
            "degree_std": 1.2327193220342987,
            "average_shortest_path": 0.581240313390125,
            "global_efficiency": 1.8372989908830228,
            "characteristic_path_length": 0.581240313390125
        },
        {
            "clustering": 0.5793255876809797,
            "modularity": 0.010399115012606198,
            "average_degree": 103.2124138492374,
            "degree_std": 1.1752302416695966,
            "average_shortest_path": 0.4541086234012614,
            "global_efficiency": 2.283409976,
            "characteristic_path_length": 0.4541086234012614
        },
        {
            "clustering": 0.5205403637586109,
            "modularity": 0.11322920867647894,
            "average_degree": 90.84313896657426,
            "degree_std": 1.0877634037043469,
            "average_shortest_path": 0.5422596046000767,
            "global_efficiency": 1.9809279131529605,
            "characteristic_path_length": 0.5422596046000768
        },
        {
            "clustering": 0.4844889969937719,
            "modularity": 0.08395306370459937,
            "average_degree": 87.04832594577411,
            "degree_std": 0.9951758835988134,
            "average_shortest_path": 0.562231827984516,
            "global_efficiency": 1.8643008655654287,
            "characteristic_path_length": 0.562231827984516
        },
        {
            "clustering": 0.4489261402281536,
            "modularity": 0.09195857850033246,
            "average_degree": 88.00162329947594,
            "degree_std": 0.9905636298612461,
            "average_shortest_path": 0.5565645394170948,
            "global_efficiency": 1.8988484926526479,
            "characteristic_path_length": 0.5565645394170949
        },
        {
            "clustering": 0.44708220192432324,
            "modularity": 0.11620446417935915,
            "average_degree": 90.60462149429843,
            "degree_std": 0.6319397307430672,
            "average_shortest_path": 0.5435706228956758,
            "global_efficiency": 1.9917672338964674,
            "characteristic_path_length": 0.5435706228956758
        },
        {
            "clustering": 0.5646209104540216,
            "modularity": 0.04942029183491755,
            "average_degree": 80.56358801295261,
            "degree_std": 0.9197420023827165,
            "average_shortest_path": 0.5935165627907816,
            "global_efficiency": 1.7206097706821242,
            "characteristic_path_length": 0.5935165627907816
        },
        {
            "clustering": 0.47065512331109155,
            "modularity": 0.10201212795129148,
            "average_degree": 90.84211981673786,
            "degree_std": 1.820867205892615,
            "average_shortest_path": 0.542377374376844,
            "global_efficiency": 1.9839872227579978,
            "characteristic_path_length": 0.542377374376844
        },
        {
            "clustering": 0.5114663802127597,
            "modularity": 0.07978837700318753,
            "average_degree": 81.17140184078671,
            "degree_std": 1.0244470552702891,
            "average_shortest_path": 0.5914836150910131,
            "global_efficiency": 1.745054736082319,
            "characteristic_path_length": 0.5914836150910131
        },
        {
            "clustering": 0.4522655477544649,
            "modularity": 0.10781433496762188,
            "average_degree": 89.1132889326048,
            "degree_std": 1.1825941975775192,
            "average_shortest_path": 0.5458352801063021,
            "global_efficiency": 1.9793320412408877,
            "characteristic_path_length": 0.5458352801063021
        }
    ],
    "11": [
        {
            "clustering": 0.5083911881733278,
            "modularity": 0.008151430121342751,
            "average_degree": 93.31251388345451,
            "degree_std": 1.261143337352191,
            "average_shortest_path": 0.49573860846874346,
            "global_efficiency": 2.1056847338696048,
            "characteristic_path_length": 0.49573860846874346
        },
        {
            "clustering": 0.5596159936203525,
            "modularity": 0.011721726500731581,
            "average_degree": 78.8652312374113,
            "degree_std": 0.4357965780540036,
            "average_shortest_path": 0.6008539610288325,
            "global_efficiency": 1.6752750412611979,
            "characteristic_path_length": 0.6008539610288325
        },
        {
            "clustering": 0.5109385669286368,
            "modularity": 0.0225003949317637,
            "average_degree": 90.12208547466514,
            "degree_std": 0.9862412239451428,
            "average_shortest_path": 0.531307669653817,
            "global_efficiency": 1.9420636067287633,
            "characteristic_path_length": 0.531307669653817
        },
        {
            "clustering": 0.5155762158586803,
            "modularity": 0.009404588866678203,
            "average_degree": 90.29882531285219,
            "degree_std": 0.6094272420613825,
            "average_shortest_path": 0.5298034102365252,
            "global_efficiency": 1.9448751930814223,
            "characteristic_path_length": 0.5298034102365252
        },
        {
            "clustering": 0.4450003202542178,
            "modularity": 0.018576976963984134,
            "average_degree": 79.08874779200937,
            "degree_std": 1.0153369491761526,
            "average_shortest_path": 0.5910552235843711,
            "global_efficiency": 1.7301586661174329,
            "characteristic_path_length": 0.5910552235843711
        },
        {
            "clustering": 0.5787933055521417,
            "modularity": 0.01961664180476525,
            "average_degree": 90.13647807258468,
            "degree_std": 0.6942892070950586,
            "average_shortest_path": 0.5431362923292975,
            "global_efficiency": 1.8725399219736811,
            "characteristic_path_length": 0.5431362923292975
        },
        {
            "clustering": 0.6189539284344295,
            "modularity": 0.011279311000889056,
            "average_degree": 108.27867964773745,
            "degree_std": 1.3333631864509836,
            "average_shortest_path": 0.43616435185381996,
            "global_efficiency": 2.3720737609530147,
            "characteristic_path_length": 0.43616435185381996
        },
        {
            "clustering": 0.6023143555479671,
            "modularity": 0.013294871010238596,
            "average_degree": 93.94993656712417,
            "degree_std": 0.48477331546770347,
            "average_shortest_path": 0.5222572892569303,
            "global_efficiency": 1.9492860421355926,
            "characteristic_path_length": 0.5222572892569303
        },
        {
            "clustering": 0.5245540129500812,
            "modularity": 0.010656824266857889,
            "average_degree": 89.19106889053488,
            "degree_std": 0.7797650712838115,
            "average_shortest_path": 0.5320316481915448,
            "global_efficiency": 1.9429670573579148,
            "characteristic_path_length": 0.5320316481915448
        },
        {
            "clustering": 0.6111965756727961,
            "modularity": 0.02011311989633926,
            "average_degree": 80.7939810231273,
            "degree_std": 0.5995775092548483,
            "average_shortest_path": 0.5914441267822289,
            "global_efficiency": 1.7004271483888345,
            "characteristic_path_length": 0.5914441267822289
        },
        {
            "clustering": 0.5285423649546849,
            "modularity": 0.014586888467651552,
            "average_degree": 83.7714401517641,
            "degree_std": 0.8971693679464817,
            "average_shortest_path": 0.5716887256488176,
            "global_efficiency": 1.7919329003041928,
            "characteristic_path_length": 0.5716887256488176
        },
        {
            "clustering": 0.5194533916826906,
            "modularity": 0.0194844182303815,
            "average_degree": 95.42683143733412,
            "degree_std": 1.1869578833563692,
            "average_shortest_path": 0.4919030529530934,
            "global_efficiency": 2.1146396208815745,
            "characteristic_path_length": 0.4919030529530934
        }
    ]
}