{
    "0": [
        {
            "clustering": 0.004634825164130683,
            "modularity": 0.07391816965657308,
            "average_degree": 1.0116991896141967,
            "degree_std": 1.1295236940732996,
            "average_shortest_path": 0.9949377510800373,
            "global_efficiency": 1.0051555808015127
        },
        {
            "clustering": 0.1244346124767871,
            "modularity": 0.02096226301654329,
            "average_degree": 13.236153344476259,
            "degree_std": 1.4252517158278324,
            "average_shortest_path": 0.9331392422831778,
            "global_efficiency": 1.0719054693667671
        },
        {
            "clustering": 0.00033639977652851074,
            "modularity": 0.7780704374322529,
            "average_degree": 1.2893562274173256,
            "degree_std": 0.36381329821697383,
            "average_shortest_path": 0.9963538639124189,
            "global_efficiency": 1.0040853865334993
        },
        {
            "clustering": 0.004898083666490867,
            "modularity": 0.10152341139853678,
            "average_degree": 1.0149306777268878,
            "degree_std": 0.21407773090616192,
            "average_shortest_path": 0.9949541771590784,
            "global_efficiency": 1.005074120642819
        },
        {
            "clustering": 0.004954026037581684,
            "modularity": 0.08685995400169438,
            "average_degree": 1.0141049907687822,
            "degree_std": 0.22371854906375874,
            "average_shortest_path": 0.9949500037576898,
            "global_efficiency": 1.0050775061081896
        },
        {
            "clustering": 0.004526920534665873,
            "modularity": 0.19197215544174706,
            "average_degree": 1.0581645472360288,
            "degree_std": 0.22475269268453077,
            "average_shortest_path": 0.9948586458137642,
            "global_efficiency": 1.0051862901937505
        },
        {
            "clustering": 0.0023417698787393322,
            "modularity": 0.4417659616425257,
            "average_degree": 1.0441995862443845,
            "degree_std": 0.6062912534900076,
            "average_shortest_path": 0.9951035696598793,
            "global_efficiency": 1.005013821445664
        },
        {
            "clustering": 0.0010944875688385562,
            "modularity": 0.6968043076377449,
            "average_degree": 2.0126291988057035,
            "degree_std": 0.44986041769346174,
            "average_shortest_path": 0.9932788112136737,
            "global_efficiency": 1.0077433716954287
        },
        {
            "clustering": 0.005214091744761651,
            "modularity": 0.02895439032015519,
            "average_degree": 1.058389564371864,
            "degree_std": 0.2570776656611857,
            "average_shortest_path": 0.9947076228104146,
            "global_efficiency": 1.0053227234939348
        },
        {
            "clustering": 0.004153389323139574,
            "modularity": 0.2304712270717412,
            "average_degree": 1.0188630047075513,
            "degree_std": 0.8372482151456754,
            "average_shortest_path": 0.9949743013268746,
            "global_efficiency": 1.0053718827084048
        },
        {
            "clustering": 0.0019692752583695384,
            "modularity": 0.5068687006639567,
            "average_degree": 1.0864362790802085,
            "degree_std": 0.18834394070115734,
            "average_shortest_path": 0.9953026715328345,
            "global_efficiency": 1.004833362056699
        },
        {
            "clustering": 0.0011374792339325986,
            "modularity": 0.6180511357770384,
            "average_degree": 1.1263476094549296,
            "degree_std": 0.19248672615513993,
            "average_shortest_path": 0.9955058002683682,
            "global_efficiency": 1.0047123928476838
        }
    ],
    "1": [
        {
            "clustering": 0.2057740126675462,
            "modularity": 0.1759193808035356,
            "average_degree": 46.48266342676966,
            "degree_std": 0.784468247902623,
            "average_shortest_path": 0.7688749691377486,
            "global_efficiency": 1.3591227909335064
        },
        {
            "clustering": 0.05983456196824945,
            "modularity": 0.3290140222465493,
            "average_degree": 18.819019110920895,
            "degree_std": 1.048334271571805,
            "average_shortest_path": 0.909967935523585,
            "global_efficiency": 1.1262554417841275
        },
        {
            "clustering": 0.25399500687366294,
            "modularity": 0.1707709617844449,
            "average_degree": 54.460527675097914,
            "degree_std": 0.7152569168029849,
            "average_shortest_path": 0.7283805963280053,
            "global_efficiency": 1.4630465712165144
        },
        {
            "clustering": 0.002092714532783736,
            "modularity": 0.5019001182594726,
            "average_degree": 1.1039044937159523,
            "degree_std": 0.14971465786731963,
            "average_shortest_path": 0.995013120022024,
            "global_efficiency": 1.0051273803100826
        },
        {
            "clustering": 0.01570507047638339,
            "modularity": 0.23488229579139158,
            "average_degree": 3.7653535910120888,
            "degree_std": 0.1469245277540093,
            "average_shortest_path": 0.9813451690614083,
            "global_efficiency": 1.019209009557598
        },
        {
            "clustering": 0.18851257605719052,
            "modularity": 0.005425856751333024,
            "average_degree": 38.27040270074113,
            "degree_std": 0.5516217634927154,
            "average_shortest_path": 0.8057078150622409,
            "global_efficiency": 1.2472870961201672
        },
        {
            "clustering": 0.005316764311086311,
            "modularity": 0.4320830827101229,
            "average_degree": 2.3469606985067104,
            "degree_std": 0.20591784370519525,
            "average_shortest_path": 0.9899357709870801,
            "global_efficiency": 1.010568663810709
        },
        {
            "clustering": 0.031422817265234555,
            "modularity": 0.11228875898766513,
            "average_degree": 6.756639575107818,
            "degree_std": 0.567352910129776,
            "average_shortest_path": 0.9659666515024803,
            "global_efficiency": 1.0356517111879158
        },
        {
            "clustering": 0.0034221684931278057,
            "modularity": 0.6263602038348897,
            "average_degree": 3.8743830478181684,
            "degree_std": 0.4637494620201725,
            "average_shortest_path": 0.9849041695744228,
            "global_efficiency": 1.0185598431083172
        },
        {
            "clustering": 0.12315217963499213,
            "modularity": 0.2031326398768473,
            "average_degree": 27.729268131010365,
            "degree_std": 0.39395121259434257,
            "average_shortest_path": 0.8614399947725307,
            "global_efficiency": 1.170760314602688
        },
        {
            "clustering": 0.00042013125132257486,
            "modularity": 0.8585117277470413,
            "average_degree": 1.214749909968503,
            "degree_std": 0.1944051261140077,
            "average_shortest_path": 0.9945895480058312,
            "global_efficiency": 1.0085977995607935
        },
        {
            "clustering": 0.33286619742966816,
            "modularity": 0.12708039445267758,
            "average_degree": 65.19477910381765,
            "degree_std": 1.2718196231043333,
            "average_shortest_path": 0.6729622218081874,
            "global_efficiency": 1.5648065973471255
        }
    ],
    "2": [
        {
            "clustering": 0.1281670354870696,
            "modularity": 0.17731438070369776,
            "average_degree": 28.084137408957112,
            "degree_std": 0.279417623706808,
            "average_shortest_path": 0.8593932400018487,
            "global_efficiency": 1.1717755045295626
        },
        {
            "clustering": 0.23560863795500195,
            "modularity": 0.13625524115226972,
            "average_degree": 49.6842756075237,
            "degree_std": 0.7260553443884011,
            "average_shortest_path": 0.749946859150797,
            "global_efficiency": 1.359333043744078
        },
        {
            "clustering": 0.044407493057860195,
            "modularity": 0.3887280114042092,
            "average_degree": 16.35871240463314,
            "degree_std": 0.9409015463710007,
            "average_shortest_path": 0.9219167749339685,
            "global_efficiency": 1.117691774250132
        },
        {
            "clustering": 0.0011155774121985355,
            "modularity": 0.7477554126039755,
            "average_degree": 1.4332926405490818,
            "degree_std": 0.2461832566093189,
            "average_shortest_path": 0.9937465297077926,
            "global_efficiency": 1.0085271308356079
        },
        {
            "clustering": 0.061021492317339616,
            "modularity": 0.1841707564255411,
            "average_degree": 13.711329913581482,
            "degree_std": 0.15014290587589707,
            "average_shortest_path": 0.9315063584163898,
            "global_efficiency": 1.075350592921772
        },
        {
            "clustering": 0.000806378742977462,
            "modularity": 0.7282196465337142,
            "average_degree": 1.3181538815013085,
            "degree_std": 0.25873930533236067,
            "average_shortest_path": 0.9940775809851364,
            "global_efficiency": 1.0084668705389042
        },
        {
            "clustering": 0.021254680212899897,
            "modularity": 0.3414133789168382,
            "average_degree": 6.783572216692163,
            "degree_std": 0.2844956416835614,
            "average_shortest_path": 0.9675869156390815,
            "global_efficiency": 1.0356392109375911
        },
        {
            "clustering": 0.03003521868813431,
            "modularity": 0.34024182905561595,
            "average_degree": 9.49306972293233,
            "degree_std": 0.44114712536648504,
            "average_shortest_path": 0.9545646347947503,
            "global_efficiency": 1.0521137646545182
        },
        {
            "clustering": 0.03666060498299228,
            "modularity": 0.4005547470117784,
            "average_degree": 14.139810363987849,
            "degree_std": 0.8775237886044603,
            "average_shortest_path": 0.9330871756495003,
            "global_efficiency": 1.0968046242846103
        },
        {
            "clustering": 0.06548971677193433,
            "modularity": 0.17518133607236097,
            "average_degree": 14.669316506019092,
            "degree_std": 0.19653309355829876,
            "average_shortest_path": 0.9267909802059756,
            "global_efficiency": 1.0811872563541214
        },
        {
            "clustering": 0.005263460465388413,
            "modularity": 0.2380903909457952,
            "average_degree": 1.2740025734053007,
            "degree_std": 0.10563240920578719,
            "average_shortest_path": 0.9937162648987615,
            "global_efficiency": 1.0063450170721635
        },
        {
            "clustering": 0.21230598375595638,
            "modularity": 0.21540685519330188,
            "average_degree": 49.07006608090221,
            "degree_std": 1.0427104462417496,
            "average_shortest_path": 0.7557235809513011,
            "global_efficiency": 1.422059280728915
        }
    ],
    "3": [
        {
            "clustering": 0.10668912116192948,
            "modularity": 0.2321909920078104,
            "average_degree": 18.507292534544,
            "degree_std": 1.1194523634412563,
            "average_shortest_path": 0.9082093959457317,
            "global_efficiency": 1.1118521396032999
        },
        {
            "clustering": 0.755188354263762,
            "modularity": 0.01242203003607054,
            "average_degree": 144.20163378483883,
            "degree_std": 1.0886211847090932,
            "average_shortest_path": 0.27016201031821807,
            "global_efficiency": 3.7838105041585894
        },
        {
            "clustering": 0.024354122757794132,
            "modularity": 0.3417528021789529,
            "average_degree": 4.709001954555026,
            "degree_std": 0.4593409496869522,
            "average_shortest_path": 0.977469094416265,
            "global_efficiency": 1.0258347805214023
        },
        {
            "clustering": 0.08087252910896504,
            "modularity": 0.2813774724681175,
            "average_degree": 16.138767655515213,
            "degree_std": 0.8402994207199478,
            "average_shortest_path": 0.9219456765297284,
            "global_efficiency": 1.095690657625508
        },
        {
            "clustering": 0.18457626150539516,
            "modularity": 0.20362354287970455,
            "average_degree": 40.924368172126755,
            "degree_std": 0.5255931892462941,
            "average_shortest_path": 0.7945193855971291,
            "global_efficiency": 1.287191751238013
        },
        {
            "clustering": 0.03365718735589559,
            "modularity": 0.21792003043610633,
            "average_degree": 7.4891872036377425,
            "degree_std": 0.14420306411629877,
            "average_shortest_path": 0.9625273412118277,
            "global_efficiency": 1.039402940260592
        },
        {
            "clustering": 0.27937481829716265,
            "modularity": 0.18595577765500268,
            "average_degree": 62.19566358724656,
            "degree_std": 1.2989578112844067,
            "average_shortest_path": 0.690638002520294,
            "global_efficiency": 1.5944553242174415
        },
        {
            "clustering": 0.060539829744165934,
            "modularity": 0.009171053351881056,
            "average_degree": 12.002437504862526,
            "degree_std": 0.09022769024563447,
            "average_shortest_path": 0.9394115103326235,
            "global_efficiency": 1.0645068473731132
        },
        {
            "clustering": 0.07959164295753057,
            "modularity": 0.270997671480686,
            "average_degree": 15.949486216876403,
            "degree_std": 0.7971116780291159,
            "average_shortest_path": 0.9227449606620304,
            "global_efficiency": 1.0935905680157025
        },
        {
            "clustering": 0.12343598305044151,
            "modularity": 0.22287124745054132,
            "average_degree": 27.78953780538163,
            "degree_std": 0.4747738658339,
            "average_shortest_path": 0.8610133559161507,
            "global_efficiency": 1.1718931060625042
        },
        {
            "clustering": 0.3571961595195719,
            "modularity": 0.16446195335000452,
            "average_degree": 76.50942071745143,
            "degree_std": 1.07265596718337,
            "average_shortest_path": 0.6157239920720522,
            "global_efficiency": 1.829562805393525
        },
        {
            "clustering": 0.43053930967071363,
            "modularity": 0.05951561807163445,
            "average_degree": 87.0276436139731,
            "degree_std": 0.600854475026121,
            "average_shortest_path": 0.4706365532144992,
            "global_efficiency": 2.300937370090953
        }
    ],
    "4": [
        {
            "clustering": 0.5973184886711729,
            "modularity": 0.011190087600735456,
            "average_degree": 90.18211412703258,
            "degree_std": 0.575865091056813,
            "average_shortest_path": 0.5437962605798262,
            "global_efficiency": 1.867267380830787
        },
        {
            "clustering": 0.12474262735373123,
            "modularity": 0.0958396095493326,
            "average_degree": 25.751745769795622,
            "degree_std": 0.19630618492526555,
            "average_shortest_path": 0.8696343195274234,
            "global_efficiency": 1.1530095410832628
        },
        {
            "clustering": 0.1163818990369191,
            "modularity": 0.256550187272806,
            "average_degree": 30.113549265992997,
            "degree_std": 1.1778343742730497,
            "average_shortest_path": 0.8533119495676682,
            "global_efficiency": 1.2347032696445697
        },
        {
            "clustering": 0.3295618462486514,
            "modularity": 0.14092123068430626,
            "average_degree": 71.23178268719377,
            "degree_std": 1.1460975813654026,
            "average_shortest_path": 0.6444904971034245,
            "global_efficiency": 1.7100986165936833
        },
        {
            "clustering": 0.2242068797922066,
            "modularity": 0.18727975176584005,
            "average_degree": 51.70115484110529,
            "degree_std": 1.028013933031969,
            "average_shortest_path": 0.7441145186347474,
            "global_efficiency": 1.4565317400471345
        },
        {
            "clustering": 0.33333394917968695,
            "modularity": 0.16566153510409037,
            "average_degree": 68.87193415934644,
            "degree_std": 0.5933989772016004,
            "average_shortest_path": 0.6553561326201389,
            "global_efficiency": 1.6865754479314652
        },
        {
            "clustering": 0.4251567432947774,
            "modularity": 0.012540787529365046,
            "average_degree": 55.33013228741837,
            "degree_std": 0.3852526436726285,
            "average_shortest_path": 0.7205576643143439,
            "global_efficiency": 1.3888176623113275
        },
        {
            "clustering": 0.16734967444565094,
            "modularity": 0.19666035306620797,
            "average_degree": 20.928297744209974,
            "degree_std": 1.3893000108990892,
            "average_shortest_path": 0.8955114042377591,
            "global_efficiency": 1.1294923048335637
        },
        {
            "clustering": 0.1233081039834781,
            "modularity": 0.0629316485108769,
            "average_degree": 25.385029943134242,
            "degree_std": 0.288419454229261,
            "average_shortest_path": 0.8711858742278192,
            "global_efficiency": 1.1508707936721012
        },
        {
            "clustering": 0.11840685501487522,
            "modularity": 0.23930726609313518,
            "average_degree": 18.77233327984497,
            "degree_std": 0.901426808955248,
            "average_shortest_path": 0.9086485645699374,
            "global_efficiency": 1.1131068406775446
        },
        {
            "clustering": 0.1563462616241905,
            "modularity": 0.16647643313236002,
            "average_degree": 34.40444666535146,
            "degree_std": 0.6294616550092081,
            "average_shortest_path": 0.8284782701074648,
            "global_efficiency": 1.2221954756023967
        },
        {
            "clustering": 0.18118632499708484,
            "modularity": 0.012652128533162811,
            "average_degree": 37.36680423992147,
            "degree_std": 0.3808380449630812,
            "average_shortest_path": 0.8106143105850668,
            "global_efficiency": 1.24194818487774
        }
    ],
    "5": [
        {
            "clustering": 0.3592629589552291,
            "modularity": 0.1086584710517672,
            "average_degree": 73.15847329164758,
            "degree_std": 0.8943025003069058,
            "average_shortest_path": 0.6344955052971937,
            "global_efficiency": 1.6854357346399422
        },
        {
            "clustering": 0.2083319579166366,
            "modularity": 0.10182809264238712,
            "average_degree": 42.804805529257365,
            "degree_std": 0.22127020736493402,
            "average_shortest_path": 0.7848424896357633,
            "global_efficiency": 1.2842907191815218
        },
        {
            "clustering": 0.20675993451679572,
            "modularity": 0.08512077298818072,
            "average_degree": 41.82714022319432,
            "degree_std": 0.5483091726759748,
            "average_shortest_path": 0.7889452879051442,
            "global_efficiency": 1.2729787123794518
        },
        {
            "clustering": 0.25019014452754335,
            "modularity": 0.007148338561485716,
            "average_degree": 51.802178366953854,
            "degree_std": 0.7775395383742053,
            "average_shortest_path": 0.7359848618055376,
            "global_efficiency": 1.3841000105276384
        },
        {
            "clustering": 0.36327333075301216,
            "modularity": 0.10416087186416942,
            "average_degree": 63.18594126443241,
            "degree_std": 1.1695830821547621,
            "average_shortest_path": 0.6830834543319234,
            "global_efficiency": 1.5034194181418494
        },
        {
            "clustering": 0.24364242019362387,
            "modularity": 0.15622111992500726,
            "average_degree": 49.8598963748512,
            "degree_std": 0.757025793778786,
            "average_shortest_path": 0.7449507322964188,
            "global_efficiency": 1.4104352629996921
        },
        {
            "clustering": 0.23334685401808486,
            "modularity": 0.1740359992634284,
            "average_degree": 52.26385386719987,
            "degree_std": 1.2073333940414785,
            "average_shortest_path": 0.7362381507201117,
            "global_efficiency": 1.4820195308528215
        },
        {
            "clustering": 0.10324794815258942,
            "modularity": 0.02026883788703872,
            "average_degree": 20.606447872888932,
            "degree_std": 0.3931112110221723,
            "average_shortest_path": 0.8957772648520558,
            "global_efficiency": 1.116710686510187
        },
        {
            "clustering": 0.09414950694611506,
            "modularity": 0.12278823785025883,
            "average_degree": 19.27795217540502,
            "degree_std": 0.12370774409706194,
            "average_shortest_path": 0.9031130033507708,
            "global_efficiency": 1.1083921890884518
        },
        {
            "clustering": 0.24440947309563593,
            "modularity": 0.15188144972535197,
            "average_degree": 44.48953042121107,
            "degree_std": 1.1479121183065377,
            "average_shortest_path": 0.7788021267862079,
            "global_efficiency": 1.3258895875414796
        },
        {
            "clustering": 0.2229985582774666,
            "modularity": 0.15300537471338604,
            "average_degree": 28.546070213991594,
            "degree_std": 1.1261103266283121,
            "average_shortest_path": 0.8572362301113167,
            "global_efficiency": 1.177300325318431
        },
        {
            "clustering": 0.5888295690703466,
            "modularity": 0.02062021833921299,
            "average_degree": 97.90979270033253,
            "degree_std": 0.8783424953684462,
            "average_shortest_path": 0.5037116314198926,
            "global_efficiency": 2.0167790517648365
        }
    ],
    "6": [
        {
            "clustering": 0.14514125530022542,
            "modularity": 0.008745829055389847,
            "average_degree": 28.789262378677755,
            "degree_std": 0.22498890668451207,
            "average_shortest_path": 0.8544004915728032,
            "global_efficiency": 1.1707276978561396
        },
        {
            "clustering": 0.20174828270613732,
            "modularity": 0.03270366865681254,
            "average_degree": 41.63845418863253,
            "degree_std": 0.3883575697483792,
            "average_shortest_path": 0.7887026564634362,
            "global_efficiency": 1.2790545932545219
        },
        {
            "clustering": 0.17436901909247318,
            "modularity": 0.1786823204213528,
            "average_degree": 25.122223303489072,
            "degree_std": 1.0241067648259063,
            "average_shortest_path": 0.876501412165474,
            "global_efficiency": 1.153625105339387
        },
        {
            "clustering": 0.28404618370846213,
            "modularity": 0.008473858744271107,
            "average_degree": 56.39486671849659,
            "degree_std": 0.6177747279555699,
            "average_shortest_path": 0.714593435089274,
            "global_efficiency": 1.4025087652123895
        },
        {
            "clustering": 0.15280895069995615,
            "modularity": 0.16049427947573414,
            "average_degree": 32.20321372493727,
            "degree_std": 0.36158373111620423,
            "average_shortest_path": 0.8383607832196969,
            "global_efficiency": 1.1999607482028907
        },
        {
            "clustering": 0.10022163279472172,
            "modularity": 0.16553569636498291,
            "average_degree": 21.327006724166893,
            "degree_std": 0.25333489370697226,
            "average_shortest_path": 0.8931933581436579,
            "global_efficiency": 1.1225426445279778
        },
        {
            "clustering": 0.20408198998645505,
            "modularity": 0.1884006582673261,
            "average_degree": 29.58141317976887,
            "degree_std": 0.9801419602091466,
            "average_shortest_path": 0.853027880006655,
            "global_efficiency": 1.1896280346513326
        },
        {
            "clustering": 0.22120673656017598,
            "modularity": 0.1517068403558765,
            "average_degree": 48.68204300213793,
            "degree_std": 1.0695884598981489,
            "average_shortest_path": 0.7586857471237617,
            "global_efficiency": 1.3712773307712953
        },
        {
            "clustering": 0.14838914455833171,
            "modularity": 0.05864277943689691,
            "average_degree": 29.68476583535607,
            "degree_std": 0.18289114407031334,
            "average_shortest_path": 0.8504705807420451,
            "global_efficiency": 1.1766594631541343
        },
        {
            "clustering": 0.28806643952825084,
            "modularity": 0.1650074934709899,
            "average_degree": 62.935225361394004,
            "degree_std": 1.2825963545081536,
            "average_shortest_path": 0.6868377783977948,
            "global_efficiency": 1.589830025374649
        },
        {
            "clustering": 0.4518693512067788,
            "modularity": 0.0064604409668915855,
            "average_degree": 92.39116956034319,
            "degree_std": 1.4836802520609857,
            "average_shortest_path": 0.3960776249849647,
            "global_efficiency": 2.848235929443218
        },
        {
            "clustering": 0.17147105072593946,
            "modularity": 0.13005905947823165,
            "average_degree": 36.43951901893798,
            "degree_std": 0.5628164660442685,
            "average_shortest_path": 0.8175266888113172,
            "global_efficiency": 1.2345409471138113
        }
    ],
    "7": [
        {
            "clustering": 0.3554178112311353,
            "modularity": 0.12082269416728857,
            "average_degree": 70.44956750074968,
            "degree_std": 1.2933153789188157,
            "average_shortest_path": 0.6480468794320163,
            "global_efficiency": 1.6559768029486375
        },
        {
            "clustering": 0.16826674032625497,
            "modularity": 0.14807515339615374,
            "average_degree": 36.76260645851586,
            "degree_std": 1.249749499028327,
            "average_shortest_path": 0.8173534030791203,
            "global_efficiency": 1.2445275928003372
        },
        {
            "clustering": 0.27873785741119794,
            "modularity": 0.13437661330325396,
            "average_degree": 60.06068181148857,
            "degree_std": 0.7863892405705019,
            "average_shortest_path": 0.7004097250696921,
            "global_efficiency": 1.5081220189158242
        },
        {
            "clustering": 0.31883944517320817,
            "modularity": 0.11832498303345276,
            "average_degree": 51.65764697937984,
            "degree_std": 1.1012843317418735,
            "average_shortest_path": 0.7407954989175224,
            "global_efficiency": 1.3843004892231079
        },
        {
            "clustering": 0.2244251606289727,
            "modularity": 0.11145465776000174,
            "average_degree": 46.91446721573146,
            "degree_std": 0.6427537652388663,
            "average_shortest_path": 0.7650321564210172,
            "global_efficiency": 1.3246001028071743
        },
        {
            "clustering": 0.3898140134674393,
            "modularity": 0.07421701959201554,
            "average_degree": 79.78523947523281,
            "degree_std": 0.7012119472155621,
            "average_shortest_path": 0.5997615030819321,
            "global_efficiency": 1.7389839943033818
        },
        {
            "clustering": 0.3174893973644224,
            "modularity": 0.11708951304386578,
            "average_degree": 67.28311826214912,
            "degree_std": 0.8068342500309975,
            "average_shortest_path": 0.6637128067259712,
            "global_efficiency": 1.5900437938722438
        },
        {
            "clustering": 0.34113396589133804,
            "modularity": 0.13022555684541803,
            "average_degree": 71.66243225113605,
            "degree_std": 0.8640856220118385,
            "average_shortest_path": 0.6414387474233889,
            "global_efficiency": 1.6535213508069426
        },
        {
            "clustering": 0.10401061712487633,
            "modularity": 0.09299159871141612,
            "average_degree": 21.10062533036618,
            "degree_std": 0.18876517429558962,
            "average_shortest_path": 0.8936548029552692,
            "global_efficiency": 1.1200485897313568
        },
        {
            "clustering": 0.32315532499494204,
            "modularity": 0.019923189255199033,
            "average_degree": 64.18755738114483,
            "degree_std": 0.5817522295478621,
            "average_shortest_path": 0.6754503964065914,
            "global_efficiency": 1.4849383527051354
        },
        {
            "clustering": 0.25115091147258856,
            "modularity": 0.14149554214457383,
            "average_degree": 54.393620618560135,
            "degree_std": 1.179557398627474,
            "average_shortest_path": 0.7290028940909669,
            "global_efficiency": 1.4325939085415227
        },
        {
            "clustering": 0.46593965648043056,
            "modularity": 0.01961410529212287,
            "average_degree": 95.35647161188379,
            "degree_std": 2.1698546530705247,
            "average_shortest_path": 0.37650900402118986,
            "global_efficiency": 2.9680207328444737
        }
    ],
    "8": [
        {
            "clustering": 0.3346062932257743,
            "modularity": 0.13461438682456806,
            "average_degree": 71.4115510957482,
            "degree_std": 0.8349059371869205,
            "average_shortest_path": 0.6427591114704551,
            "global_efficiency": 1.6839961009808693
        },
        {
            "clustering": 0.5375783888526147,
            "modularity": 0.043879532133991296,
            "average_degree": 95.59708128125146,
            "degree_std": 0.6473622627298271,
            "average_shortest_path": 0.5174449312053084,
            "global_efficiency": 1.9831656445425327
        },
        {
            "clustering": 0.41143627220429524,
            "modularity": 0.14100372745143674,
            "average_degree": 86.66053340498905,
            "degree_std": 0.8219498192949128,
            "average_shortest_path": 0.5649349091118315,
            "global_efficiency": 2.0100951807332663
        },
        {
            "clustering": 0.31422461809605434,
            "modularity": 0.19437127719713315,
            "average_degree": 69.77718710987061,
            "degree_std": 0.9278545881161132,
            "average_shortest_path": 0.6516945198596453,
            "global_efficiency": 1.7294829288626419
        },
        {
            "clustering": 0.20467500794312968,
            "modularity": 0.20145492845966234,
            "average_degree": 46.02665732849379,
            "degree_std": 0.9847476563550465,
            "average_shortest_path": 0.7710183723763013,
            "global_efficiency": 1.3508108537666441
        },
        {
            "clustering": 0.32255433405326916,
            "modularity": 0.172692478468799,
            "average_degree": 69.8630530806219,
            "degree_std": 0.6233216353952862,
            "average_shortest_path": 0.6504049817204132,
            "global_efficiency": 1.6645389306077758
        },
        {
            "clustering": 0.2286604964841184,
            "modularity": 0.19656018361597927,
            "average_degree": 51.36960652042,
            "degree_std": 0.7568500651219728,
            "average_shortest_path": 0.7442678867936475,
            "global_efficiency": 1.4198887940892726
        },
        {
            "clustering": 0.33835182319849727,
            "modularity": 0.15161016069819064,
            "average_degree": 72.6086327492369,
            "degree_std": 0.9647775373194435,
            "average_shortest_path": 0.636922458980405,
            "global_efficiency": 1.71764858833086
        },
        {
            "clustering": 0.3687590429315924,
            "modularity": 0.14311834413919494,
            "average_degree": 77.94220468672049,
            "degree_std": 0.6894420085898486,
            "average_shortest_path": 0.6094879390568562,
            "global_efficiency": 1.7839288572399639
        },
        {
            "clustering": 0.26439831218245136,
            "modularity": 0.1456141216659344,
            "average_degree": 55.7892414213646,
            "degree_std": 0.6768168785499096,
            "average_shortest_path": 0.7205687318531423,
            "global_efficiency": 1.4276251142330791
        },
        {
            "clustering": 0.31265540278560855,
            "modularity": 0.1306844942034565,
            "average_degree": 66.44728598434222,
            "degree_std": 0.7583348989397959,
            "average_shortest_path": 0.6674806980340002,
            "global_efficiency": 1.5890602777784588
        },
        {
            "clustering": 0.42230972300795255,
            "modularity": 0.11701282915187566,
            "average_degree": 75.71055512082,
            "degree_std": 0.7364934619361803,
            "average_shortest_path": 0.6201253842668487,
            "global_efficiency": 1.7051858643126763
        }
    ],
    "9": [
        {
            "clustering": 0.3788843529121487,
            "modularity": 0.10485662598266471,
            "average_degree": 75.76044318547225,
            "degree_std": 1.313968132486451,
            "average_shortest_path": 0.6196017837351304,
            "global_efficiency": 1.6744027742558578
        },
        {
            "clustering": 0.06133744690372413,
            "modularity": 0.05492296806968819,
            "average_degree": 12.353849654333446,
            "degree_std": 0.14275685438090283,
            "average_shortest_path": 0.9379271198819972,
            "global_efficiency": 1.0663473902371239
        },
        {
            "clustering": 0.37523657068865485,
            "modularity": 0.1226048382607205,
            "average_degree": 78.15653204513666,
            "degree_std": 1.1260471441114326,
            "average_shortest_path": 0.6074198844129307,
            "global_efficiency": 1.7662266792543004
        },
        {
            "clustering": 0.40879225640432,
            "modularity": 0.09934860029845363,
            "average_degree": 84.02050890027256,
            "degree_std": 0.8332457784049184,
            "average_shortest_path": 0.5778246947250185,
            "global_efficiency": 1.8441495201709084
        },
        {
            "clustering": 0.36877315057846366,
            "modularity": 0.12725467424967135,
            "average_degree": 76.88556717986647,
            "degree_std": 1.0821065789385271,
            "average_shortest_path": 0.613818784089317,
            "global_efficiency": 1.7366043231329262
        },
        {
            "clustering": 0.41385543195396546,
            "modularity": 0.11795727004995929,
            "average_degree": 85.5923197055728,
            "degree_std": 1.180648854892908,
            "average_shortest_path": 0.5701478663828471,
            "global_efficiency": 1.8920593435312916
        },
        {
            "clustering": 0.37940334933625225,
            "modularity": 0.10828770153783387,
            "average_degree": 75.91143801851575,
            "degree_std": 0.6748599392414281,
            "average_shortest_path": 0.6186081050417429,
            "global_efficiency": 1.6898908273415365
        },
        {
            "clustering": 0.4598592193760813,
            "modularity": 0.08737507096373269,
            "average_degree": 92.4142573660751,
            "degree_std": 0.8294627682629979,
            "average_shortest_path": 0.534496072877701,
            "global_efficiency": 2.004095953693824
        },
        {
            "clustering": 0.4219624119907148,
            "modularity": 0.12208354305803402,
            "average_degree": 86.49965633363377,
            "degree_std": 0.9956158768731664,
            "average_shortest_path": 0.5655139586063669,
            "global_efficiency": 1.9301999436384902
        },
        {
            "clustering": 0.21653201180147333,
            "modularity": 0.05202267497988694,
            "average_degree": 43.5279805004938,
            "degree_std": 0.4383348769504883,
            "average_shortest_path": 0.7796755442154987,
            "global_efficiency": 1.2876906375602322
        },
        {
            "clustering": 0.5395285393594648,
            "modularity": 0.02948586006626499,
            "average_degree": 94.87989546669381,
            "degree_std": 0.64753454918694,
            "average_shortest_path": 0.5155164243806434,
            "global_efficiency": 1.9853567491885935
        },
        {
            "clustering": 0.3939719843265425,
            "modularity": 0.10838823543279996,
            "average_degree": 80.94037408384852,
            "degree_std": 0.8550964154262489,
            "average_shortest_path": 0.5934493150647272,
            "global_efficiency": 1.7814649896526076
        }
    ],
    "10": [
        {
            "clustering": 0.4794912498278213,
            "modularity": 0.05018331366982057,
            "average_degree": 88.48155329593651,
            "degree_std": 1.06126059886142,
            "average_shortest_path": 0.5542587102594057,
            "global_efficiency": 1.8609510039257873
        },
        {
            "clustering": 0.46739807944437983,
            "modularity": 0.01855018999324143,
            "average_degree": 93.26748839340272,
            "degree_std": 1.0061595093606563,
            "average_shortest_path": 0.5253108650861232,
            "global_efficiency": 1.9447558779152898
        },
        {
            "clustering": 0.40258205843203476,
            "modularity": 0.1087951573461207,
            "average_degree": 76.63066143639884,
            "degree_std": 1.0010221203698506,
            "average_shortest_path": 0.6151919997262316,
            "global_efficiency": 1.7041001287290456
        },
        {
            "clustering": 0.537869263100898,
            "modularity": 0.007921473107233302,
            "average_degree": 103.88647633294029,
            "degree_std": 0.8717543990363666,
            "average_shortest_path": 0.448967174905039,
            "global_efficiency": 2.3169384397651656
        },
        {
            "clustering": 0.4066110702499289,
            "modularity": 0.08088474546657104,
            "average_degree": 82.83419761650916,
            "degree_std": 0.8957091745982388,
            "average_shortest_path": 0.5832649003166698,
            "global_efficiency": 1.7882591154815908
        },
        {
            "clustering": 0.48816886548147265,
            "modularity": 0.09484273039800971,
            "average_degree": 93.59231335295533,
            "degree_std": 0.6152994088795047,
            "average_shortest_path": 0.528772777060658,
            "global_efficiency": 2.0039146138774973
        },
        {
            "clustering": 0.5063903552155503,
            "modularity": 0.10186238818515503,
            "average_degree": 90.5602761417562,
            "degree_std": 0.9306414824800826,
            "average_shortest_path": 0.543886683232661,
            "global_efficiency": 1.9448369318871033
        },
        {
            "clustering": 0.529071596493545,
            "modularity": 0.06440223635983827,
            "average_degree": 88.92788422051164,
            "degree_std": 0.8546735835589214,
            "average_shortest_path": 0.5522408584071136,
            "global_efficiency": 1.8559939139271782
        },
        {
            "clustering": 0.47590387691564706,
            "modularity": 0.10021343505061865,
            "average_degree": 92.19561622085645,
            "degree_std": 1.8204372086469869,
            "average_shortest_path": 0.5332959669824594,
            "global_efficiency": 2.0263695728843443
        },
        {
            "clustering": 0.5219555207084959,
            "modularity": 0.06308679362115695,
            "average_degree": 84.23592383916295,
            "degree_std": 0.9032451131725042,
            "average_shortest_path": 0.5751886747702444,
            "global_efficiency": 1.7917859768815565
        },
        {
            "clustering": 0.44594251102340116,
            "modularity": 0.11230537027897988,
            "average_degree": 85.68872542943068,
            "degree_std": 1.2276028556442022,
            "average_shortest_path": 0.5662549966228915,
            "global_efficiency": 1.8779886986754126
        },
        {
            "clustering": 0.5091806324660634,
            "modularity": 0.07317617471408355,
            "average_degree": 81.20408044498006,
            "degree_std": 1.0762115179480944,
            "average_shortest_path": 0.5913590289008772,
            "global_efficiency": 1.7427789606140835
        }
    ],
    "11": [
        {
            "clustering": 0.5532283417691264,
            "modularity": 0.026599415478248532,
            "average_degree": 97.60516623843205,
            "degree_std": 1.1303964105587487,
            "average_shortest_path": 0.4849917939770031,
            "global_efficiency": 2.1412485407320028
        },
        {
            "clustering": 0.5055110436669707,
            "modularity": 0.028578256708147537,
            "average_degree": 86.09815229146187,
            "degree_std": 0.7594834225346913,
            "average_shortest_path": 0.5515765894783645,
            "global_efficiency": 1.8725956424162686
        },
        {
            "clustering": 0.5810187683620127,
            "modularity": 0.014853121567776139,
            "average_degree": 95.68827424030759,
            "degree_std": 0.4983540448623552,
            "average_shortest_path": 0.5091191790010026,
            "global_efficiency": 2.016455960261792
        },
        {
            "clustering": 0.5142934069149683,
            "modularity": 0.015642048680175637,
            "average_degree": 87.41663701062576,
            "degree_std": 0.876335740344354,
            "average_shortest_path": 0.542465748753575,
            "global_efficiency": 1.9018480628442445
        },
        {
            "clustering": 0.5121745876871455,
            "modularity": 0.0218110844482306,
            "average_degree": 77.62896157056764,
            "degree_std": 0.7746727699310991,
            "average_shortest_path": 0.6045863716844282,
            "global_efficiency": 1.6876940182554236
        },
        {
            "clustering": 0.5072731744099022,
            "modularity": 0.023830969977696934,
            "average_degree": 83.47674977815988,
            "degree_std": 0.845120423799796,
            "average_shortest_path": 0.5717604242569716,
            "global_efficiency": 1.785662555440551
        },
        {
            "clustering": 0.4956006300059089,
            "modularity": 0.020765484332337943,
            "average_degree": 87.80323818871278,
            "degree_std": 0.6458151046626963,
            "average_shortest_path": 0.5420653506413783,
            "global_efficiency": 1.8989169861755548
        },
        {
            "clustering": 0.6380300565736894,
            "modularity": 0.019904245341235256,
            "average_degree": 99.53182563103829,
            "degree_std": 1.4259579255938817,
            "average_shortest_path": 0.4917500133880967,
            "global_efficiency": 2.0844565250202103
        },
        {
            "clustering": 0.514594971374427,
            "modularity": 0.01615009658460224,
            "average_degree": 87.74399503183082,
            "degree_std": 0.8705051390034618,
            "average_shortest_path": 0.5395955741280545,
            "global_efficiency": 1.9145449495103863
        },
        {
            "clustering": 0.6043849669679137,
            "modularity": 0.020906667092159735,
            "average_degree": 87.22578137671196,
            "degree_std": 0.3919710470971849,
            "average_shortest_path": 0.5589844751420011,
            "global_efficiency": 1.8065211853140923
        },
        {
            "clustering": 0.4741539845325659,
            "modularity": 0.014349102285187614,
            "average_degree": 82.55303297829326,
            "degree_std": 1.1984586869677478,
            "average_shortest_path": 0.5690090420540999,
            "global_efficiency": 1.8122962944286434
        },
        {
            "clustering": 0.5506695609291786,
            "modularity": 0.022089018316037455,
            "average_degree": 96.10751384332842,
            "degree_std": 1.1759145439419727,
            "average_shortest_path": 0.5032886663671958,
            "global_efficiency": 2.0470712628143084
        }
    ]
}