{
    "0": [
        {
            "clustering": 0.0002708820662863577,
            "modularity": 0.813443939170057,
            "average_degree": 1.3697001937333728,
            "degree_std": 0.25071088812751025,
            "average_shortest_path": 0.9967619961302526,
            "global_efficiency": 1.0036009238695183,
            "characteristic_path_length": 0.9967619961302502
        },
        {
            "clustering": 1.558040431408515e-05,
            "modularity": 0.9827483310294881,
            "average_degree": 1.9465794049581902,
            "degree_std": 0.12724200706559288,
            "average_shortest_path": 0.999707534585842,
            "global_efficiency": 1.000314268997843,
            "characteristic_path_length": 0.9997075345862906
        },
        {
            "clustering": 0.004157027057412831,
            "modularity": 0.13846544161069213,
            "average_degree": 1.0137632604328524,
            "degree_std": 1.5773713574774464,
            "average_shortest_path": 0.994948282222963,
            "global_efficiency": 1.0053267298214696,
            "characteristic_path_length": 0.9949482822229683
        },
        {
            "clustering": 0.0014517725342231013,
            "modularity": 0.5647854387692495,
            "average_degree": 1.068567511253106,
            "degree_std": 0.5745011695499628,
            "average_shortest_path": 0.9952278958467441,
            "global_efficiency": 1.0049618039615624,
            "characteristic_path_length": 0.9952278958467449
        },
        {
            "clustering": 0.0014458918010497505,
            "modularity": 0.3796447348201298,
            "average_degree": 1.0222075916054347,
            "degree_std": 3.3592774757763437,
            "average_shortest_path": 0.5784663878029487,
            "global_efficiency": 3.6216657160232204,
            "characteristic_path_length": 0.5784663878030522
        },
        {
            "clustering": 0.0010538574993209369,
            "modularity": 0.5947320671737933,
            "average_degree": 1.0892339738729004,
            "degree_std": 0.47986823975345566,
            "average_shortest_path": 0.9953333369553018,
            "global_efficiency": 1.004934760590625,
            "characteristic_path_length": 0.9953333369553049
        }
    ],
    "1": [
        {
            "clustering": 4.2564686803370185e-05,
            "modularity": 0.9002704847096482,
            "average_degree": 1.0337728768105763,
            "degree_std": 0.28154757240335604,
            "average_shortest_path": 0.9918384202126617,
            "global_efficiency": 1.0157277064332018,
            "characteristic_path_length": 0.9918384202130757
        },
        {
            "clustering": 0.04962330291035193,
            "modularity": 0.42757113326232166,
            "average_degree": 14.073445169290132,
            "degree_std": 1.2754036745673802,
            "average_shortest_path": 0.932082674206508,
            "global_efficiency": 1.0872620394168844,
            "characteristic_path_length": 0.932082674206508
        },
        {
            "clustering": 0.0007335649082249548,
            "modularity": 0.6862530798318529,
            "average_degree": 1.1414543768504548,
            "degree_std": 0.2229701613568061,
            "average_shortest_path": 0.9955846747225295,
            "global_efficiency": 1.0047037957941394,
            "characteristic_path_length": 0.9955846747225295
        },
        {
            "clustering": 5.600995821939906e-05,
            "modularity": 0.852584938681029,
            "average_degree": 1.0094642677489771,
            "degree_std": 0.22065215477214215,
            "average_shortest_path": 0.991143027390764,
            "global_efficiency": 1.0168462161541971,
            "characteristic_path_length": 0.9911430273911521
        },
        {
            "clustering": 0.0684415818612264,
            "modularity": 0.2824877947355629,
            "average_degree": 10.35918298325184,
            "degree_std": 1.1910118263962566,
            "average_shortest_path": 0.9487727073838863,
            "global_efficiency": 1.0572771002567845,
            "characteristic_path_length": 0.9487727073838863
        },
        {
            "clustering": 0.002782923279256838,
            "modularity": 0.4436348501390932,
            "average_degree": 1.0402848924075785,
            "degree_std": 0.15490360233974468,
            "average_shortest_path": 0.9950767706065966,
            "global_efficiency": 1.0049999923428052,
            "characteristic_path_length": 0.9950767706065954
        }
    ],
    "2": [
        {
            "clustering": 0.037467713673112135,
            "modularity": 0.03672269647103846,
            "average_degree": 7.635796545735447,
            "degree_std": 0.22876002451359137,
            "average_shortest_path": 0.9613362772601984,
            "global_efficiency": 1.0403626881977104,
            "characteristic_path_length": 0.9613362772601984
        },
        {
            "clustering": 0.00027285212149093853,
            "modularity": 0.7910328486217674,
            "average_degree": 1.1416989658074146,
            "degree_std": 0.2613115413182048,
            "average_shortest_path": 0.9947502263354462,
            "global_efficiency": 1.008220979137643,
            "characteristic_path_length": 0.9947502263354462
        },
        {
            "clustering": 0.09140767491248845,
            "modularity": 0.2943519351822831,
            "average_degree": 24.17973695254372,
            "degree_std": 0.9396752330286646,
            "average_shortest_path": 0.8827181640439746,
            "global_efficiency": 1.1620455393221747,
            "characteristic_path_length": 0.8827181640439746
        },
        {
            "clustering": 0.003316090816490193,
            "modularity": 0.4640056444373171,
            "average_degree": 1.482886985459967,
            "degree_std": 0.12546802818783065,
            "average_shortest_path": 0.9932286904603141,
            "global_efficiency": 1.0069820077230176,
            "characteristic_path_length": 0.9932286904603147
        },
        {
            "clustering": 0.0027471433118141765,
            "modularity": 0.4588008607370858,
            "average_degree": 1.2278633705021826,
            "degree_std": 0.11713450267004245,
            "average_shortest_path": 0.9944038834479949,
            "global_efficiency": 1.0057393446249716,
            "characteristic_path_length": 0.9944038834479952
        },
        {
            "clustering": 0.00013437271167238108,
            "modularity": 0.8491458063128777,
            "average_degree": 1.113776814293229,
            "degree_std": 0.36411499049471935,
            "average_shortest_path": 0.995055183227265,
            "global_efficiency": 1.0082617259367563,
            "characteristic_path_length": 0.9950551832272891
        }
    ],
    "3": [
        {
            "clustering": 0.0979250058981383,
            "modularity": 0.2735978431550048,
            "average_degree": 25.949127438892774,
            "degree_std": 1.2358069848858837,
            "average_shortest_path": 0.8563612486051544,
            "global_efficiency": 1.2228855445278828,
            "characteristic_path_length": 0.8563612486051544
        },
        {
            "clustering": 0.19507497997690149,
            "modularity": 0.06384394433875312,
            "average_degree": 39.22880347050584,
            "degree_std": 0.46671456486304225,
            "average_shortest_path": 0.8024979053663449,
            "global_efficiency": 1.248951302193039,
            "characteristic_path_length": 0.8024979053663449
        },
        {
            "clustering": 0.21032392302040354,
            "modularity": 0.2221354883884124,
            "average_degree": 45.09248888670226,
            "degree_std": 1.210766493014714,
            "average_shortest_path": 0.7749086506159254,
            "global_efficiency": 1.3482419263337229,
            "characteristic_path_length": 0.7749086506159254
        },
        {
            "clustering": 0.04442651009622323,
            "modularity": 0.4007861178861336,
            "average_degree": 12.680370185493034,
            "degree_std": 1.0128442416075258,
            "average_shortest_path": 0.9359187473190304,
            "global_efficiency": 1.0895203337569923,
            "characteristic_path_length": 0.9359187473190304
        },
        {
            "clustering": 0.05954250544723528,
            "modularity": 0.3142810240171329,
            "average_degree": 16.746195533363732,
            "degree_std": 1.0043579410394559,
            "average_shortest_path": 0.9195651577502595,
            "global_efficiency": 1.101326396612689,
            "characteristic_path_length": 0.9195651577502595
        },
        {
            "clustering": 0.023471977228819232,
            "modularity": 0.45588111079213123,
            "average_degree": 9.358212538226308,
            "degree_std": 1.6959344285608076,
            "average_shortest_path": 0.9562162343772117,
            "global_efficiency": 1.0579861765527656,
            "characteristic_path_length": 0.9562162343772116
        }
    ],
    "4": [
        {
            "clustering": 0.15150339160035473,
            "modularity": 0.20692104499855246,
            "average_degree": 35.80253010223061,
            "degree_std": 1.217690568305519,
            "average_shortest_path": 0.8236979655323897,
            "global_efficiency": 1.258347207849563,
            "characteristic_path_length": 0.8236979655323897
        },
        {
            "clustering": 0.005226951352583938,
            "modularity": 0.5943977801416261,
            "average_degree": 2.2769302600955013,
            "degree_std": 0.40337875652163024,
            "average_shortest_path": 0.9898190134183144,
            "global_efficiency": 1.0122026208538688,
            "characteristic_path_length": 0.9898190134183178
        },
        {
            "clustering": 0.17276789913581844,
            "modularity": 0.06810471508625243,
            "average_degree": 37.75779525248042,
            "degree_std": 1.5160901357325431,
            "average_shortest_path": 0.8006516953609559,
            "global_efficiency": 1.2746433296697854,
            "characteristic_path_length": 0.8006516953609559
        },
        {
            "clustering": 0.01730011354088712,
            "modularity": 0.42029158106825054,
            "average_degree": 7.230651260773959,
            "degree_std": 0.9286498766189338,
            "average_shortest_path": 0.967354340651914,
            "global_efficiency": 1.0382847974100486,
            "characteristic_path_length": 0.9673543406519135
        },
        {
            "clustering": 0.28083932969333,
            "modularity": 0.06643887059565072,
            "average_degree": 56.76996943300438,
            "degree_std": 1.3253345987422431,
            "average_shortest_path": 0.7145126124723591,
            "global_efficiency": 1.4117731804874312,
            "characteristic_path_length": 0.7145126124723591
        },
        {
            "clustering": 0.44535816866560224,
            "modularity": 0.04290745021864047,
            "average_degree": 65.29394389354694,
            "degree_std": 1.2616312770391027,
            "average_shortest_path": 0.6699437019371302,
            "global_efficiency": 1.5117581151638169,
            "characteristic_path_length": 0.6699437019371302
        }
    ],
    "5": [
        {
            "clustering": 0.04825796716277528,
            "modularity": 0.2751833293233671,
            "average_degree": 13.135746535233828,
            "degree_std": 1.3484314602146974,
            "average_shortest_path": 0.9368811949086541,
            "global_efficiency": 1.074489496980366,
            "characteristic_path_length": 0.9368811949086541
        },
        {
            "clustering": 0.20068294105895515,
            "modularity": 0.11843129895686727,
            "average_degree": 43.29669707741663,
            "degree_std": 1.257690560759151,
            "average_shortest_path": 0.7843193542596016,
            "global_efficiency": 1.3051415149144536,
            "characteristic_path_length": 0.7843193542596016
        },
        {
            "clustering": 0.03308777090111703,
            "modularity": 0.3019220680905369,
            "average_degree": 5.794835567345448,
            "degree_std": 0.7807118318818853,
            "average_shortest_path": 0.9717684878134798,
            "global_efficiency": 1.0315923691384143,
            "characteristic_path_length": 0.9717684878134806
        },
        {
            "clustering": 0.366170336979039,
            "modularity": 0.046562925130066185,
            "average_degree": 62.813784098313725,
            "degree_std": 1.1195570984367116,
            "average_shortest_path": 0.6779523776426356,
            "global_efficiency": 1.5014500144057406,
            "characteristic_path_length": 0.6779523776426356
        },
        {
            "clustering": 0.34217420440593793,
            "modularity": 0.11556486838931061,
            "average_degree": 54.038105421664035,
            "degree_std": 1.00000716064479,
            "average_shortest_path": 0.7293036647064788,
            "global_efficiency": 1.4007449778473835,
            "characteristic_path_length": 0.7293036647064788
        },
        {
            "clustering": 0.09840223268949468,
            "modularity": 0.060826097018843006,
            "average_degree": 19.407892413553245,
            "degree_std": 1.1554556093074324,
            "average_shortest_path": 0.9003282230384588,
            "global_efficiency": 1.1203219200001036,
            "characteristic_path_length": 0.9003282230384588
        }
    ],
    "6": [
        {
            "clustering": 0.14227278199210022,
            "modularity": 0.05003158441988517,
            "average_degree": 28.58518334914452,
            "degree_std": 0.5878530464950606,
            "average_shortest_path": 0.8555742612262831,
            "global_efficiency": 1.170278991121735,
            "characteristic_path_length": 0.8555742612262831
        },
        {
            "clustering": 0.02591733112558115,
            "modularity": 0.31710522349853804,
            "average_degree": 5.095254000114368,
            "degree_std": 0.8650162806746854,
            "average_shortest_path": 0.9759158761909983,
            "global_efficiency": 1.026390883652563,
            "characteristic_path_length": 0.9759158761909983
        },
        {
            "clustering": 0.03044014631937019,
            "modularity": 0.4364722202293946,
            "average_degree": 11.833727689983844,
            "degree_std": 1.8407523558284877,
            "average_shortest_path": 0.9429789076333377,
            "global_efficiency": 1.0740428387192258,
            "characteristic_path_length": 0.9429789076333379
        },
        {
            "clustering": 0.20494073444183583,
            "modularity": 0.03576985764312239,
            "average_degree": 42.50997166329537,
            "degree_std": 1.1022373205781368,
            "average_shortest_path": 0.7840987201620406,
            "global_efficiency": 1.291417323053857,
            "characteristic_path_length": 0.7840987201620406
        },
        {
            "clustering": 0.028870745596693274,
            "modularity": 0.3281118979634884,
            "average_degree": 9.438972299719682,
            "degree_std": 1.1658541154054967,
            "average_shortest_path": 0.955199895970105,
            "global_efficiency": 1.0516511108966848,
            "characteristic_path_length": 0.955199895970105
        },
        {
            "clustering": 0.3993939788884854,
            "modularity": 0.03201549164139464,
            "average_degree": 50.43913853779482,
            "degree_std": 0.7756018154383828,
            "average_shortest_path": 0.745237120708903,
            "global_efficiency": 1.3476130037453309,
            "characteristic_path_length": 0.745237120708903
        }
    ],
    "7": [
        {
            "clustering": 0.05213304245653396,
            "modularity": 0.21966848221005852,
            "average_degree": 7.239642481490033,
            "degree_std": 0.9373104782605756,
            "average_shortest_path": 0.9642539819581943,
            "global_efficiency": 1.0390099904164585,
            "characteristic_path_length": 0.9642539819581943
        },
        {
            "clustering": 0.07851071019952115,
            "modularity": 0.18962874992642992,
            "average_degree": 10.363485442887976,
            "degree_std": 1.2821966217144511,
            "average_shortest_path": 0.9484866854855833,
            "global_efficiency": 1.0573544822188268,
            "characteristic_path_length": 0.9484866854855833
        },
        {
            "clustering": 0.08070739834018993,
            "modularity": 0.22873238612032945,
            "average_degree": 20.026575050076442,
            "degree_std": 1.512845855408984,
            "average_shortest_path": 0.9019980135273487,
            "global_efficiency": 1.1201146360252248,
            "characteristic_path_length": 0.9019980135273487
        },
        {
            "clustering": 0.2228378510543549,
            "modularity": 0.1107798042299731,
            "average_degree": 46.95068503510958,
            "degree_std": 1.1510389437723219,
            "average_shortest_path": 0.7653865231239773,
            "global_efficiency": 1.3348840717604724,
            "characteristic_path_length": 0.7653865231239773
        },
        {
            "clustering": 0.04474552229363081,
            "modularity": 0.28874759848644904,
            "average_degree": 12.69494819122561,
            "degree_std": 1.343613938058453,
            "average_shortest_path": 0.9388087283913518,
            "global_efficiency": 1.0722172399797834,
            "characteristic_path_length": 0.9388087283913518
        },
        {
            "clustering": 0.41636896954028996,
            "modularity": 0.08252749899624584,
            "average_degree": 64.24843280182387,
            "degree_std": 0.9101092404628024,
            "average_shortest_path": 0.6728325289265246,
            "global_efficiency": 1.5350828292359733,
            "characteristic_path_length": 0.6728325289265246
        }
    ],
    "8": [
        {
            "clustering": 0.11558507937467859,
            "modularity": 0.15055355233342432,
            "average_degree": 25.55698069433825,
            "degree_std": 1.1772729641858959,
            "average_shortest_path": 0.8732926526562594,
            "global_efficiency": 1.1548673736181212,
            "characteristic_path_length": 0.8732926526562594
        },
        {
            "clustering": 0.30226146028414613,
            "modularity": 0.10558490478252126,
            "average_degree": 57.71749196114774,
            "degree_std": 1.3414905892884927,
            "average_shortest_path": 0.7110089795932258,
            "global_efficiency": 1.4469103196106072,
            "characteristic_path_length": 0.7110089795932258
        },
        {
            "clustering": 0.04485404501688454,
            "modularity": 0.2742821872062567,
            "average_degree": 11.625238086504009,
            "degree_std": 1.5311153313048917,
            "average_shortest_path": 0.9432434573798053,
            "global_efficiency": 1.064974509734163,
            "characteristic_path_length": 0.9432434573798053
        },
        {
            "clustering": 0.026003311911101723,
            "modularity": 0.09645188932353516,
            "average_degree": 5.322764900310504,
            "degree_std": 0.17525967662337247,
            "average_shortest_path": 0.9731820087240336,
            "global_efficiency": 1.0276287017121308,
            "characteristic_path_length": 0.9731820087240336
        },
        {
            "clustering": 0.20120174309418493,
            "modularity": 0.105619537732032,
            "average_degree": 42.07195502827331,
            "degree_std": 1.267937799745281,
            "average_shortest_path": 0.7895248968320977,
            "global_efficiency": 1.2846064717838488,
            "characteristic_path_length": 0.7895248968320978
        },
        {
            "clustering": 0.17863783802211508,
            "modularity": 0.13803602858237987,
            "average_degree": 38.0382895927883,
            "degree_std": 1.5020806373626538,
            "average_shortest_path": 0.8104508033137543,
            "global_efficiency": 1.2556108719474635,
            "characteristic_path_length": 0.8104508033137543
        }
    ],
    "9": [
        {
            "clustering": 0.20952457363093333,
            "modularity": 0.1067702331734208,
            "average_degree": 44.13384984896319,
            "degree_std": 1.3355809683158644,
            "average_shortest_path": 0.7792723570332888,
            "global_efficiency": 1.3044506790370698,
            "characteristic_path_length": 0.7792723570332888
        },
        {
            "clustering": 0.22841445370777258,
            "modularity": 0.11121765074489978,
            "average_degree": 48.146399244482375,
            "degree_std": 1.5757831423582833,
            "average_shortest_path": 0.7589097695285367,
            "global_efficiency": 1.3466288059766764,
            "characteristic_path_length": 0.7589097695285367
        },
        {
            "clustering": 0.1728187978464971,
            "modularity": 0.12813211052126477,
            "average_degree": 36.35263192677373,
            "degree_std": 1.2464313810837022,
            "average_shortest_path": 0.8181692789890267,
            "global_efficiency": 1.236845431912352,
            "characteristic_path_length": 0.8181692789890267
        },
        {
            "clustering": 0.3247735869421629,
            "modularity": 0.0842437213224326,
            "average_degree": 65.27517436786756,
            "degree_std": 1.2863819257676494,
            "average_shortest_path": 0.6729627320950989,
            "global_efficiency": 1.5296950543752263,
            "characteristic_path_length": 0.6729627320950989
        },
        {
            "clustering": 0.32598455669638643,
            "modularity": 0.11234750659378503,
            "average_degree": 52.860245665504216,
            "degree_std": 1.3794341635908949,
            "average_shortest_path": 0.7349092545939038,
            "global_efficiency": 1.3844881207576654,
            "characteristic_path_length": 0.7349092545939038
        },
        {
            "clustering": 0.3899550187076966,
            "modularity": 0.03132784016383864,
            "average_degree": 70.43769618335384,
            "degree_std": 1.085809736934385,
            "average_shortest_path": 0.6298346414075334,
            "global_efficiency": 1.6310688001006761,
            "characteristic_path_length": 0.6298346414075334
        }
    ],
    "10": [
        {
            "clustering": 0.4358994094747025,
            "modularity": 0.05418403883435979,
            "average_degree": 54.14392813351108,
            "degree_std": 0.8421158891003048,
            "average_shortest_path": 0.7272631647083994,
            "global_efficiency": 1.3838819494262067,
            "characteristic_path_length": 0.7272631647083994
        },
        {
            "clustering": 0.32830307145391335,
            "modularity": 0.07172608426021215,
            "average_degree": 57.11254550924552,
            "degree_std": 0.9838867105525121,
            "average_shortest_path": 0.7125115189217249,
            "global_efficiency": 1.422803842868291,
            "characteristic_path_length": 0.7125115189217249
        },
        {
            "clustering": 0.19830654837687775,
            "modularity": 0.07383917503336386,
            "average_degree": 40.7161495877446,
            "degree_std": 0.8443866500122753,
            "average_shortest_path": 0.7958620129916447,
            "global_efficiency": 1.2644269244387567,
            "characteristic_path_length": 0.7958620129916447
        },
        {
            "clustering": 0.31612938475753943,
            "modularity": 0.056866305414507254,
            "average_degree": 64.251529764152,
            "degree_std": 1.070702151609585,
            "average_shortest_path": 0.6762724406146275,
            "global_efficiency": 1.5053357162836452,
            "characteristic_path_length": 0.6762724406146275
        },
        {
            "clustering": 0.38306683237078065,
            "modularity": 0.07235556694778791,
            "average_degree": 63.106798147293,
            "degree_std": 1.1135981947626914,
            "average_shortest_path": 0.6822436987656751,
            "global_efficiency": 1.4946419434149234,
            "characteristic_path_length": 0.6822436987656751
        },
        {
            "clustering": 0.36861014387977864,
            "modularity": 0.06818349967819032,
            "average_degree": 64.65130032220023,
            "degree_std": 1.1132674390785873,
            "average_shortest_path": 0.6743597068559802,
            "global_efficiency": 1.5139387969217402,
            "characteristic_path_length": 0.6743597068559802
        }
    ],
    "11": [
        {
            "clustering": 0.42100081208527285,
            "modularity": 0.022435713028013296,
            "average_degree": 51.471678910604034,
            "degree_std": 0.6715611091092537,
            "average_shortest_path": 0.7390203262916952,
            "global_efficiency": 1.3639395818625275,
            "characteristic_path_length": 0.7390203262916952
        },
        {
            "clustering": 0.5295728685957416,
            "modularity": 0.022542789648151235,
            "average_degree": 75.47519725649744,
            "degree_std": 1.1571880526217273,
            "average_shortest_path": 0.6169821036401587,
            "global_efficiency": 1.646033619569956,
            "characteristic_path_length": 0.6169821036401587
        },
        {
            "clustering": 0.39210586727646984,
            "modularity": 0.015481508425622027,
            "average_degree": 70.91651938598669,
            "degree_std": 0.8566177600460517,
            "average_shortest_path": 0.6231874719870527,
            "global_efficiency": 1.656431896975759,
            "characteristic_path_length": 0.6231874719870527
        },
        {
            "clustering": 0.40901254782121005,
            "modularity": 0.027627600435552926,
            "average_degree": 60.323026497144134,
            "degree_std": 0.8644786843332294,
            "average_shortest_path": 0.6923415799607164,
            "global_efficiency": 1.4691382780277438,
            "characteristic_path_length": 0.6923415799607164
        },
        {
            "clustering": 0.4348438552028354,
            "modularity": 0.014459488680237699,
            "average_degree": 55.24772732161292,
            "degree_std": 0.606890982494623,
            "average_shortest_path": 0.7202977499622383,
            "global_efficiency": 1.3933886751918287,
            "characteristic_path_length": 0.7202977499622383
        },
        {
            "clustering": 0.2627117338080017,
            "modularity": 0.012948397161933497,
            "average_degree": 53.32452161321197,
            "degree_std": 0.780146360465598,
            "average_shortest_path": 0.7284182710453442,
            "global_efficiency": 1.3897011493481226,
            "characteristic_path_length": 0.7284182710453442
        }
    ]
}