{
    "0": [
        {
            "clustering": 0.0035432828297764355,
            "modularity": 0.3936326674303373,
            "average_degree": 1.324717526222881,
            "degree_std": 0.14546167043600192,
            "average_shortest_path": 0.9940669221585982,
            "global_efficiency": 1.0060604501748305,
            "characteristic_path_length": 0.9940669221585985
        },
        {
            "clustering": 0.004354705728134603,
            "modularity": 0.23316603012907522,
            "average_degree": 1.0318369561355767,
            "degree_std": 0.15949424673228324,
            "average_shortest_path": 0.9949297257022681,
            "global_efficiency": 1.0051098973105301,
            "characteristic_path_length": 0.9949297257022682
        },
        {
            "clustering": 0.00011667896427764402,
            "modularity": 0.8904524067121136,
            "average_degree": 2.131585554702078,
            "degree_std": 0.10258696289257811,
            "average_shortest_path": 0.9979646911906097,
            "global_efficiency": 1.0022221337694317,
            "characteristic_path_length": 0.997964691190621
        }
    ],
    "1": [
        {
            "clustering": 0.0006880550534393551,
            "modularity": 0.7821794337959618,
            "average_degree": 1.5064668332954751,
            "degree_std": 0.22818302100241308,
            "average_shortest_path": 0.9935352567046972,
            "global_efficiency": 1.0098369985020634,
            "characteristic_path_length": 0.993535256704699
        },
        {
            "clustering": 0.09684549664419065,
            "modularity": 0.23344301250485605,
            "average_degree": 24.27702330239374,
            "degree_std": 0.43159275213812237,
            "average_shortest_path": 0.8818566394735917,
            "global_efficiency": 1.1530888405586217,
            "characteristic_path_length": 0.8818566394735917
        },
        {
            "clustering": 0.0007536064882667324,
            "modularity": 0.7804353002166816,
            "average_degree": 1.4804164690095896,
            "degree_std": 0.2101875831243193,
            "average_shortest_path": 0.9936263024296528,
            "global_efficiency": 1.0094876496089318,
            "characteristic_path_length": 0.9936263024296487
        }
    ],
    "2": [
        {
            "clustering": 0.009245075546031583,
            "modularity": 0.25710548227032426,
            "average_degree": 2.3211988325924837,
            "degree_std": 0.09809168253744587,
            "average_shortest_path": 0.9886192555853307,
            "global_efficiency": 1.0116027164645,
            "characteristic_path_length": 0.9886192555853309
        },
        {
            "clustering": 0.0007027361394980504,
            "modularity": 0.7386592971077999,
            "average_degree": 1.285973176412484,
            "degree_std": 0.22405331302677942,
            "average_shortest_path": 0.9941867220632192,
            "global_efficiency": 1.008458756278029,
            "characteristic_path_length": 0.9941867220632132
        },
        {
            "clustering": 0.13151236337634264,
            "modularity": 0.20948058690868238,
            "average_degree": 31.806551998380897,
            "degree_std": 0.6397674733521047,
            "average_shortest_path": 0.8436187377301029,
            "global_efficiency": 1.2167743004604121,
            "characteristic_path_length": 0.8436187377301029
        }
    ],
    "3": [
        {
            "clustering": 0.32947830619544816,
            "modularity": 0.16874445623349282,
            "average_degree": 47.08373541056599,
            "degree_std": 1.2693090296721803,
            "average_shortest_path": 0.7640268668716483,
            "global_efficiency": 1.343387773990809,
            "characteristic_path_length": 0.7640268668716483
        },
        {
            "clustering": 0.4543545269740159,
            "modularity": 0.029990418399405305,
            "average_degree": 73.6540213303736,
            "degree_std": 0.8468374050991899,
            "average_shortest_path": 0.6218629104410308,
            "global_efficiency": 1.645449145752982,
            "characteristic_path_length": 0.6218629104410308
        },
        {
            "clustering": 0.0561899683015053,
            "modularity": 0.3635917498348393,
            "average_degree": 10.217124263859839,
            "degree_std": 0.900788684580187,
            "average_shortest_path": 0.9504032922396314,
            "global_efficiency": 1.0587087669291586,
            "characteristic_path_length": 0.9504032922396314
        }
    ],
    "4": [
        {
            "clustering": 0.028873153540690158,
            "modularity": 0.4610230838408125,
            "average_degree": 11.703830300725357,
            "degree_std": 1.3781663716626804,
            "average_shortest_path": 0.945360471292447,
            "global_efficiency": 1.079455027886114,
            "characteristic_path_length": 0.9453604712924473
        },
        {
            "clustering": 0.18188169538666407,
            "modularity": 0.2374470252298563,
            "average_degree": 40.20535972928217,
            "degree_std": 2.0941378751775224,
            "average_shortest_path": 0.7984294282250404,
            "global_efficiency": 1.3066932826012914,
            "characteristic_path_length": 0.7984294282250404
        },
        {
            "clustering": 0.32849873982549993,
            "modularity": 0.0374581672781394,
            "average_degree": 58.83329710491001,
            "degree_std": 2.2464742018004937,
            "average_shortest_path": 0.6843886903263215,
            "global_efficiency": 1.5219150982276584,
            "characteristic_path_length": 0.6843886903263215
        }
    ],
    "5": [
        {
            "clustering": 0.07197122810457163,
            "modularity": 0.2835096672739044,
            "average_degree": 17.199876252376715,
            "degree_std": 1.3198708803090784,
            "average_shortest_path": 0.9168624335430466,
            "global_efficiency": 1.1046669061759702,
            "characteristic_path_length": 0.9168624335430466
        },
        {
            "clustering": 0.19303457433760482,
            "modularity": 0.09172330971745611,
            "average_degree": 39.875691146098944,
            "degree_std": 0.8309837022274764,
            "average_shortest_path": 0.7987926084047993,
            "global_efficiency": 1.2617118461069718,
            "characteristic_path_length": 0.7987926084047993
        },
        {
            "clustering": 0.0864773819038268,
            "modularity": 0.29284916298485597,
            "average_degree": 15.133465367637715,
            "degree_std": 1.2692008259079162,
            "average_shortest_path": 0.9262513036698956,
            "global_efficiency": 1.0881996158275222,
            "characteristic_path_length": 0.9262513036698956
        }
    ],
    "6": [
        {
            "clustering": 0.34547860044720397,
            "modularity": 0.17932505232464377,
            "average_degree": 65.55376513780506,
            "degree_std": 1.7317865937825336,
            "average_shortest_path": 0.6641518501942038,
            "global_efficiency": 1.6149500245896622,
            "characteristic_path_length": 0.6641518501942038
        },
        {
            "clustering": 0.16291485596066746,
            "modularity": 0.16642747886630332,
            "average_degree": 36.2837304245549,
            "degree_std": 1.2746515739141178,
            "average_shortest_path": 0.8203425228730802,
            "global_efficiency": 1.242490239202576,
            "characteristic_path_length": 0.8203425228730802
        },
        {
            "clustering": 0.29294884689785966,
            "modularity": 0.08957658280597061,
            "average_degree": 58.770267490063155,
            "degree_std": 1.2229711491662854,
            "average_shortest_path": 0.7050862486397316,
            "global_efficiency": 1.4519119558190914,
            "characteristic_path_length": 0.7050862486397316
        }
    ],
    "7": [
        {
            "clustering": 0.22589440498597574,
            "modularity": 0.2161605182549076,
            "average_degree": 50.53067835882388,
            "degree_std": 1.8863701230995973,
            "average_shortest_path": 0.7483838274879756,
            "global_efficiency": 1.4026255727203056,
            "characteristic_path_length": 0.7483838274879756
        },
        {
            "clustering": 0.21414693499260892,
            "modularity": 0.23394538478069243,
            "average_degree": 48.445935888555006,
            "degree_std": 2.207064987358356,
            "average_shortest_path": 0.7586975224265725,
            "global_efficiency": 1.3813590647715261,
            "characteristic_path_length": 0.7586975224265725
        },
        {
            "clustering": 0.16836843183204733,
            "modularity": 0.244082912495388,
            "average_degree": 38.347429028170524,
            "degree_std": 1.2125193031558568,
            "average_shortest_path": 0.8104902460135238,
            "global_efficiency": 1.2745984938333055,
            "characteristic_path_length": 0.8104902460135238
        }
    ],
    "8": [
        {
            "clustering": 0.32318607198531135,
            "modularity": 0.13278516177505925,
            "average_degree": 62.89588009960778,
            "degree_std": 1.3373161928604014,
            "average_shortest_path": 0.6849925784221899,
            "global_efficiency": 1.5200545490903126,
            "characteristic_path_length": 0.6849925784221899
        },
        {
            "clustering": 0.29683017315472343,
            "modularity": 0.10623775505541261,
            "average_degree": 62.217060836880236,
            "degree_std": 1.179011635833709,
            "average_shortest_path": 0.688986454982252,
            "global_efficiency": 1.5049933306924808,
            "characteristic_path_length": 0.688986454982252
        },
        {
            "clustering": 0.3033023042360832,
            "modularity": 0.12213903686214043,
            "average_degree": 53.3192908152778,
            "degree_std": 1.1481092376349236,
            "average_shortest_path": 0.7327317839962147,
            "global_efficiency": 1.3917153021596855,
            "characteristic_path_length": 0.7327317839962147
        }
    ],
    "9": [
        {
            "clustering": 0.4143513670870529,
            "modularity": 0.07684877158805987,
            "average_degree": 71.29427400481882,
            "degree_std": 0.9842777261398556,
            "average_shortest_path": 0.6415025539380071,
            "global_efficiency": 1.6040753475879137,
            "characteristic_path_length": 0.6415025539380071
        },
        {
            "clustering": 0.3331271324167421,
            "modularity": 0.08959782265538463,
            "average_degree": 62.17489235332332,
            "degree_std": 1.51229242796087,
            "average_shortest_path": 0.6881223848246831,
            "global_efficiency": 1.4889276792813932,
            "characteristic_path_length": 0.6881223848246831
        },
        {
            "clustering": 0.4179010481563646,
            "modularity": 0.0630989410132137,
            "average_degree": 75.58984740839779,
            "degree_std": 1.605846933323465,
            "average_shortest_path": 0.6193630793346937,
            "global_efficiency": 1.6791793872922094,
            "characteristic_path_length": 0.6193630793346937
        }
    ],
    "10": [
        {
            "clustering": 0.49396437407386345,
            "modularity": 0.05944813280708444,
            "average_degree": 71.32756422845097,
            "degree_std": 1.6667318578173076,
            "average_shortest_path": 0.6407062973455863,
            "global_efficiency": 1.5869700282810983,
            "characteristic_path_length": 0.6407062973455864
        },
        {
            "clustering": 0.4336646357602646,
            "modularity": 0.07024987504557231,
            "average_degree": 63.883164717397044,
            "degree_std": 1.0210418624181865,
            "average_shortest_path": 0.6773880140105287,
            "global_efficiency": 1.5093822846232083,
            "characteristic_path_length": 0.6773880140105287
        },
        {
            "clustering": 0.4191518066751158,
            "modularity": 0.06418014759287036,
            "average_degree": 76.92597481921078,
            "degree_std": 1.1527113821092143,
            "average_shortest_path": 0.6115834467982636,
            "global_efficiency": 1.6877406623330236,
            "characteristic_path_length": 0.6115834467982636
        }
    ],
    "11": [
        {
            "clustering": 0.47069683629469133,
            "modularity": 0.04621709278428049,
            "average_degree": 77.6416964333484,
            "degree_std": 1.6226495672039762,
            "average_shortest_path": 0.6072708648018196,
            "global_efficiency": 1.6850290971841209,
            "characteristic_path_length": 0.6072708648018196
        },
        {
            "clustering": 0.40326411229643827,
            "modularity": 0.05610815384644871,
            "average_degree": 76.23056950225092,
            "degree_std": 1.319653108959959,
            "average_shortest_path": 0.6146773119544714,
            "global_efficiency": 1.665757098862284,
            "characteristic_path_length": 0.6146773119544714
        },
        {
            "clustering": 0.3349827929051702,
            "modularity": 0.06712626827997804,
            "average_degree": 63.42003298610491,
            "degree_std": 1.2974761078060661,
            "average_shortest_path": 0.6808714875814849,
            "global_efficiency": 1.49422340260898,
            "characteristic_path_length": 0.6808714875814849
        }
    ]
}