{
    "0": [
        {
            "clustering": 2.7776482115585664e-05,
            "modularity": 0.9710888297020802,
            "average_degree": 1.9400575721246505,
            "degree_std": 0.15647179179629583,
            "average_shortest_path": 0.9995973116124569,
            "global_efficiency": 1.0004190764744407,
            "characteristic_path_length": 0.9995973116126828
        },
        {
            "clustering": 0.002224433057267977,
            "modularity": 0.20286674043571282,
            "average_degree": 1.0622794797503459,
            "degree_std": 0.5366666151189676,
            "average_shortest_path": 0.9946331075499084,
            "global_efficiency": 1.0055088920806905,
            "characteristic_path_length": 0.9946331075499067
        },
        {
            "clustering": 0.0023366411895965602,
            "modularity": 0.6609193408847294,
            "average_degree": 1.781269670340121,
            "degree_std": 0.9340653270857237,
            "average_shortest_path": 0.9917982424183723,
            "global_efficiency": 1.0090053324997232,
            "characteristic_path_length": 0.9917982424183732
        },
        {
            "clustering": 0.0013595270279808083,
            "modularity": 0.7239501190530286,
            "average_degree": 2.4526841658394214,
            "degree_std": 0.6637574919674524,
            "average_shortest_path": 0.9905471905249973,
            "global_efficiency": 1.0112326366679594,
            "characteristic_path_length": 0.9905471905249962
        },
        {
            "clustering": 2.823135823914568e-05,
            "modularity": 0.9937516260475526,
            "average_degree": 1.9950445620665982,
            "degree_std": 0.10593022414566036,
            "average_shortest_path": 0.98060767514958,
            "global_efficiency": 1.0345764294769753,
            "characteristic_path_length": 0.9806076751496324
        },
        {
            "clustering": 0.00037327488708622077,
            "modularity": 0.8525280982937157,
            "average_degree": 2.0676016362647918,
            "degree_std": 0.7187658583938714,
            "average_shortest_path": 0.9938690999269705,
            "global_efficiency": 1.0087036442467225,
            "characteristic_path_length": 0.9938690999270176
        },
        {
            "clustering": 0.0020488649527832573,
            "modularity": 0.7079922296012205,
            "average_degree": 2.1281403042166764,
            "degree_std": 1.1583392648012274,
            "average_shortest_path": 0.9903902016772953,
            "global_efficiency": 1.010902119389411,
            "characteristic_path_length": 0.990390201677288
        },
        {
            "clustering": 0.0013993247132811752,
            "modularity": 0.6300301995349012,
            "average_degree": 1.2438719658840607,
            "degree_std": 0.6873928335109716,
            "average_shortest_path": 0.993699644219294,
            "global_efficiency": 1.0075776120326687,
            "characteristic_path_length": 0.993699644219375
        },
        {
            "clustering": 0.011574844053159623,
            "modularity": 0.5925694913262393,
            "average_degree": 5.308421027226913,
            "degree_std": 1.520115992637411,
            "average_shortest_path": 0.9754912696440048,
            "global_efficiency": 1.0293064691849292,
            "characteristic_path_length": 0.9754912696440053
        },
        {
            "clustering": 0.0007700957471075895,
            "modularity": 0.7037420598153479,
            "average_degree": 1.214906708665154,
            "degree_std": 0.18668334383844837,
            "average_shortest_path": 0.9959745243325024,
            "global_efficiency": 1.0042986960528335,
            "characteristic_path_length": 0.9959745243325068
        },
        {
            "clustering": 0.13835568276772559,
            "modularity": 0.0639955266181039,
            "average_degree": 29.81017250496398,
            "degree_std": 11.249201387613379,
            "average_shortest_path": 0.8499813737281529,
            "global_efficiency": 1.1930176822030827,
            "characteristic_path_length": 0.8499813737281529
        },
        {
            "clustering": 0.0357054059161195,
            "modularity": 0.2512689501887265,
            "average_degree": 8.890862725432424,
            "degree_std": 4.459751722339456,
            "average_shortest_path": 0.9565305753487271,
            "global_efficiency": 1.0500760419048825,
            "characteristic_path_length": 0.9565305753487277
        }
    ],
    "1": [
        {
            "clustering": 0.056713092338280695,
            "modularity": 0.38696546149401023,
            "average_degree": 15.123367057717942,
            "degree_std": 2.010780293990855,
            "average_shortest_path": 0.9241595460335058,
            "global_efficiency": 1.0998577715515692,
            "characteristic_path_length": 0.924159546033506
        },
        {
            "clustering": 0.00020183699812948824,
            "modularity": 0.8508630149147993,
            "average_degree": 1.1673355183722176,
            "degree_std": 0.3100849083452961,
            "average_shortest_path": 0.9946296935827302,
            "global_efficiency": 1.0085623963105368,
            "characteristic_path_length": 0.9946296935827439
        },
        {
            "clustering": 0.07498337617503051,
            "modularity": 0.251022454350092,
            "average_degree": 17.98421599137733,
            "degree_std": 1.0766658486977396,
            "average_shortest_path": 0.9101200814623119,
            "global_efficiency": 1.1058789681417072,
            "characteristic_path_length": 0.9101200814623119
        },
        {
            "clustering": 4.139173749419533e-05,
            "modularity": 0.9227773072267145,
            "average_degree": 1.052697953441118,
            "degree_std": 0.31649946021203906,
            "average_shortest_path": 0.973195346090932,
            "global_efficiency": 1.0533989022859676,
            "characteristic_path_length": 0.9731953460913519
        },
        {
            "clustering": 4.318489309996751e-05,
            "modularity": 0.9227342590164275,
            "average_degree": 1.0378553311181677,
            "degree_std": 0.26454214686234473,
            "average_shortest_path": 0.9323627577720882,
            "global_efficiency": 1.1350488397716307,
            "characteristic_path_length": 0.9323627577725063
        },
        {
            "clustering": 0.002619664520302965,
            "modularity": 0.6654447396866254,
            "average_degree": 3.433763481803469,
            "degree_std": 0.45419014569069577,
            "average_shortest_path": 0.9815644022377608,
            "global_efficiency": 1.0366099146798973,
            "characteristic_path_length": 0.9815644022377575
        },
        {
            "clustering": 0.278915304580782,
            "modularity": 0.12497928076504194,
            "average_degree": 44.44139664568356,
            "degree_std": 3.915023387144853,
            "average_shortest_path": 0.7759080389645194,
            "global_efficiency": 1.3111451135173413,
            "characteristic_path_length": 0.7759080389645194
        },
        {
            "clustering": 0.0030825983481425497,
            "modularity": 0.603666614636344,
            "average_degree": 3.472523878451792,
            "degree_std": 0.4476486233445763,
            "average_shortest_path": 0.9893077785097995,
            "global_efficiency": 1.0121474532863826,
            "characteristic_path_length": 0.9893077785098016
        },
        {
            "clustering": 0.016354666144755267,
            "modularity": 0.5077087123383459,
            "average_degree": 6.249669459189495,
            "degree_std": 0.8991290074898469,
            "average_shortest_path": 0.9712746061699619,
            "global_efficiency": 1.034251617198821,
            "characteristic_path_length": 0.9712746061699608
        },
        {
            "clustering": 0.0023555416186429035,
            "modularity": 0.6862918719986327,
            "average_degree": 3.20344143975932,
            "degree_std": 0.4117197750364297,
            "average_shortest_path": 0.9890196787564277,
            "global_efficiency": 1.013109628681297,
            "characteristic_path_length": 0.9890196787564226
        },
        {
            "clustering": 0.07768421578491135,
            "modularity": 0.21187071461082055,
            "average_degree": 18.96382694689259,
            "degree_std": 5.742562678894664,
            "average_shortest_path": 0.9065417392358188,
            "global_efficiency": 1.1153916570575497,
            "characteristic_path_length": 0.9065417392358188
        },
        {
            "clustering": 3.6093807870452896e-05,
            "modularity": 0.9226669928902917,
            "average_degree": 1.0551749384217677,
            "degree_std": 0.3320643369440486,
            "average_shortest_path": 0.968248976513398,
            "global_efficiency": 1.0632571597715612,
            "characteristic_path_length": 0.9682489765138184
        }
    ],
    "2": [
        {
            "clustering": 0.1135201679728123,
            "modularity": 0.24701825637069852,
            "average_degree": 27.93162497553314,
            "degree_std": 1.005574081699891,
            "average_shortest_path": 0.8612717161051107,
            "global_efficiency": 1.1865632651886189,
            "characteristic_path_length": 0.8612717161051107
        },
        {
            "clustering": 0.03711821086772843,
            "modularity": 0.34911555340432754,
            "average_degree": 12.526626995507485,
            "degree_std": 1.0182720246670587,
            "average_shortest_path": 0.9307936374661393,
            "global_efficiency": 1.0999661309555833,
            "characteristic_path_length": 0.9307936374661393
        },
        {
            "clustering": 0.0629897635963293,
            "modularity": 0.3508527497312469,
            "average_degree": 17.333075822678357,
            "degree_std": 1.58179022227074,
            "average_shortest_path": 0.9127207379413222,
            "global_efficiency": 1.1153279697023024,
            "characteristic_path_length": 0.9127207379413222
        },
        {
            "clustering": 0.000260602875650861,
            "modularity": 0.9003724559864461,
            "average_degree": 1.1321678996303346,
            "degree_std": 0.24610372820596463,
            "average_shortest_path": 0.9946566588146062,
            "global_efficiency": 1.0077728517260571,
            "characteristic_path_length": 0.99465665881462
        },
        {
            "clustering": 0.07728717579334911,
            "modularity": 0.2985369433760008,
            "average_degree": 13.792854162173485,
            "degree_std": 0.7232056072417358,
            "average_shortest_path": 0.9306776063600659,
            "global_efficiency": 1.0826464903956394,
            "characteristic_path_length": 0.9306776063600659
        },
        {
            "clustering": 0.05508077687610445,
            "modularity": 0.37550579359385816,
            "average_degree": 16.949259772538415,
            "degree_std": 1.8812009639725622,
            "average_shortest_path": 0.9175354533311709,
            "global_efficiency": 1.1111043437817927,
            "characteristic_path_length": 0.9175354533311709
        },
        {
            "clustering": 0.00010850667489187276,
            "modularity": 0.9126337971013446,
            "average_degree": 1.0322063233335552,
            "degree_std": 0.20146318910642097,
            "average_shortest_path": 0.9950320152114819,
            "global_efficiency": 1.0093094034272563,
            "characteristic_path_length": 0.9950320152116603
        },
        {
            "clustering": 0.32808059814808826,
            "modularity": 0.017239986520896207,
            "average_degree": 65.66465636261175,
            "degree_std": 4.509551237308062,
            "average_shortest_path": 0.6675275698858883,
            "global_efficiency": 1.5121796002889927,
            "characteristic_path_length": 0.6675275698858885
        },
        {
            "clustering": 0.0173999834153332,
            "modularity": 0.5206907513069273,
            "average_degree": 8.392505153440588,
            "degree_std": 0.7507222934877985,
            "average_shortest_path": 0.9537768784715567,
            "global_efficiency": 1.0808023673846796,
            "characteristic_path_length": 0.9537768784715566
        },
        {
            "clustering": 0.0006431396532444823,
            "modularity": 0.7960332294732705,
            "average_degree": 1.3949742737977016,
            "degree_std": 0.20101397472460497,
            "average_shortest_path": 0.993721787193824,
            "global_efficiency": 1.0089173427431732,
            "characteristic_path_length": 0.9937217871938253
        },
        {
            "clustering": 0.00044794863668862824,
            "modularity": 0.800347271457832,
            "average_degree": 1.3105157675221664,
            "degree_std": 0.28065670198773096,
            "average_shortest_path": 0.9941933016557729,
            "global_efficiency": 1.0081307724216713,
            "characteristic_path_length": 0.9941933016557732
        },
        {
            "clustering": 0.2312455811504533,
            "modularity": 0.05843341187615958,
            "average_degree": 47.57513130427176,
            "degree_std": 1.3340349680582535,
            "average_shortest_path": 0.7483918759808323,
            "global_efficiency": 1.3824744861229168,
            "characteristic_path_length": 0.7483918759808323
        }
    ],
    "3": [
        {
            "clustering": 0.03800924774750367,
            "modularity": 0.4434436983259828,
            "average_degree": 13.409747996761986,
            "degree_std": 1.4219144376774528,
            "average_shortest_path": 0.9363306479046619,
            "global_efficiency": 1.0907089238701027,
            "characteristic_path_length": 0.9363306479046619
        },
        {
            "clustering": 0.21117813551494558,
            "modularity": 0.20335195716845575,
            "average_degree": 47.01411467017282,
            "degree_std": 1.7012486256108867,
            "average_shortest_path": 0.7654390487684593,
            "global_efficiency": 1.3704433681408783,
            "characteristic_path_length": 0.7654390487684593
        },
        {
            "clustering": 0.0069775019535542274,
            "modularity": 0.6708579108436121,
            "average_degree": 5.126600930541448,
            "degree_std": 0.7467835190387924,
            "average_shortest_path": 0.9746665294740698,
            "global_efficiency": 1.0395722087659809,
            "characteristic_path_length": 0.9746665294740685
        },
        {
            "clustering": 0.01508073817402519,
            "modularity": 0.5086531906938812,
            "average_degree": 7.828991180852593,
            "degree_std": 0.8451612473759383,
            "average_shortest_path": 0.9650140161984786,
            "global_efficiency": 1.0512201820060212,
            "characteristic_path_length": 0.965014016198478
        },
        {
            "clustering": 0.04147882489571911,
            "modularity": 0.34509004984895075,
            "average_degree": 13.529725767238146,
            "degree_std": 1.0485652431168933,
            "average_shortest_path": 0.9366805752039584,
            "global_efficiency": 1.085022735631815,
            "characteristic_path_length": 0.9366805752039584
        },
        {
            "clustering": 0.24168852957177564,
            "modularity": 0.21194749070251384,
            "average_degree": 43.06514196048543,
            "degree_std": 1.5004975140921515,
            "average_shortest_path": 0.784849398992604,
            "global_efficiency": 1.3220796848242544,
            "characteristic_path_length": 0.784849398992604
        },
        {
            "clustering": 0.020639108861818817,
            "modularity": 0.3923474387694147,
            "average_degree": 7.758420051901053,
            "degree_std": 1.1206901300018453,
            "average_shortest_path": 0.9639048110293391,
            "global_efficiency": 1.0425111914974474,
            "characteristic_path_length": 0.9639048110293391
        },
        {
            "clustering": 0.019825378853328874,
            "modularity": 0.17067823705020937,
            "average_degree": 7.300200628565555,
            "degree_std": 1.1285343410360449,
            "average_shortest_path": 0.9608026834388281,
            "global_efficiency": 1.0509827763897004,
            "characteristic_path_length": 0.9608026834388281
        },
        {
            "clustering": 0.42089257740669656,
            "modularity": 0.036902566570997025,
            "average_degree": 58.46357960487219,
            "degree_std": 4.139740358912293,
            "average_shortest_path": 0.7030260342111507,
            "global_efficiency": 1.442537228149811,
            "characteristic_path_length": 0.7030260342111507
        },
        {
            "clustering": 0.006433679978242907,
            "modularity": 0.5057638068624306,
            "average_degree": 2.874384882889788,
            "degree_std": 0.6285840452450036,
            "average_shortest_path": 0.98544890589162,
            "global_efficiency": 1.016921977938866,
            "characteristic_path_length": 0.9854489058916157
        },
        {
            "clustering": 0.27935688232014777,
            "modularity": 0.18234679901849407,
            "average_degree": 60.90313680696222,
            "degree_std": 1.2742231767441703,
            "average_shortest_path": 0.6952349837324836,
            "global_efficiency": 1.5382937811990058,
            "characteristic_path_length": 0.6952349837324836
        },
        {
            "clustering": 0.3183406597585913,
            "modularity": 0.13288664492009622,
            "average_degree": 64.22057958852773,
            "degree_std": 1.6598705009922368,
            "average_shortest_path": 0.6780973382150176,
            "global_efficiency": 1.5451213262723422,
            "characteristic_path_length": 0.6780973382150176
        }
    ],
    "4": [
        {
            "clustering": 0.0021281949073488154,
            "modularity": 0.825227724764511,
            "average_degree": 1.6905409126790483,
            "degree_std": 0.37789639374572986,
            "average_shortest_path": 0.9920359405148312,
            "global_efficiency": 1.0097475986048112,
            "characteristic_path_length": 0.992035940514828
        },
        {
            "clustering": 0.011202396655445954,
            "modularity": 0.5012455575678911,
            "average_degree": 6.5696627395003135,
            "degree_std": 1.2000310590339929,
            "average_shortest_path": 0.9714604716927965,
            "global_efficiency": 1.0441899727888357,
            "characteristic_path_length": 0.971460471692797
        },
        {
            "clustering": 0.3505302852727305,
            "modularity": 0.1333863282853519,
            "average_degree": 59.78092270980782,
            "degree_std": 1.0899927999452412,
            "average_shortest_path": 0.7004721092005137,
            "global_efficiency": 1.4812298207018564,
            "characteristic_path_length": 0.7004721092005137
        },
        {
            "clustering": 0.03334936909621697,
            "modularity": 0.3753012022435114,
            "average_degree": 11.836128045259933,
            "degree_std": 1.5563156100447708,
            "average_shortest_path": 0.9445939127381056,
            "global_efficiency": 1.0742770575714269,
            "characteristic_path_length": 0.9445939127381056
        },
        {
            "clustering": 0.22030188228885145,
            "modularity": 0.18231179850305065,
            "average_degree": 30.317242816282253,
            "degree_std": 1.9026925028686095,
            "average_shortest_path": 0.8472589544882704,
            "global_efficiency": 1.197427203878374,
            "characteristic_path_length": 0.8472589544882704
        },
        {
            "clustering": 0.17670664576179812,
            "modularity": 0.1525496939997061,
            "average_degree": 27.178075934264086,
            "degree_std": 1.5923697586001184,
            "average_shortest_path": 0.8642819033337767,
            "global_efficiency": 1.1672378747898788,
            "characteristic_path_length": 0.8642819033337767
        },
        {
            "clustering": 0.3298724555785779,
            "modularity": 0.015978613046288757,
            "average_degree": 62.31632769395175,
            "degree_std": 1.6214020555869193,
            "average_shortest_path": 0.6583376642068433,
            "global_efficiency": 1.5747851025997146,
            "characteristic_path_length": 0.6583376642068433
        },
        {
            "clustering": 0.1670061268293883,
            "modularity": 0.14996622066611498,
            "average_degree": 36.45644882948787,
            "degree_std": 1.540590163151379,
            "average_shortest_path": 0.8175704217293502,
            "global_efficiency": 1.2470680729608237,
            "characteristic_path_length": 0.8175704217293502
        },
        {
            "clustering": 0.22863615968423373,
            "modularity": 0.040581555106560516,
            "average_degree": 40.19863365296127,
            "degree_std": 2.0882748401630247,
            "average_shortest_path": 0.7853855739547254,
            "global_efficiency": 1.3032180564647893,
            "characteristic_path_length": 0.7853855739547254
        },
        {
            "clustering": 0.0471253539602699,
            "modularity": 0.2530225791068037,
            "average_degree": 7.498831353003491,
            "degree_std": 1.2027599056922096,
            "average_shortest_path": 0.9622337482934761,
            "global_efficiency": 1.0427692768251207,
            "characteristic_path_length": 0.9622337482934762
        },
        {
            "clustering": 0.15944917798156563,
            "modularity": 0.19177926101513784,
            "average_degree": 34.86088039439879,
            "degree_std": 1.4769448071741094,
            "average_shortest_path": 0.8279470830152109,
            "global_efficiency": 1.2522239188404256,
            "characteristic_path_length": 0.827947083015211
        },
        {
            "clustering": 0.0021977173159331517,
            "modularity": 0.7528192883725192,
            "average_degree": 1.6972807854204424,
            "degree_std": 0.3528051759663366,
            "average_shortest_path": 0.9922742547669271,
            "global_efficiency": 1.0098329524443446,
            "characteristic_path_length": 0.9922742547669292
        }
    ],
    "5": [
        {
            "clustering": 0.22368874899165128,
            "modularity": 0.03788574308828453,
            "average_degree": 43.18187518688172,
            "degree_std": 2.028833972954211,
            "average_shortest_path": 0.7628423768781839,
            "global_efficiency": 1.3506072650627299,
            "characteristic_path_length": 0.7628423768781839
        },
        {
            "clustering": 0.04007845123915116,
            "modularity": 0.31234772540824923,
            "average_degree": 11.839871887972254,
            "degree_std": 1.3125412110194836,
            "average_shortest_path": 0.9437611824387413,
            "global_efficiency": 1.0690948410881118,
            "characteristic_path_length": 0.9437611824387413
        },
        {
            "clustering": 0.39157540960736165,
            "modularity": 0.10852467980017136,
            "average_degree": 71.06816119936535,
            "degree_std": 1.936313300867251,
            "average_shortest_path": 0.6379803437029999,
            "global_efficiency": 1.6351902757495997,
            "characteristic_path_length": 0.6379803437029999
        },
        {
            "clustering": 0.31248676507278256,
            "modularity": 0.1812305566700872,
            "average_degree": 66.05610320967381,
            "degree_std": 1.5573848943437247,
            "average_shortest_path": 0.6692942248995262,
            "global_efficiency": 1.6314416835053003,
            "characteristic_path_length": 0.6692942248995263
        },
        {
            "clustering": 0.21172015865346547,
            "modularity": 0.2146279091181293,
            "average_degree": 43.29304626651086,
            "degree_std": 1.199715233177984,
            "average_shortest_path": 0.7849579030287762,
            "global_efficiency": 1.323948999146863,
            "characteristic_path_length": 0.7849579030287762
        },
        {
            "clustering": 0.22052556612064672,
            "modularity": 0.204294182396042,
            "average_degree": 45.46686171145768,
            "degree_std": 1.6049169102299372,
            "average_shortest_path": 0.7734390486946396,
            "global_efficiency": 1.338587243010311,
            "characteristic_path_length": 0.7734390486946396
        },
        {
            "clustering": 0.027828404195550542,
            "modularity": 0.36562931059181125,
            "average_degree": 9.309509993762644,
            "degree_std": 1.459284613637376,
            "average_shortest_path": 0.956539831462649,
            "global_efficiency": 1.0534487311087473,
            "characteristic_path_length": 0.9565398314626492
        },
        {
            "clustering": 0.34717178097594564,
            "modularity": 0.17255738007368843,
            "average_degree": 67.06714903022157,
            "degree_std": 1.4096366406637333,
            "average_shortest_path": 0.6640930952492646,
            "global_efficiency": 1.606694368946704,
            "characteristic_path_length": 0.6640930952492646
        },
        {
            "clustering": 0.03577390003951059,
            "modularity": 0.36041574522188913,
            "average_degree": 12.303431251286124,
            "degree_std": 1.605076756005188,
            "average_shortest_path": 0.9420150711615112,
            "global_efficiency": 1.07722889772934,
            "characteristic_path_length": 0.9420150711615112
        },
        {
            "clustering": 0.3944802499730074,
            "modularity": 0.12392716237571934,
            "average_degree": 76.06799509647372,
            "degree_std": 1.1430215755284552,
            "average_shortest_path": 0.6171604555274876,
            "global_efficiency": 1.7240140037325709,
            "characteristic_path_length": 0.6171604555274876
        },
        {
            "clustering": 0.009397430868720576,
            "modularity": 0.47909144653554575,
            "average_degree": 4.507715172006295,
            "degree_std": 1.0598702823579682,
            "average_shortest_path": 0.9796569031917629,
            "global_efficiency": 1.0250884377960592,
            "characteristic_path_length": 0.9796569031917678
        },
        {
            "clustering": 0.022309533717393897,
            "modularity": 0.37138759156476053,
            "average_degree": 6.2266072986986885,
            "degree_std": 1.0838133136859986,
            "average_shortest_path": 0.9712657340430946,
            "global_efficiency": 1.0333764513444925,
            "characteristic_path_length": 0.9712657340430952
        }
    ],
    "6": [
        {
            "clustering": 0.2999427712677891,
            "modularity": 0.23807575016063268,
            "average_degree": 64.78133263788457,
            "degree_std": 1.8171278055144122,
            "average_shortest_path": 0.6756686739121819,
            "global_efficiency": 1.6582558883537022,
            "characteristic_path_length": 0.6756686739121819
        },
        {
            "clustering": 0.06704589613771424,
            "modularity": 0.30486501109213826,
            "average_degree": 9.406946993225565,
            "degree_std": 1.0820342151996576,
            "average_shortest_path": 0.9536450715033582,
            "global_efficiency": 1.0519251182261773,
            "characteristic_path_length": 0.9536450715033582
        },
        {
            "clustering": 0.11466659443157753,
            "modularity": 0.2758960585527175,
            "average_degree": 28.593026392076954,
            "degree_std": 1.7125806147050786,
            "average_shortest_path": 0.8591278479386298,
            "global_efficiency": 1.1928131245257179,
            "characteristic_path_length": 0.8591278479386298
        },
        {
            "clustering": 0.13816012743074402,
            "modularity": 0.2848194492699415,
            "average_degree": 34.704524210982875,
            "degree_std": 1.8983853136011684,
            "average_shortest_path": 0.8283140850295245,
            "global_efficiency": 1.2588981263771426,
            "characteristic_path_length": 0.8283140850295245
        },
        {
            "clustering": 0.1721129482718247,
            "modularity": 0.27591191537658344,
            "average_degree": 40.98269744031329,
            "degree_std": 2.203859681958966,
            "average_shortest_path": 0.7960074064267685,
            "global_efficiency": 1.3101668368392045,
            "characteristic_path_length": 0.7960074064267686
        },
        {
            "clustering": 0.2554774128643583,
            "modularity": 0.22573557207669318,
            "average_degree": 54.85609990174295,
            "degree_std": 1.7897204242455311,
            "average_shortest_path": 0.7263420559100546,
            "global_efficiency": 1.4775368954681838,
            "characteristic_path_length": 0.7263420559100546
        },
        {
            "clustering": 0.440000515014747,
            "modularity": 0.07005602191240774,
            "average_degree": 70.55202564471575,
            "degree_std": 0.9564172509239739,
            "average_shortest_path": 0.6433137136733265,
            "global_efficiency": 1.589919784534785,
            "characteristic_path_length": 0.6433137136733265
        },
        {
            "clustering": 0.44600309353978657,
            "modularity": 0.16196288193989505,
            "average_degree": 77.71415850325084,
            "degree_std": 1.2039181082888486,
            "average_shortest_path": 0.606551909448424,
            "global_efficiency": 1.764485129168814,
            "characteristic_path_length": 0.606551909448424
        },
        {
            "clustering": 0.04924859593728788,
            "modularity": 0.34492896499300263,
            "average_degree": 14.914774012788904,
            "degree_std": 1.5631764785551083,
            "average_shortest_path": 0.9281042968925697,
            "global_efficiency": 1.0909502341890422,
            "characteristic_path_length": 0.9281042968925697
        },
        {
            "clustering": 0.2828841443385025,
            "modularity": 0.23144775232071607,
            "average_degree": 47.90779514542342,
            "degree_std": 1.3118707923421344,
            "average_shortest_path": 0.7602672992965332,
            "global_efficiency": 1.3657497417175362,
            "characteristic_path_length": 0.7602672992965332
        },
        {
            "clustering": 0.06276209019734144,
            "modularity": 0.2582272043760103,
            "average_degree": 15.858856161170266,
            "degree_std": 1.6335809774226269,
            "average_shortest_path": 0.9225286414003305,
            "global_efficiency": 1.0979164900838703,
            "characteristic_path_length": 0.9225286414003305
        },
        {
            "clustering": 0.43841835447425936,
            "modularity": 0.018911689765034236,
            "average_degree": 67.60027075907044,
            "degree_std": 1.755852684329424,
            "average_shortest_path": 0.6495392174168334,
            "global_efficiency": 1.5770653789222027,
            "characteristic_path_length": 0.6495392174168334
        }
    ],
    "7": [
        {
            "clustering": 0.2604330782104939,
            "modularity": 0.24445988737173396,
            "average_degree": 54.9757430989786,
            "degree_std": 1.8880346411248745,
            "average_shortest_path": 0.7248720462505587,
            "global_efficiency": 1.46970011734509,
            "characteristic_path_length": 0.7248720462505587
        },
        {
            "clustering": 0.4274019631170832,
            "modularity": 0.1203785163112202,
            "average_degree": 79.46565223348301,
            "degree_std": 1.2303605872029861,
            "average_shortest_path": 0.6013309212071365,
            "global_efficiency": 1.7755645328906846,
            "characteristic_path_length": 0.6013309212071365
        },
        {
            "clustering": 0.3178546800546202,
            "modularity": 0.22049552384397725,
            "average_degree": 67.41645715383981,
            "degree_std": 1.875638891677235,
            "average_shortest_path": 0.6623097234510157,
            "global_efficiency": 1.6719778574154123,
            "characteristic_path_length": 0.6623097234510157
        },
        {
            "clustering": 0.2588218122399705,
            "modularity": 0.23196293583383798,
            "average_degree": 55.213468654168295,
            "degree_std": 1.6658048087789488,
            "average_shortest_path": 0.7239092024812819,
            "global_efficiency": 1.4892515597704443,
            "characteristic_path_length": 0.7239092024812819
        },
        {
            "clustering": 0.29941903425624167,
            "modularity": 0.20231756904715342,
            "average_degree": 65.81494793566709,
            "degree_std": 1.2623045596015081,
            "average_shortest_path": 0.6708133421159034,
            "global_efficiency": 1.6273811651113312,
            "characteristic_path_length": 0.6708133421159034
        },
        {
            "clustering": 0.1526543885067171,
            "modularity": 0.27650698282362474,
            "average_degree": 25.35645876783451,
            "degree_std": 1.6472380846617733,
            "average_shortest_path": 0.8741786346685723,
            "global_efficiency": 1.160279167652671,
            "characteristic_path_length": 0.8741786346685723
        },
        {
            "clustering": 0.31872348396422767,
            "modularity": 0.18404312463841344,
            "average_degree": 67.8255136427702,
            "degree_std": 1.3601617241870227,
            "average_shortest_path": 0.6602968894917683,
            "global_efficiency": 1.6285561986663017,
            "characteristic_path_length": 0.6602968894917683
        },
        {
            "clustering": 0.35760749757070015,
            "modularity": 0.15415422918928434,
            "average_degree": 64.74517732323227,
            "degree_std": 0.6895499688307261,
            "average_shortest_path": 0.6757564609322447,
            "global_efficiency": 1.5582648426263417,
            "characteristic_path_length": 0.6757564609322447
        },
        {
            "clustering": 0.3240610769231396,
            "modularity": 0.23196201663304994,
            "average_degree": 67.98336186489703,
            "degree_std": 2.1533327532978386,
            "average_shortest_path": 0.6590675146496129,
            "global_efficiency": 1.6960830631461141,
            "characteristic_path_length": 0.6590675146496129
        },
        {
            "clustering": 0.35969945080037646,
            "modularity": 0.03475903437256246,
            "average_degree": 73.0369608120937,
            "degree_std": 1.0956807313981416,
            "average_shortest_path": 0.6053678668154764,
            "global_efficiency": 1.7339576615259167,
            "characteristic_path_length": 0.6053678668154764
        },
        {
            "clustering": 0.2223384077601345,
            "modularity": 0.25143081852663024,
            "average_degree": 34.47891833572988,
            "degree_std": 1.727182882206731,
            "average_shortest_path": 0.8280514964613142,
            "global_efficiency": 1.233622003382287,
            "characteristic_path_length": 0.8280514964613142
        },
        {
            "clustering": 0.13160530079860014,
            "modularity": 0.2858138792268737,
            "average_degree": 17.29898421511455,
            "degree_std": 1.4633859547526846,
            "average_shortest_path": 0.9137526082108013,
            "global_efficiency": 1.1017583845379513,
            "characteristic_path_length": 0.9137526082108013
        }
    ],
    "8": [
        {
            "clustering": 0.2564729753773669,
            "modularity": 0.21165291358313781,
            "average_degree": 55.754831933583866,
            "degree_std": 1.5279117249655811,
            "average_shortest_path": 0.7208304221819034,
            "global_efficiency": 1.4673485088083367,
            "characteristic_path_length": 0.7208304221819034
        },
        {
            "clustering": 0.28252872465126366,
            "modularity": 0.2252868897207528,
            "average_degree": 62.80000588487615,
            "degree_std": 1.5958362296586384,
            "average_shortest_path": 0.6859320547729681,
            "global_efficiency": 1.5910340816859831,
            "characteristic_path_length": 0.6859320547729681
        },
        {
            "clustering": 0.26087424546887455,
            "modularity": 0.24512925372459637,
            "average_degree": 53.99690250182653,
            "degree_std": 1.9975478712863095,
            "average_shortest_path": 0.7296803174132219,
            "global_efficiency": 1.455288705361967,
            "characteristic_path_length": 0.7296803174132219
        },
        {
            "clustering": 0.2899354863075287,
            "modularity": 0.24151022440167053,
            "average_degree": 61.50772499975439,
            "degree_std": 1.9446845571822227,
            "average_shortest_path": 0.6925644053944867,
            "global_efficiency": 1.5870169777322032,
            "characteristic_path_length": 0.6925644053944867
        },
        {
            "clustering": 0.5299618865946573,
            "modularity": 0.05704106208803046,
            "average_degree": 83.31398156916018,
            "degree_std": 1.4434662596833951,
            "average_shortest_path": 0.5786598127457273,
            "global_efficiency": 1.7726652082309926,
            "characteristic_path_length": 0.5786598127457273
        },
        {
            "clustering": 0.2769858882363286,
            "modularity": 0.2314606153832047,
            "average_degree": 61.27497646087496,
            "degree_std": 1.9384211684118766,
            "average_shortest_path": 0.6933870383360053,
            "global_efficiency": 1.585740383980081,
            "characteristic_path_length": 0.6933870383360053
        },
        {
            "clustering": 0.24728354398459143,
            "modularity": 0.27517943099876685,
            "average_degree": 57.7531614148664,
            "degree_std": 2.3694895866812398,
            "average_shortest_path": 0.7106761295610923,
            "global_efficiency": 1.5816920734185584,
            "characteristic_path_length": 0.7106761295610923
        },
        {
            "clustering": 0.4217015946458022,
            "modularity": 0.11691342393176336,
            "average_degree": 83.66945997284697,
            "degree_std": 1.1587483328459305,
            "average_shortest_path": 0.5776797197219948,
            "global_efficiency": 1.8488626371847288,
            "characteristic_path_length": 0.5776797197219948
        },
        {
            "clustering": 0.3983053861315103,
            "modularity": 0.10376161502000711,
            "average_degree": 77.8186451466301,
            "degree_std": 1.5278360787094325,
            "average_shortest_path": 0.6045460751804504,
            "global_efficiency": 1.7305223345109073,
            "characteristic_path_length": 0.6045460751804504
        },
        {
            "clustering": 0.5158060802163696,
            "modularity": 0.039122911870251534,
            "average_degree": 78.21178834569048,
            "degree_std": 2.401411538603108,
            "average_shortest_path": 0.603841405432466,
            "global_efficiency": 1.6828259294971852,
            "characteristic_path_length": 0.603841405432466
        },
        {
            "clustering": 0.2448983939446339,
            "modularity": 0.26414930809600534,
            "average_degree": 54.1526158851116,
            "degree_std": 2.4071711283046797,
            "average_shortest_path": 0.7298647303644759,
            "global_efficiency": 1.4868686127475732,
            "characteristic_path_length": 0.7298647303644759
        },
        {
            "clustering": 0.24522872557642797,
            "modularity": 0.24286574801919392,
            "average_degree": 54.50615966982562,
            "degree_std": 1.9933404940452137,
            "average_shortest_path": 0.7276309708023588,
            "global_efficiency": 1.4748559932085,
            "characteristic_path_length": 0.7276309708023588
        }
    ],
    "9": [
        {
            "clustering": 0.4707967286861524,
            "modularity": 0.06658802640867388,
            "average_degree": 83.69146297291724,
            "degree_std": 2.0408519709681325,
            "average_shortest_path": 0.5787143620948498,
            "global_efficiency": 1.7910161437382393,
            "characteristic_path_length": 0.5787143620948498
        },
        {
            "clustering": 0.4949568232759731,
            "modularity": 0.02141833048447933,
            "average_degree": 75.99183690173115,
            "degree_std": 1.152398145226099,
            "average_shortest_path": 0.6119075279360052,
            "global_efficiency": 1.6661370771672404,
            "characteristic_path_length": 0.6119075279360052
        },
        {
            "clustering": 0.4730986040962457,
            "modularity": 0.11864797238636184,
            "average_degree": 80.80082895305574,
            "degree_std": 1.583049432051052,
            "average_shortest_path": 0.5927919430330454,
            "global_efficiency": 1.7753182398033338,
            "characteristic_path_length": 0.5927919430330454
        },
        {
            "clustering": 0.4588471472851676,
            "modularity": 0.02391885666416698,
            "average_degree": 81.48576315990398,
            "degree_std": 1.8187835448583112,
            "average_shortest_path": 0.5674571447355363,
            "global_efficiency": 1.8264682013394153,
            "characteristic_path_length": 0.5674571447355363
        },
        {
            "clustering": 0.49738102967796044,
            "modularity": 0.04584766936657941,
            "average_degree": 70.99967731045861,
            "degree_std": 1.1280695100353795,
            "average_shortest_path": 0.6417086566479903,
            "global_efficiency": 1.583986346938592,
            "characteristic_path_length": 0.6417086566479904
        },
        {
            "clustering": 0.4696380276046835,
            "modularity": 0.0711310721606245,
            "average_degree": 67.91764972727414,
            "degree_std": 2.447978173941068,
            "average_shortest_path": 0.6576276312104855,
            "global_efficiency": 1.5499980285579336,
            "characteristic_path_length": 0.6576276312104855
        },
        {
            "clustering": 0.4989267026268893,
            "modularity": 0.04752213474505163,
            "average_degree": 84.27130260400502,
            "degree_std": 1.501346093694615,
            "average_shortest_path": 0.5727451913666046,
            "global_efficiency": 1.7969132648628616,
            "characteristic_path_length": 0.5727451913666046
        },
        {
            "clustering": 0.5114123604612945,
            "modularity": 0.07024016570874364,
            "average_degree": 87.60550964937322,
            "degree_std": 1.7069421793622286,
            "average_shortest_path": 0.5504986009410305,
            "global_efficiency": 1.895463097867923,
            "characteristic_path_length": 0.5504986009410305
        },
        {
            "clustering": 0.48246006441875344,
            "modularity": 0.012872013216634458,
            "average_degree": 88.41839560477203,
            "degree_std": 0.9598320901900779,
            "average_shortest_path": 0.5211776359135852,
            "global_efficiency": 1.9991889828529228,
            "characteristic_path_length": 0.5211776359135852
        },
        {
            "clustering": 0.5540128034860513,
            "modularity": 0.04997838841054186,
            "average_degree": 70.8867998706329,
            "degree_std": 1.5280971218260335,
            "average_shortest_path": 0.6422367705805947,
            "global_efficiency": 1.5768404000031508,
            "characteristic_path_length": 0.6422367705805947
        },
        {
            "clustering": 0.40687879495001544,
            "modularity": 0.12345064214792886,
            "average_degree": 75.286471655849,
            "degree_std": 1.5699726649946175,
            "average_shortest_path": 0.620860662612664,
            "global_efficiency": 1.6869312458921892,
            "characteristic_path_length": 0.6208606626126641
        },
        {
            "clustering": 0.42929338803533407,
            "modularity": 0.10607064124751225,
            "average_degree": 69.5321435766494,
            "degree_std": 0.7437910756398626,
            "average_shortest_path": 0.64979802899287,
            "global_efficiency": 1.5825129931520023,
            "characteristic_path_length": 0.64979802899287
        }
    ],
    "10": [
        {
            "clustering": 0.4853690331537628,
            "modularity": 0.020025760013756867,
            "average_degree": 89.57646656678297,
            "degree_std": 1.6763577843649784,
            "average_shortest_path": 0.5162956962568592,
            "global_efficiency": 2.022067029023384,
            "characteristic_path_length": 0.5162956962568592
        },
        {
            "clustering": 0.4577324853181836,
            "modularity": 0.02305971657041594,
            "average_degree": 81.62602473460983,
            "degree_std": 2.8453287214588783,
            "average_shortest_path": 0.5741940248345824,
            "global_efficiency": 1.7941563605613327,
            "characteristic_path_length": 0.5741940248345824
        },
        {
            "clustering": 0.5024224025090619,
            "modularity": 0.03343470471640289,
            "average_degree": 83.59867526636879,
            "degree_std": 2.4685525301285343,
            "average_shortest_path": 0.564519467193178,
            "global_efficiency": 1.828276122117831,
            "characteristic_path_length": 0.564519467193178
        },
        {
            "clustering": 0.48789667650761614,
            "modularity": 0.03512662703920623,
            "average_degree": 82.02434274119754,
            "degree_std": 2.301915869571812,
            "average_shortest_path": 0.5816574300620344,
            "global_efficiency": 1.7546693507518194,
            "characteristic_path_length": 0.5816574300620344
        },
        {
            "clustering": 0.44934197527411884,
            "modularity": 0.04404205550287964,
            "average_degree": 88.97891520230098,
            "degree_std": 2.94372176787308,
            "average_shortest_path": 0.549985780966397,
            "global_efficiency": 1.8841205233363028,
            "characteristic_path_length": 0.549985780966397
        },
        {
            "clustering": 0.44566506965052155,
            "modularity": 0.06010991058037058,
            "average_degree": 84.56295151991239,
            "degree_std": 1.4511685571951987,
            "average_shortest_path": 0.5737093611413364,
            "global_efficiency": 1.8174505530759455,
            "characteristic_path_length": 0.5737093611413364
        },
        {
            "clustering": 0.4443265818722974,
            "modularity": 0.05167968028861355,
            "average_degree": 82.73272267859721,
            "degree_std": 2.2123749337791065,
            "average_shortest_path": 0.5833696597933439,
            "global_efficiency": 1.7667251668136015,
            "characteristic_path_length": 0.5833696597933439
        },
        {
            "clustering": 0.49279945203381087,
            "modularity": 0.04601655517576965,
            "average_degree": 84.26468160589361,
            "degree_std": 3.2612270295116144,
            "average_shortest_path": 0.5655160322592417,
            "global_efficiency": 1.836939677851004,
            "characteristic_path_length": 0.5655160322592417
        },
        {
            "clustering": 0.49394135264968875,
            "modularity": 0.04091795622101825,
            "average_degree": 74.35100437992634,
            "degree_std": 1.9904935398937817,
            "average_shortest_path": 0.6242667916038379,
            "global_efficiency": 1.6365751673454627,
            "characteristic_path_length": 0.6242667916038379
        },
        {
            "clustering": 0.5032728008866602,
            "modularity": 0.0491094116377494,
            "average_degree": 74.32231766749182,
            "degree_std": 1.8012856498874112,
            "average_shortest_path": 0.6248186754595386,
            "global_efficiency": 1.634774376090722,
            "characteristic_path_length": 0.6248186754595386
        },
        {
            "clustering": 0.445080350193084,
            "modularity": 0.055897026041968736,
            "average_degree": 74.75689638026616,
            "degree_std": 1.8713492492789956,
            "average_shortest_path": 0.6234998919858054,
            "global_efficiency": 1.643932198093663,
            "characteristic_path_length": 0.6234998919858054
        },
        {
            "clustering": 0.5228982307789924,
            "modularity": 0.036319052291824624,
            "average_degree": 89.91391945578034,
            "degree_std": 2.3207267498093986,
            "average_shortest_path": 0.5387298366494649,
            "global_efficiency": 1.9177457785329384,
            "characteristic_path_length": 0.5387298366494649
        }
    ],
    "11": [
        {
            "clustering": 0.465478229441929,
            "modularity": 0.010466800956849542,
            "average_degree": 87.376116492258,
            "degree_std": 0.990535432556832,
            "average_shortest_path": 0.5417247269073756,
            "global_efficiency": 1.9016321413576946,
            "characteristic_path_length": 0.5417247269073756
        },
        {
            "clustering": 0.648913680505971,
            "modularity": 0.021529453821410485,
            "average_degree": 108.80210795304022,
            "degree_std": 0.8310887817326751,
            "average_shortest_path": 0.4489531172517605,
            "global_efficiency": 2.277084811609573,
            "characteristic_path_length": 0.4489531172517605
        },
        {
            "clustering": 0.50115832278536,
            "modularity": 0.026353756311708595,
            "average_degree": 91.14088496784073,
            "degree_std": 0.6308858002443717,
            "average_shortest_path": 0.5186714416432122,
            "global_efficiency": 2.000096716986194,
            "characteristic_path_length": 0.5186714416432122
        },
        {
            "clustering": 0.48630807883177446,
            "modularity": 0.019076336839680297,
            "average_degree": 87.19610966101183,
            "degree_std": 0.48785654258755634,
            "average_shortest_path": 0.5422281964387682,
            "global_efficiency": 1.9010282397981304,
            "characteristic_path_length": 0.5422281964387682
        },
        {
            "clustering": 0.5356455139490987,
            "modularity": 0.01122214806795883,
            "average_degree": 74.96231990841505,
            "degree_std": 1.001329415521479,
            "average_shortest_path": 0.6201071209427347,
            "global_efficiency": 1.6299508457225909,
            "characteristic_path_length": 0.6201071209427347
        },
        {
            "clustering": 0.550036324433804,
            "modularity": 0.021627265934258563,
            "average_degree": 76.29227063944249,
            "degree_std": 0.6147827056195632,
            "average_shortest_path": 0.6140502853688374,
            "global_efficiency": 1.6414621726889251,
            "characteristic_path_length": 0.6140502853688374
        },
        {
            "clustering": 0.4927104719292828,
            "modularity": 0.017245516365010462,
            "average_degree": 91.76237560439361,
            "degree_std": 1.2912105897854802,
            "average_shortest_path": 0.5187489954834017,
            "global_efficiency": 1.988691182797565,
            "characteristic_path_length": 0.5187489954834017
        },
        {
            "clustering": 0.5781445205110909,
            "modularity": 0.009564917751164904,
            "average_degree": 106.83338727118162,
            "degree_std": 1.0002852123034356,
            "average_shortest_path": 0.42609074393801155,
            "global_efficiency": 2.454903430235935,
            "characteristic_path_length": 0.42609074393801155
        },
        {
            "clustering": 0.5780224125162308,
            "modularity": 0.026154658111932363,
            "average_degree": 85.35687997499632,
            "degree_std": 1.09491689904754,
            "average_shortest_path": 0.5656971979705779,
            "global_efficiency": 1.8043847919421592,
            "characteristic_path_length": 0.5656971979705779
        },
        {
            "clustering": 0.5638098263357921,
            "modularity": 0.014431365950719366,
            "average_degree": 97.0814245102995,
            "degree_std": 0.7071619879695844,
            "average_shortest_path": 0.5035633938339761,
            "global_efficiency": 2.033468274947399,
            "characteristic_path_length": 0.5035633938339761
        },
        {
            "clustering": 0.5337757412204044,
            "modularity": 0.009939599880710318,
            "average_degree": 90.8553096797753,
            "degree_std": 1.2371491415732083,
            "average_shortest_path": 0.5195512369909546,
            "global_efficiency": 1.9941053057326545,
            "characteristic_path_length": 0.5195512369909546
        },
        {
            "clustering": 0.5496001512335802,
            "modularity": 0.01255169501418646,
            "average_degree": 87.00896883520217,
            "degree_std": 0.964681055373589,
            "average_shortest_path": 0.5508864306399323,
            "global_efficiency": 1.869369147710685,
            "characteristic_path_length": 0.5508864306399323
        }
    ]
}