{
    "0": [
        {
            "clustering": 0.010499630517165473,
            "modularity": 0.052091138981920776,
            "average_degree": 2.2004817436123436,
            "degree_std": 0.31808082408571964,
            "average_shortest_path": 0.9888750460138679,
            "global_efficiency": 1.0112714116535326
        },
        {
            "clustering": 0.037899626108745574,
            "modularity": 0.19444406042710477,
            "average_degree": 8.69565317664921,
            "degree_std": 0.6158478118228142,
            "average_shortest_path": 0.956729471763459,
            "global_efficiency": 1.046149175011461
        },
        {
            "clustering": 0.006275201760347891,
            "modularity": 0.5024660791218785,
            "average_degree": 4.677615745332757,
            "degree_std": 0.5161760507904704,
            "average_shortest_path": 0.9829359178959725,
            "global_efficiency": 1.0197117297402791
        },
        {
            "clustering": 0.10629099273253137,
            "modularity": 0.2940548868919565,
            "average_degree": 28.048589398930122,
            "degree_std": 1.1852436362391165,
            "average_shortest_path": 0.8627611837361757,
            "global_efficiency": 1.2024732773397726
        },
        {
            "clustering": 1.2381683841601476e-05,
            "modularity": 0.9922982874012382,
            "average_degree": 1.9982705857100467,
            "degree_std": 0.07226502885237282,
            "average_shortest_path": 1.052073382901622,
            "global_efficiency": 0.9739106011116732
        },
        {
            "clustering": 0.0801842028599661,
            "modularity": 0.3087156435424596,
            "average_degree": 19.685405638271792,
            "degree_std": 1.5691889558450571,
            "average_shortest_path": 0.9020001479190746,
            "global_efficiency": 1.1291792766210202
        },
        {
            "clustering": 0.05377880472987449,
            "modularity": 0.36506167896134745,
            "average_degree": 16.352878789923125,
            "degree_std": 1.0257235532578854,
            "average_shortest_path": 0.9226892247763167,
            "global_efficiency": 1.108997382189951
        },
        {
            "clustering": 0.06029976244797332,
            "modularity": 0.25989187221316906,
            "average_degree": 14.840517761633459,
            "degree_std": 0.8805101944731714,
            "average_shortest_path": 0.9265310362656197,
            "global_efficiency": 1.08409917728933
        },
        {
            "clustering": 0.053506452754967494,
            "modularity": 0.21187067898193998,
            "average_degree": 12.08714826063756,
            "degree_std": 0.81762942680138,
            "average_shortest_path": 0.9398179810305933,
            "global_efficiency": 1.065696710009642
        },
        {
            "clustering": 0.5798739144774611,
            "modularity": 0.018949665526800764,
            "average_degree": 89.38842039082954,
            "degree_std": 9.14025027886672,
            "average_shortest_path": 0.5489453899061083,
            "global_efficiency": 1.8577845342571517
        },
        {
            "clustering": 0.2414135298457998,
            "modularity": 0.04064034997353838,
            "average_degree": 41.679523433522135,
            "degree_std": 4.503448206136152,
            "average_shortest_path": 0.790253167681195,
            "global_efficiency": 1.2700914537237007
        },
        {
            "clustering": 0.00436064825713092,
            "modularity": 0.18621598490149688,
            "average_degree": 1.0293042880210557,
            "degree_std": 0.12285642498106773,
            "average_shortest_path": 0.9950275301381051,
            "global_efficiency": 1.005009269691189
        }
    ],
    "1": [
        {
            "clustering": 0.13652388164825002,
            "modularity": 0.1449294934334575,
            "average_degree": 28.960133303736473,
            "degree_std": 0.47279328605541066,
            "average_shortest_path": 0.854575828876871,
            "global_efficiency": 1.1762212261373706
        },
        {
            "clustering": 0.34067316944335224,
            "modularity": 0.15224566067768766,
            "average_degree": 69.98266903336268,
            "degree_std": 0.7966568943069056,
            "average_shortest_path": 0.6480010076720181,
            "global_efficiency": 1.7079470554369924
        },
        {
            "clustering": 0.001759492045888439,
            "modularity": 0.6672494309352831,
            "average_degree": 1.4535446048287062,
            "degree_std": 0.24157968746608433,
            "average_shortest_path": 0.9934110833490595,
            "global_efficiency": 1.0089820595887382
        },
        {
            "clustering": 0.05924410705053015,
            "modularity": 0.32304765828368787,
            "average_degree": 10.206118282870152,
            "degree_std": 0.6521687483160742,
            "average_shortest_path": 0.9514660454520181,
            "global_efficiency": 1.0578703337012678
        },
        {
            "clustering": 0.23706112266668614,
            "modularity": 0.1352162183262631,
            "average_degree": 52.58235159446092,
            "degree_std": 0.5273001627451813,
            "average_shortest_path": 0.7399346198462067,
            "global_efficiency": 1.414707956851996
        },
        {
            "clustering": 0.17703360115851996,
            "modularity": 0.24707254584916633,
            "average_degree": 39.892169040450995,
            "degree_std": 1.3157007093485171,
            "average_shortest_path": 0.7967086714234903,
            "global_efficiency": 1.3450268334961109
        },
        {
            "clustering": 0.1547424488765677,
            "modularity": 0.06889325985330602,
            "average_degree": 31.20367966597237,
            "degree_std": 1.5584964386284879,
            "average_shortest_path": 0.8427193188842615,
            "global_efficiency": 1.1887572279759588
        },
        {
            "clustering": 0.0013806374485813497,
            "modularity": 0.7071783513238025,
            "average_degree": 1.3563277202968074,
            "degree_std": 0.22657121598683114,
            "average_shortest_path": 0.9938840203549474,
            "global_efficiency": 1.0085899193774852
        },
        {
            "clustering": 0.4980798676570921,
            "modularity": 0.03849272752382124,
            "average_degree": 69.36290730173758,
            "degree_std": 4.497429582008451,
            "average_shortest_path": 0.6506421340920974,
            "global_efficiency": 1.5482172358547754
        },
        {
            "clustering": 0.25522302880832803,
            "modularity": 0.175580788906787,
            "average_degree": 55.739640238604785,
            "degree_std": 0.590782241990023,
            "average_shortest_path": 0.7225485762083789,
            "global_efficiency": 1.4772159099847528
        },
        {
            "clustering": 0.1931773395102063,
            "modularity": 0.17573606733423114,
            "average_degree": 44.41741655906564,
            "degree_std": 0.5000535372030114,
            "average_shortest_path": 0.7810046580626744,
            "global_efficiency": 1.3386722984168566
        },
        {
            "clustering": 0.0016775996182036943,
            "modularity": 0.6681189216389873,
            "average_degree": 1.4049308008280204,
            "degree_std": 0.235559298931877,
            "average_shortest_path": 0.9935983153652509,
            "global_efficiency": 1.0086571136099574
        }
    ],
    "2": [
        {
            "clustering": 0.34262396347736346,
            "modularity": 0.19189976125806243,
            "average_degree": 74.18853437696201,
            "degree_std": 0.8558774663349601,
            "average_shortest_path": 0.6216787597107637,
            "global_efficiency": 1.8537867419265124
        },
        {
            "clustering": 0.3845732223986532,
            "modularity": 0.14937974230648704,
            "average_degree": 82.39345390269929,
            "degree_std": 1.1148532616717741,
            "average_shortest_path": 0.5840718259776105,
            "global_efficiency": 1.9659617209692173
        },
        {
            "clustering": 0.3389562729400792,
            "modularity": 0.12274476691482764,
            "average_degree": 69.99275329953191,
            "degree_std": 0.6348146748406308,
            "average_shortest_path": 0.6062289959377016,
            "global_efficiency": 1.8135203991058644
        },
        {
            "clustering": 0.053141627792797325,
            "modularity": 0.2927452705023645,
            "average_degree": 8.264697391529042,
            "degree_std": 0.7778147580351815,
            "average_shortest_path": 0.960402813917074,
            "global_efficiency": 1.0452822196441336
        },
        {
            "clustering": 0.30706731951506394,
            "modularity": 0.15467731798460882,
            "average_degree": 65.3875360569232,
            "degree_std": 0.9676590879994791,
            "average_shortest_path": 0.6714516640612473,
            "global_efficiency": 1.5763468504395048
        },
        {
            "clustering": 0.342618772623876,
            "modularity": 0.15612617140358934,
            "average_degree": 73.15374592676257,
            "degree_std": 0.6826174013204366,
            "average_shortest_path": 0.6336533186758052,
            "global_efficiency": 1.7579069086106107
        },
        {
            "clustering": 0.011710130444213828,
            "modularity": 0.38123693693121735,
            "average_degree": 2.8617304603186513,
            "degree_std": 0.5663002468154984,
            "average_shortest_path": 0.9866260502751617,
            "global_efficiency": 1.0151534914495595
        },
        {
            "clustering": 0.20230150625265128,
            "modularity": 0.011105056055300405,
            "average_degree": 40.13599032130252,
            "degree_std": 1.631382723848487,
            "average_shortest_path": 0.7970679753752851,
            "global_efficiency": 1.2554593453916019
        },
        {
            "clustering": 0.10210418201629072,
            "modularity": 0.2576299043934114,
            "average_degree": 15.872147627497592,
            "degree_std": 0.8003332245955521,
            "average_shortest_path": 0.923255653401907,
            "global_efficiency": 1.092303943623948
        },
        {
            "clustering": 0.3270020333730684,
            "modularity": 0.13711567575884612,
            "average_degree": 69.2903151498645,
            "degree_std": 0.7511790982955023,
            "average_shortest_path": 0.6220794757528063,
            "global_efficiency": 1.867042215517346
        },
        {
            "clustering": 0.09486022082467319,
            "modularity": 0.25867542113906494,
            "average_degree": 14.393492452083814,
            "degree_std": 0.764254359407928,
            "average_shortest_path": 0.9304923907892435,
            "global_efficiency": 1.0821915026998552
        },
        {
            "clustering": 0.41131461997870206,
            "modularity": 0.03572637926097476,
            "average_degree": 82.59601544341004,
            "degree_std": 0.8758287771729089,
            "average_shortest_path": 0.5800939045605648,
            "global_efficiency": 1.7613103394221827
        }
    ],
    "3": [
        {
            "clustering": 0.21004541013838643,
            "modularity": 0.1944991577153552,
            "average_degree": 47.67679145501363,
            "degree_std": 1.5106969259195961,
            "average_shortest_path": 0.7614114260073428,
            "global_efficiency": 1.4336629375087608
        },
        {
            "clustering": 0.287637073643215,
            "modularity": 0.12767482131923336,
            "average_degree": 60.26281406855418,
            "degree_std": 1.1430533525258553,
            "average_shortest_path": 0.6976240643127412,
            "global_efficiency": 1.474527698365579
        },
        {
            "clustering": 0.25003227778178067,
            "modularity": 0.1598601275783783,
            "average_degree": 55.737117504483166,
            "degree_std": 0.8818052088462821,
            "average_shortest_path": 0.7229271445854746,
            "global_efficiency": 1.5001408881762044
        },
        {
            "clustering": 0.32469798888145507,
            "modularity": 0.14116968897577742,
            "average_degree": 69.67065838153015,
            "degree_std": 1.0872937610853766,
            "average_shortest_path": 0.6491270822548241,
            "global_efficiency": 1.7550876056914726
        },
        {
            "clustering": 0.2993355054717557,
            "modularity": 0.13477347933662162,
            "average_degree": 62.978494126824046,
            "degree_std": 0.8286162874315649,
            "average_shortest_path": 0.6839294520701706,
            "global_efficiency": 1.5152176570747975
        },
        {
            "clustering": 0.2540008581038281,
            "modularity": 0.144474911864305,
            "average_degree": 55.153748506224716,
            "degree_std": 0.6610446450266119,
            "average_shortest_path": 0.7251804164170162,
            "global_efficiency": 1.4404420009535186
        },
        {
            "clustering": 0.3355653294945977,
            "modularity": 0.11870109496538833,
            "average_degree": 72.13731053975717,
            "degree_std": 0.5599198022490877,
            "average_shortest_path": 0.6392534514111873,
            "global_efficiency": 1.7271115953336067
        },
        {
            "clustering": 0.3452993774268537,
            "modularity": 0.01203586591755933,
            "average_degree": 69.84617166680107,
            "degree_std": 0.6872423472949822,
            "average_shortest_path": 0.5719173375687321,
            "global_efficiency": 1.870366563761485
        },
        {
            "clustering": 0.4761835299468551,
            "modularity": 0.017355208771031444,
            "average_degree": 74.23800311888752,
            "degree_std": 2.614496490224617,
            "average_shortest_path": 0.6243888064881867,
            "global_efficiency": 1.6128071185229165
        },
        {
            "clustering": 0.1472946653871454,
            "modularity": 0.0973744390837092,
            "average_degree": 30.17130126256627,
            "degree_std": 1.2311553059710034,
            "average_shortest_path": 0.8484024273953412,
            "global_efficiency": 1.1819185678940423
        },
        {
            "clustering": 0.23224777692463472,
            "modularity": 0.14936832712156473,
            "average_degree": 27.56998865204283,
            "degree_std": 1.5893971267985298,
            "average_shortest_path": 0.8622012073526261,
            "global_efficiency": 1.1707142683101974
        },
        {
            "clustering": 0.24139754415586695,
            "modularity": 0.14677147067085966,
            "average_degree": 50.72120613104809,
            "degree_std": 1.1388088297961219,
            "average_shortest_path": 0.7454523973085895,
            "global_efficiency": 1.3661541371913795
        }
    ],
    "4": [
        {
            "clustering": 0.25923464246887584,
            "modularity": 0.13179756696742545,
            "average_degree": 57.086544495843185,
            "degree_std": 1.238839772938898,
            "average_shortest_path": 0.7156288957052551,
            "global_efficiency": 1.4936658604360749
        },
        {
            "clustering": 0.44049783558454303,
            "modularity": 0.10654191642530855,
            "average_degree": 84.768539529065,
            "degree_std": 1.2974178129395921,
            "average_shortest_path": 0.5745581096649228,
            "global_efficiency": 1.8819454009964587
        },
        {
            "clustering": 0.21575283336890955,
            "modularity": 0.1562747577059887,
            "average_degree": 49.01759174818413,
            "degree_std": 1.4931206346227974,
            "average_shortest_path": 0.7568574295550963,
            "global_efficiency": 1.4108819891566837
        },
        {
            "clustering": 0.14934262116480745,
            "modularity": 0.21583937334300424,
            "average_degree": 24.671359028799785,
            "degree_std": 1.1044255361025135,
            "average_shortest_path": 0.8785472162344584,
            "global_efficiency": 1.1550723562279261
        },
        {
            "clustering": 0.5028312950956916,
            "modularity": 0.09708438904572353,
            "average_degree": 82.34458989870866,
            "degree_std": 1.5452668044941051,
            "average_shortest_path": 0.5849593545710688,
            "global_efficiency": 1.7991245008486143
        },
        {
            "clustering": 0.39911097833502124,
            "modularity": 0.08686404825910105,
            "average_degree": 81.9013477564256,
            "degree_std": 1.170596908424225,
            "average_shortest_path": 0.5876487599863842,
            "global_efficiency": 1.802480469914971
        },
        {
            "clustering": 0.5102090008881954,
            "modularity": 0.08483372459632486,
            "average_degree": 82.69786814538496,
            "degree_std": 1.5445592613726902,
            "average_shortest_path": 0.5844256034939499,
            "global_efficiency": 1.78178465383046
        },
        {
            "clustering": 0.4597431414713033,
            "modularity": 0.011890201279898344,
            "average_degree": 91.2109971146762,
            "degree_std": 2.05156666587562,
            "average_shortest_path": 0.4760807171413025,
            "global_efficiency": 2.235565002345993
        },
        {
            "clustering": 0.13763788739773913,
            "modularity": 0.2010584194963658,
            "average_degree": 20.66431272781293,
            "degree_std": 0.8942358626976777,
            "average_shortest_path": 0.8985272860084693,
            "global_efficiency": 1.1214617400958065
        },
        {
            "clustering": 0.4696940304735347,
            "modularity": 0.07577957835348158,
            "average_degree": 59.17649419719597,
            "degree_std": 1.4093476820370396,
            "average_shortest_path": 0.7029027914375209,
            "global_efficiency": 1.4468303047702102
        },
        {
            "clustering": 0.42819457028943814,
            "modularity": 0.021333381583571558,
            "average_degree": 82.35888095136792,
            "degree_std": 1.1487620388575626,
            "average_shortest_path": 0.5478713895033785,
            "global_efficiency": 1.945014011077677
        },
        {
            "clustering": 0.38192698669146763,
            "modularity": 0.11194791418276986,
            "average_degree": 79.0748651989609,
            "degree_std": 0.6257758315737154,
            "average_shortest_path": 0.6013953936412124,
            "global_efficiency": 1.8405495287149964
        }
    ],
    "5": [
        {
            "clustering": 0.42814352744097167,
            "modularity": 0.13565260928888354,
            "average_degree": 88.99091064672628,
            "degree_std": 1.1100975943674354,
            "average_shortest_path": 0.5531442132879951,
            "global_efficiency": 2.058192407512511
        },
        {
            "clustering": 0.4685829739900312,
            "modularity": 0.10197730447729544,
            "average_degree": 92.39389134449183,
            "degree_std": 2.7424512918422157,
            "average_shortest_path": 0.5229683379406964,
            "global_efficiency": 2.0698253132283844
        },
        {
            "clustering": 0.30123528724682586,
            "modularity": 0.1177857318979128,
            "average_degree": 64.43234632719494,
            "degree_std": 0.8286841879779411,
            "average_shortest_path": 0.6779371866292736,
            "global_efficiency": 1.5735783832727508
        },
        {
            "clustering": 0.49198061865578385,
            "modularity": 0.007090476610562944,
            "average_degree": 99.12747810990354,
            "degree_std": 1.223735114345036,
            "average_shortest_path": 0.4394206401529145,
            "global_efficiency": 2.490220762341344
        },
        {
            "clustering": 0.43420091157891905,
            "modularity": 0.12465316354288411,
            "average_degree": 86.31141076687695,
            "degree_std": 1.4344873047409155,
            "average_shortest_path": 0.5670871647544526,
            "global_efficiency": 1.9467662880522176
        },
        {
            "clustering": 0.4403138162057199,
            "modularity": 0.12337357440620986,
            "average_degree": 91.67656716456608,
            "degree_std": 1.5208352060672656,
            "average_shortest_path": 0.5395174939843757,
            "global_efficiency": 2.085042527247131
        },
        {
            "clustering": 0.4050425961879736,
            "modularity": 0.13541428237873893,
            "average_degree": 79.9229917261618,
            "degree_std": 0.8371995852893162,
            "average_shortest_path": 0.5998577191156624,
            "global_efficiency": 1.8299203908734578
        },
        {
            "clustering": 0.2890883521811398,
            "modularity": 0.10594452386113398,
            "average_degree": 59.89251080356726,
            "degree_std": 1.1523526572005638,
            "average_shortest_path": 0.7013068024919948,
            "global_efficiency": 1.5077127535874566
        },
        {
            "clustering": 0.2250584700993601,
            "modularity": 0.15718245381088158,
            "average_degree": 48.943736907095804,
            "degree_std": 1.6100987742297177,
            "average_shortest_path": 0.756543488326436,
            "global_efficiency": 1.3968153110525534
        },
        {
            "clustering": 0.4784420326402816,
            "modularity": 0.09931502676075707,
            "average_degree": 96.68443706950494,
            "degree_std": 1.7524667036910695,
            "average_shortest_path": 0.5117398831368102,
            "global_efficiency": 2.1433226408087847
        },
        {
            "clustering": 0.2717085256233275,
            "modularity": 0.13005519540667024,
            "average_degree": 59.103353323900286,
            "degree_std": 1.0770147551787816,
            "average_shortest_path": 0.7051173280351306,
            "global_efficiency": 1.5078328250851334
        },
        {
            "clustering": 0.26069692860429017,
            "modularity": 0.1308081269877654,
            "average_degree": 51.148366031365384,
            "degree_std": 1.2476128220864027,
            "average_shortest_path": 0.7453996353546972,
            "global_efficiency": 1.3934726312134504
        }
    ],
    "6": [
        {
            "clustering": 0.4408494384532033,
            "modularity": 0.16331111876390494,
            "average_degree": 92.41725459538107,
            "degree_std": 0.9833228522284005,
            "average_shortest_path": 0.5338722983371622,
            "global_efficiency": 2.257523726603628
        },
        {
            "clustering": 0.37332050133171474,
            "modularity": 0.1653803059250347,
            "average_degree": 80.19840834510349,
            "degree_std": 0.6081508218376974,
            "average_shortest_path": 0.5975749654986678,
            "global_efficiency": 1.9136136054363537
        },
        {
            "clustering": 0.3769790566173583,
            "modularity": 0.14930247035617378,
            "average_degree": 79.65059584790215,
            "degree_std": 0.6055057093914139,
            "average_shortest_path": 0.6008748576957589,
            "global_efficiency": 1.8347567678683099
        },
        {
            "clustering": 0.40225401180827874,
            "modularity": 0.12315244615734887,
            "average_degree": 61.96324351615161,
            "degree_std": 0.7345234361512466,
            "average_shortest_path": 0.6894660624919114,
            "global_efficiency": 1.4900262288076758
        },
        {
            "clustering": 0.42001914241231597,
            "modularity": 0.15972871033857242,
            "average_degree": 88.03833506577539,
            "degree_std": 0.7121210197127442,
            "average_shortest_path": 0.5574448370781012,
            "global_efficiency": 2.108578630791037
        },
        {
            "clustering": 0.5406999696355059,
            "modularity": 0.13886443299827497,
            "average_degree": 100.05130003880302,
            "degree_std": 1.0576452141154689,
            "average_shortest_path": 0.49174067993934606,
            "global_efficiency": 2.2944679327234296
        },
        {
            "clustering": 0.3852536396947972,
            "modularity": 0.17658467894452884,
            "average_degree": 82.36895667535786,
            "degree_std": 0.6327147333006534,
            "average_shortest_path": 0.5871162313422632,
            "global_efficiency": 1.939758891937057
        },
        {
            "clustering": 0.5675666070957527,
            "modularity": 0.045922670780994324,
            "average_degree": 97.66976134228211,
            "degree_std": 1.0448588802477181,
            "average_shortest_path": 0.5037729006266808,
            "global_efficiency": 2.0531414110789425
        },
        {
            "clustering": 0.44977852617656416,
            "modularity": 0.15825967550513292,
            "average_degree": 83.52602733544693,
            "degree_std": 0.5163496587177596,
            "average_shortest_path": 0.5807164299861431,
            "global_efficiency": 1.8930227094717675
        },
        {
            "clustering": 0.30794704648376137,
            "modularity": 0.16016270336571928,
            "average_degree": 66.23200469127188,
            "degree_std": 0.7285072001991693,
            "average_shortest_path": 0.6688893736450907,
            "global_efficiency": 1.6028796167841266
        },
        {
            "clustering": 0.34250154278592043,
            "modularity": 0.10577013164679998,
            "average_degree": 71.38622927801116,
            "degree_std": 0.831446840309752,
            "average_shortest_path": 0.6413414914283492,
            "global_efficiency": 1.677490183549361
        },
        {
            "clustering": 0.5416789165222764,
            "modularity": 0.016538864179592643,
            "average_degree": 91.40930563519991,
            "degree_std": 1.457284949880576,
            "average_shortest_path": 0.5150931809040799,
            "global_efficiency": 2.0202586445391617
        }
    ],
    "7": [
        {
            "clustering": 0.4136669701266521,
            "modularity": 0.18200575106998912,
            "average_degree": 85.0737984111732,
            "degree_std": 0.5033047948764738,
            "average_shortest_path": 0.5729628397621295,
            "global_efficiency": 1.9922184017131224
        },
        {
            "clustering": 0.41666923783890303,
            "modularity": 0.17098164651591533,
            "average_degree": 84.59597839948063,
            "degree_std": 0.5866679314345447,
            "average_shortest_path": 0.5753695198320325,
            "global_efficiency": 2.006360361253908
        },
        {
            "clustering": 0.4759402812016102,
            "modularity": 0.15316818585121605,
            "average_degree": 97.93572269089607,
            "degree_std": 0.8812029151142455,
            "average_shortest_path": 0.5072307129627797,
            "global_efficiency": 2.360899271529315
        },
        {
            "clustering": 0.5018212772746793,
            "modularity": 0.1018813485393494,
            "average_degree": 98.25313586974005,
            "degree_std": 0.9317581431340562,
            "average_shortest_path": 0.5062798406387717,
            "global_efficiency": 2.1919906320032494
        },
        {
            "clustering": 0.4844591133270265,
            "modularity": 0.12635351511535214,
            "average_degree": 92.19463907266919,
            "degree_std": 0.4368601614643781,
            "average_shortest_path": 0.5370943956957962,
            "global_efficiency": 2.093871125130978
        },
        {
            "clustering": 0.43024604831285035,
            "modularity": 0.1450555328920812,
            "average_degree": 77.53318000249857,
            "degree_std": 0.7144366947403265,
            "average_shortest_path": 0.6111237919517792,
            "global_efficiency": 1.747784564503387
        },
        {
            "clustering": 0.4555823088667165,
            "modularity": 0.1460970456855312,
            "average_degree": 94.8872579397124,
            "degree_std": 0.5876218883242273,
            "average_shortest_path": 0.5232565113951413,
            "global_efficiency": 2.205832660318209
        },
        {
            "clustering": 0.42125874733796964,
            "modularity": 0.15701390040517782,
            "average_degree": 89.00047339817357,
            "degree_std": 0.6130721287358474,
            "average_shortest_path": 0.5534675213297928,
            "global_efficiency": 2.0715461335260312
        },
        {
            "clustering": 0.4791103184784873,
            "modularity": 0.12521983596570208,
            "average_degree": 73.31473693261735,
            "degree_std": 0.6568890423075113,
            "average_shortest_path": 0.6316751703525257,
            "global_efficiency": 1.6432082851846685
        },
        {
            "clustering": 0.45399825845960246,
            "modularity": 0.17929952173448557,
            "average_degree": 93.4345436127602,
            "degree_std": 0.8972654099165908,
            "average_shortest_path": 0.5291372746968499,
            "global_efficiency": 2.3112712111317304
        },
        {
            "clustering": 0.45722696754405245,
            "modularity": 0.14120896505102426,
            "average_degree": 79.91844522870736,
            "degree_std": 0.5646706725678756,
            "average_shortest_path": 0.598786357996267,
            "global_efficiency": 1.7807599892100896
        },
        {
            "clustering": 0.5396181691216626,
            "modularity": 0.02248414604567378,
            "average_degree": 106.0022923479179,
            "degree_std": 0.6283188406562144,
            "average_shortest_path": 0.41281249647614476,
            "global_efficiency": 2.584238094677691
        }
    ],
    "8": [
        {
            "clustering": 0.4294723327736565,
            "modularity": 0.17972585200965668,
            "average_degree": 88.1315781646357,
            "degree_std": 0.6157071973593107,
            "average_shortest_path": 0.5573119075422345,
            "global_efficiency": 2.088893354746429
        },
        {
            "clustering": 0.39097659095100346,
            "modularity": 0.1632132107640959,
            "average_degree": 82.7019858492362,
            "degree_std": 0.5450765735946672,
            "average_shortest_path": 0.5848861355166242,
            "global_efficiency": 1.9014230428135959
        },
        {
            "clustering": 0.4394399406836028,
            "modularity": 0.16644600908930718,
            "average_degree": 91.86681652495476,
            "degree_std": 0.6546166914836381,
            "average_shortest_path": 0.5386973552273531,
            "global_efficiency": 2.1951238631763466
        },
        {
            "clustering": 0.4273573992912363,
            "modularity": 0.18309400906859685,
            "average_degree": 90.55611342362793,
            "degree_std": 0.7159596866667426,
            "average_shortest_path": 0.5453930746062631,
            "global_efficiency": 2.210169280826663
        },
        {
            "clustering": 0.42757668120579584,
            "modularity": 0.1753079136556915,
            "average_degree": 90.96330258290618,
            "degree_std": 0.7801652403914634,
            "average_shortest_path": 0.5430951670490742,
            "global_efficiency": 2.241648441685301
        },
        {
            "clustering": 0.40270582689735224,
            "modularity": 0.21004003560167991,
            "average_degree": 85.1085400507252,
            "degree_std": 0.9600613956740841,
            "average_shortest_path": 0.5722054120439729,
            "global_efficiency": 2.1161906445124865
        },
        {
            "clustering": 0.49167213702138457,
            "modularity": 0.10405447716995095,
            "average_degree": 94.3974907063393,
            "degree_std": 0.9202142335323965,
            "average_shortest_path": 0.5220860574224853,
            "global_efficiency": 2.065582275067137
        },
        {
            "clustering": 0.5870285151983157,
            "modularity": 0.05835310546995939,
            "average_degree": 100.8440258528556,
            "degree_std": 1.4321408772851387,
            "average_shortest_path": 0.4886486956264639,
            "global_efficiency": 2.132281668955369
        },
        {
            "clustering": 0.46838960660133705,
            "modularity": 0.0895030991136852,
            "average_degree": 90.22702005253073,
            "degree_std": 1.4083771879350593,
            "average_shortest_path": 0.5375201384190486,
            "global_efficiency": 1.965290902817027
        },
        {
            "clustering": 0.4094447739466807,
            "modularity": 0.19318816066692,
            "average_degree": 88.29168554898762,
            "degree_std": 0.7213130413722384,
            "average_shortest_path": 0.5571131728261871,
            "global_efficiency": 2.182536155277844
        },
        {
            "clustering": 0.40674574446121287,
            "modularity": 0.17854058163164382,
            "average_degree": 86.29620158253908,
            "degree_std": 0.6145090180694204,
            "average_shortest_path": 0.5667315303922033,
            "global_efficiency": 2.0567235253680165
        },
        {
            "clustering": 0.6555424265908449,
            "modularity": 0.02813678588732229,
            "average_degree": 101.66273253990374,
            "degree_std": 2.288708944303773,
            "average_shortest_path": 0.48585410674885926,
            "global_efficiency": 2.0980635252220337
        }
    ],
    "9": [
        {
            "clustering": 0.5204913398798948,
            "modularity": 0.115151964977978,
            "average_degree": 97.61381856535243,
            "degree_std": 1.2511646765992337,
            "average_shortest_path": 0.5066636065589425,
            "global_efficiency": 2.1606157708327762
        },
        {
            "clustering": 0.6118108678096098,
            "modularity": 0.015412704406566929,
            "average_degree": 111.2620049933777,
            "degree_std": 1.664937198608167,
            "average_shortest_path": 0.4123114838456782,
            "global_efficiency": 2.532105017613083
        },
        {
            "clustering": 0.5143191321471551,
            "modularity": 0.05510901688473399,
            "average_degree": 88.36218452247218,
            "degree_std": 1.9654164286080946,
            "average_shortest_path": 0.555286228673088,
            "global_efficiency": 1.8584225182750582
        },
        {
            "clustering": 0.5670743082357378,
            "modularity": 0.014042844983836622,
            "average_degree": 92.7612409052662,
            "degree_std": 1.0481721481955648,
            "average_shortest_path": 0.520557383893122,
            "global_efficiency": 1.974523814560367
        },
        {
            "clustering": 0.5989280760898771,
            "modularity": 0.04411124718731427,
            "average_degree": 108.60694977394999,
            "degree_std": 2.2059775324273576,
            "average_shortest_path": 0.45100142793068243,
            "global_efficiency": 2.3010797671260557
        },
        {
            "clustering": 0.5901087344069887,
            "modularity": 0.05677043292122472,
            "average_degree": 104.51545943721362,
            "degree_std": 1.4959001057832093,
            "average_shortest_path": 0.4610996954968917,
            "global_efficiency": 2.2856312940017802
        },
        {
            "clustering": 0.5546048819688763,
            "modularity": 0.042056020081127,
            "average_degree": 95.08637664638903,
            "degree_std": 1.529210484490278,
            "average_shortest_path": 0.5119756806879544,
            "global_efficiency": 2.027705195154513
        },
        {
            "clustering": 0.5861130867559291,
            "modularity": 0.042073722841499295,
            "average_degree": 89.65592923576179,
            "degree_std": 0.9375867158492126,
            "average_shortest_path": 0.545305678648769,
            "global_efficiency": 1.8838292732488762
        },
        {
            "clustering": 0.47152462799807227,
            "modularity": 0.11163386437693701,
            "average_degree": 92.68277016520074,
            "degree_std": 1.4641596832443178,
            "average_shortest_path": 0.5319294191246393,
            "global_efficiency": 2.019548185958292
        },
        {
            "clustering": 0.5923069953619196,
            "modularity": 0.04621514355751362,
            "average_degree": 86.75190940627442,
            "degree_std": 1.8027371983662408,
            "average_shortest_path": 0.5620621745066616,
            "global_efficiency": 1.8162966420380737
        },
        {
            "clustering": 0.4701546924549183,
            "modularity": 0.10732689711097135,
            "average_degree": 85.35708336354558,
            "degree_std": 0.7329252034941648,
            "average_shortest_path": 0.5706508221833259,
            "global_efficiency": 1.8368749339230324
        },
        {
            "clustering": 0.547752922065862,
            "modularity": 0.007736275251616173,
            "average_degree": 107.60132835160977,
            "degree_std": 0.9845081190106735,
            "average_shortest_path": 0.41406831646597253,
            "global_efficiency": 2.5622171017176654
        }
    ],
    "10": [
        {
            "clustering": 0.5585876445179498,
            "modularity": 0.015304295689762631,
            "average_degree": 98.54368449615862,
            "degree_std": 2.5981059313330936,
            "average_shortest_path": 0.48368590236393993,
            "global_efficiency": 2.138424167727971
        },
        {
            "clustering": 0.616470819775322,
            "modularity": 0.02517815614114955,
            "average_degree": 105.71582132893144,
            "degree_std": 1.926214766416788,
            "average_shortest_path": 0.44863498527824874,
            "global_efficiency": 2.3139815566079776
        },
        {
            "clustering": 0.6109955373030447,
            "modularity": 0.024180462778922607,
            "average_degree": 105.53516486248076,
            "degree_std": 1.9162652637096333,
            "average_shortest_path": 0.46226617214645727,
            "global_efficiency": 2.216592293794675
        },
        {
            "clustering": 0.5153350667121136,
            "modularity": 0.01490464228897636,
            "average_degree": 97.09861675307333,
            "degree_std": 1.4555834070612632,
            "average_shortest_path": 0.47876339433599935,
            "global_efficiency": 2.1814079744389425
        },
        {
            "clustering": 0.5408085452172362,
            "modularity": 0.034023610387715515,
            "average_degree": 105.78437758119605,
            "degree_std": 2.912312295091204,
            "average_shortest_path": 0.4647514085479966,
            "global_efficiency": 2.2388565469311756
        },
        {
            "clustering": 0.6477645600318103,
            "modularity": 0.026128484332408622,
            "average_degree": 101.02096331111699,
            "degree_std": 2.103605644452002,
            "average_shortest_path": 0.48903992387551903,
            "global_efficiency": 2.089720469798967
        },
        {
            "clustering": 0.5134546720816523,
            "modularity": 0.050524837496447206,
            "average_degree": 98.3917188312793,
            "degree_std": 1.8211956108291674,
            "average_shortest_path": 0.5017987213597376,
            "global_efficiency": 2.1052061595645855
        },
        {
            "clustering": 0.5223958373183459,
            "modularity": 0.0415999727269353,
            "average_degree": 98.54117959120994,
            "degree_std": 2.094120279165332,
            "average_shortest_path": 0.5005858596925672,
            "global_efficiency": 2.0712500566912273
        },
        {
            "clustering": 0.5052927785311253,
            "modularity": 0.033062515587916966,
            "average_degree": 91.36070259054138,
            "degree_std": 1.6149901263493147,
            "average_shortest_path": 0.5374639981827559,
            "global_efficiency": 1.894150003534649
        },
        {
            "clustering": 0.49219955513992447,
            "modularity": 0.03749686085667515,
            "average_degree": 71.84456520450031,
            "degree_std": 1.7645374337849191,
            "average_shortest_path": 0.6372235021007876,
            "global_efficiency": 1.5904326305659164
        },
        {
            "clustering": 0.4948187253134201,
            "modularity": 0.03084518255111686,
            "average_degree": 82.24158620360102,
            "degree_std": 1.8287117400549464,
            "average_shortest_path": 0.5836384839706427,
            "global_efficiency": 1.7426368632486176
        },
        {
            "clustering": 0.520627699366697,
            "modularity": 0.04850149596816751,
            "average_degree": 92.2600135299241,
            "degree_std": 2.055568727468636,
            "average_shortest_path": 0.5337774901131107,
            "global_efficiency": 1.93857257080855
        }
    ],
    "11": [
        {
            "clustering": 0.7123133174168997,
            "modularity": 0.008576078791046944,
            "average_degree": 122.37034768154909,
            "degree_std": 0.33395741514874966,
            "average_shortest_path": 0.37693111271694213,
            "global_efficiency": 2.7146234186125286
        },
        {
            "clustering": 0.6363563259499612,
            "modularity": 0.008031103055707629,
            "average_degree": 113.69406016319817,
            "degree_std": 0.7537778699340827,
            "average_shortest_path": 0.40890667256707663,
            "global_efficiency": 2.5233740622382412
        },
        {
            "clustering": 0.7872737794543154,
            "modularity": 0.007661483705639185,
            "average_degree": 139.48941378455606,
            "degree_std": 0.29541190036168913,
            "average_shortest_path": 0.29519926646478706,
            "global_efficiency": 3.405582685652503
        },
        {
            "clustering": 0.7095106529733323,
            "modularity": 0.012049370949242815,
            "average_degree": 127.18534663464645,
            "degree_std": 0.4496506917363756,
            "average_shortest_path": 0.3491194788109919,
            "global_efficiency": 2.945048053986942
        },
        {
            "clustering": 0.6771515561379576,
            "modularity": 0.013211210386931125,
            "average_degree": 128.38643359125697,
            "degree_std": 0.7425932086895464,
            "average_shortest_path": 0.33255934878515353,
            "global_efficiency": 3.1273635891482026
        },
        {
            "clustering": 0.783284975060875,
            "modularity": 0.0056490872343431964,
            "average_degree": 134.55182861829297,
            "degree_std": 0.4886259744961104,
            "average_shortest_path": 0.31613911240505677,
            "global_efficiency": 3.2464509961277597
        },
        {
            "clustering": 0.6276449302462415,
            "modularity": 0.007220606169271838,
            "average_degree": 94.52273200862363,
            "degree_std": 0.5423580483528039,
            "average_shortest_path": 0.5215395635900245,
            "global_efficiency": 1.9318472731959535
        },
        {
            "clustering": 0.7294426454917112,
            "modularity": 0.00911096034879305,
            "average_degree": 113.87836100306133,
            "degree_std": 0.28781410308389593,
            "average_shortest_path": 0.42448959756080296,
            "global_efficiency": 2.366200477987631
        },
        {
            "clustering": 0.5501081405214306,
            "modularity": 0.007403844323393711,
            "average_degree": 80.04631608644897,
            "degree_std": 0.6442292702038005,
            "average_shortest_path": 0.5940296198744697,
            "global_efficiency": 1.699849112998913
        },
        {
            "clustering": 0.6782651178175705,
            "modularity": 0.011060629992452697,
            "average_degree": 104.82670086994217,
            "degree_std": 0.46927949866747837,
            "average_shortest_path": 0.47013677693467354,
            "global_efficiency": 2.140201177514665
        },
        {
            "clustering": 0.8192700197265105,
            "modularity": 0.007099367673057904,
            "average_degree": 133.77529850520287,
            "degree_std": 0.34507473911410075,
            "average_shortest_path": 0.32356777351658716,
            "global_efficiency": 3.1331892456587385
        },
        {
            "clustering": 0.6886089681096159,
            "modularity": 0.006473865956860465,
            "average_degree": 103.64006394406391,
            "degree_std": 0.5699885773045467,
            "average_shortest_path": 0.47516829634194707,
            "global_efficiency": 2.137016001868251
        }
    ]
}