{
    "0": [
        {
            "clustering": 0.00024233826485228866,
            "modularity": 0.8223462501404417,
            "average_degree": 1.3937922557875142,
            "degree_std": 0.2508370525369057,
            "average_shortest_path": 0.9968803559824388,
            "global_efficiency": 1.0034765006803439,
            "characteristic_path_length": 0.9968803559824391
        },
        {
            "clustering": 1.6111104855922707e-05,
            "modularity": 0.9818883106770282,
            "average_degree": 1.9350176060206603,
            "degree_std": 0.15289211814606557,
            "average_shortest_path": 0.9996485554428713,
            "global_efficiency": 1.000384151111425,
            "characteristic_path_length": 0.9996485554433124
        },
        {
            "clustering": 0.0041484567667149355,
            "modularity": 0.1372728616458247,
            "average_degree": 1.0136768051959706,
            "degree_std": 1.6349099711234931,
            "average_shortest_path": 0.994947841074254,
            "global_efficiency": 1.0053473464570029,
            "characteristic_path_length": 0.9949478410742594
        },
        {
            "clustering": 0.0014941868078519997,
            "modularity": 0.5478172103220096,
            "average_degree": 1.0675097744938353,
            "degree_std": 0.6176733850794562,
            "average_shortest_path": 0.9952224991393933,
            "global_efficiency": 1.0049699464455757,
            "characteristic_path_length": 0.995222499139397
        },
        {
            "clustering": 0.001461030262228734,
            "modularity": 0.3665620351191692,
            "average_degree": 1.0217448139630119,
            "degree_std": 3.4483481315987468,
            "average_shortest_path": 0.5252299273920189,
            "global_efficiency": 5.852243515007448,
            "characteristic_path_length": 0.5252299273920423
        },
        {
            "clustering": 0.0010390901036794352,
            "modularity": 0.5969650932346391,
            "average_degree": 1.0906526920671424,
            "degree_std": 0.5069603020495714,
            "average_shortest_path": 0.9953405753062964,
            "global_efficiency": 1.0049379617620358,
            "characteristic_path_length": 0.9953405753062924
        }
    ],
    "1": [
        {
            "clustering": 4.311776288817249e-05,
            "modularity": 0.9018743355193085,
            "average_degree": 1.0348764287559766,
            "degree_std": 0.27123197293075,
            "average_shortest_path": 0.9917145919202266,
            "global_efficiency": 1.01592167602953,
            "characteristic_path_length": 0.991714591920636
        },
        {
            "clustering": 0.03855178715470962,
            "modularity": 0.43252001117815103,
            "average_degree": 12.172026390900733,
            "degree_std": 1.1249976219086129,
            "average_shortest_path": 0.9417164743506753,
            "global_efficiency": 1.0738681847757041,
            "characteristic_path_length": 0.9417164743506751
        },
        {
            "clustering": 0.0006968959297106635,
            "modularity": 0.6818744769274905,
            "average_degree": 1.1482422007491384,
            "degree_std": 0.2233608401637658,
            "average_shortest_path": 0.9956186712466444,
            "global_efficiency": 1.0046806721505497,
            "characteristic_path_length": 0.9956186712466395
        },
        {
            "clustering": 5.664287805357591e-05,
            "modularity": 0.8518222285151411,
            "average_degree": 1.0092943714238813,
            "degree_std": 0.22514996048638428,
            "average_shortest_path": 0.9914225510917407,
            "global_efficiency": 1.0162435458793295,
            "characteristic_path_length": 0.9914225510921241
        },
        {
            "clustering": 0.06648536358686168,
            "modularity": 0.2474621466878915,
            "average_degree": 10.238330624340398,
            "degree_std": 1.183148111566666,
            "average_shortest_path": 0.9491814135447274,
            "global_efficiency": 1.056203818752865,
            "characteristic_path_length": 0.9491814135447274
        },
        {
            "clustering": 0.0027239060842496653,
            "modularity": 0.44452935831364615,
            "average_degree": 1.0417768037750648,
            "degree_std": 0.15442717000052814,
            "average_shortest_path": 0.9950854537227255,
            "global_efficiency": 1.004993991016173,
            "characteristic_path_length": 0.9950854537227274
        }
    ],
    "2": [
        {
            "clustering": 0.03318397486813496,
            "modularity": 0.03939715277541909,
            "average_degree": 6.791946396454177,
            "degree_std": 0.21640183472432145,
            "average_shortest_path": 0.9656096345393819,
            "global_efficiency": 1.03574120588276,
            "characteristic_path_length": 0.9656096345393819
        },
        {
            "clustering": 0.0002723963902591802,
            "modularity": 0.7912255597540324,
            "average_degree": 1.1415013626404977,
            "degree_std": 0.26245399569667854,
            "average_shortest_path": 0.9947651240576144,
            "global_efficiency": 1.0081529377273908,
            "characteristic_path_length": 0.9947651240576091
        },
        {
            "clustering": 0.07614076622711347,
            "modularity": 0.3253119567254257,
            "average_degree": 20.781271213578858,
            "degree_std": 0.9233030281768699,
            "average_shortest_path": 0.8997873720513041,
            "global_efficiency": 1.1353836521156349,
            "characteristic_path_length": 0.8997873720513041
        },
        {
            "clustering": 0.003191484396599964,
            "modularity": 0.4438803728439665,
            "average_degree": 1.3805542518248561,
            "degree_std": 0.12160848206331494,
            "average_shortest_path": 0.9936922142195591,
            "global_efficiency": 1.00648435845901,
            "characteristic_path_length": 0.9936922142195581
        },
        {
            "clustering": 0.0027937032795645415,
            "modularity": 0.44762659948722305,
            "average_degree": 1.2103386239273393,
            "degree_std": 0.11711436175738746,
            "average_shortest_path": 0.9944775708601709,
            "global_efficiency": 1.0056573644398772,
            "characteristic_path_length": 0.9944775708601716
        },
        {
            "clustering": 0.0001345250115286972,
            "modularity": 0.846344311433201,
            "average_degree": 1.1197797633753053,
            "degree_std": 0.36973533607741477,
            "average_shortest_path": 0.9950593268603467,
            "global_efficiency": 1.008221757126308,
            "characteristic_path_length": 0.9950593268603733
        }
    ],
    "3": [
        {
            "clustering": 0.09689695189597912,
            "modularity": 0.262883119065596,
            "average_degree": 25.137288884121535,
            "degree_std": 1.1399953490096202,
            "average_shortest_path": 0.8631570726794715,
            "global_efficiency": 1.2060830912977556,
            "characteristic_path_length": 0.8631570726794715
        },
        {
            "clustering": 0.17760191894960142,
            "modularity": 0.06141629110117178,
            "average_degree": 35.68757581090289,
            "degree_std": 0.4324776513377739,
            "average_shortest_path": 0.8203080125677286,
            "global_efficiency": 1.2211304087786274,
            "characteristic_path_length": 0.8203080125677286
        },
        {
            "clustering": 0.2275724692947592,
            "modularity": 0.20707647959111974,
            "average_degree": 48.54521148403855,
            "degree_std": 1.1476347853592372,
            "average_shortest_path": 0.757377674475601,
            "global_efficiency": 1.3827024473004947,
            "characteristic_path_length": 0.7573776744756011
        },
        {
            "clustering": 0.04054322949372424,
            "modularity": 0.39831110433723604,
            "average_degree": 11.589094171924508,
            "degree_std": 0.9573026946920169,
            "average_shortest_path": 0.9422684917328706,
            "global_efficiency": 1.0781608532144078,
            "characteristic_path_length": 0.9422684917328706
        },
        {
            "clustering": 0.05728681150763348,
            "modularity": 0.31842400443305124,
            "average_degree": 16.152419360985576,
            "degree_std": 0.9694607162782699,
            "average_shortest_path": 0.9224547255005996,
            "global_efficiency": 1.096815865635084,
            "characteristic_path_length": 0.9224547255005996
        },
        {
            "clustering": 0.025328172515040413,
            "modularity": 0.44539661376019635,
            "average_degree": 9.82617609987693,
            "degree_std": 1.68437487020137,
            "average_shortest_path": 0.9539378813490951,
            "global_efficiency": 1.0610509943440902,
            "characteristic_path_length": 0.9539378813490946
        }
    ],
    "4": [
        {
            "clustering": 0.1575081272022874,
            "modularity": 0.19695313723109778,
            "average_degree": 36.62733539387496,
            "degree_std": 1.189409091273324,
            "average_shortest_path": 0.8194069800044975,
            "global_efficiency": 1.2650425873706843,
            "characteristic_path_length": 0.8194069800044975
        },
        {
            "clustering": 0.005120221733701026,
            "modularity": 0.5882307894519523,
            "average_degree": 2.2394738756449377,
            "degree_std": 0.41307945084880204,
            "average_shortest_path": 0.990188033274879,
            "global_efficiency": 1.011644034223045,
            "characteristic_path_length": 0.990188033274882
        },
        {
            "clustering": 0.18040963463902018,
            "modularity": 0.06808624480770087,
            "average_degree": 39.284123332906674,
            "degree_std": 1.5280631662430029,
            "average_shortest_path": 0.7916791361181987,
            "global_efficiency": 1.2907712476864237,
            "characteristic_path_length": 0.7916791361181987
        },
        {
            "clustering": 0.01895853754116675,
            "modularity": 0.41513491186773227,
            "average_degree": 7.7064521904054475,
            "degree_std": 0.9502391408148004,
            "average_shortest_path": 0.9651372273119904,
            "global_efficiency": 1.0411015111808233,
            "characteristic_path_length": 0.96513722731199
        },
        {
            "clustering": 0.2519446369485583,
            "modularity": 0.0757704172614791,
            "average_degree": 51.07761276785369,
            "degree_std": 1.2117763289233752,
            "average_shortest_path": 0.7432502831972092,
            "global_efficiency": 1.3554329518424006,
            "characteristic_path_length": 0.7432502831972092
        },
        {
            "clustering": 0.4530113145553335,
            "modularity": 0.046231720336262674,
            "average_degree": 67.94064302571542,
            "degree_std": 1.290068922034533,
            "average_shortest_path": 0.6564770923464515,
            "global_efficiency": 1.5477920171455637,
            "characteristic_path_length": 0.6564770923464515
        }
    ],
    "5": [
        {
            "clustering": 0.05627239061866074,
            "modularity": 0.2591356481985067,
            "average_degree": 14.881030843450375,
            "degree_std": 1.3724039545080804,
            "average_shortest_path": 0.928188567835275,
            "global_efficiency": 1.0858310160963867,
            "characteristic_path_length": 0.928188567835275
        },
        {
            "clustering": 0.21373869028531897,
            "modularity": 0.11489847979270373,
            "average_degree": 45.838726265272236,
            "degree_std": 1.2473741023496328,
            "average_shortest_path": 0.7714315506524507,
            "global_efficiency": 1.3290729369125571,
            "characteristic_path_length": 0.7714315506524507
        },
        {
            "clustering": 0.033231751850072995,
            "modularity": 0.2957259273250329,
            "average_degree": 5.809027418214788,
            "degree_std": 0.7609995233177037,
            "average_shortest_path": 0.9718033547266842,
            "global_efficiency": 1.031420301756367,
            "characteristic_path_length": 0.9718033547266851
        },
        {
            "clustering": 0.35991075950096807,
            "modularity": 0.049104464553877,
            "average_degree": 61.509184365349476,
            "degree_std": 1.0757836921149868,
            "average_shortest_path": 0.6849398453444048,
            "global_efficiency": 1.4854877184010005,
            "characteristic_path_length": 0.6849398453444048
        },
        {
            "clustering": 0.3508478839591291,
            "modularity": 0.10914283844873089,
            "average_degree": 55.400004782474824,
            "degree_std": 0.9695559686629498,
            "average_shortest_path": 0.7223711319205033,
            "global_efficiency": 1.4132922648975679,
            "characteristic_path_length": 0.7223711319205033
        },
        {
            "clustering": 0.10322166845896293,
            "modularity": 0.057144754961843076,
            "average_degree": 20.299739273218375,
            "degree_std": 1.134964586324392,
            "average_shortest_path": 0.8956790301364671,
            "global_efficiency": 1.1262591541478344,
            "characteristic_path_length": 0.8956790301364671
        }
    ],
    "6": [
        {
            "clustering": 0.13981290305721086,
            "modularity": 0.05091273035695637,
            "average_degree": 28.105163755554432,
            "degree_std": 0.5786909830333916,
            "average_shortest_path": 0.8579919990725834,
            "global_efficiency": 1.1669764699518852,
            "characteristic_path_length": 0.8579919990725834
        },
        {
            "clustering": 0.02678734363019307,
            "modularity": 0.3173703005431263,
            "average_degree": 5.3987275114310425,
            "degree_std": 0.8999793643911651,
            "average_shortest_path": 0.9745015059894374,
            "global_efficiency": 1.028018151524845,
            "characteristic_path_length": 0.9745015059894376
        },
        {
            "clustering": 0.03336902282531545,
            "modularity": 0.4218886417132525,
            "average_degree": 12.651897055625964,
            "degree_std": 1.925433029692684,
            "average_shortest_path": 0.9388723677147714,
            "global_efficiency": 1.080220830646287,
            "characteristic_path_length": 0.9388723677147714
        },
        {
            "clustering": 0.1823235917693806,
            "modularity": 0.03595424755371837,
            "average_degree": 37.76929795311043,
            "degree_std": 0.9473328869661101,
            "average_shortest_path": 0.8083733720509902,
            "global_efficiency": 1.2480665067300643,
            "characteristic_path_length": 0.8083733720509902
        },
        {
            "clustering": 0.03124072553489471,
            "modularity": 0.33941552659613683,
            "average_degree": 10.091264040323995,
            "degree_std": 1.2220616762321892,
            "average_shortest_path": 0.9519795849287073,
            "global_efficiency": 1.0558238258949428,
            "characteristic_path_length": 0.9519795849287073
        },
        {
            "clustering": 0.4147141499881681,
            "modularity": 0.03345958456052782,
            "average_degree": 52.43035806304391,
            "degree_std": 0.7996656529341227,
            "average_shortest_path": 0.7351954536621704,
            "global_efficiency": 1.3670916697247024,
            "characteristic_path_length": 0.7351954536621704
        }
    ],
    "7": [
        {
            "clustering": 0.05294604271137646,
            "modularity": 0.21868991188176387,
            "average_degree": 7.35418528338204,
            "degree_std": 0.9461111657922674,
            "average_shortest_path": 0.9637357330932029,
            "global_efficiency": 1.0396213116925197,
            "characteristic_path_length": 0.9637357330932029
        },
        {
            "clustering": 0.07754205861998902,
            "modularity": 0.19032901072035308,
            "average_degree": 10.26964033137339,
            "degree_std": 1.281490667120649,
            "average_shortest_path": 0.9489946748324897,
            "global_efficiency": 1.0567343683128045,
            "characteristic_path_length": 0.9489946748324897
        },
        {
            "clustering": 0.08851870701169881,
            "modularity": 0.21913239596174366,
            "average_degree": 21.893346453584794,
            "degree_std": 1.5909434579727697,
            "average_shortest_path": 0.8927761483986801,
            "global_efficiency": 1.134173669988013,
            "characteristic_path_length": 0.8927761483986801
        },
        {
            "clustering": 0.22708291204360886,
            "modularity": 0.10853657633441263,
            "average_degree": 47.705319453278335,
            "degree_std": 1.1607949887103168,
            "average_shortest_path": 0.7615642915811162,
            "global_efficiency": 1.3417329469906147,
            "characteristic_path_length": 0.7615642915811162
        },
        {
            "clustering": 0.04574493273543895,
            "modularity": 0.287285611433251,
            "average_degree": 12.937656700295165,
            "degree_std": 1.35958340139968,
            "average_shortest_path": 0.9375845440092435,
            "global_efficiency": 1.0738354059363637,
            "characteristic_path_length": 0.9375845440092435
        },
        {
            "clustering": 0.4264571916103563,
            "modularity": 0.0857397659387254,
            "average_degree": 64.35294578447521,
            "degree_std": 0.8585312230045999,
            "average_shortest_path": 0.6730053751639292,
            "global_efficiency": 1.534908496853222,
            "characteristic_path_length": 0.6730053751639292
        }
    ],
    "8": [
        {
            "clustering": 0.11794785003899942,
            "modularity": 0.1500094902177433,
            "average_degree": 26.05066345022246,
            "degree_std": 1.1962355810900032,
            "average_shortest_path": 0.8708339200999974,
            "global_efficiency": 1.1585072325631085,
            "characteristic_path_length": 0.8708339200999974
        },
        {
            "clustering": 0.3060113926677975,
            "modularity": 0.10171843330867858,
            "average_degree": 57.99854191041602,
            "degree_std": 1.313252917062603,
            "average_shortest_path": 0.7095055532018394,
            "global_efficiency": 1.4490649977963483,
            "characteristic_path_length": 0.7095055532018394
        },
        {
            "clustering": 0.04567560000620917,
            "modularity": 0.27528483315336083,
            "average_degree": 11.821823261300516,
            "degree_std": 1.5299888993374346,
            "average_shortest_path": 0.9422675863004432,
            "global_efficiency": 1.066192663849581,
            "characteristic_path_length": 0.9422675863004432
        },
        {
            "clustering": 0.02713046486704878,
            "modularity": 0.10448163326586872,
            "average_degree": 5.581797733367742,
            "degree_std": 0.18271920641421333,
            "average_shortest_path": 0.9718810648552605,
            "global_efficiency": 1.029023743043557,
            "characteristic_path_length": 0.9718810648552605
        },
        {
            "clustering": 0.2100188631737756,
            "modularity": 0.10312325788061649,
            "average_degree": 43.841957864311,
            "degree_std": 1.2472556594191555,
            "average_shortest_path": 0.7806197558062127,
            "global_efficiency": 1.3005665756093525,
            "characteristic_path_length": 0.7806197558062128
        },
        {
            "clustering": 0.17921904991198098,
            "modularity": 0.13527398453334216,
            "average_degree": 38.42556199232056,
            "degree_std": 1.491412344103324,
            "average_shortest_path": 0.8084584087023639,
            "global_efficiency": 1.2584859497060614,
            "characteristic_path_length": 0.8084584087023639
        }
    ],
    "9": [
        {
            "clustering": 0.20850354085426476,
            "modularity": 0.1063402837910341,
            "average_degree": 43.85897724511392,
            "degree_std": 1.3014756866066535,
            "average_shortest_path": 0.7806040939794098,
            "global_efficiency": 1.3011941354326113,
            "characteristic_path_length": 0.7806040939794098
        },
        {
            "clustering": 0.23440101374159297,
            "modularity": 0.1100917555454686,
            "average_degree": 49.37598312315894,
            "degree_std": 1.5815262493507896,
            "average_shortest_path": 0.7527214817774401,
            "global_efficiency": 1.3596093885629918,
            "characteristic_path_length": 0.7527214817774401
        },
        {
            "clustering": 0.18050850602781163,
            "modularity": 0.12617637826394473,
            "average_degree": 38.250482972154416,
            "degree_std": 1.2295937892208118,
            "average_shortest_path": 0.8086472423825765,
            "global_efficiency": 1.2532734351388581,
            "characteristic_path_length": 0.8086472423825765
        },
        {
            "clustering": 0.3309902808521692,
            "modularity": 0.08386356410745566,
            "average_degree": 66.090234690648,
            "degree_std": 1.3228363206108624,
            "average_shortest_path": 0.6688342042222526,
            "global_efficiency": 1.5402945060710653,
            "characteristic_path_length": 0.6688342042222527
        },
        {
            "clustering": 0.33435351638735455,
            "modularity": 0.10827632814033114,
            "average_degree": 52.9549445160188,
            "degree_std": 1.3204076534956926,
            "average_shortest_path": 0.7343816615817671,
            "global_efficiency": 1.3841798304162793,
            "characteristic_path_length": 0.7343816615817671
        },
        {
            "clustering": 0.3896333751593364,
            "modularity": 0.030449749918861645,
            "average_degree": 69.99054855527987,
            "degree_std": 1.081223731992427,
            "average_shortest_path": 0.6318586403757757,
            "global_efficiency": 1.6256282192327516,
            "characteristic_path_length": 0.6318586403757757
        }
    ],
    "10": [
        {
            "clustering": 0.43951020419618103,
            "modularity": 0.05333283500395378,
            "average_degree": 53.77297257541564,
            "degree_std": 0.8353705834095633,
            "average_shortest_path": 0.7290995541981451,
            "global_efficiency": 1.380002700542503,
            "characteristic_path_length": 0.7290995541981451
        },
        {
            "clustering": 0.3483352487805241,
            "modularity": 0.06833096997136154,
            "average_degree": 56.56510168853352,
            "degree_std": 0.9431002947829396,
            "average_shortest_path": 0.7152003316053359,
            "global_efficiency": 1.4151521171296861,
            "characteristic_path_length": 0.7152003316053359
        },
        {
            "clustering": 0.21155103993056013,
            "modularity": 0.07283075515437717,
            "average_degree": 43.413938951571815,
            "degree_std": 0.8223362586722183,
            "average_shortest_path": 0.7822992482384024,
            "global_efficiency": 1.2877097605553842,
            "characteristic_path_length": 0.7822992482384024
        },
        {
            "clustering": 0.32390964438849723,
            "modularity": 0.05294199167511366,
            "average_degree": 64.96562929455918,
            "degree_std": 1.1109283336268536,
            "average_shortest_path": 0.6725526896667708,
            "global_efficiency": 1.512503876534769,
            "characteristic_path_length": 0.6725526896667708
        },
        {
            "clustering": 0.38057928310572237,
            "modularity": 0.07422608606791686,
            "average_degree": 59.22429224315444,
            "degree_std": 1.0617918827561827,
            "average_shortest_path": 0.7017165716929716,
            "global_efficiency": 1.4481117794860245,
            "characteristic_path_length": 0.7017165716929716
        },
        {
            "clustering": 0.3810236914884257,
            "modularity": 0.06678426805604729,
            "average_degree": 63.865595893799245,
            "degree_std": 1.0490962640451702,
            "average_shortest_path": 0.6782198079786972,
            "global_efficiency": 1.5032822615570753,
            "characteristic_path_length": 0.6782198079786972
        }
    ],
    "11": [
        {
            "clustering": 0.43118090395195086,
            "modularity": 0.023534725037410248,
            "average_degree": 53.734933450056545,
            "degree_std": 0.6763992576400105,
            "average_shortest_path": 0.7275198523538565,
            "global_efficiency": 1.3865975525797272,
            "characteristic_path_length": 0.7275198523538565
        },
        {
            "clustering": 0.5437985089415712,
            "modularity": 0.02268445082176323,
            "average_degree": 73.77025939050674,
            "degree_std": 1.1395872193436218,
            "average_shortest_path": 0.6260761900705075,
            "global_efficiency": 1.620115549323463,
            "characteristic_path_length": 0.6260761900705075
        },
        {
            "clustering": 0.39470971261596327,
            "modularity": 0.015579607920176503,
            "average_degree": 72.07459851152929,
            "degree_std": 0.8481065479140426,
            "average_shortest_path": 0.616120698618262,
            "global_efficiency": 1.6774036232169984,
            "characteristic_path_length": 0.616120698618262
        },
        {
            "clustering": 0.40803994959926326,
            "modularity": 0.027826789269674315,
            "average_degree": 58.925631840346554,
            "degree_std": 0.8271354246122802,
            "average_shortest_path": 0.6997889479339504,
            "global_efficiency": 1.452189050920087,
            "characteristic_path_length": 0.6997889479339504
        },
        {
            "clustering": 0.44480178135180093,
            "modularity": 0.014935723915395932,
            "average_degree": 56.71465353451945,
            "degree_std": 0.5979467740720505,
            "average_shortest_path": 0.7128582599953175,
            "global_efficiency": 1.4083164134323276,
            "characteristic_path_length": 0.7128582599953175
        },
        {
            "clustering": 0.2634431742221629,
            "modularity": 0.013509513694946372,
            "average_degree": 53.44237388093136,
            "degree_std": 0.7809972263930531,
            "average_shortest_path": 0.7278519953859822,
            "global_efficiency": 1.3905410890150798,
            "characteristic_path_length": 0.7278519953859822
        }
    ]
}