{
    "0": [
        {
            "clustering": 0.00617412019680279,
            "modularity": 0.024292179157972653,
            "average_degree": 1.2427567514371172,
            "degree_std": 0.27908272801151507,
            "average_shortest_path": 0.993772036688204,
            "global_efficiency": 1.0062689891324221
        },
        {
            "clustering": 0.004820401580456676,
            "modularity": 0.0792254572129392,
            "average_degree": 1.012597299769068,
            "degree_std": 0.6370777642386259,
            "average_shortest_path": 0.9949421339686952,
            "global_efficiency": 1.005102152263769
        },
        {
            "clustering": 0.004950313781118265,
            "modularity": 0.20080445423466312,
            "average_degree": 1.176043611797163,
            "degree_std": 0.22487881401814122,
            "average_shortest_path": 0.9942280768344746,
            "global_efficiency": 1.0058223637162456
        },
        {
            "clustering": 0.007872749045076484,
            "modularity": 0.17027898974427208,
            "average_degree": 1.7588040327072432,
            "degree_std": 0.2549052688689132,
            "average_shortest_path": 0.9912944796759129,
            "global_efficiency": 1.0088082203513182
        },
        {
            "clustering": 0.004905077377915557,
            "modularity": 0.21346843545708047,
            "average_degree": 1.1934285930740396,
            "degree_std": 0.24329828310758086,
            "average_shortest_path": 0.9941507395682515,
            "global_efficiency": 1.0059037396402644
        },
        {
            "clustering": 0.0007958875160466915,
            "modularity": 0.7345877100640402,
            "average_degree": 2.464972665684349,
            "degree_std": 0.45394631080903647,
            "average_shortest_path": 0.9920861644815633,
            "global_efficiency": 1.0096179583753648
        }
    ],
    "1": [
        {
            "clustering": 0.24277256450712928,
            "modularity": 0.05655131663353516,
            "average_degree": 48.936546318622646,
            "degree_std": 1.5606099034557637,
            "average_shortest_path": 0.7536821359619154,
            "global_efficiency": 1.333909823920392
        },
        {
            "clustering": 0.18609999607071437,
            "modularity": 0.243299142458984,
            "average_degree": 44.518095571490626,
            "degree_std": 0.9192058355328863,
            "average_shortest_path": 0.7790019139549093,
            "global_efficiency": 1.3637244010715224
        },
        {
            "clustering": 0.014217931308129561,
            "modularity": 0.49850561452119657,
            "average_degree": 8.277490798034945,
            "degree_std": 1.0558778901277386,
            "average_shortest_path": 0.9626098707631138,
            "global_efficiency": 1.050377803996369
        },
        {
            "clustering": 0.026681559459217543,
            "modularity": 0.4049851513364935,
            "average_degree": 11.01000104854779,
            "degree_std": 1.2110701945827775,
            "average_shortest_path": 0.9484449604961483,
            "global_efficiency": 1.068075750653047
        },
        {
            "clustering": 0.22887914596794345,
            "modularity": 0.13481879304745353,
            "average_degree": 37.39567821345792,
            "degree_std": 1.0844950257486672,
            "average_shortest_path": 0.8131335705962152,
            "global_efficiency": 1.2460791622664078
        },
        {
            "clustering": 0.30311870328360396,
            "modularity": 0.19578001275200846,
            "average_degree": 68.06970788508988,
            "degree_std": 1.4233290972305392,
            "average_shortest_path": 0.6604194277803489,
            "global_efficiency": 1.710327811966782
        }
    ],
    "2": [
        {
            "clustering": 0.3043096514838418,
            "modularity": 0.13748643193959292,
            "average_degree": 63.06023465676861,
            "degree_std": 0.9732366006712285,
            "average_shortest_path": 0.6833092943367756,
            "global_efficiency": 1.5034530448635246
        },
        {
            "clustering": 0.27448467386638953,
            "modularity": 0.1460387960887269,
            "average_degree": 60.1510479521188,
            "degree_std": 1.3056867030203752,
            "average_shortest_path": 0.7000977291983793,
            "global_efficiency": 1.5304352324658759
        },
        {
            "clustering": 0.059472923858909225,
            "modularity": 0.3424297463794114,
            "average_degree": 13.316527462401185,
            "degree_std": 1.4728773882886776,
            "average_shortest_path": 0.9361466507469829,
            "global_efficiency": 1.0781747746976877
        },
        {
            "clustering": 0.024668755951857625,
            "modularity": 0.36688265076150145,
            "average_degree": 6.193147903531643,
            "degree_std": 1.110534833890104,
            "average_shortest_path": 0.9711078475182364,
            "global_efficiency": 1.0336087153419993
        },
        {
            "clustering": 0.05386769459670977,
            "modularity": 0.3477733824249275,
            "average_degree": 12.911067913377817,
            "degree_std": 1.4784732805640366,
            "average_shortest_path": 0.9383176676775993,
            "global_efficiency": 1.0757035098301628
        },
        {
            "clustering": 0.3796299833367933,
            "modularity": 0.11634583609162759,
            "average_degree": 80.14408543808015,
            "degree_std": 1.4305622537520664,
            "average_shortest_path": 0.5987780082687805,
            "global_efficiency": 1.8484105715713128
        }
    ],
    "3": [
        {
            "clustering": 0.3513757673466577,
            "modularity": 0.14401310750794827,
            "average_degree": 74.93946484491181,
            "degree_std": 1.5571268263318876,
            "average_shortest_path": 0.6231651978229606,
            "global_efficiency": 1.8201295471990102
        },
        {
            "clustering": 0.35866427116795446,
            "modularity": 0.11287904659090897,
            "average_degree": 75.96322454880355,
            "degree_std": 1.4446388038265816,
            "average_shortest_path": 0.6198406330648039,
            "global_efficiency": 1.7611377333973304
        },
        {
            "clustering": 0.1314452928199956,
            "modularity": 0.20827713930059552,
            "average_degree": 25.736648917564473,
            "degree_std": 1.8720767186206633,
            "average_shortest_path": 0.8733950945996313,
            "global_efficiency": 1.1652576562715466
        },
        {
            "clustering": 0.5006505841343383,
            "modularity": 0.017015134948039638,
            "average_degree": 98.69770455779941,
            "degree_std": 0.7945251610327977,
            "average_shortest_path": 0.4343362960412189,
            "global_efficiency": 2.464463761441088
        },
        {
            "clustering": 0.40517455976405053,
            "modularity": 0.10024263342215839,
            "average_degree": 83.66116573472662,
            "degree_std": 1.202666474881125,
            "average_shortest_path": 0.5795125371824664,
            "global_efficiency": 1.877562584975579
        },
        {
            "clustering": 0.18544640720592692,
            "modularity": 0.1931454409705053,
            "average_degree": 31.87286306704144,
            "degree_std": 1.6725010102437294,
            "average_shortest_path": 0.8421651593203989,
            "global_efficiency": 1.2111544705465185
        }
    ],
    "4": [
        {
            "clustering": 0.292037442693037,
            "modularity": 0.10945334029001497,
            "average_degree": 62.2702297709954,
            "degree_std": 1.592155403698271,
            "average_shortest_path": 0.6883049268111696,
            "global_efficiency": 1.5419921007621107
        },
        {
            "clustering": 0.36362256710579116,
            "modularity": 0.10606132132012695,
            "average_degree": 75.9113158988269,
            "degree_std": 1.3161262964383296,
            "average_shortest_path": 0.6192302890799473,
            "global_efficiency": 1.7409106399502106
        },
        {
            "clustering": 0.44333281235165206,
            "modularity": 0.10086437428308784,
            "average_degree": 91.86458274585081,
            "degree_std": 1.3385211966503088,
            "average_shortest_path": 0.5376991641339743,
            "global_efficiency": 2.0923462334895166
        },
        {
            "clustering": 0.4651822181989999,
            "modularity": 0.09066916020810814,
            "average_degree": 94.02962532190823,
            "degree_std": 0.8749632981137295,
            "average_shortest_path": 0.5169418119274232,
            "global_efficiency": 2.165840310507809
        },
        {
            "clustering": 0.4090755892897147,
            "modularity": 0.09337414058626711,
            "average_degree": 84.25679476483246,
            "degree_std": 0.8755385642864487,
            "average_shortest_path": 0.576108992186968,
            "global_efficiency": 1.9205251830920758
        },
        {
            "clustering": 0.49493289950986996,
            "modularity": 0.00516181438990068,
            "average_degree": 96.0620330412736,
            "degree_std": 1.9025292003785594,
            "average_shortest_path": 0.4234484128664037,
            "global_efficiency": 2.5534071889086722
        }
    ],
    "5": [
        {
            "clustering": 0.40714714802057117,
            "modularity": 0.030390925455017096,
            "average_degree": 81.71804583285632,
            "degree_std": 1.7205786770417275,
            "average_shortest_path": 0.5859620784526375,
            "global_efficiency": 1.7437720367158356
        },
        {
            "clustering": 0.5739873493981599,
            "modularity": 0.03157246461106316,
            "average_degree": 100.01807487228147,
            "degree_std": 0.5981315788488908,
            "average_shortest_path": 0.483915636669252,
            "global_efficiency": 2.143851950772667
        },
        {
            "clustering": 0.29566314586310655,
            "modularity": 0.01861374819326626,
            "average_degree": 58.89991987179123,
            "degree_std": 0.7268582476958318,
            "average_shortest_path": 0.7023356121950276,
            "global_efficiency": 1.4289040315933748
        },
        {
            "clustering": 0.5631048210218682,
            "modularity": 0.017636415900553645,
            "average_degree": 98.29443559185256,
            "degree_std": 2.2097085924993123,
            "average_shortest_path": 0.4593063414603932,
            "global_efficiency": 2.304289226632959
        },
        {
            "clustering": 0.37302015175916037,
            "modularity": 0.12756503958176796,
            "average_degree": 77.92140072005583,
            "degree_std": 1.0821286543535624,
            "average_shortest_path": 0.6086440984777912,
            "global_efficiency": 1.7860951743867033
        },
        {
            "clustering": 0.24207851773344644,
            "modularity": 0.14752423971327905,
            "average_degree": 53.08860213410834,
            "degree_std": 1.6663018380474832,
            "average_shortest_path": 0.7349754609322355,
            "global_efficiency": 1.438223930862096
        }
    ],
    "6": [
        {
            "clustering": 0.46118079226982833,
            "modularity": 0.06425731815320013,
            "average_degree": 93.02898285877119,
            "degree_std": 1.4535373783876278,
            "average_shortest_path": 0.5298895730413083,
            "global_efficiency": 1.9688263945224183
        },
        {
            "clustering": 0.3031475886080245,
            "modularity": 0.13597686836716005,
            "average_degree": 52.80764569721925,
            "degree_std": 1.3976456537060935,
            "average_shortest_path": 0.7364729334767625,
            "global_efficiency": 1.4055645110969954
        },
        {
            "clustering": 0.48616817606199997,
            "modularity": 0.1351108539856263,
            "average_degree": 92.06093946982877,
            "degree_std": 1.3188446348848846,
            "average_shortest_path": 0.5361169075975045,
            "global_efficiency": 2.056277125144594
        },
        {
            "clustering": 0.2491995067910063,
            "modularity": 0.14736179278326647,
            "average_degree": 54.79368308034857,
            "degree_std": 1.683768267791198,
            "average_shortest_path": 0.7263224006442641,
            "global_efficiency": 1.4661826931341688
        },
        {
            "clustering": 0.45292600946905875,
            "modularity": 0.09417089263125979,
            "average_degree": 92.78825317177325,
            "degree_std": 0.6943432400979788,
            "average_shortest_path": 0.5250340675480535,
            "global_efficiency": 2.1592952693804146
        },
        {
            "clustering": 0.36247847281969986,
            "modularity": 0.1212663927135651,
            "average_degree": 68.98185018164796,
            "degree_std": 1.313177114406213,
            "average_shortest_path": 0.6545377293135279,
            "global_efficiency": 1.611662724277367
        }
    ],
    "7": [
        {
            "clustering": 0.4171363974507781,
            "modularity": 0.09320688487709217,
            "average_degree": 83.75472259930258,
            "degree_std": 1.034418279783549,
            "average_shortest_path": 0.5795954575322622,
            "global_efficiency": 1.8634545161549352
        },
        {
            "clustering": 0.4557608810264601,
            "modularity": 0.09283505719619256,
            "average_degree": 90.71520376938645,
            "degree_std": 1.3154403494568059,
            "average_shortest_path": 0.49667219190363265,
            "global_efficiency": 2.222562938705367
        },
        {
            "clustering": 0.388550257195628,
            "modularity": 0.10340609375119664,
            "average_degree": 81.23833301486314,
            "degree_std": 0.7885242882911108,
            "average_shortest_path": 0.5916610049469601,
            "global_efficiency": 1.8511462718560547
        },
        {
            "clustering": 0.4726078666800451,
            "modularity": 0.07806121315905638,
            "average_degree": 75.57716073644922,
            "degree_std": 0.8400452664553278,
            "average_shortest_path": 0.6205755695995503,
            "global_efficiency": 1.665853770164659
        },
        {
            "clustering": 0.3063997983138177,
            "modularity": 0.13926064665439686,
            "average_degree": 57.92795687800277,
            "degree_std": 1.4557630631986054,
            "average_shortest_path": 0.7106679770426022,
            "global_efficiency": 1.4718166086057356
        },
        {
            "clustering": 0.378210485194468,
            "modularity": 0.067785020032026,
            "average_degree": 76.90041797646244,
            "degree_std": 1.2899169801888932,
            "average_shortest_path": 0.6132172904061415,
            "global_efficiency": 1.677815021261289
        }
    ],
    "8": [
        {
            "clustering": 0.4829101655283983,
            "modularity": 0.09545234570191036,
            "average_degree": 90.02394285983826,
            "degree_std": 2.2473515858761384,
            "average_shortest_path": 0.5429032663114398,
            "global_efficiency": 1.9595615552280308
        },
        {
            "clustering": 0.38165691884368247,
            "modularity": 0.10540311664670923,
            "average_degree": 75.60912475574766,
            "degree_std": 1.3260851040860608,
            "average_shortest_path": 0.6209006389497767,
            "global_efficiency": 1.7122776460222457
        },
        {
            "clustering": 0.4792540217458466,
            "modularity": 0.06986045424629114,
            "average_degree": 97.177980083856,
            "degree_std": 1.8977452016037248,
            "average_shortest_path": 0.5099812977058037,
            "global_efficiency": 2.091079071401247
        },
        {
            "clustering": 0.3695128249525166,
            "modularity": 0.11079386006027735,
            "average_degree": 76.73667232630746,
            "degree_std": 1.3039858355943659,
            "average_shortest_path": 0.6148946207716882,
            "global_efficiency": 1.7309938493360917
        },
        {
            "clustering": 0.4865429035325095,
            "modularity": 0.09146910278262,
            "average_degree": 92.0922161444854,
            "degree_std": 1.181525692316881,
            "average_shortest_path": 0.5367881305399209,
            "global_efficiency": 1.9901841319816498
        },
        {
            "clustering": 0.3692496289423674,
            "modularity": 0.1019406067223185,
            "average_degree": 77.37323605240077,
            "degree_std": 1.1305205571806636,
            "average_shortest_path": 0.6110829166013089,
            "global_efficiency": 1.7728892807936956
        }
    ],
    "9": [
        {
            "clustering": 0.4380530357314161,
            "modularity": 0.10229694650241965,
            "average_degree": 86.83072350328267,
            "degree_std": 1.423162968897781,
            "average_shortest_path": 0.5636336311163382,
            "global_efficiency": 1.9070704437600232
        },
        {
            "clustering": 0.44575786016336655,
            "modularity": 0.07919713979160711,
            "average_degree": 90.71528940947763,
            "degree_std": 2.1699801845063655,
            "average_shortest_path": 0.5425809846610451,
            "global_efficiency": 1.9919363632886364
        },
        {
            "clustering": 0.461954296997567,
            "modularity": 0.0962826304750637,
            "average_degree": 92.91422745562947,
            "degree_std": 1.2089874448069586,
            "average_shortest_path": 0.5313558293282717,
            "global_efficiency": 2.05055109659061
        },
        {
            "clustering": 0.43667615943936094,
            "modularity": 0.06482537882894879,
            "average_degree": 88.19300197035527,
            "degree_std": 1.4630804562683841,
            "average_shortest_path": 0.5555584364273345,
            "global_efficiency": 1.8684802308246156
        },
        {
            "clustering": 0.4609220928198923,
            "modularity": 0.0921718689120514,
            "average_degree": 85.46578328114504,
            "degree_std": 0.85210418915828,
            "average_shortest_path": 0.5706832945894208,
            "global_efficiency": 1.8512736262547531
        },
        {
            "clustering": 0.5171215403548012,
            "modularity": 0.05405114980308379,
            "average_degree": 90.28598139060121,
            "degree_std": 1.8217219419236819,
            "average_shortest_path": 0.528679979629147,
            "global_efficiency": 1.9668185692620017
        }
    ],
    "10": [
        {
            "clustering": 0.5073137286589328,
            "modularity": 0.02844086443401514,
            "average_degree": 93.29261078880376,
            "degree_std": 2.296335509052389,
            "average_shortest_path": 0.47927975792105515,
            "global_efficiency": 2.212729772145296
        },
        {
            "clustering": 0.5329231987176254,
            "modularity": 0.04256885534942925,
            "average_degree": 90.9715192097538,
            "degree_std": 4.297086084593223,
            "average_shortest_path": 0.5393526392754799,
            "global_efficiency": 1.9089136941775933
        },
        {
            "clustering": 0.5088623178997862,
            "modularity": 0.05219544260942836,
            "average_degree": 99.67133388517688,
            "degree_std": 2.251087229655863,
            "average_shortest_path": 0.49733978564529996,
            "global_efficiency": 2.111150814779025
        },
        {
            "clustering": 0.5288702746279405,
            "modularity": 0.015525854191258737,
            "average_degree": 95.1611578975668,
            "degree_std": 2.7062483741603325,
            "average_shortest_path": 0.49980351879693374,
            "global_efficiency": 2.0675279175366357
        },
        {
            "clustering": 0.6161347928661182,
            "modularity": 0.028829363522986623,
            "average_degree": 94.34962752874344,
            "degree_std": 2.3618807856299404,
            "average_shortest_path": 0.520015933345874,
            "global_efficiency": 1.9735029971135714
        },
        {
            "clustering": 0.5512679014731201,
            "modularity": 0.027777206829522137,
            "average_degree": 94.66508916282969,
            "degree_std": 2.499996592222403,
            "average_shortest_path": 0.4964342103840946,
            "global_efficiency": 2.093761241596218
        }
    ],
    "11": [
        {
            "clustering": 0.574026570075495,
            "modularity": 0.012741045540649483,
            "average_degree": 102.89564189977366,
            "degree_std": 2.0634234191412415,
            "average_shortest_path": 0.4462509241445619,
            "global_efficiency": 2.348933833789853
        },
        {
            "clustering": 0.6583392691504141,
            "modularity": 0.01003093693362401,
            "average_degree": 99.82425805388056,
            "degree_std": 1.2666975035498866,
            "average_shortest_path": 0.49203697653657763,
            "global_efficiency": 2.0873785797064808
        },
        {
            "clustering": 0.5809842422769896,
            "modularity": 0.009301945029114491,
            "average_degree": 102.4999508785983,
            "degree_std": 2.8229024264646974,
            "average_shortest_path": 0.44933431654460176,
            "global_efficiency": 2.3325570353768774
        },
        {
            "clustering": 0.6206384315327902,
            "modularity": 0.0034502286040892097,
            "average_degree": 85.52187878164533,
            "degree_std": 1.281170678222771,
            "average_shortest_path": 0.5649307295305703,
            "global_efficiency": 1.8102458615054948
        },
        {
            "clustering": 0.5804568430562298,
            "modularity": 0.016214562211264168,
            "average_degree": 96.76457704693692,
            "degree_std": 1.7897339930203646,
            "average_shortest_path": 0.4985803496657931,
            "global_efficiency": 2.069021142381225
        },
        {
            "clustering": 0.6167442435792448,
            "modularity": 0.004473639793330434,
            "average_degree": 106.30796303339626,
            "degree_std": 1.2228981704426043,
            "average_shortest_path": 0.44587844078020256,
            "global_efficiency": 2.324891763924419
        }
    ]
}