{
    "0": [
        {
            "clustering": 0.055178598581342345,
            "modularity": 0.4678322676602382,
            "average_degree": 18.678031347506348,
            "degree_std": 2.0762341904818697,
            "average_shortest_path": 0.909424124883545,
            "global_efficiency": 1.136873064374239
        },
        {
            "clustering": 0.12213760413037042,
            "modularity": 0.0082639014763759,
            "average_degree": 13.491795288576347,
            "degree_std": 5.190380651827768,
            "average_shortest_path": 0.9318284026718562,
            "global_efficiency": 1.0757814168660766
        },
        {
            "clustering": 0.09627164825973196,
            "modularity": 0.27676311021505734,
            "average_degree": 19.559684666238905,
            "degree_std": 1.983419160546436,
            "average_shortest_path": 0.9011536528407009,
            "global_efficiency": 1.1240119564577922
        },
        {
            "clustering": 0.12195608293962189,
            "modularity": 0.302966726498625,
            "average_degree": 31.21554131927119,
            "degree_std": 2.4987330977357427,
            "average_shortest_path": 0.8449970495615986,
            "global_efficiency": 1.230546584656588
        },
        {
            "clustering": 0.3176260952560267,
            "modularity": 0.08142486717714714,
            "average_degree": 68.20608412267023,
            "degree_std": 24.99039693733627,
            "average_shortest_path": 0.6566280421673134,
            "global_efficiency": 1.744597472093366
        },
        {
            "clustering": 0.4314585532255906,
            "modularity": 0.1116476647747082,
            "average_degree": 88.52245258905432,
            "degree_std": 5.32660843787273,
            "average_shortest_path": 0.5551722531827618,
            "global_efficiency": 1.9861079721297599
        },
        {
            "clustering": 0.17128003466931574,
            "modularity": 0.18640682289629157,
            "average_degree": 38.566534528448265,
            "degree_std": 2.204477012918811,
            "average_shortest_path": 0.8078670588535976,
            "global_efficiency": 1.2684836436053495
        },
        {
            "clustering": 0.23557104321676425,
            "modularity": 0.2297777081267132,
            "average_degree": 47.62201290949882,
            "degree_std": 4.51331235088314,
            "average_shortest_path": 0.7619050190291464,
            "global_efficiency": 1.39552996127517
        },
        {
            "clustering": 0.12125817558136454,
            "modularity": 0.17345115109519776,
            "average_degree": 27.345282855235258,
            "degree_std": 3.464852868848916,
            "average_shortest_path": 0.8602967579615071,
            "global_efficiency": 1.1795204306994436
        },
        {
            "clustering": 0.1612671034237084,
            "modularity": 0.19958187945154693,
            "average_degree": 34.69374983905963,
            "degree_std": 6.373900200821505,
            "average_shortest_path": 0.8273079081181568,
            "global_efficiency": 1.2411656068755776
        },
        {
            "clustering": 0.00492989254836305,
            "modularity": 0.0960009081989366,
            "average_degree": 1.0161795621407381,
            "degree_std": 0.15960248015747258,
            "average_shortest_path": 0.9949455222435879,
            "global_efficiency": 1.0050823511335896
        },
        {
            "clustering": 0.34774597006104685,
            "modularity": 0.015094197055760886,
            "average_degree": 51.954133904023955,
            "degree_std": 3.777123679773487,
            "average_shortest_path": 0.7260028515771335,
            "global_efficiency": 1.41967086556645
        }
    ],
    "1": [
        {
            "clustering": 0.14110987410098405,
            "modularity": 0.1489511456061684,
            "average_degree": 30.287880315189984,
            "degree_std": 1.9965128774782694,
            "average_shortest_path": 0.8481463510343157,
            "global_efficiency": 1.1873385844884528
        },
        {
            "clustering": 0.4933798904204196,
            "modularity": 0.024854703992646263,
            "average_degree": 67.33079656199735,
            "degree_std": 1.2978722240622533,
            "average_shortest_path": 0.6597435145701499,
            "global_efficiency": 1.521791269666923
        },
        {
            "clustering": 0.10319953880567362,
            "modularity": 0.35497305317107575,
            "average_degree": 28.75098946535443,
            "degree_std": 2.071586312376806,
            "average_shortest_path": 0.8578613477438148,
            "global_efficiency": 1.2266281256953273
        },
        {
            "clustering": 0.00011259673785728545,
            "modularity": 0.88224164095616,
            "average_degree": 1.0070795227200293,
            "degree_std": 0.2725727838585262,
            "average_shortest_path": 0.9949064418413928,
            "global_efficiency": 1.0098013295587784
        },
        {
            "clustering": 0.3134247829252959,
            "modularity": 0.12203578718657075,
            "average_degree": 65.57437668475733,
            "degree_std": 1.0916411296816497,
            "average_shortest_path": 0.6707453478317346,
            "global_efficiency": 1.5523553848424934
        },
        {
            "clustering": 0.09791265780120742,
            "modularity": 0.29780760695662434,
            "average_degree": 25.364258967846705,
            "degree_std": 1.3656551202944813,
            "average_shortest_path": 0.8742070365671292,
            "global_efficiency": 1.165067295854137
        },
        {
            "clustering": 0.00018788112202319915,
            "modularity": 0.8889393660505708,
            "average_degree": 1.022268561927787,
            "degree_std": 0.15241210940453342,
            "average_shortest_path": 0.9949166456148836,
            "global_efficiency": 1.00944751476933
        },
        {
            "clustering": 0.036322203949071305,
            "modularity": 0.28980206551333715,
            "average_degree": 9.722742442700442,
            "degree_std": 0.4034190173500029,
            "average_shortest_path": 0.953616508792441,
            "global_efficiency": 1.0511007757756425
        },
        {
            "clustering": 0.10270777913658619,
            "modularity": 0.10722128693851754,
            "average_degree": 21.32876115400473,
            "degree_std": 0.7940780954053565,
            "average_shortest_path": 0.8919795757175029,
            "global_efficiency": 1.1234289598422118
        },
        {
            "clustering": 0.14312143385177625,
            "modularity": 0.10526459015598227,
            "average_degree": 29.3289391815803,
            "degree_std": 1.272648314980108,
            "average_shortest_path": 0.8516044203655154,
            "global_efficiency": 1.17812455059594
        },
        {
            "clustering": 0.2908502175248707,
            "modularity": 0.11268919019389456,
            "average_degree": 58.801336526797066,
            "degree_std": 3.4763724551588,
            "average_shortest_path": 0.7045577733793666,
            "global_efficiency": 1.4546017289225064
        },
        {
            "clustering": 0.17796367511230998,
            "modularity": 0.18467802440177866,
            "average_degree": 39.401227457216216,
            "degree_std": 0.9466616358446822,
            "average_shortest_path": 0.8029686320214187,
            "global_efficiency": 1.270731342468608
        }
    ],
    "2": [
        {
            "clustering": 0.0004044944232701247,
            "modularity": 0.8482399295619794,
            "average_degree": 1.079539753092231,
            "degree_std": 0.15534781528232797,
            "average_shortest_path": 0.9946580731127247,
            "global_efficiency": 1.009297483939862
        },
        {
            "clustering": 0.10233848582653832,
            "modularity": 0.3754494513163602,
            "average_degree": 29.7912099770985,
            "degree_std": 1.6024755858260873,
            "average_shortest_path": 0.849069493655311,
            "global_efficiency": 1.2859776701595673
        },
        {
            "clustering": 0.10360766836123103,
            "modularity": 0.16181161528709692,
            "average_degree": 22.12730422094195,
            "degree_std": 0.3975903767480605,
            "average_shortest_path": 0.8885013996697207,
            "global_efficiency": 1.129373422171772
        },
        {
            "clustering": 0.3236995630425001,
            "modularity": 0.1540679644899203,
            "average_degree": 65.67867470099576,
            "degree_std": 1.4420496043258637,
            "average_shortest_path": 0.6315546380105106,
            "global_efficiency": 1.721296921819953
        },
        {
            "clustering": 0.03318740693589406,
            "modularity": 0.5395108592901338,
            "average_degree": 14.14097894886987,
            "degree_std": 0.8976598641587219,
            "average_shortest_path": 0.9319471740909194,
            "global_efficiency": 1.1136935971401254
        },
        {
            "clustering": 0.4075853986685337,
            "modularity": 0.09697467257018727,
            "average_degree": 74.25341568426025,
            "degree_std": 3.1408187018104377,
            "average_shortest_path": 0.6173905585270684,
            "global_efficiency": 1.7006625063473366
        },
        {
            "clustering": 0.2427981557088979,
            "modularity": 0.205796863745536,
            "average_degree": 47.835095535831016,
            "degree_std": 1.2485227589728383,
            "average_shortest_path": 0.7565144462059242,
            "global_efficiency": 1.3972091833405778
        },
        {
            "clustering": 0.0004295028954252129,
            "modularity": 0.832472011883958,
            "average_degree": 1.075108001097451,
            "degree_std": 0.13714867966177297,
            "average_shortest_path": 0.9946257526041049,
            "global_efficiency": 1.0095041666100182
        },
        {
            "clustering": 0.4131527873818437,
            "modularity": 0.13747487472526645,
            "average_degree": 74.67059551927501,
            "degree_std": 2.2658436977268464,
            "average_shortest_path": 0.6231887885411711,
            "global_efficiency": 1.6904064930069194
        },
        {
            "clustering": 0.0006286036688874036,
            "modularity": 0.7929469048174611,
            "average_degree": 1.138291833574914,
            "degree_std": 0.15281212637869004,
            "average_shortest_path": 0.9943686791730909,
            "global_efficiency": 1.0095226780855822
        },
        {
            "clustering": 0.5801862922244714,
            "modularity": 0.03955640663143638,
            "average_degree": 105.61449084074202,
            "degree_std": 2.1847440686973814,
            "average_shortest_path": 0.4585132797120439,
            "global_efficiency": 2.2688245277946724
        },
        {
            "clustering": 0.00021076008656308962,
            "modularity": 0.8839075096634899,
            "average_degree": 1.0279225492966242,
            "degree_std": 0.14492409700215883,
            "average_shortest_path": 0.9948499041527661,
            "global_efficiency": 1.0095546031611098
        }
    ],
    "3": [
        {
            "clustering": 0.04498281894484087,
            "modularity": 0.4026556785716864,
            "average_degree": 8.509512734561767,
            "degree_std": 0.5257400427632442,
            "average_shortest_path": 0.9588168170781395,
            "global_efficiency": 1.0505113085619573
        },
        {
            "clustering": 0.20862429209759994,
            "modularity": 0.24728399139579058,
            "average_degree": 47.8785261539703,
            "degree_std": 0.9719084476360251,
            "average_shortest_path": 0.760368173927156,
            "global_efficiency": 1.382470864534364
        },
        {
            "clustering": 0.5759566959869953,
            "modularity": 0.030470453684252163,
            "average_degree": 92.12890779455556,
            "degree_std": 1.2884860229766886,
            "average_shortest_path": 0.5314216929178472,
            "global_efficiency": 1.9192943793730766
        },
        {
            "clustering": 0.5647857391839078,
            "modularity": 0.0057971714625083956,
            "average_degree": 106.95162443106983,
            "degree_std": 1.5154646108542684,
            "average_shortest_path": 0.4393853329629166,
            "global_efficiency": 2.3555343457404088
        },
        {
            "clustering": 0.15470307938117617,
            "modularity": 0.26497348582569286,
            "average_degree": 30.82474023502634,
            "degree_std": 1.1120782138632932,
            "average_shortest_path": 0.8433037657649838,
            "global_efficiency": 1.2265133009717883
        },
        {
            "clustering": 0.026738124425651977,
            "modularity": 0.4878721057341784,
            "average_degree": 5.841147887058727,
            "degree_std": 0.5174766192340339,
            "average_shortest_path": 0.9720689989866313,
            "global_efficiency": 1.033736676372947
        },
        {
            "clustering": 0.3281716500321667,
            "modularity": 0.03737603622900773,
            "average_degree": 68.7886045014946,
            "degree_std": 1.5811354435136271,
            "average_shortest_path": 0.5961446731398494,
            "global_efficiency": 1.762084361750921
        },
        {
            "clustering": 0.003129826225624572,
            "modularity": 0.6173919566045885,
            "average_degree": 1.6383259670568537,
            "degree_std": 0.2372505208098819,
            "average_shortest_path": 0.9919979637171249,
            "global_efficiency": 1.0109652155872004
        },
        {
            "clustering": 0.3885432571808191,
            "modularity": 0.0681291219034269,
            "average_degree": 78.92840271109031,
            "degree_std": 1.119081796352128,
            "average_shortest_path": 0.5976172972054398,
            "global_efficiency": 1.7440689832834257
        },
        {
            "clustering": 0.1516916816373948,
            "modularity": 0.24622797735191682,
            "average_degree": 36.154341330484286,
            "degree_std": 1.2720465972199564,
            "average_shortest_path": 0.8209367197113305,
            "global_efficiency": 1.2654224822986153
        },
        {
            "clustering": 0.045928266980945105,
            "modularity": 0.3996466372919315,
            "average_degree": 8.844273243836927,
            "degree_std": 0.5418188575502152,
            "average_shortest_path": 0.9571869535952279,
            "global_efficiency": 1.0529099983988033
        },
        {
            "clustering": 0.37510644092337997,
            "modularity": 0.18039902210818076,
            "average_degree": 75.63420637661959,
            "degree_std": 1.6432469724403114,
            "average_shortest_path": 0.6207474934840602,
            "global_efficiency": 1.7931726809925175
        }
    ],
    "4": [
        {
            "clustering": 0.4665768320513554,
            "modularity": 0.17233369270540153,
            "average_degree": 61.238750832412606,
            "degree_std": 1.3009826585486963,
            "average_shortest_path": 0.6920583745073643,
            "global_efficiency": 1.495624700441489
        },
        {
            "clustering": 0.07649069628203313,
            "modularity": 0.34525820540060753,
            "average_degree": 22.080246655195296,
            "degree_std": 1.0732058636859834,
            "average_shortest_path": 0.8810953315922238,
            "global_efficiency": 1.2260700856574362
        },
        {
            "clustering": 0.2804206283194056,
            "modularity": 0.08262490453853089,
            "average_degree": 60.88166814299925,
            "degree_std": 0.7341725141795145,
            "average_shortest_path": 0.6396601269221633,
            "global_efficiency": 1.6990807103391794
        },
        {
            "clustering": 0.23389594358556529,
            "modularity": 0.12526625962534707,
            "average_degree": 30.146672774747344,
            "degree_std": 1.5960590731526718,
            "average_shortest_path": 0.8469243190507733,
            "global_efficiency": 1.1997736747110939
        },
        {
            "clustering": 0.2791589172636851,
            "modularity": 0.12742544143081724,
            "average_degree": 57.85007419801387,
            "degree_std": 0.8734533821209259,
            "average_shortest_path": 0.709416137981164,
            "global_efficiency": 1.4380376223098905
        },
        {
            "clustering": 0.03736734906362749,
            "modularity": 0.4681404313269088,
            "average_degree": 7.975921368267927,
            "degree_std": 0.6124625673324752,
            "average_shortest_path": 0.961636722662718,
            "global_efficiency": 1.0477939291389131
        },
        {
            "clustering": 0.026396937850545817,
            "modularity": 0.3814526715575213,
            "average_degree": 5.371778622315849,
            "degree_std": 0.4524224505437664,
            "average_shortest_path": 0.9745034460884061,
            "global_efficiency": 1.0300321723911163
        },
        {
            "clustering": 0.7024877255861504,
            "modularity": 0.007226211340318955,
            "average_degree": 107.8451937409961,
            "degree_std": 1.569858360105481,
            "average_shortest_path": 0.4551999237734543,
            "global_efficiency": 2.202063397650299
        },
        {
            "clustering": 0.05418381259524353,
            "modularity": 0.3974910421963059,
            "average_degree": 17.17444353021715,
            "degree_std": 0.8636082731085728,
            "average_shortest_path": 0.9172171624731185,
            "global_efficiency": 1.1473869098889125
        },
        {
            "clustering": 0.2396808911148964,
            "modularity": 0.18254936659051835,
            "average_degree": 54.190819673389896,
            "degree_std": 0.6069583054528259,
            "average_shortest_path": 0.7297544516482238,
            "global_efficiency": 1.4522333330303523
        },
        {
            "clustering": 0.42736787488980743,
            "modularity": 0.005920124756249609,
            "average_degree": 81.8638178618182,
            "degree_std": 1.0558013258644543,
            "average_shortest_path": 0.5629586202215867,
            "global_efficiency": 1.8597022947098107
        },
        {
            "clustering": 0.2448398654849056,
            "modularity": 0.15041452335951705,
            "average_degree": 52.72107759410114,
            "degree_std": 1.2184552974203882,
            "average_shortest_path": 0.7361712801269479,
            "global_efficiency": 1.4078221017473667
        }
    ],
    "5": [
        {
            "clustering": 0.16200507996211932,
            "modularity": 0.19182864164393892,
            "average_degree": 36.37621573866725,
            "degree_std": 0.680868153825501,
            "average_shortest_path": 0.8184217481086928,
            "global_efficiency": 1.2426910743683965
        },
        {
            "clustering": 0.28548409162917066,
            "modularity": 0.2181555361361,
            "average_degree": 64.6333042047583,
            "degree_std": 0.916717600137842,
            "average_shortest_path": 0.677852389709665,
            "global_efficiency": 1.6461622659635118
        },
        {
            "clustering": 0.12954146364893704,
            "modularity": 0.27569738032196334,
            "average_degree": 34.65744256740338,
            "degree_std": 0.9021428474673697,
            "average_shortest_path": 0.8312835545365798,
            "global_efficiency": 1.296411944947254
        },
        {
            "clustering": 0.353195589428536,
            "modularity": 0.1243994514967794,
            "average_degree": 65.14883833888497,
            "degree_std": 0.6864526461537772,
            "average_shortest_path": 0.670702079882883,
            "global_efficiency": 1.5560575379413932
        },
        {
            "clustering": 0.20606956875503224,
            "modularity": 0.22191316103160583,
            "average_degree": 44.581127389314844,
            "degree_std": 1.5857561540912042,
            "average_shortest_path": 0.7769164006021199,
            "global_efficiency": 1.3437109878029283
        },
        {
            "clustering": 0.18392597403821428,
            "modularity": 0.20886524018134794,
            "average_degree": 23.410905252524124,
            "degree_std": 0.6876312245704663,
            "average_shortest_path": 0.883895054560845,
            "global_efficiency": 1.1425000634262956
        },
        {
            "clustering": 0.12517855803666453,
            "modularity": 0.3819926729234077,
            "average_degree": 34.7850921265886,
            "degree_std": 1.459615786404125,
            "average_shortest_path": 0.8292409496799682,
            "global_efficiency": 1.3910278283086368
        },
        {
            "clustering": 0.3823720184282725,
            "modularity": 0.017385375017255962,
            "average_degree": 72.75538794140296,
            "degree_std": 0.9694822114235152,
            "average_shortest_path": 0.5630653646429095,
            "global_efficiency": 1.8891908211096464
        },
        {
            "clustering": 0.15709279145416677,
            "modularity": 0.24473910237367247,
            "average_degree": 35.4138672955921,
            "degree_std": 0.7639355859548457,
            "average_shortest_path": 0.8229210240761867,
            "global_efficiency": 1.2354621612421013
        },
        {
            "clustering": 0.15872149759428633,
            "modularity": 0.22726376513818838,
            "average_degree": 29.09937963560173,
            "degree_std": 1.010696274579952,
            "average_shortest_path": 0.856429984713512,
            "global_efficiency": 1.1947100538150102
        },
        {
            "clustering": 0.30152470379754176,
            "modularity": 0.2027042618134677,
            "average_degree": 69.78574090854221,
            "degree_std": 1.0476851614095493,
            "average_shortest_path": 0.6470299475920361,
            "global_efficiency": 1.9230334060240828
        },
        {
            "clustering": 0.3156954279471338,
            "modularity": 0.2209702762652283,
            "average_degree": 70.41249257544263,
            "degree_std": 1.2667578152287138,
            "average_shortest_path": 0.6482956891280534,
            "global_efficiency": 1.7649341013981703
        }
    ],
    "6": [
        {
            "clustering": 0.23136877122757873,
            "modularity": 0.2208633581047284,
            "average_degree": 53.54959347433263,
            "degree_std": 0.8083917350947305,
            "average_shortest_path": 0.734372038371566,
            "global_efficiency": 1.4802720621001744
        },
        {
            "clustering": 0.46214712753249576,
            "modularity": 0.16315632288406148,
            "average_degree": 77.73789744234846,
            "degree_std": 1.1845474705016255,
            "average_shortest_path": 0.6097749615946243,
            "global_efficiency": 1.7603943697949205
        },
        {
            "clustering": 0.2487877662696245,
            "modularity": 0.195879042950144,
            "average_degree": 53.86833473494554,
            "degree_std": 0.986329610928518,
            "average_shortest_path": 0.7299934940375068,
            "global_efficiency": 1.4172144843967223
        },
        {
            "clustering": 0.16999106426257157,
            "modularity": 0.15598248954421537,
            "average_degree": 18.454019276596522,
            "degree_std": 0.5518465576395443,
            "average_shortest_path": 0.9074049598437376,
            "global_efficiency": 1.1046475848671866
        },
        {
            "clustering": 0.11898613045276017,
            "modularity": 0.15535104456303928,
            "average_degree": 24.745531051519748,
            "degree_std": 0.4050407272114874,
            "average_shortest_path": 0.8754740025615398,
            "global_efficiency": 1.145357639249246
        },
        {
            "clustering": 0.18268295044934543,
            "modularity": 0.21885492570079906,
            "average_degree": 27.02275815734113,
            "degree_std": 1.0292590422645471,
            "average_shortest_path": 0.865509575269749,
            "global_efficiency": 1.1739569719711627
        },
        {
            "clustering": 0.2005683231647,
            "modularity": 0.028670890749586845,
            "average_degree": 39.82539026976907,
            "degree_std": 0.4529101970073741,
            "average_shortest_path": 0.7989287530671314,
            "global_efficiency": 1.2522698999102742
        },
        {
            "clustering": 0.23464741335444347,
            "modularity": 0.21572849786756704,
            "average_degree": 53.46476095747093,
            "degree_std": 1.2554876395542498,
            "average_shortest_path": 0.7332851059436801,
            "global_efficiency": 1.4508418628529274
        },
        {
            "clustering": 0.1564922147186891,
            "modularity": 0.31216643614721534,
            "average_degree": 40.74094944422303,
            "degree_std": 1.1510616369020226,
            "average_shortest_path": 0.800153679597271,
            "global_efficiency": 1.3928081391582605
        },
        {
            "clustering": 0.23239511414169414,
            "modularity": 0.007597189157794864,
            "average_degree": 46.26768924773778,
            "degree_std": 0.40936414315672554,
            "average_shortest_path": 0.765770887779754,
            "global_efficiency": 1.3085618247627058
        },
        {
            "clustering": 0.44852442591633374,
            "modularity": 0.006800261518814985,
            "average_degree": 88.45933232602448,
            "degree_std": 1.244386019583475,
            "average_shortest_path": 0.4817149952269367,
            "global_efficiency": 2.218143156407861
        },
        {
            "clustering": 0.17429267630558218,
            "modularity": 0.2363037312317146,
            "average_degree": 27.13949872203569,
            "degree_std": 1.0879836148734028,
            "average_shortest_path": 0.8658661442166895,
            "global_efficiency": 1.1784260726654856
        }
    ],
    "7": [
        {
            "clustering": 0.3092193025454077,
            "modularity": 0.17269384807973923,
            "average_degree": 65.15414372388811,
            "degree_std": 0.9938007731945607,
            "average_shortest_path": 0.6726424712716814,
            "global_efficiency": 1.5513662363741103
        },
        {
            "clustering": 0.11107871552486435,
            "modularity": 0.141144641721371,
            "average_degree": 22.845139796313084,
            "degree_std": 0.2423636873792639,
            "average_shortest_path": 0.8850940658148717,
            "global_efficiency": 1.1317187605546508
        },
        {
            "clustering": 0.25049043477229654,
            "modularity": 0.2097220529060205,
            "average_degree": 48.21210246064028,
            "degree_std": 1.0672118322039998,
            "average_shortest_path": 0.7608490718885105,
            "global_efficiency": 1.3921322067255812
        },
        {
            "clustering": 0.32987080350172593,
            "modularity": 0.0772884219641368,
            "average_degree": 66.66058339997744,
            "degree_std": 0.6547227184958099,
            "average_shortest_path": 0.664437380279139,
            "global_efficiency": 1.5260527547520881
        },
        {
            "clustering": 0.2260373737883211,
            "modularity": 0.25301688969365177,
            "average_degree": 50.9674838952903,
            "degree_std": 1.3021454891608328,
            "average_shortest_path": 0.744395585192972,
            "global_efficiency": 1.4072150422534864
        },
        {
            "clustering": 0.34890322880768765,
            "modularity": 0.17679564391937191,
            "average_degree": 63.516523245777215,
            "degree_std": 0.9936483638577597,
            "average_shortest_path": 0.6826064740031292,
            "global_efficiency": 1.577015877101078
        },
        {
            "clustering": 0.30967780644784926,
            "modularity": 0.08340300865789768,
            "average_degree": 62.554729979577075,
            "degree_std": 1.2296236640007516,
            "average_shortest_path": 0.6840858396455842,
            "global_efficiency": 1.4815655779434524
        },
        {
            "clustering": 0.28294387303223084,
            "modularity": 0.008891120551394033,
            "average_degree": 56.154504630954186,
            "degree_std": 0.631971964141423,
            "average_shortest_path": 0.7160442695436814,
            "global_efficiency": 1.3988028117005442
        },
        {
            "clustering": 0.24080527802196053,
            "modularity": 0.21729233018578759,
            "average_degree": 56.27972348439492,
            "degree_std": 1.0016233409080602,
            "average_shortest_path": 0.7205698792486204,
            "global_efficiency": 1.5492290651359928
        },
        {
            "clustering": 0.32810942615018146,
            "modularity": 0.1608394079539548,
            "average_degree": 46.559149160570676,
            "degree_std": 0.9380768204646303,
            "average_shortest_path": 0.7673715603028449,
            "global_efficiency": 1.3399595722098157
        },
        {
            "clustering": 0.33036283402462213,
            "modularity": 0.17902967389804827,
            "average_degree": 70.11268228410319,
            "degree_std": 1.1004218307010107,
            "average_shortest_path": 0.6497463361684669,
            "global_efficiency": 1.7440268806507329
        },
        {
            "clustering": 0.23725123666693215,
            "modularity": 0.14590388074696803,
            "average_degree": 49.340556613483606,
            "degree_std": 0.7305364429866403,
            "average_shortest_path": 0.7521323618470722,
            "global_efficiency": 1.3483360211609563
        }
    ],
    "8": [
        {
            "clustering": 0.2589817386721061,
            "modularity": 0.17187511917860052,
            "average_degree": 54.54895332874691,
            "degree_std": 0.9633841406160485,
            "average_shortest_path": 0.7259277003767182,
            "global_efficiency": 1.4120812248863661
        },
        {
            "clustering": 0.1689606233611043,
            "modularity": 0.013683660659823092,
            "average_degree": 33.54127921671497,
            "degree_std": 0.4338572567207387,
            "average_shortest_path": 0.8306115635740906,
            "global_efficiency": 1.204305068710406
        },
        {
            "clustering": 0.1877195526175692,
            "modularity": 0.010917087835308145,
            "average_degree": 37.23225942387698,
            "degree_std": 0.6797662179779439,
            "average_shortest_path": 0.8119550008962121,
            "global_efficiency": 1.231940564060344
        },
        {
            "clustering": 0.24918076444016707,
            "modularity": 0.0216082351158758,
            "average_degree": 49.52638796104025,
            "degree_std": 0.5614132984063462,
            "average_shortest_path": 0.7498508265610065,
            "global_efficiency": 1.335274231423298
        },
        {
            "clustering": 0.26328695094574756,
            "modularity": 0.1769327864149166,
            "average_degree": 55.41321104030597,
            "degree_std": 1.1184018233639494,
            "average_shortest_path": 0.7215328111679168,
            "global_efficiency": 1.422798327443215
        },
        {
            "clustering": 0.37774330778823995,
            "modularity": 0.01870977317723484,
            "average_degree": 74.98449495457179,
            "degree_std": 0.6340524168206213,
            "average_shortest_path": 0.6212138034670521,
            "global_efficiency": 1.614535469954803
        },
        {
            "clustering": 0.3871994719550851,
            "modularity": 0.1713736059880371,
            "average_degree": 67.20902869986747,
            "degree_std": 1.090790821344567,
            "average_shortest_path": 0.6626827134756953,
            "global_efficiency": 1.5921303694876872
        },
        {
            "clustering": 0.2216125175047149,
            "modularity": 0.020185015524560024,
            "average_degree": 43.97038903973041,
            "degree_std": 0.409623642349108,
            "average_shortest_path": 0.7780562998711377,
            "global_efficiency": 1.2857224490240426
        },
        {
            "clustering": 0.30151459137348613,
            "modularity": 0.08580237667045021,
            "average_degree": 60.57460612246992,
            "degree_std": 0.989468049480873,
            "average_shortest_path": 0.6946089321841002,
            "global_efficiency": 1.450615339180285
        },
        {
            "clustering": 0.31238198144845863,
            "modularity": 0.2014791109068369,
            "average_degree": 70.07356949330169,
            "degree_std": 1.7059670002222058,
            "average_shortest_path": 0.6496091948381825,
            "global_efficiency": 1.8125500768043816
        },
        {
            "clustering": 0.16739691967457715,
            "modularity": 0.17146031311741022,
            "average_degree": 35.28160751876702,
            "degree_std": 0.7323285799789347,
            "average_shortest_path": 0.8227166212972358,
            "global_efficiency": 1.224823837830984
        },
        {
            "clustering": 0.15884491642010806,
            "modularity": 0.1808512682997863,
            "average_degree": 33.84007079072738,
            "degree_std": 0.4665819820203423,
            "average_shortest_path": 0.830124425800024,
            "global_efficiency": 1.214274663228644
        }
    ],
    "9": [
        {
            "clustering": 0.4729615723960644,
            "modularity": 0.014485458279948384,
            "average_degree": 88.477557936794,
            "degree_std": 0.5721612350582671,
            "average_shortest_path": 0.5524072708969355,
            "global_efficiency": 1.818019784647443
        },
        {
            "clustering": 0.2835806654795319,
            "modularity": 0.014696439340098856,
            "average_degree": 56.472498240816456,
            "degree_std": 0.7356069462002667,
            "average_shortest_path": 0.7146775999069365,
            "global_efficiency": 1.4032100255505535
        },
        {
            "clustering": 0.22165451917911874,
            "modularity": 0.01900873488686189,
            "average_degree": 43.99983148775521,
            "degree_std": 0.4974894371235354,
            "average_shortest_path": 0.7779510343094663,
            "global_efficiency": 1.2859904914243279
        },
        {
            "clustering": 0.20738436679291478,
            "modularity": 0.02428688805111155,
            "average_degree": 41.204928630915305,
            "degree_std": 0.5875378342348447,
            "average_shortest_path": 0.7920550830038237,
            "global_efficiency": 1.2632324967788513
        },
        {
            "clustering": 0.22697141560374712,
            "modularity": 0.012690999346557843,
            "average_degree": 45.0074457684457,
            "degree_std": 0.37746086935054823,
            "average_shortest_path": 0.7726449262692284,
            "global_efficiency": 1.2948214072680109
        },
        {
            "clustering": 0.3858042072760193,
            "modularity": 0.014464485789224914,
            "average_degree": 76.54580574259383,
            "degree_std": 0.5279432067344227,
            "average_shortest_path": 0.6135006526636253,
            "global_efficiency": 1.6335638948723783
        },
        {
            "clustering": 0.28455937145355126,
            "modularity": 0.016548568838967645,
            "average_degree": 56.48146528467204,
            "degree_std": 0.38549278950149807,
            "average_shortest_path": 0.7149197254331747,
            "global_efficiency": 1.399944933861195
        },
        {
            "clustering": 0.1875600831410543,
            "modularity": 0.019108367453380015,
            "average_degree": 37.24558285618786,
            "degree_std": 0.34301410670341115,
            "average_shortest_path": 0.8120538042016593,
            "global_efficiency": 1.2318481435813506
        },
        {
            "clustering": 0.4700827760958187,
            "modularity": 0.01639445440267006,
            "average_degree": 81.3813274093512,
            "degree_std": 0.36799066257577845,
            "average_shortest_path": 0.5890816848238575,
            "global_efficiency": 1.700443379616182
        },
        {
            "clustering": 0.3181666837109857,
            "modularity": 0.014728250741966811,
            "average_degree": 63.26745387850064,
            "degree_std": 0.6098401630607234,
            "average_shortest_path": 0.680212200896723,
            "global_efficiency": 1.4749020144490856
        },
        {
            "clustering": 0.5872561889643986,
            "modularity": 0.012916257762960933,
            "average_degree": 85.3510576647296,
            "degree_std": 0.46946241523196075,
            "average_shortest_path": 0.5688931722025063,
            "global_efficiency": 1.7610450360487004
        },
        {
            "clustering": 0.49848499541445107,
            "modularity": 0.011821786614831725,
            "average_degree": 96.40798288876587,
            "degree_std": 0.9106680469307112,
            "average_shortest_path": 0.5130402342865409,
            "global_efficiency": 1.9559359171056332
        }
    ],
    "10": [
        {
            "clustering": 0.4326827354661988,
            "modularity": 0.019598422211401463,
            "average_degree": 80.05388868631057,
            "degree_std": 0.7371801343481607,
            "average_shortest_path": 0.5960066240175554,
            "global_efficiency": 1.6821394031017765
        },
        {
            "clustering": 0.384630001728761,
            "modularity": 0.01637142900512762,
            "average_degree": 76.36473007610994,
            "degree_std": 1.1011432466840043,
            "average_shortest_path": 0.6146016475518874,
            "global_efficiency": 1.6311256816820765
        },
        {
            "clustering": 0.5797300585554372,
            "modularity": 0.01823006000163702,
            "average_degree": 83.78734415285203,
            "degree_std": 0.50242988303079,
            "average_shortest_path": 0.5773843895517894,
            "global_efficiency": 1.7370928471139921
        },
        {
            "clustering": 0.38464795920209854,
            "modularity": 0.01801385480093766,
            "average_degree": 76.33571871897394,
            "degree_std": 0.6191930603639305,
            "average_shortest_path": 0.61467863544827,
            "global_efficiency": 1.6303892294639453
        },
        {
            "clustering": 0.40263157400466754,
            "modularity": 0.017744434615058646,
            "average_degree": 79.93837085762141,
            "degree_std": 0.5942265153447504,
            "average_shortest_path": 0.5965449785675188,
            "global_efficiency": 1.6811749125949669
        },
        {
            "clustering": 0.3859428850006794,
            "modularity": 0.01635167689389494,
            "average_degree": 76.5468993735789,
            "degree_std": 0.40169163194203605,
            "average_shortest_path": 0.6135618055612742,
            "global_efficiency": 1.6324223776753264
        },
        {
            "clustering": 0.4090122603043916,
            "modularity": 0.012172107398182423,
            "average_degree": 81.09816520527524,
            "degree_std": 0.7341175591926533,
            "average_shortest_path": 0.5905029858507227,
            "global_efficiency": 1.6965724569535177
        },
        {
            "clustering": 0.37097581457355855,
            "modularity": 0.014974088102501448,
            "average_degree": 71.09065198271406,
            "degree_std": 0.4008318495839067,
            "average_shortest_path": 0.6411025016649663,
            "global_efficiency": 1.561980892204601
        },
        {
            "clustering": 0.5990175201458984,
            "modularity": 0.013252481837272092,
            "average_degree": 77.580479932776,
            "degree_std": 0.5436085805751245,
            "average_shortest_path": 0.6083017608601445,
            "global_efficiency": 1.6464776430805905
        },
        {
            "clustering": 0.30600540354559375,
            "modularity": 0.017067229205620718,
            "average_degree": 60.72026365423456,
            "degree_std": 0.19443805488745647,
            "average_shortest_path": 0.6936296856066575,
            "global_efficiency": 1.4427094346829898
        },
        {
            "clustering": 0.5420950949531639,
            "modularity": 0.013437096829870734,
            "average_degree": 83.16376191005781,
            "degree_std": 0.5087961159524816,
            "average_shortest_path": 0.5800439071782633,
            "global_efficiency": 1.727518712957399
        },
        {
            "clustering": 0.31028936836619225,
            "modularity": 0.01793912971686768,
            "average_degree": 61.563564447966975,
            "degree_std": 0.49450272216260927,
            "average_shortest_path": 0.6891744838718251,
            "global_efficiency": 1.452578240158442
        }
    ],
    "11": [
        {
            "clustering": 0.20351203495502598,
            "modularity": 0.03868568331170304,
            "average_degree": 40.65454322817049,
            "degree_std": 0.5502344463656236,
            "average_shortest_path": 0.7953050220500628,
            "global_efficiency": 1.258858881727391
        },
        {
            "clustering": 0.3010629748065269,
            "modularity": 0.04283287373372732,
            "average_degree": 60.20452853360973,
            "degree_std": 0.6265925099798331,
            "average_shortest_path": 0.6969208041442808,
            "global_efficiency": 1.4404299856400211
        },
        {
            "clustering": 0.3456747859346138,
            "modularity": 0.03597435873362696,
            "average_degree": 69.20150503339113,
            "degree_std": 0.8459041807476031,
            "average_shortest_path": 0.6518327681659788,
            "global_efficiency": 1.543896474444234
        },
        {
            "clustering": 0.27934901823036534,
            "modularity": 0.03297915888857081,
            "average_degree": 55.864040398962764,
            "degree_std": 0.8384740436926138,
            "average_shortest_path": 0.7188279173737889,
            "global_efficiency": 1.395397815105417
        },
        {
            "clustering": 0.2417715098228841,
            "modularity": 0.01568457063570236,
            "average_degree": 47.972415505338375,
            "degree_std": 0.3719505097845009,
            "average_shortest_path": 0.7579061651711212,
            "global_efficiency": 1.3199694496197354
        },
        {
            "clustering": 0.29586504537793346,
            "modularity": 0.02320680818521298,
            "average_degree": 58.750973131561615,
            "degree_std": 0.4657766184623509,
            "average_shortest_path": 0.7036067509888202,
            "global_efficiency": 1.4226397779362827
        },
        {
            "clustering": 0.3740500415842651,
            "modularity": 0.0474953513682535,
            "average_degree": 74.69891599980546,
            "degree_std": 0.6220273357112444,
            "average_shortest_path": 0.6237717129653105,
            "global_efficiency": 1.613539613556855
        },
        {
            "clustering": 0.190091051825963,
            "modularity": 0.026514280499764845,
            "average_degree": 37.82318640574254,
            "degree_std": 0.2928762568393399,
            "average_shortest_path": 0.8093461727327423,
            "global_efficiency": 1.2361772321270086
        },
        {
            "clustering": 0.20473858192352087,
            "modularity": 0.03165503516980149,
            "average_degree": 40.73559032462092,
            "degree_std": 0.4358595285886843,
            "average_shortest_path": 0.7946199408836355,
            "global_efficiency": 1.259261792355589
        },
        {
            "clustering": 0.4263627692881292,
            "modularity": 0.03419329864585929,
            "average_degree": 85.1755909551437,
            "degree_std": 1.362156040796146,
            "average_shortest_path": 0.5710328749044193,
            "global_efficiency": 1.77004501671388
        },
        {
            "clustering": 0.2970482517995237,
            "modularity": 0.023586956776573683,
            "average_degree": 59.078653797996196,
            "degree_std": 0.4028958386885082,
            "average_shortest_path": 0.7022017835129466,
            "global_efficiency": 1.4260838953606338
        },
        {
            "clustering": 0.13393624620409308,
            "modularity": 0.029006281955266465,
            "average_degree": 26.673509208240446,
            "degree_std": 0.3303107129139381,
            "average_shortest_path": 0.8655783925121973,
            "global_efficiency": 1.1556066300761085
        }
    ]
}