{
    "0": [
        {
            "clustering": 0.431370539500725,
            "modularity": 0.018486798108087385,
            "average_degree": 85.59405409220595,
            "degree_std": 2.599554406669928,
            "average_shortest_path": 0.5678038722814155,
            "global_efficiency": 1.7679516113972575,
            "characteristic_path_length": 0.5678038722814155
        },
        {
            "clustering": 0.6416224978037716,
            "modularity": 0.004852077360492674,
            "average_degree": 111.8624168522601,
            "degree_std": 2.458115757931742,
            "average_shortest_path": 0.43161518380121533,
            "global_efficiency": 2.324522746665199,
            "characteristic_path_length": 0.43161518380121533
        },
        {
            "clustering": 0.5137757301071693,
            "modularity": 0.024314574492300765,
            "average_degree": 86.17962160414083,
            "degree_std": 4.753572699373312,
            "average_shortest_path": 0.5652858240241655,
            "global_efficiency": 1.7859818787996902,
            "characteristic_path_length": 0.5652858240241656
        },
        {
            "clustering": 0.6208882060994286,
            "modularity": 0.006896865111216335,
            "average_degree": 101.76094810809711,
            "degree_std": 1.8242151349676154,
            "average_shortest_path": 0.4845306557329852,
            "global_efficiency": 2.0707666934576814,
            "characteristic_path_length": 0.4845306557329852
        },
        {
            "clustering": 0.5374162684017803,
            "modularity": 0.01592051339938011,
            "average_degree": 106.58256736668828,
            "degree_std": 2.19725773520524,
            "average_shortest_path": 0.46208748085945545,
            "global_efficiency": 2.173625628364357,
            "characteristic_path_length": 0.46208748085945545
        },
        {
            "clustering": 0.458460186428025,
            "modularity": 0.06892836511004558,
            "average_degree": 93.1320429959444,
            "degree_std": 1.9108609911013767,
            "average_shortest_path": 0.5311816168958077,
            "global_efficiency": 1.9830276049149065,
            "characteristic_path_length": 0.5311816168958077
        },
        {
            "clustering": 0.5944086190124033,
            "modularity": 0.03408953098877273,
            "average_degree": 86.44498882772419,
            "degree_std": 0.9720083297208412,
            "average_shortest_path": 0.5641213615623242,
            "global_efficiency": 1.7849712358351009,
            "characteristic_path_length": 0.5641213615623242
        },
        {
            "clustering": 0.5450467672628633,
            "modularity": 0.024308520976619216,
            "average_degree": 108.38388327377464,
            "degree_std": 2.530859491204998,
            "average_shortest_path": 0.4536185279734439,
            "global_efficiency": 2.2333672636912496,
            "characteristic_path_length": 0.4536185279734439
        },
        {
            "clustering": 0.6167931487671068,
            "modularity": 0.03335771373684569,
            "average_degree": 105.04741173878064,
            "degree_std": 1.9567860073999115,
            "average_shortest_path": 0.4687158688378003,
            "global_efficiency": 2.1739297824221313,
            "characteristic_path_length": 0.4687158688378003
        },
        {
            "clustering": 0.604526392233349,
            "modularity": 0.0061897930528303415,
            "average_degree": 103.85655385635356,
            "degree_std": 2.4022924056833856,
            "average_shortest_path": 0.4736042307645598,
            "global_efficiency": 2.116929172951124,
            "characteristic_path_length": 0.4736042307645598
        },
        {
            "clustering": 0.6607724357148721,
            "modularity": 0.010093623329037281,
            "average_degree": 118.76640987700142,
            "degree_std": 2.678657281161528,
            "average_shortest_path": 0.39601496028030125,
            "global_efficiency": 2.539342045160159,
            "characteristic_path_length": 0.39601496028030125
        },
        {
            "clustering": 0.7022688157278504,
            "modularity": 0.02219810594303577,
            "average_degree": 112.60793360605145,
            "degree_std": 1.6038599878157098,
            "average_shortest_path": 0.4318239263588933,
            "global_efficiency": 2.3364507275803663,
            "characteristic_path_length": 0.4318239263588933
        }
    ],
    "1": [
        {
            "clustering": 0.6759035525114869,
            "modularity": 0.010633369779158583,
            "average_degree": 126.33855825559277,
            "degree_std": 1.0813862664415035,
            "average_shortest_path": 0.337604912062556,
            "global_efficiency": 3.090673581656099,
            "characteristic_path_length": 0.337604912062556
        },
        {
            "clustering": 0.5990500524095396,
            "modularity": 0.00899448269093043,
            "average_degree": 115.07543773769895,
            "degree_std": 1.0983607889594746,
            "average_shortest_path": 0.39743859483814603,
            "global_efficiency": 2.626416296449456,
            "characteristic_path_length": 0.39743859483814603
        },
        {
            "clustering": 0.5789684351475947,
            "modularity": 0.04113075014838071,
            "average_degree": 92.40433977040078,
            "degree_std": 1.2211815031342488,
            "average_shortest_path": 0.5339575514014906,
            "global_efficiency": 1.9041371883236848,
            "characteristic_path_length": 0.5339575514014906
        },
        {
            "clustering": 0.4268752028728143,
            "modularity": 0.08985600316295266,
            "average_degree": 75.03379745598427,
            "degree_std": 0.5537531689163248,
            "average_shortest_path": 0.6238928181241089,
            "global_efficiency": 1.675276349754637,
            "characteristic_path_length": 0.6238928181241089
        },
        {
            "clustering": 0.32762295131910996,
            "modularity": 0.07298915370629562,
            "average_degree": 66.67420587840162,
            "degree_std": 1.5110507837094347,
            "average_shortest_path": 0.6647664201591943,
            "global_efficiency": 1.5356355201862375,
            "characteristic_path_length": 0.6647664201591943
        },
        {
            "clustering": 0.3667137033743386,
            "modularity": 0.0645140599848213,
            "average_degree": 74.24685270857113,
            "degree_std": 0.9319312958727481,
            "average_shortest_path": 0.6267561236269025,
            "global_efficiency": 1.6302844261370102,
            "characteristic_path_length": 0.6267561236269025
        },
        {
            "clustering": 0.43326457307170074,
            "modularity": 0.0790156107905753,
            "average_degree": 88.1472876207677,
            "degree_std": 0.7572062743492601,
            "average_shortest_path": 0.5566479737611733,
            "global_efficiency": 1.8879136605465776,
            "characteristic_path_length": 0.5566479737611733
        },
        {
            "clustering": 0.5377566254383935,
            "modularity": 0.04328690257448613,
            "average_degree": 107.49042786599387,
            "degree_std": 0.7114390909896017,
            "average_shortest_path": 0.4584172512378953,
            "global_efficiency": 2.260025165884977,
            "characteristic_path_length": 0.4584172512378953
        },
        {
            "clustering": 0.38178404710417413,
            "modularity": 0.08760875648624632,
            "average_degree": 77.71981951872056,
            "degree_std": 1.5293899125449109,
            "average_shortest_path": 0.6093933730504332,
            "global_efficiency": 1.698084221122333,
            "characteristic_path_length": 0.6093933730504332
        },
        {
            "clustering": 0.38534422497723364,
            "modularity": 0.11199249972321204,
            "average_degree": 70.06757700670623,
            "degree_std": 0.6127831775894035,
            "average_shortest_path": 0.6486585074119874,
            "global_efficiency": 1.6015796428293239,
            "characteristic_path_length": 0.6486585074119874
        },
        {
            "clustering": 0.5482136138344196,
            "modularity": 0.030917345808179883,
            "average_degree": 109.10802109543016,
            "degree_std": 2.6755641257891765,
            "average_shortest_path": 0.4496813308263612,
            "global_efficiency": 2.270709575981389,
            "characteristic_path_length": 0.4496813308263612
        },
        {
            "clustering": 0.6270439616895358,
            "modularity": 0.010157356883818415,
            "average_degree": 113.54020778105286,
            "degree_std": 1.1603056155665588,
            "average_shortest_path": 0.41051032631589035,
            "global_efficiency": 2.5077266136666814,
            "characteristic_path_length": 0.41051032631589035
        }
    ],
    "2": [
        {
            "clustering": 0.45939886077110087,
            "modularity": 0.06949070448882358,
            "average_degree": 91.40731514102107,
            "degree_std": 0.4799976485707634,
            "average_shortest_path": 0.5260839980521296,
            "global_efficiency": 2.0358829910211256,
            "characteristic_path_length": 0.5260839980521296
        },
        {
            "clustering": 0.47396719274578486,
            "modularity": 0.08582347430796103,
            "average_degree": 85.83187482058065,
            "degree_std": 0.610815701675337,
            "average_shortest_path": 0.5692680074310214,
            "global_efficiency": 1.8654392766415786,
            "characteristic_path_length": 0.5692680074310214
        },
        {
            "clustering": 0.44505644407465067,
            "modularity": 0.06072777696780583,
            "average_degree": 84.52176761985268,
            "degree_std": 1.953285046096688,
            "average_shortest_path": 0.5734465316563283,
            "global_efficiency": 1.8034970066151716,
            "characteristic_path_length": 0.5734465316563283
        },
        {
            "clustering": 0.4340546410860848,
            "modularity": 0.08748340553512908,
            "average_degree": 88.48569916444674,
            "degree_std": 0.5480081882612922,
            "average_shortest_path": 0.5551248058918735,
            "global_efficiency": 1.9114740298701525,
            "characteristic_path_length": 0.5551248058918735
        },
        {
            "clustering": 0.4556837388170046,
            "modularity": 0.06558907235539241,
            "average_degree": 90.40783242513221,
            "degree_std": 0.5664537810442959,
            "average_shortest_path": 0.5432691668876818,
            "global_efficiency": 1.927319575878982,
            "characteristic_path_length": 0.5432691668876818
        },
        {
            "clustering": 0.4688867754620302,
            "modularity": 0.0695780700693969,
            "average_degree": 94.5162893955469,
            "degree_std": 0.4133698876093313,
            "average_shortest_path": 0.5239100694444309,
            "global_efficiency": 1.9925987533056515,
            "characteristic_path_length": 0.5239100694444309
        },
        {
            "clustering": 0.49108281658803676,
            "modularity": 0.03815542221140431,
            "average_degree": 97.99496613042675,
            "degree_std": 2.4160058526770753,
            "average_shortest_path": 0.5060581951842218,
            "global_efficiency": 2.0137839525617216,
            "characteristic_path_length": 0.5060581951842218
        },
        {
            "clustering": 0.6755990649410528,
            "modularity": 0.013370359523201227,
            "average_degree": 118.38738288565315,
            "degree_std": 0.7287870998005853,
            "average_shortest_path": 0.3909980068626792,
            "global_efficiency": 2.6267920640673545,
            "characteristic_path_length": 0.3909980068626792
        },
        {
            "clustering": 0.6680975498324195,
            "modularity": 0.011469852332089627,
            "average_degree": 130.0763524248952,
            "degree_std": 0.9772768529915927,
            "average_shortest_path": 0.3098174024542712,
            "global_efficiency": 3.4291254813474747,
            "characteristic_path_length": 0.3098174024542712
        },
        {
            "clustering": 0.442206558544238,
            "modularity": 0.09922830445937535,
            "average_degree": 77.033268838565,
            "degree_std": 0.590685867591748,
            "average_shortest_path": 0.6134381782908194,
            "global_efficiency": 1.6969379949157275,
            "characteristic_path_length": 0.6134381782908194
        },
        {
            "clustering": 0.46949467004607925,
            "modularity": 0.05754075225663491,
            "average_degree": 89.51526408387915,
            "degree_std": 0.4714736536584301,
            "average_shortest_path": 0.5445964409867767,
            "global_efficiency": 1.9216923729858488,
            "characteristic_path_length": 0.5445964409867767
        },
        {
            "clustering": 0.533786272763029,
            "modularity": 0.04532664721524046,
            "average_degree": 98.45512916492544,
            "degree_std": 1.7846470942272603,
            "average_shortest_path": 0.49856734353329996,
            "global_efficiency": 2.0931420599986543,
            "characteristic_path_length": 0.49856734353329996
        }
    ],
    "3": [
        {
            "clustering": 0.47047701084638965,
            "modularity": 0.08887418908166354,
            "average_degree": 81.68592698397666,
            "degree_std": 0.5911586751876559,
            "average_shortest_path": 0.5894357271875009,
            "global_efficiency": 1.7592424019900377,
            "characteristic_path_length": 0.5894357271875009
        },
        {
            "clustering": 0.3824646266283106,
            "modularity": 0.08273373051730219,
            "average_degree": 78.03392969919945,
            "degree_std": 0.50444513347929,
            "average_shortest_path": 0.607563398508055,
            "global_efficiency": 1.709591108332865,
            "characteristic_path_length": 0.607563398508055
        },
        {
            "clustering": 0.6279768553405196,
            "modularity": 0.014922059941291144,
            "average_degree": 120.40992160479409,
            "degree_std": 0.8608005832120524,
            "average_shortest_path": 0.3424364364359906,
            "global_efficiency": 3.110468188475383,
            "characteristic_path_length": 0.3424364364359906
        },
        {
            "clustering": 0.5502248939698365,
            "modularity": 0.041945211202795527,
            "average_degree": 93.00953395805297,
            "degree_std": 0.9848400167423219,
            "average_shortest_path": 0.526986674487739,
            "global_efficiency": 1.9608546048356317,
            "characteristic_path_length": 0.526986674487739
        },
        {
            "clustering": 0.5237333188050017,
            "modularity": 0.07176920887125207,
            "average_degree": 83.40942358136904,
            "degree_std": 0.5017718361356298,
            "average_shortest_path": 0.5809276607685367,
            "global_efficiency": 1.7809124377240861,
            "characteristic_path_length": 0.5809276607685367
        },
        {
            "clustering": 0.5015541886330844,
            "modularity": 0.07005655016929953,
            "average_degree": 77.2717482114708,
            "degree_std": 0.487578693845329,
            "average_shortest_path": 0.6117675599472697,
            "global_efficiency": 1.6762741445841045,
            "characteristic_path_length": 0.6117675599472697
        },
        {
            "clustering": 0.4665436062971099,
            "modularity": 0.08329233985950103,
            "average_degree": 85.44437604031232,
            "degree_std": 0.7323778137351031,
            "average_shortest_path": 0.570042545083424,
            "global_efficiency": 1.831546062869316,
            "characteristic_path_length": 0.570042545083424
        },
        {
            "clustering": 0.5510179411540812,
            "modularity": 0.04260293784268544,
            "average_degree": 104.32427927804599,
            "degree_std": 0.8286128319708297,
            "average_shortest_path": 0.46633555524195525,
            "global_efficiency": 2.23645424563823,
            "characteristic_path_length": 0.46633555524195525
        },
        {
            "clustering": 0.6531267299322678,
            "modularity": 0.016306416868989364,
            "average_degree": 104.55922330607419,
            "degree_std": 2.728477278139249,
            "average_shortest_path": 0.4700127104751702,
            "global_efficiency": 2.170861795885505,
            "characteristic_path_length": 0.4700127104751702
        },
        {
            "clustering": 0.6048510086705926,
            "modularity": 0.022091482537472416,
            "average_degree": 98.92480153107958,
            "degree_std": 0.702834990506455,
            "average_shortest_path": 0.4944851587522737,
            "global_efficiency": 2.0573113903860305,
            "characteristic_path_length": 0.4944851587522737
        },
        {
            "clustering": 0.5640974520737702,
            "modularity": 0.04104689888076976,
            "average_degree": 104.14936590511644,
            "degree_std": 1.839200858615218,
            "average_shortest_path": 0.4692184196669895,
            "global_efficiency": 2.2230748799369557,
            "characteristic_path_length": 0.4692184196669895
        },
        {
            "clustering": 0.3477675306093727,
            "modularity": 0.07946923134405329,
            "average_degree": 71.0399858271522,
            "degree_std": 0.59735379051839,
            "average_shortest_path": 0.6431313264893511,
            "global_efficiency": 1.5971237839453807,
            "characteristic_path_length": 0.6431313264893511
        }
    ],
    "4": [
        {
            "clustering": 0.36375824320790734,
            "modularity": 0.05701125339850439,
            "average_degree": 73.58640054125196,
            "degree_std": 0.5711910848445468,
            "average_shortest_path": 0.6291126183106314,
            "global_efficiency": 1.6241850333725285,
            "characteristic_path_length": 0.6291126183106314
        },
        {
            "clustering": 0.4163293787814044,
            "modularity": 0.06625448736533202,
            "average_degree": 81.41742310194297,
            "degree_std": 0.8716693234058907,
            "average_shortest_path": 0.5853429533110708,
            "global_efficiency": 1.786710041618159,
            "characteristic_path_length": 0.5853429533110708
        },
        {
            "clustering": 0.6659955228135348,
            "modularity": 0.0313823877385177,
            "average_degree": 106.86324819460825,
            "degree_std": 1.6734839171380549,
            "average_shortest_path": 0.4600480691635614,
            "global_efficiency": 2.237769972596547,
            "characteristic_path_length": 0.46004806916356145
        },
        {
            "clustering": 0.46872823286156323,
            "modularity": 0.07155106283488676,
            "average_degree": 95.3230584368347,
            "degree_std": 0.5291945971508022,
            "average_shortest_path": 0.4898397607353917,
            "global_efficiency": 2.2344995681898125,
            "characteristic_path_length": 0.4898397607353917
        },
        {
            "clustering": 0.4549210611144012,
            "modularity": 0.05710161504931625,
            "average_degree": 92.23626447953765,
            "degree_std": 1.3891244303236492,
            "average_shortest_path": 0.5352015987902345,
            "global_efficiency": 1.959386197608318,
            "characteristic_path_length": 0.5352015987902347
        },
        {
            "clustering": 0.4146168591353876,
            "modularity": 0.1217138875525473,
            "average_degree": 78.89977415569021,
            "degree_std": 0.6016767786821317,
            "average_shortest_path": 0.6039042609313757,
            "global_efficiency": 1.7635477447333776,
            "characteristic_path_length": 0.6039042609313757
        },
        {
            "clustering": 0.41272957459429044,
            "modularity": 0.06472910630186082,
            "average_degree": 77.17050278186522,
            "degree_std": 0.8832357754545992,
            "average_shortest_path": 0.6117685609436969,
            "global_efficiency": 1.6737027168196885,
            "characteristic_path_length": 0.611768560943697
        },
        {
            "clustering": 0.5437276035237454,
            "modularity": 0.04363738363071297,
            "average_degree": 109.30393686551363,
            "degree_std": 0.8480364787203384,
            "average_shortest_path": 0.39873983081104863,
            "global_efficiency": 2.714092997778772,
            "characteristic_path_length": 0.39873983081104863
        },
        {
            "clustering": 0.4941664896320304,
            "modularity": 0.04460681243728085,
            "average_degree": 98.26202940338295,
            "degree_std": 1.2280990139657209,
            "average_shortest_path": 0.49773928298419357,
            "global_efficiency": 2.1011959683860213,
            "characteristic_path_length": 0.49773928298419357
        },
        {
            "clustering": 0.6240557363223148,
            "modularity": 0.002905960999358675,
            "average_degree": 122.16545758617085,
            "degree_std": 0.7298316792500095,
            "average_shortest_path": 0.2919846644172962,
            "global_efficiency": 3.7468099893529225,
            "characteristic_path_length": 0.2919846644172962
        },
        {
            "clustering": 0.42102200079965807,
            "modularity": 0.10615178865146575,
            "average_degree": 79.40645986044242,
            "degree_std": 0.6073639260664749,
            "average_shortest_path": 0.6014099268528142,
            "global_efficiency": 1.7431181822950443,
            "characteristic_path_length": 0.6014099268528142
        },
        {
            "clustering": 0.6528785575674781,
            "modularity": 0.01857643148787386,
            "average_degree": 107.48966701972368,
            "degree_std": 2.537579658807427,
            "average_shortest_path": 0.4508178824408152,
            "global_efficiency": 2.274148416210839,
            "characteristic_path_length": 0.4508178824408152
        }
    ],
    "5": [
        {
            "clustering": 0.588272248981293,
            "modularity": 0.004482868237102461,
            "average_degree": 117.4080594097715,
            "degree_std": 0.4713407535721139,
            "average_shortest_path": 0.33877801260842716,
            "global_efficiency": 3.4630941283181413,
            "characteristic_path_length": 0.33877801260842716
        },
        {
            "clustering": 0.48036891871950593,
            "modularity": 0.08072094058472776,
            "average_degree": 97.43222958660708,
            "degree_std": 0.598758842553436,
            "average_shortest_path": 0.4942847725228178,
            "global_efficiency": 2.231883788474295,
            "characteristic_path_length": 0.4942847725228178
        },
        {
            "clustering": 0.40928940244343814,
            "modularity": 0.12182987123310336,
            "average_degree": 83.60762491026443,
            "degree_std": 0.7832384193203936,
            "average_shortest_path": 0.5640532446805784,
            "global_efficiency": 2.0176080297879473,
            "characteristic_path_length": 0.5640532446805784
        },
        {
            "clustering": 0.4178150601990486,
            "modularity": 0.06297642749360623,
            "average_degree": 80.43499596650688,
            "degree_std": 0.9347379657921507,
            "average_shortest_path": 0.5937420315898829,
            "global_efficiency": 1.7360356419699192,
            "characteristic_path_length": 0.593742031589883
        },
        {
            "clustering": 0.6222223280940057,
            "modularity": 0.027447599407308752,
            "average_degree": 114.4531641772396,
            "degree_std": 1.0187500621945096,
            "average_shortest_path": 0.3909825248309742,
            "global_efficiency": 2.6953416512030444,
            "characteristic_path_length": 0.3909825248309742
        },
        {
            "clustering": 0.5550293744878905,
            "modularity": 0.037500534526410126,
            "average_degree": 102.64886368762635,
            "degree_std": 2.0879479402666665,
            "average_shortest_path": 0.4778572653838897,
            "global_efficiency": 2.170548502849287,
            "characteristic_path_length": 0.4778572653838897
        },
        {
            "clustering": 0.5125230413695131,
            "modularity": 0.029767414758304883,
            "average_degree": 92.10732256895044,
            "degree_std": 2.083502268674774,
            "average_shortest_path": 0.5234022078653385,
            "global_efficiency": 1.9677736989609,
            "characteristic_path_length": 0.5234022078653385
        },
        {
            "clustering": 0.4809125110916965,
            "modularity": 0.054761162623389675,
            "average_degree": 96.89147132056665,
            "degree_std": 0.6804916654331887,
            "average_shortest_path": 0.5127225313080849,
            "global_efficiency": 2.032383146626991,
            "characteristic_path_length": 0.5127225313080849
        },
        {
            "clustering": 0.5162451295808743,
            "modularity": 0.04414456748314958,
            "average_degree": 90.60451537911236,
            "degree_std": 0.9760849261833381,
            "average_shortest_path": 0.5436271876453842,
            "global_efficiency": 1.8777688393785397,
            "characteristic_path_length": 0.5436271876453842
        },
        {
            "clustering": 0.514607394958268,
            "modularity": 0.05937026217454741,
            "average_degree": 102.69806383418467,
            "degree_std": 0.6192822736466587,
            "average_shortest_path": 0.43264593373326876,
            "global_efficiency": 2.5712211261826887,
            "characteristic_path_length": 0.43264593373326876
        },
        {
            "clustering": 0.46478913960911145,
            "modularity": 0.07045887856418262,
            "average_degree": 90.400631782024,
            "degree_std": 0.45062101589199216,
            "average_shortest_path": 0.5098201132281159,
            "global_efficiency": 2.1242353733240944,
            "characteristic_path_length": 0.5098201132281159
        },
        {
            "clustering": 0.4922967510503525,
            "modularity": 0.054158183110642424,
            "average_degree": 92.32644465334702,
            "degree_std": 1.8073631185187329,
            "average_shortest_path": 0.5346454402846131,
            "global_efficiency": 1.9311272262394066,
            "characteristic_path_length": 0.5346454402846131
        }
    ],
    "6": [
        {
            "clustering": 0.5199110419298086,
            "modularity": 0.03889249216231659,
            "average_degree": 96.03190771589338,
            "degree_std": 2.2611398617788976,
            "average_shortest_path": 0.5127913523722032,
            "global_efficiency": 2.0009678882175432,
            "characteristic_path_length": 0.5127913523722032
        },
        {
            "clustering": 0.4745118041321445,
            "modularity": 0.07215342244353046,
            "average_degree": 90.28937118063372,
            "degree_std": 0.5563671898455055,
            "average_shortest_path": 0.5411100368246345,
            "global_efficiency": 1.9558316382052583,
            "characteristic_path_length": 0.5411100368246345
        },
        {
            "clustering": 0.4611075504690879,
            "modularity": 0.07311473045212082,
            "average_degree": 83.9499883652149,
            "degree_std": 0.5658374695254706,
            "average_shortest_path": 0.577828675435734,
            "global_efficiency": 1.7860875332078237,
            "characteristic_path_length": 0.577828675435734
        },
        {
            "clustering": 0.6385805219442924,
            "modularity": 0.02690503945451167,
            "average_degree": 114.55599873347245,
            "degree_std": 2.0044623658055905,
            "average_shortest_path": 0.41411255119820156,
            "global_efficiency": 2.4958235250464527,
            "characteristic_path_length": 0.41411255119820156
        },
        {
            "clustering": 0.46268299608671576,
            "modularity": 0.07065632839945504,
            "average_degree": 94.41639138029396,
            "degree_std": 0.9895263406755036,
            "average_shortest_path": 0.5245433372690368,
            "global_efficiency": 2.051596732319131,
            "characteristic_path_length": 0.5245433372690368
        },
        {
            "clustering": 0.5140427441090025,
            "modularity": 0.0683481315063167,
            "average_degree": 91.80452425665536,
            "degree_std": 0.8878448407504943,
            "average_shortest_path": 0.5376336167770559,
            "global_efficiency": 1.930081522737934,
            "characteristic_path_length": 0.5376336167770559
        },
        {
            "clustering": 0.6013823590546683,
            "modularity": 0.0032963835168284754,
            "average_degree": 117.75481827330472,
            "degree_std": 0.4202674869045969,
            "average_shortest_path": 0.35031850705625456,
            "global_efficiency": 3.052004639852094,
            "characteristic_path_length": 0.35031850705625456
        },
        {
            "clustering": 0.4842145939353553,
            "modularity": 0.08080128228075992,
            "average_degree": 93.39114361882956,
            "degree_std": 0.60774656569972,
            "average_shortest_path": 0.5182510178677423,
            "global_efficiency": 2.085030023761066,
            "characteristic_path_length": 0.5182510178677423
        },
        {
            "clustering": 0.5997719880895187,
            "modularity": 0.036325608601296244,
            "average_degree": 117.11229910656799,
            "degree_std": 2.0622053081431666,
            "average_shortest_path": 0.3952061031451747,
            "global_efficiency": 2.669841407156005,
            "characteristic_path_length": 0.3952061031451747
        },
        {
            "clustering": 0.5021523334868311,
            "modularity": 0.05210766378163999,
            "average_degree": 95.55028915590317,
            "degree_std": 2.3203985111759136,
            "average_shortest_path": 0.5166706633043499,
            "global_efficiency": 2.0271762438323186,
            "characteristic_path_length": 0.5166706633043499
        },
        {
            "clustering": 0.6129401405593163,
            "modularity": 0.013777259271330214,
            "average_degree": 115.85326448557016,
            "degree_std": 1.1721027076926844,
            "average_shortest_path": 0.3929298394077444,
            "global_efficiency": 2.641704267288796,
            "characteristic_path_length": 0.3929298394077444
        },
        {
            "clustering": 0.49996351586879745,
            "modularity": 0.06597463675097,
            "average_degree": 100.68375652407016,
            "degree_std": 2.4521812602980377,
            "average_shortest_path": 0.4929131078504402,
            "global_efficiency": 2.130196196290455,
            "characteristic_path_length": 0.4929131078504402
        }
    ],
    "7": [
        {
            "clustering": 0.5284396366384025,
            "modularity": 0.045393122928858096,
            "average_degree": 99.63633443599264,
            "degree_std": 2.388378443948858,
            "average_shortest_path": 0.4979125320684486,
            "global_efficiency": 2.066902628045526,
            "characteristic_path_length": 0.4979125320684486
        },
        {
            "clustering": 0.6405789075229953,
            "modularity": 0.03574849912148545,
            "average_degree": 110.9513139277669,
            "degree_std": 1.535141475287159,
            "average_shortest_path": 0.43932959527116106,
            "global_efficiency": 2.3484688729441885,
            "characteristic_path_length": 0.43932959527116106
        },
        {
            "clustering": 0.6137441336485125,
            "modularity": 0.043207105130315934,
            "average_degree": 97.90198301056333,
            "degree_std": 1.1725963715107117,
            "average_shortest_path": 0.5061307562637737,
            "global_efficiency": 2.0230345172562822,
            "characteristic_path_length": 0.5061307562637737
        },
        {
            "clustering": 0.6317201863050309,
            "modularity": 0.024485730110012913,
            "average_degree": 114.93973581612705,
            "degree_std": 1.2958904052839377,
            "average_shortest_path": 0.41446736297855463,
            "global_efficiency": 2.487590816204158,
            "characteristic_path_length": 0.41446736297855463
        },
        {
            "clustering": 0.4064691476764917,
            "modularity": 0.04244946163932596,
            "average_degree": 79.5735881419891,
            "degree_std": 1.7340130842459203,
            "average_shortest_path": 0.5989708354131548,
            "global_efficiency": 1.6995462692853178,
            "characteristic_path_length": 0.5989708354131548
        },
        {
            "clustering": 0.5079269840386594,
            "modularity": 0.06111933592038933,
            "average_degree": 98.7472314081951,
            "degree_std": 0.9256283657372693,
            "average_shortest_path": 0.5032835961638373,
            "global_efficiency": 2.094979751092908,
            "characteristic_path_length": 0.5032835961638373
        },
        {
            "clustering": 0.6692747435950962,
            "modularity": 0.02318355035203626,
            "average_degree": 120.95821244889311,
            "degree_std": 1.1135111463722334,
            "average_shortest_path": 0.3741778209573936,
            "global_efficiency": 2.7807741570277966,
            "characteristic_path_length": 0.3741778209573936
        },
        {
            "clustering": 0.5798352893328379,
            "modularity": 0.044482860198814,
            "average_degree": 100.08539946525919,
            "degree_std": 0.9124386365394634,
            "average_shortest_path": 0.4963473637388893,
            "global_efficiency": 2.08481620954516,
            "characteristic_path_length": 0.4963473637388893
        },
        {
            "clustering": 0.4246873742256135,
            "modularity": 0.0678402895572866,
            "average_degree": 82.09839792087928,
            "degree_std": 1.0712215593820142,
            "average_shortest_path": 0.5876865217716644,
            "global_efficiency": 1.7699167091756307,
            "characteristic_path_length": 0.5876865217716644
        },
        {
            "clustering": 0.5158964673832961,
            "modularity": 0.07069770383324697,
            "average_degree": 102.75161256685313,
            "degree_std": 1.0556606165539422,
            "average_shortest_path": 0.47507051634276626,
            "global_efficiency": 2.275385407154138,
            "characteristic_path_length": 0.47507051634276626
        },
        {
            "clustering": 0.4710055958052189,
            "modularity": 0.07169597867696798,
            "average_degree": 95.58880510019232,
            "degree_std": 0.6745297525924582,
            "average_shortest_path": 0.518516412938563,
            "global_efficiency": 2.0429595214255643,
            "characteristic_path_length": 0.518516412938563
        },
        {
            "clustering": 0.41233565247420817,
            "modularity": 0.08159732333104902,
            "average_degree": 84.50239156922382,
            "degree_std": 0.9039369622340105,
            "average_shortest_path": 0.5751269559177478,
            "global_efficiency": 1.8434671353375673,
            "characteristic_path_length": 0.5751269559177478
        }
    ],
    "8": [
        {
            "clustering": 0.7330338693580535,
            "modularity": 0.024503092814305752,
            "average_degree": 134.037349146268,
            "degree_std": 1.437161161720825,
            "average_shortest_path": 0.3132587398951268,
            "global_efficiency": 3.3185869988811985,
            "characteristic_path_length": 0.3132587398951268
        },
        {
            "clustering": 0.7559272963108877,
            "modularity": 0.020754725933853274,
            "average_degree": 115.53458625661303,
            "degree_std": 1.2177174239176343,
            "average_shortest_path": 0.4166900384462669,
            "global_efficiency": 2.4288332748494192,
            "characteristic_path_length": 0.4166900384462669
        },
        {
            "clustering": 0.6392580546351246,
            "modularity": 0.024114585584545694,
            "average_degree": 122.69519408347831,
            "degree_std": 1.350200449623651,
            "average_shortest_path": 0.3809090607585307,
            "global_efficiency": 2.691159584207805,
            "characteristic_path_length": 0.3809090607585307
        },
        {
            "clustering": 0.5904810696874813,
            "modularity": 0.02865527932481485,
            "average_degree": 110.54462651188948,
            "degree_std": 1.5635008647849709,
            "average_shortest_path": 0.44220011805116743,
            "global_efficiency": 2.3114330307347037,
            "characteristic_path_length": 0.44220011805116743
        },
        {
            "clustering": 0.5002928308829117,
            "modularity": 0.05658741985777174,
            "average_degree": 97.59431267736281,
            "degree_std": 1.3079998219459332,
            "average_shortest_path": 0.5075555830984533,
            "global_efficiency": 2.058836678552856,
            "characteristic_path_length": 0.5075555830984533
        },
        {
            "clustering": 0.6075958520666809,
            "modularity": 0.021280573635768792,
            "average_degree": 111.44071270732246,
            "degree_std": 0.9863089477715936,
            "average_shortest_path": 0.41157373898352634,
            "global_efficiency": 2.5234084437187327,
            "characteristic_path_length": 0.41157373898352634
        },
        {
            "clustering": 0.5505520076914134,
            "modularity": 0.027179926881020673,
            "average_degree": 97.63196360416063,
            "degree_std": 2.1236854191934236,
            "average_shortest_path": 0.5046432568380715,
            "global_efficiency": 2.0236333141878573,
            "characteristic_path_length": 0.5046432568380715
        },
        {
            "clustering": 0.4580197613490852,
            "modularity": 0.05989611402961234,
            "average_degree": 92.3526203062944,
            "degree_std": 0.7851165823641945,
            "average_shortest_path": 0.535293157914522,
            "global_efficiency": 1.9423468498464949,
            "characteristic_path_length": 0.535293157914522
        },
        {
            "clustering": 0.5973129067787804,
            "modularity": 0.02991324423510029,
            "average_degree": 113.01557746439481,
            "degree_std": 2.1823391299187995,
            "average_shortest_path": 0.4287834064173418,
            "global_efficiency": 2.3950949133615778,
            "characteristic_path_length": 0.4287834064173418
        },
        {
            "clustering": 0.529527221212645,
            "modularity": 0.035854486206264066,
            "average_degree": 96.10204595059524,
            "degree_std": 1.2021658415425287,
            "average_shortest_path": 0.5127410058607114,
            "global_efficiency": 2.013207189126329,
            "characteristic_path_length": 0.5127410058607114
        },
        {
            "clustering": 0.5104458778983955,
            "modularity": 0.057445298164406564,
            "average_degree": 92.67702841100795,
            "degree_std": 1.8651153839968986,
            "average_shortest_path": 0.5322038055375458,
            "global_efficiency": 1.9485351634698325,
            "characteristic_path_length": 0.5322038055375458
        },
        {
            "clustering": 0.5636053249199617,
            "modularity": 0.04075645023056095,
            "average_degree": 101.22333529157298,
            "degree_std": 0.5797711876019627,
            "average_shortest_path": 0.4850932445470118,
            "global_efficiency": 2.1251360960711576,
            "characteristic_path_length": 0.4850932445470118
        }
    ],
    "9": [
        {
            "clustering": 0.5148100313298473,
            "modularity": 0.046257988388631086,
            "average_degree": 82.49242779765054,
            "degree_std": 1.5754064297232104,
            "average_shortest_path": 0.5842998908633891,
            "global_efficiency": 1.742259145236907,
            "characteristic_path_length": 0.5842998908633892
        },
        {
            "clustering": 0.626296038864929,
            "modularity": 0.02491415397279486,
            "average_degree": 104.29558265406533,
            "degree_std": 1.3124701766441125,
            "average_shortest_path": 0.4695639323434534,
            "global_efficiency": 2.1817807593785083,
            "characteristic_path_length": 0.4695639323434535
        },
        {
            "clustering": 0.5200323212714678,
            "modularity": 0.04328304996817694,
            "average_degree": 104.06677761554519,
            "degree_std": 1.8132566571567168,
            "average_shortest_path": 0.47566398278048183,
            "global_efficiency": 2.1732303626194724,
            "characteristic_path_length": 0.47566398278048183
        },
        {
            "clustering": 0.5340161945823038,
            "modularity": 0.041806090949170635,
            "average_degree": 89.5930204669336,
            "degree_std": 1.1787995600399643,
            "average_shortest_path": 0.5480965045674534,
            "global_efficiency": 1.855419380202993,
            "characteristic_path_length": 0.5480965045674534
        },
        {
            "clustering": 0.5206229873165746,
            "modularity": 0.040019229147846766,
            "average_degree": 96.2823021823163,
            "degree_std": 1.5478781132941835,
            "average_shortest_path": 0.5143788621249463,
            "global_efficiency": 1.9894048558418251,
            "characteristic_path_length": 0.5143788621249463
        },
        {
            "clustering": 0.6025440936443999,
            "modularity": 0.032916716189935996,
            "average_degree": 94.96161879968393,
            "degree_std": 1.257126192960021,
            "average_shortest_path": 0.5210038178754642,
            "global_efficiency": 1.9516494520346994,
            "characteristic_path_length": 0.5210038178754642
        },
        {
            "clustering": 0.5935991118065642,
            "modularity": 0.020854549967522812,
            "average_degree": 94.94563509712694,
            "degree_std": 1.461005417997801,
            "average_shortest_path": 0.5189841757403542,
            "global_efficiency": 1.9517736365290417,
            "characteristic_path_length": 0.5189841757403542
        },
        {
            "clustering": 0.8181188905958028,
            "modularity": 0.013303910965087627,
            "average_degree": 105.66438712434672,
            "degree_std": 0.8004316251065735,
            "average_shortest_path": 0.46640577043441733,
            "global_efficiency": 2.1518949354424146,
            "characteristic_path_length": 0.4664057704344174
        },
        {
            "clustering": 0.5810583450674526,
            "modularity": 0.03973932293132841,
            "average_degree": 94.00450612270816,
            "degree_std": 2.1625465227117266,
            "average_shortest_path": 0.5250848194879717,
            "global_efficiency": 1.9475571767307636,
            "characteristic_path_length": 0.5250848194879717
        },
        {
            "clustering": 0.6966644614566189,
            "modularity": 0.01932616589474992,
            "average_degree": 121.27391554359166,
            "degree_std": 1.419303019647149,
            "average_shortest_path": 0.3873943380220393,
            "global_efficiency": 2.6386837372676126,
            "characteristic_path_length": 0.3873943380220393
        },
        {
            "clustering": 0.5368758108649291,
            "modularity": 0.03726656488828235,
            "average_degree": 95.03170041892483,
            "degree_std": 1.391548367900288,
            "average_shortest_path": 0.5206793055827947,
            "global_efficiency": 1.9679279724184662,
            "characteristic_path_length": 0.5206793055827947
        },
        {
            "clustering": 0.6389571233881601,
            "modularity": 0.02392563168855466,
            "average_degree": 109.1224390661912,
            "degree_std": 1.5680036051050399,
            "average_shortest_path": 0.446875640236194,
            "global_efficiency": 2.2937981465510613,
            "characteristic_path_length": 0.446875640236194
        }
    ],
    "10": [
        {
            "clustering": 0.6536847421775663,
            "modularity": 0.013962786523019643,
            "average_degree": 91.01929476539456,
            "degree_std": 1.02279846923386,
            "average_shortest_path": 0.5392074688284288,
            "global_efficiency": 1.8832135714061515,
            "characteristic_path_length": 0.5392074688284288
        },
        {
            "clustering": 0.6172263428631783,
            "modularity": 0.029836042635715918,
            "average_degree": 95.0643732865044,
            "degree_std": 1.8408543778323718,
            "average_shortest_path": 0.5207878803082107,
            "global_efficiency": 1.9501279193263366,
            "characteristic_path_length": 0.5207878803082107
        },
        {
            "clustering": 0.6587285392152725,
            "modularity": 0.025605230511415764,
            "average_degree": 110.9078533026991,
            "degree_std": 1.4732347412009439,
            "average_shortest_path": 0.4393882049056785,
            "global_efficiency": 2.3213128550276036,
            "characteristic_path_length": 0.4393882049056785
        },
        {
            "clustering": 0.5196848861949712,
            "modularity": 0.03187087989400392,
            "average_degree": 98.83921292767145,
            "degree_std": 1.509007603785183,
            "average_shortest_path": 0.49962718837670567,
            "global_efficiency": 2.0549297734044027,
            "characteristic_path_length": 0.49962718837670567
        },
        {
            "clustering": 0.5726067412640043,
            "modularity": 0.024694500056782684,
            "average_degree": 91.17839687151871,
            "degree_std": 2.33690356719259,
            "average_shortest_path": 0.5385557937255484,
            "global_efficiency": 1.8900924922106817,
            "characteristic_path_length": 0.5385557937255484
        },
        {
            "clustering": 0.6177983829845751,
            "modularity": 0.026346744669004194,
            "average_degree": 109.33414376994821,
            "degree_std": 1.5684895686723304,
            "average_shortest_path": 0.442122511673743,
            "global_efficiency": 2.332325303623556,
            "characteristic_path_length": 0.442122511673743
        },
        {
            "clustering": 0.6048948617251487,
            "modularity": 0.02919551169983528,
            "average_degree": 108.10819313855481,
            "degree_std": 1.5628071455694423,
            "average_shortest_path": 0.45438115768336046,
            "global_efficiency": 2.258183967217159,
            "characteristic_path_length": 0.45438115768336046
        },
        {
            "clustering": 0.5335845519626383,
            "modularity": 0.036849563867844236,
            "average_degree": 98.59361889935414,
            "degree_std": 1.30140626804086,
            "average_shortest_path": 0.5000928027633881,
            "global_efficiency": 2.0639141174984914,
            "characteristic_path_length": 0.5000928027633881
        },
        {
            "clustering": 0.5412058898356034,
            "modularity": 0.04866663847572118,
            "average_degree": 91.43442630387217,
            "degree_std": 2.600264737647863,
            "average_shortest_path": 0.5377346580616638,
            "global_efficiency": 1.9210524412678054,
            "characteristic_path_length": 0.5377346580616638
        },
        {
            "clustering": 0.6227400261613094,
            "modularity": 0.021145965220517267,
            "average_degree": 90.17902203970479,
            "degree_std": 1.5150028340793407,
            "average_shortest_path": 0.5443189312077602,
            "global_efficiency": 1.8636674929315746,
            "characteristic_path_length": 0.5443189312077602
        },
        {
            "clustering": 0.5856535437814436,
            "modularity": 0.022206519877147786,
            "average_degree": 108.95237653098044,
            "degree_std": 1.8285496155628844,
            "average_shortest_path": 0.4334201547516438,
            "global_efficiency": 2.39006344156855,
            "characteristic_path_length": 0.4334201547516438
        },
        {
            "clustering": 0.6044433570255439,
            "modularity": 0.032311573749277483,
            "average_degree": 106.62656343407502,
            "degree_std": 1.8941025808675318,
            "average_shortest_path": 0.45812889184282934,
            "global_efficiency": 2.2598503275811384,
            "characteristic_path_length": 0.45812889184282934
        }
    ],
    "11": [
        {
            "clustering": 0.6168152961423303,
            "modularity": 0.02817846754528931,
            "average_degree": 105.06677808125374,
            "degree_std": 1.4586080964093724,
            "average_shortest_path": 0.4666957663343022,
            "global_efficiency": 2.204541398988176,
            "characteristic_path_length": 0.4666957663343022
        },
        {
            "clustering": 0.6351454457858171,
            "modularity": 0.029721712358264953,
            "average_degree": 108.0203712269693,
            "degree_std": 1.4400354246370954,
            "average_shortest_path": 0.4540701975802257,
            "global_efficiency": 2.2682335921205277,
            "characteristic_path_length": 0.4540701975802257
        },
        {
            "clustering": 0.6244061317274393,
            "modularity": 0.025316625338360675,
            "average_degree": 114.04535307554337,
            "degree_std": 2.0166498277484837,
            "average_shortest_path": 0.4208766649264252,
            "global_efficiency": 2.45068442841924,
            "characteristic_path_length": 0.4208766649264252
        },
        {
            "clustering": 0.588364807037976,
            "modularity": 0.03277712929597054,
            "average_degree": 98.84814004317067,
            "degree_std": 1.827400463556878,
            "average_shortest_path": 0.5014766079601254,
            "global_efficiency": 2.0443394402584354,
            "characteristic_path_length": 0.5014766079601254
        },
        {
            "clustering": 0.45916127263351636,
            "modularity": 0.05148138912612853,
            "average_degree": 91.58667988895263,
            "degree_std": 1.1591888356572615,
            "average_shortest_path": 0.5387235857538462,
            "global_efficiency": 1.9154951436834824,
            "characteristic_path_length": 0.5387235857538462
        },
        {
            "clustering": 0.5535650061769736,
            "modularity": 0.05073746391543474,
            "average_degree": 90.46179051230845,
            "degree_std": 1.240817802466415,
            "average_shortest_path": 0.5434858533786436,
            "global_efficiency": 1.8859815934848407,
            "characteristic_path_length": 0.5434858533786436
        },
        {
            "clustering": 0.45904449759571014,
            "modularity": 0.03661440329852357,
            "average_degree": 91.80918438386767,
            "degree_std": 1.70400784040799,
            "average_shortest_path": 0.5372785143315802,
            "global_efficiency": 1.8957822466162881,
            "characteristic_path_length": 0.5372785143315802
        },
        {
            "clustering": 0.5158433890496824,
            "modularity": 0.035168741214886404,
            "average_degree": 98.39149202427582,
            "degree_std": 1.8033585069761446,
            "average_shortest_path": 0.5027521298540416,
            "global_efficiency": 2.0455537794521352,
            "characteristic_path_length": 0.5027521298540416
        },
        {
            "clustering": 0.5602724476016526,
            "modularity": 0.03176254064885453,
            "average_degree": 100.02972707906605,
            "degree_std": 1.831402739127491,
            "average_shortest_path": 0.4953023764682729,
            "global_efficiency": 2.0627248778619434,
            "characteristic_path_length": 0.4953023764682729
        },
        {
            "clustering": 0.6055692332995358,
            "modularity": 0.030449963051055805,
            "average_degree": 101.230451249198,
            "degree_std": 1.9243814596173148,
            "average_shortest_path": 0.4884308486741234,
            "global_efficiency": 2.100295075405254,
            "characteristic_path_length": 0.4884308486741235
        },
        {
            "clustering": 0.46902356824070357,
            "modularity": 0.039576212477772446,
            "average_degree": 94.22029584072973,
            "degree_std": 1.8700306100780446,
            "average_shortest_path": 0.5211386879438902,
            "global_efficiency": 1.9818505119364205,
            "characteristic_path_length": 0.5211386879438902
        },
        {
            "clustering": 0.5870788324285103,
            "modularity": 0.03081233198976504,
            "average_degree": 106.8141274758053,
            "degree_std": 1.8905634483032863,
            "average_shortest_path": 0.45650644941352125,
            "global_efficiency": 2.2577279608946283,
            "characteristic_path_length": 0.45650644941352125
        }
    ]
}