{
    "0": [
        {
            "clustering": 0.5769297441306223,
            "modularity": 0.016006353129932867,
            "average_degree": 101.41917659079164,
            "degree_std": 0.6737976468953286,
            "average_shortest_path": 0.48614631980845907,
            "global_efficiency": 2.1166613842684883
        },
        {
            "clustering": 0.613581106587609,
            "modularity": 0.015916641680527574,
            "average_degree": 104.5944823647921,
            "degree_std": 0.6980735909795917,
            "average_shortest_path": 0.4701654648590878,
            "global_efficiency": 2.186609245504595
        },
        {
            "clustering": 0.6026456152319233,
            "modularity": 0.014433574141365754,
            "average_degree": 107.48007778434499,
            "degree_std": 0.7804715022954084,
            "average_shortest_path": 0.45567420145654375,
            "global_efficiency": 2.257977786147163
        },
        {
            "clustering": 0.5962136522860229,
            "modularity": 0.017030452620451327,
            "average_degree": 95.65751539789773,
            "degree_std": 0.912857433455619,
            "average_shortest_path": 0.5157144420232138,
            "global_efficiency": 1.9916392676192278
        },
        {
            "clustering": 0.5430609724830494,
            "modularity": 0.017302115158375674,
            "average_degree": 103.86548304531524,
            "degree_std": 1.0022227138548032,
            "average_shortest_path": 0.4690835884931723,
            "global_efficiency": 2.2082506581468335
        },
        {
            "clustering": 0.5871395260414518,
            "modularity": 0.015310745816297808,
            "average_degree": 98.29438402485489,
            "degree_std": 0.8308329801261123,
            "average_shortest_path": 0.5029775344751959,
            "global_efficiency": 2.0347100725552596
        },
        {
            "clustering": 0.6035506730743025,
            "modularity": 0.017625195757892984,
            "average_degree": 93.78601326249492,
            "degree_std": 0.7564779670410359,
            "average_shortest_path": 0.5256364378444468,
            "global_efficiency": 1.9515027535670462
        },
        {
            "clustering": 0.5969054883476393,
            "modularity": 0.016184616607995153,
            "average_degree": 101.40375001855902,
            "degree_std": 0.7241934807120533,
            "average_shortest_path": 0.4864951471696721,
            "global_efficiency": 2.1119160738547156
        },
        {
            "clustering": 0.6156501117959967,
            "modularity": 0.013744842437879826,
            "average_degree": 109.82963623886246,
            "degree_std": 0.839375194866121,
            "average_shortest_path": 0.4421885565577808,
            "global_efficiency": 2.331817811733978
        },
        {
            "clustering": 0.6053687651476206,
            "modularity": 0.015407095026481084,
            "average_degree": 95.5261424904293,
            "degree_std": 1.0079005361368132,
            "average_shortest_path": 0.5170136046196391,
            "global_efficiency": 1.9805129485049056
        },
        {
            "clustering": 0.6024398975472821,
            "modularity": 0.015424377118717237,
            "average_degree": 100.05623333149215,
            "degree_std": 0.8253374724191258,
            "average_shortest_path": 0.49372335878095375,
            "global_efficiency": 2.0778812096118626
        },
        {
            "clustering": 0.5842519970252023,
            "modularity": 0.015119735382283176,
            "average_degree": 106.14166879490084,
            "degree_std": 0.9391873734886724,
            "average_shortest_path": 0.4619458047158867,
            "global_efficiency": 2.230484492936477
        }
    ],
    "1": [
        {
            "clustering": 0.6121770226735659,
            "modularity": 0.016357507006531467,
            "average_degree": 99.440646800328,
            "degree_std": 0.8002553071507169,
            "average_shortest_path": 0.4962882338322748,
            "global_efficiency": 2.0726349623615254
        },
        {
            "clustering": 0.611006294371577,
            "modularity": 0.015497400574659431,
            "average_degree": 109.7318493526515,
            "degree_std": 0.800326156510989,
            "average_shortest_path": 0.44319771115756784,
            "global_efficiency": 2.3269355838933703
        },
        {
            "clustering": 0.595876329701809,
            "modularity": 0.015828960241698237,
            "average_degree": 103.00305047737831,
            "degree_std": 0.889461058968158,
            "average_shortest_path": 0.4781988411122005,
            "global_efficiency": 2.1493682513987964
        },
        {
            "clustering": 0.5798394955603166,
            "modularity": 0.016614005187904478,
            "average_degree": 89.50392519059282,
            "degree_std": 0.7337108690406287,
            "average_shortest_path": 0.5478705662057946,
            "global_efficiency": 1.8630262615176443
        },
        {
            "clustering": 0.5662106798232343,
            "modularity": 0.016959240967313195,
            "average_degree": 99.2462109600256,
            "degree_std": 0.8068839708317634,
            "average_shortest_path": 0.49670951396703883,
            "global_efficiency": 2.071760791019901
        },
        {
            "clustering": 0.5672959295000304,
            "modularity": 0.01905879350168224,
            "average_degree": 96.09988607882913,
            "degree_std": 0.9791380365420458,
            "average_shortest_path": 0.5121750480478123,
            "global_efficiency": 2.0124793946899224
        },
        {
            "clustering": 0.579405927677457,
            "modularity": 0.017162911564769793,
            "average_degree": 96.39012679960398,
            "degree_std": 0.890261526658295,
            "average_shortest_path": 0.5116999907044549,
            "global_efficiency": 2.009933268664635
        },
        {
            "clustering": 0.56663374041265,
            "modularity": 0.018013771822343594,
            "average_degree": 87.641938132529,
            "degree_std": 0.7652398700526288,
            "average_shortest_path": 0.5572283401361651,
            "global_efficiency": 1.8327769932263906
        },
        {
            "clustering": 0.6051995964444904,
            "modularity": 0.016477551517929893,
            "average_degree": 101.54496330498125,
            "degree_std": 0.8964771444071006,
            "average_shortest_path": 0.48505692291392366,
            "global_efficiency": 2.124712652733444
        },
        {
            "clustering": 0.5670986937628889,
            "modularity": 0.014578103779520207,
            "average_degree": 103.44566615654571,
            "degree_std": 0.9055194159233514,
            "average_shortest_path": 0.475399591040075,
            "global_efficiency": 2.1636052936034087
        },
        {
            "clustering": 0.5606778840925764,
            "modularity": 0.01674372547808976,
            "average_degree": 96.88043770359242,
            "degree_std": 0.7835715381501677,
            "average_shortest_path": 0.5089026699208304,
            "global_efficiency": 2.0229911387885227
        },
        {
            "clustering": 0.553654823462156,
            "modularity": 0.016821017653036355,
            "average_degree": 100.96418932780612,
            "degree_std": 0.8620085254094636,
            "average_shortest_path": 0.48722777169189696,
            "global_efficiency": 2.116265858461634
        }
    ],
    "2": [
        {
            "clustering": 0.5860762571372667,
            "modularity": 0.014980981160011439,
            "average_degree": 102.44872406048208,
            "degree_std": 0.9573224033482444,
            "average_shortest_path": 0.48083929405832776,
            "global_efficiency": 2.1376519566537775
        },
        {
            "clustering": 0.5658892531137327,
            "modularity": 0.016421766718615553,
            "average_degree": 94.35860716769679,
            "degree_std": 0.9669977987571485,
            "average_shortest_path": 0.5227870147519557,
            "global_efficiency": 1.9570164883735908
        },
        {
            "clustering": 0.6140371538911364,
            "modularity": 0.01610693881622044,
            "average_degree": 103.99539886937121,
            "degree_std": 0.8288868131043455,
            "average_shortest_path": 0.47341468109642454,
            "global_efficiency": 2.172836084280277
        },
        {
            "clustering": 0.5277973438983585,
            "modularity": 0.017224475803778384,
            "average_degree": 88.514421620186,
            "degree_std": 0.9659436791081573,
            "average_shortest_path": 0.5526099688917702,
            "global_efficiency": 1.8478940272911335
        },
        {
            "clustering": 0.5916028966331022,
            "modularity": 0.016916270256194747,
            "average_degree": 97.48157966526146,
            "degree_std": 0.7760996841111761,
            "average_shortest_path": 0.5063827360868199,
            "global_efficiency": 2.029459481124562
        },
        {
            "clustering": 0.5856433423287815,
            "modularity": 0.016247839170917384,
            "average_degree": 100.47266741547705,
            "degree_std": 0.8903490629517168,
            "average_shortest_path": 0.490450834606808,
            "global_efficiency": 2.1007742326194943
        },
        {
            "clustering": 0.6044540966775834,
            "modularity": 0.016096034466469997,
            "average_degree": 105.93994270256317,
            "degree_std": 0.9850192774701833,
            "average_shortest_path": 0.46043394014893835,
            "global_efficiency": 2.2463392634884953
        },
        {
            "clustering": 0.5780769702161799,
            "modularity": 0.017193020209107877,
            "average_degree": 91.51304116307337,
            "degree_std": 0.8815442410970162,
            "average_shortest_path": 0.5375156525253335,
            "global_efficiency": 1.9020543247694892
        },
        {
            "clustering": 0.5572753933021599,
            "modularity": 0.015385052554976386,
            "average_degree": 99.5057617275083,
            "degree_std": 0.8798844686726,
            "average_shortest_path": 0.49533363996534974,
            "global_efficiency": 2.076707362471382
        },
        {
            "clustering": 0.5795545700975575,
            "modularity": 0.015486637548273001,
            "average_degree": 99.09627170589133,
            "degree_std": 0.8134714737922389,
            "average_shortest_path": 0.4986996591705927,
            "global_efficiency": 2.0590859182037127
        },
        {
            "clustering": 0.5683490256883034,
            "modularity": 0.018009808070471835,
            "average_degree": 97.85251994720541,
            "degree_std": 0.8790994596617215,
            "average_shortest_path": 0.5034420901818201,
            "global_efficiency": 2.0484780099289255
        },
        {
            "clustering": 0.6022721480032908,
            "modularity": 0.015392984903031188,
            "average_degree": 99.97533578063242,
            "degree_std": 0.8602216749273556,
            "average_shortest_path": 0.4941390603336938,
            "global_efficiency": 2.0766280480319894
        }
    ],
    "3": [
        {
            "clustering": 0.5338159974684725,
            "modularity": 0.016496188777190238,
            "average_degree": 95.18351661417769,
            "degree_std": 0.8459368200313955,
            "average_shortest_path": 0.5172116032668903,
            "global_efficiency": 1.989866900233798
        },
        {
            "clustering": 0.5710453539861368,
            "modularity": 0.015226580710291437,
            "average_degree": 99.89118255606961,
            "degree_std": 0.8016010155146794,
            "average_shortest_path": 0.49386932186401844,
            "global_efficiency": 2.079933996490375
        },
        {
            "clustering": 0.5801853704378779,
            "modularity": 0.017237103448599144,
            "average_degree": 84.11277682628906,
            "degree_std": 0.8517988393606496,
            "average_shortest_path": 0.5751467528520123,
            "global_efficiency": 1.7696459194650949
        },
        {
            "clustering": 0.5767564968993574,
            "modularity": 0.016352669251891855,
            "average_degree": 102.71462129369141,
            "degree_std": 0.8838501945851462,
            "average_shortest_path": 0.4794545784869719,
            "global_efficiency": 2.1453998461721673
        },
        {
            "clustering": 0.6052473505086304,
            "modularity": 0.015130979763302884,
            "average_degree": 104.95239572284402,
            "degree_std": 0.9721909809569559,
            "average_shortest_path": 0.46759041592592215,
            "global_efficiency": 2.202627093555259
        },
        {
            "clustering": 0.5923786526197707,
            "modularity": 0.016346273929443773,
            "average_degree": 98.15675087718179,
            "degree_std": 0.8723234231170444,
            "average_shortest_path": 0.5033023233220482,
            "global_efficiency": 2.041350653787606
        },
        {
            "clustering": 0.6044940281004866,
            "modularity": 0.016423145016426062,
            "average_degree": 94.56207513087035,
            "degree_std": 0.8401038456920554,
            "average_shortest_path": 0.5216820290120224,
            "global_efficiency": 1.9647649023304563
        },
        {
            "clustering": 0.5764255383503208,
            "modularity": 0.017030887971618808,
            "average_degree": 92.4652760430604,
            "degree_std": 1.0829373220320195,
            "average_shortest_path": 0.5323560609306683,
            "global_efficiency": 1.924898065917257
        },
        {
            "clustering": 0.5583865091743878,
            "modularity": 0.021709368045794555,
            "average_degree": 91.57258009047949,
            "degree_std": 0.8182077436229694,
            "average_shortest_path": 0.5370705991949862,
            "global_efficiency": 1.905579467527289
        },
        {
            "clustering": 0.5912086152785739,
            "modularity": 0.015759422103760502,
            "average_degree": 102.451279842032,
            "degree_std": 0.7808073272886296,
            "average_shortest_path": 0.4800331486161541,
            "global_efficiency": 2.1455062134379754
        },
        {
            "clustering": 0.5780043935499578,
            "modularity": 0.01573821098702778,
            "average_degree": 101.15891422839267,
            "degree_std": 0.83217408773066,
            "average_shortest_path": 0.48777553946606445,
            "global_efficiency": 2.1062891768291085
        },
        {
            "clustering": 0.5698959819672543,
            "modularity": 0.016545980356114466,
            "average_degree": 102.2427447437137,
            "degree_std": 0.926563885097089,
            "average_shortest_path": 0.48106510611699627,
            "global_efficiency": 2.144984450613585
        }
    ],
    "4": [
        {
            "clustering": 0.6015306727493092,
            "modularity": 0.016635925147677685,
            "average_degree": 96.91237623417277,
            "degree_std": 0.8094530758386602,
            "average_shortest_path": 0.5097320699312914,
            "global_efficiency": 2.014656570819153
        },
        {
            "clustering": 0.6423171607636594,
            "modularity": 0.014440299424019623,
            "average_degree": 107.40677550991694,
            "degree_std": 0.723148321968422,
            "average_shortest_path": 0.4558223185148663,
            "global_efficiency": 2.25784344914407
        },
        {
            "clustering": 0.6323997620068427,
            "modularity": 0.014962423299781782,
            "average_degree": 108.93618122679922,
            "degree_std": 0.7402976932601065,
            "average_shortest_path": 0.4482915206599776,
            "global_efficiency": 2.2964812169208306
        },
        {
            "clustering": 0.5959389238672161,
            "modularity": 0.017587932040421903,
            "average_degree": 93.26288017483749,
            "degree_std": 0.8274159146262535,
            "average_shortest_path": 0.5286264963534345,
            "global_efficiency": 1.9375667632743427
        },
        {
            "clustering": 0.609968026440403,
            "modularity": 0.014965108614197751,
            "average_degree": 108.62407900510922,
            "degree_std": 0.7860044410374706,
            "average_shortest_path": 0.4474696114541218,
            "global_efficiency": 2.308386182990818
        },
        {
            "clustering": 0.5406518369783371,
            "modularity": 0.018637376941926576,
            "average_degree": 97.45308033399216,
            "degree_std": 0.9684048416571047,
            "average_shortest_path": 0.5056679527811019,
            "global_efficiency": 2.0358707343353917
        },
        {
            "clustering": 0.549660664107725,
            "modularity": 0.015980140953084865,
            "average_degree": 98.34506750668166,
            "degree_std": 0.763594228143718,
            "average_shortest_path": 0.5024608353478106,
            "global_efficiency": 2.040443852817253
        },
        {
            "clustering": 0.5812465625470088,
            "modularity": 0.016166435079143476,
            "average_degree": 90.38257462569818,
            "degree_std": 0.7397727665452198,
            "average_shortest_path": 0.5434050033624851,
            "global_efficiency": 1.877773512724189
        },
        {
            "clustering": 0.5721694532175985,
            "modularity": 0.017612713404887383,
            "average_degree": 100.81964461960635,
            "degree_std": 0.8289704130575056,
            "average_shortest_path": 0.48532392597558,
            "global_efficiency": 2.1322031273132906
        },
        {
            "clustering": 0.5910107161667938,
            "modularity": 0.015411724172633486,
            "average_degree": 98.69977906789488,
            "degree_std": 0.9612040937466634,
            "average_shortest_path": 0.5008260040452993,
            "global_efficiency": 2.0448496494450765
        },
        {
            "clustering": 0.5973081512715135,
            "modularity": 0.0169351529151363,
            "average_degree": 102.50147300342834,
            "degree_std": 0.9064202469857866,
            "average_shortest_path": 0.48043207712139596,
            "global_efficiency": 2.146330784389454
        },
        {
            "clustering": 0.6380534374078053,
            "modularity": 0.014648311784922822,
            "average_degree": 98.12433503580189,
            "degree_std": 0.7679412242645566,
            "average_shortest_path": 0.5040567433748093,
            "global_efficiency": 2.0300612000340807
        }
    ],
    "5": [
        {
            "clustering": 0.5802166552357071,
            "modularity": 0.01598213088497275,
            "average_degree": 98.80301115978328,
            "degree_std": 0.905426612791704,
            "average_shortest_path": 0.49967011069684236,
            "global_efficiency": 2.0557067490628973
        },
        {
            "clustering": 0.6096173490429907,
            "modularity": 0.01590561823325926,
            "average_degree": 104.24612362288269,
            "degree_std": 0.6749325115229744,
            "average_shortest_path": 0.4702960985445361,
            "global_efficiency": 2.195882348992952
        },
        {
            "clustering": 0.6082621393424118,
            "modularity": 0.014395847673005542,
            "average_degree": 96.49210859866744,
            "degree_std": 0.7971750393675078,
            "average_shortest_path": 0.5123337488422725,
            "global_efficiency": 1.9917487607146358
        },
        {
            "clustering": 0.6038966196547549,
            "modularity": 0.016053861296606062,
            "average_degree": 97.04321998482304,
            "degree_std": 1.0558187944505402,
            "average_shortest_path": 0.5089392586564708,
            "global_efficiency": 2.015119333957302
        },
        {
            "clustering": 0.6053843207633481,
            "modularity": 0.0160320124219177,
            "average_degree": 101.82659833540458,
            "degree_std": 0.9623274919317468,
            "average_shortest_path": 0.48322115016189043,
            "global_efficiency": 2.1327964593623956
        },
        {
            "clustering": 0.6610917260725173,
            "modularity": 0.012321509412024584,
            "average_degree": 104.92580739193826,
            "degree_std": 0.671050325333676,
            "average_shortest_path": 0.4699239951261156,
            "global_efficiency": 2.169926380278405
        },
        {
            "clustering": 0.5479682085967906,
            "modularity": 0.015582517987760718,
            "average_degree": 102.88224849181192,
            "degree_std": 0.7117531749557073,
            "average_shortest_path": 0.4792519128719019,
            "global_efficiency": 2.145472853475218
        },
        {
            "clustering": 0.5952961495271777,
            "modularity": 0.015041016632243056,
            "average_degree": 108.17997091532726,
            "degree_std": 0.929029098026577,
            "average_shortest_path": 0.4511051237954416,
            "global_efficiency": 2.28579834048097
        },
        {
            "clustering": 0.6328671902755448,
            "modularity": 0.015877116918074814,
            "average_degree": 101.91740439501955,
            "degree_std": 0.828118005809927,
            "average_shortest_path": 0.4842622381965262,
            "global_efficiency": 2.1220371807881193
        },
        {
            "clustering": 0.5632424190232532,
            "modularity": 0.016024549221718195,
            "average_degree": 91.91366612495163,
            "degree_std": 0.8293649724323753,
            "average_shortest_path": 0.5356509140185667,
            "global_efficiency": 1.9038585137444668
        },
        {
            "clustering": 0.5571845212754185,
            "modularity": 0.018328417589338807,
            "average_degree": 89.19022917606343,
            "degree_std": 0.8996164561109267,
            "average_shortest_path": 0.5492485989749433,
            "global_efficiency": 1.8616179704407547
        },
        {
            "clustering": 0.5949992660002458,
            "modularity": 0.017249730398395544,
            "average_degree": 103.35880193445878,
            "degree_std": 0.8744210147862969,
            "average_shortest_path": 0.4757055401073445,
            "global_efficiency": 2.167112298036433
        }
    ],
    "6": [
        {
            "clustering": 0.5561993311393152,
            "modularity": 0.017395410490906482,
            "average_degree": 95.68948935198696,
            "degree_std": 0.7939653818614786,
            "average_shortest_path": 0.5165280973789673,
            "global_efficiency": 1.9825387578415319
        },
        {
            "clustering": 0.5943890466087419,
            "modularity": 0.015011849571605134,
            "average_degree": 100.87467988165113,
            "degree_std": 0.7333259843813077,
            "average_shortest_path": 0.49013884372601674,
            "global_efficiency": 2.086966929546967
        },
        {
            "clustering": 0.6079129425549175,
            "modularity": 0.01589401299368508,
            "average_degree": 105.48483313007601,
            "degree_std": 0.9656251932125496,
            "average_shortest_path": 0.46404864430048576,
            "global_efficiency": 2.2234476069008027
        },
        {
            "clustering": 0.5947914090630261,
            "modularity": 0.01652654268642296,
            "average_degree": 97.2757970119331,
            "degree_std": 0.7964170089808484,
            "average_shortest_path": 0.5081871658123471,
            "global_efficiency": 2.016400207240707
        },
        {
            "clustering": 0.5995331717531558,
            "modularity": 0.015363436926697152,
            "average_degree": 96.20132018923296,
            "degree_std": 0.9469538198062031,
            "average_shortest_path": 0.5137067210863349,
            "global_efficiency": 1.9926929432588867
        },
        {
            "clustering": 0.6034265564853803,
            "modularity": 0.014414771183815943,
            "average_degree": 96.85622639453642,
            "degree_std": 0.8467079531121102,
            "average_shortest_path": 0.5105531164620094,
            "global_efficiency": 2.0015084723243772
        },
        {
            "clustering": 0.6151372878967142,
            "modularity": 0.015544258188980083,
            "average_degree": 101.94354156237104,
            "degree_std": 0.8074211508186532,
            "average_shortest_path": 0.48323551522475056,
            "global_efficiency": 2.1316567684533725
        },
        {
            "clustering": 0.5546191530813934,
            "modularity": 0.01668137945127031,
            "average_degree": 93.016528546155,
            "degree_std": 1.0887601682269756,
            "average_shortest_path": 0.5297496282951619,
            "global_efficiency": 1.9306090315947437
        },
        {
            "clustering": 0.5871871281063751,
            "modularity": 0.01768042712462925,
            "average_degree": 93.58979597748667,
            "degree_std": 0.7886630311051505,
            "average_shortest_path": 0.5266756820175167,
            "global_efficiency": 1.94457020129783
        },
        {
            "clustering": 0.6050947795203347,
            "modularity": 0.014876422763055324,
            "average_degree": 105.75432325742372,
            "degree_std": 0.7597289330834552,
            "average_shortest_path": 0.46352520216583254,
            "global_efficiency": 2.224928765036231
        },
        {
            "clustering": 0.5733794241649434,
            "modularity": 0.014837900635413112,
            "average_degree": 102.72638136370371,
            "degree_std": 0.6982537790126535,
            "average_shortest_path": 0.47954848989644416,
            "global_efficiency": 2.1424663169919196
        },
        {
            "clustering": 0.5972666715239524,
            "modularity": 0.015542295571698013,
            "average_degree": 105.58935914326156,
            "degree_std": 0.912060775527958,
            "average_shortest_path": 0.4652093833399461,
            "global_efficiency": 2.2126562782443036
        }
    ],
    "7": [
        {
            "clustering": 0.5716600107906302,
            "modularity": 0.01685647024943348,
            "average_degree": 95.97987653969554,
            "degree_std": 0.8691078293168569,
            "average_shortest_path": 0.5140922091376017,
            "global_efficiency": 1.9974039555885836
        },
        {
            "clustering": 0.5728375414300522,
            "modularity": 0.01712605698665709,
            "average_degree": 84.78604061931492,
            "degree_std": 0.8409727964760837,
            "average_shortest_path": 0.5717268923373134,
            "global_efficiency": 1.7840614349383799
        },
        {
            "clustering": 0.532653026255641,
            "modularity": 0.016984863648879942,
            "average_degree": 102.69015033167942,
            "degree_std": 0.9539994606269911,
            "average_shortest_path": 0.47616987806718536,
            "global_efficiency": 2.1723382869319705
        },
        {
            "clustering": 0.5885769850212836,
            "modularity": 0.01747599915796721,
            "average_degree": 87.69758715485018,
            "degree_std": 0.7921676991145659,
            "average_shortest_path": 0.5569626206252855,
            "global_efficiency": 1.8330133115884877
        },
        {
            "clustering": 0.5721593079641015,
            "modularity": 0.017443713295873697,
            "average_degree": 93.82932923351456,
            "degree_std": 0.8957131177200337,
            "average_shortest_path": 0.5253155936394301,
            "global_efficiency": 1.9531586119547246
        },
        {
            "clustering": 0.5659777952967758,
            "modularity": 0.017237299967048182,
            "average_degree": 96.58173982300497,
            "degree_std": 0.8069532561859017,
            "average_shortest_path": 0.510589300305474,
            "global_efficiency": 2.012591168101818
        },
        {
            "clustering": 0.5488572288110404,
            "modularity": 0.016071876669272213,
            "average_degree": 98.0423199286099,
            "degree_std": 0.7209952064977966,
            "average_shortest_path": 0.5043190424373466,
            "global_efficiency": 2.0324940702053396
        },
        {
            "clustering": 0.5784191132973086,
            "modularity": 0.01706394492485566,
            "average_degree": 97.39900309788875,
            "degree_std": 0.8407079818342883,
            "average_shortest_path": 0.5077859273371975,
            "global_efficiency": 2.0187967881324393
        },
        {
            "clustering": 0.5509685517153153,
            "modularity": 0.017150541090046725,
            "average_degree": 99.98063684920717,
            "degree_std": 0.8800619607560238,
            "average_shortest_path": 0.4920147714453233,
            "global_efficiency": 2.0949306044938574
        },
        {
            "clustering": 0.5439110458059392,
            "modularity": 0.016493201301520977,
            "average_degree": 96.71922633389143,
            "degree_std": 0.7829612581550978,
            "average_shortest_path": 0.5099244550376477,
            "global_efficiency": 2.014697497124563
        },
        {
            "clustering": 0.5662345357149146,
            "modularity": 0.01725578152161233,
            "average_degree": 93.02034393655627,
            "degree_std": 0.9160420828456951,
            "average_shortest_path": 0.5298260850980344,
            "global_efficiency": 1.9343614219856364
        },
        {
            "clustering": 0.6093453963586708,
            "modularity": 0.015419486282549669,
            "average_degree": 98.1671998096002,
            "degree_std": 0.8045855548263038,
            "average_shortest_path": 0.5036281718554996,
            "global_efficiency": 2.0328957632147837
        }
    ],
    "8": [
        {
            "clustering": 0.5589335389023263,
            "modularity": 0.015413862852378113,
            "average_degree": 102.26448539970404,
            "degree_std": 0.8926430233203277,
            "average_shortest_path": 0.48193410957940475,
            "global_efficiency": 2.1338505806386476
        },
        {
            "clustering": 0.5339612866914525,
            "modularity": 0.01785284834931023,
            "average_degree": 95.59566117719434,
            "degree_std": 0.9593150023011202,
            "average_shortest_path": 0.5154398512697872,
            "global_efficiency": 1.9951043294935462
        },
        {
            "clustering": 0.603816346111811,
            "modularity": 0.0145595771649547,
            "average_degree": 106.3100437180296,
            "degree_std": 0.7400283976916295,
            "average_shortest_path": 0.4617212882432745,
            "global_efficiency": 2.226889893238828
        },
        {
            "clustering": 0.5921988202700436,
            "modularity": 0.01643972243163211,
            "average_degree": 97.23252567101164,
            "degree_std": 0.8055281262191627,
            "average_shortest_path": 0.5083284912465742,
            "global_efficiency": 2.015832240340765
        },
        {
            "clustering": 0.6077179001977993,
            "modularity": 0.01428226039201935,
            "average_degree": 104.91427464795208,
            "degree_std": 0.8401249055306573,
            "average_shortest_path": 0.4691731600141224,
            "global_efficiency": 2.1892710656626377
        },
        {
            "clustering": 0.5858424695510301,
            "modularity": 0.01712539539450068,
            "average_degree": 100.08163946999085,
            "degree_std": 0.7828290625268438,
            "average_shortest_path": 0.4927158868954313,
            "global_efficiency": 2.0902054498331903
        },
        {
            "clustering": 0.5881496918030114,
            "modularity": 0.014958589204415463,
            "average_degree": 110.19448713879511,
            "degree_std": 0.9870914621745389,
            "average_shortest_path": 0.4407054134431829,
            "global_efficiency": 2.3421405933746016
        },
        {
            "clustering": 0.589531853013183,
            "modularity": 0.016815560998420916,
            "average_degree": 97.03554344622304,
            "degree_std": 0.8363305350500925,
            "average_shortest_path": 0.5093422418995328,
            "global_efficiency": 2.0126136454744183
        },
        {
            "clustering": 0.6203308247511706,
            "modularity": 0.015852391074271353,
            "average_degree": 97.65091859229427,
            "degree_std": 0.7313318394537447,
            "average_shortest_path": 0.5060428662174373,
            "global_efficiency": 2.026540378831573
        },
        {
            "clustering": 0.57270034434029,
            "modularity": 0.017679585458024977,
            "average_degree": 95.82086615032492,
            "degree_std": 0.8822128162388418,
            "average_shortest_path": 0.5139681245244234,
            "global_efficiency": 2.001945850369018
        },
        {
            "clustering": 0.6001229798904336,
            "modularity": 0.014861262780118812,
            "average_degree": 104.7040823995945,
            "degree_std": 0.8442665600322838,
            "average_shortest_path": 0.4693560041047268,
            "global_efficiency": 2.192247011968854
        },
        {
            "clustering": 0.6116087660013999,
            "modularity": 0.014704699189937845,
            "average_degree": 108.9628757081123,
            "degree_std": 0.832086667695513,
            "average_shortest_path": 0.44662620203651926,
            "global_efficiency": 2.3111206396803867
        }
    ],
    "9": [
        {
            "clustering": 0.6050072502399029,
            "modularity": 0.016026220320215213,
            "average_degree": 98.5072741815462,
            "degree_std": 0.7430241764773379,
            "average_shortest_path": 0.5016296885855165,
            "global_efficiency": 2.0427848534634645
        },
        {
            "clustering": 0.6073405633559352,
            "modularity": 0.016827159610214856,
            "average_degree": 93.4076137405268,
            "degree_std": 0.7949419035233259,
            "average_shortest_path": 0.5275381964495559,
            "global_efficiency": 1.9449445403215386
        },
        {
            "clustering": 0.5760046218245873,
            "modularity": 0.01892199522141463,
            "average_degree": 102.42083746049902,
            "degree_std": 0.7927608933092142,
            "average_shortest_path": 0.4805333573870167,
            "global_efficiency": 2.1401756227517343
        },
        {
            "clustering": 0.5801205745981711,
            "modularity": 0.017415175307837715,
            "average_degree": 97.92369792238549,
            "degree_std": 1.109669997660125,
            "average_shortest_path": 0.502513409474795,
            "global_efficiency": 2.0527414541472697
        },
        {
            "clustering": 0.5528317882377077,
            "modularity": 0.01680501408683268,
            "average_degree": 102.74827020309667,
            "degree_std": 0.8138646604725929,
            "average_shortest_path": 0.4787022817556128,
            "global_efficiency": 2.1539187627764633
        },
        {
            "clustering": 0.5155498176286956,
            "modularity": 0.017535042846800134,
            "average_degree": 88.12004187465062,
            "degree_std": 0.7848647384064757,
            "average_shortest_path": 0.5549108305533728,
            "global_efficiency": 1.8375429655633218
        },
        {
            "clustering": 0.629600269745853,
            "modularity": 0.014545426608747802,
            "average_degree": 107.19361792955519,
            "degree_std": 0.7141771262181648,
            "average_shortest_path": 0.4580659016242833,
            "global_efficiency": 2.2394291831303144
        },
        {
            "clustering": 0.5345224314090419,
            "modularity": 0.01678511984410616,
            "average_degree": 90.31185486038805,
            "degree_std": 0.7163146695268064,
            "average_shortest_path": 0.5435300515574023,
            "global_efficiency": 1.8756660510806376
        },
        {
            "clustering": 0.5720347151634569,
            "modularity": 0.01641730563508841,
            "average_degree": 95.52475109301838,
            "degree_std": 0.9353351016582673,
            "average_shortest_path": 0.5160742496288007,
            "global_efficiency": 1.9919228102807904
        },
        {
            "clustering": 0.5643165946535537,
            "modularity": 0.018957832391555587,
            "average_degree": 92.07778555471978,
            "degree_std": 1.0532732201770114,
            "average_shortest_path": 0.5345531091913441,
            "global_efficiency": 1.919201213943564
        },
        {
            "clustering": 0.555828554599363,
            "modularity": 0.01649964339622199,
            "average_degree": 91.28858749192821,
            "degree_std": 0.8062639798345382,
            "average_shortest_path": 0.5386821938485127,
            "global_efficiency": 1.8942645265344034
        },
        {
            "clustering": 0.5684187844348181,
            "modularity": 0.0165290500790369,
            "average_degree": 98.25832618456437,
            "degree_std": 1.0326166937657606,
            "average_shortest_path": 0.5015576456658103,
            "global_efficiency": 2.0529072518760527
        }
    ],
    "10": [
        {
            "clustering": 0.6050367542718631,
            "modularity": 0.013325173574467958,
            "average_degree": 100.28890191828604,
            "degree_std": 0.73180655053561,
            "average_shortest_path": 0.4932030030906685,
            "global_efficiency": 2.069958590431397
        },
        {
            "clustering": 0.553938283828865,
            "modularity": 0.01756671297752415,
            "average_degree": 95.4213716832995,
            "degree_std": 0.884249491939159,
            "average_shortest_path": 0.516796934406465,
            "global_efficiency": 1.9876298671925696
        },
        {
            "clustering": 0.5611823729089166,
            "modularity": 0.017472232879954957,
            "average_degree": 102.78182534257687,
            "degree_std": 0.9158678484539963,
            "average_shortest_path": 0.47601458619294773,
            "global_efficiency": 2.1720630620257992
        },
        {
            "clustering": 0.63919061924552,
            "modularity": 0.0148785787246975,
            "average_degree": 105.78760744647089,
            "degree_std": 0.7534665718089358,
            "average_shortest_path": 0.4652378314122516,
            "global_efficiency": 2.2049289679736317
        },
        {
            "clustering": 0.5878931370639916,
            "modularity": 0.015514007574925572,
            "average_degree": 103.2409023388077,
            "degree_std": 0.7416517677837601,
            "average_shortest_path": 0.47639550122733526,
            "global_efficiency": 2.1613520146467367
        },
        {
            "clustering": 0.61257153811098,
            "modularity": 0.016029531341678806,
            "average_degree": 95.44775514622998,
            "degree_std": 0.6988742194008664,
            "average_shortest_path": 0.5176004712149895,
            "global_efficiency": 1.9737812812914637
        },
        {
            "clustering": 0.5412175935278511,
            "modularity": 0.01736017793706604,
            "average_degree": 92.51473184921642,
            "degree_std": 0.9759861921170192,
            "average_shortest_path": 0.5307744621789074,
            "global_efficiency": 1.9391370152094005
        },
        {
            "clustering": 0.6074651655475037,
            "modularity": 0.014930442948190254,
            "average_degree": 100.32965047650596,
            "degree_std": 0.8809334273244608,
            "average_shortest_path": 0.49230744902033,
            "global_efficiency": 2.085746102825585
        },
        {
            "clustering": 0.5876170944633775,
            "modularity": 0.015940504079942564,
            "average_degree": 101.59866648932956,
            "degree_std": 0.8129066100044658,
            "average_shortest_path": 0.4852324347708814,
            "global_efficiency": 2.1197858758817114
        },
        {
            "clustering": 0.568398231599556,
            "modularity": 0.015694022371949355,
            "average_degree": 98.04304952028542,
            "degree_std": 0.789442529173651,
            "average_shortest_path": 0.5031597108833477,
            "global_efficiency": 2.044985557478961
        },
        {
            "clustering": 0.4864658846652071,
            "modularity": 0.016376335632316788,
            "average_degree": 97.23313959760004,
            "degree_std": 0.8558549678772782,
            "average_shortest_path": 0.5077245913328099,
            "global_efficiency": 2.022930837580003
        },
        {
            "clustering": 0.5880235492989935,
            "modularity": 0.016594491100903597,
            "average_degree": 101.63164740541751,
            "degree_std": 0.819087140407179,
            "average_shortest_path": 0.4842593259790558,
            "global_efficiency": 2.1294625624655814
        }
    ],
    "11": [
        {
            "clustering": 0.6340433183054724,
            "modularity": 0.015831965455816478,
            "average_degree": 104.81031498156666,
            "degree_std": 0.9016779173243515,
            "average_shortest_path": 0.468034365529415,
            "global_efficiency": 2.202090502257425
        },
        {
            "clustering": 0.5646405131341954,
            "modularity": 0.015853997029576804,
            "average_degree": 102.46069012798547,
            "degree_std": 0.9140108289420078,
            "average_shortest_path": 0.4796597177762294,
            "global_efficiency": 2.152462777782092
        },
        {
            "clustering": 0.6461176697319524,
            "modularity": 0.014608336201903944,
            "average_degree": 102.10560002447147,
            "degree_std": 0.9669362775302159,
            "average_shortest_path": 0.4841734200845688,
            "global_efficiency": 2.1083033830734257
        },
        {
            "clustering": 0.5476538484399326,
            "modularity": 0.016656863470142072,
            "average_degree": 97.72270378733941,
            "degree_std": 0.6734945440067499,
            "average_shortest_path": 0.5053501864400282,
            "global_efficiency": 2.0320544262423144
        },
        {
            "clustering": 0.557314340409445,
            "modularity": 0.016592272927469464,
            "average_degree": 93.41254356725996,
            "degree_std": 0.8658737626652343,
            "average_shortest_path": 0.526858987904232,
            "global_efficiency": 1.9475927980361287
        },
        {
            "clustering": 0.5563705311852893,
            "modularity": 0.017281431476120046,
            "average_degree": 99.43386023648004,
            "degree_std": 0.7943756049393044,
            "average_shortest_path": 0.4955358787744737,
            "global_efficiency": 2.079165385463937
        },
        {
            "clustering": 0.5646327919870031,
            "modularity": 0.018606452034456183,
            "average_degree": 98.48090474190256,
            "degree_std": 0.9295959975146375,
            "average_shortest_path": 0.4976211123787485,
            "global_efficiency": 2.0784771301321516
        },
        {
            "clustering": 0.591849769570061,
            "modularity": 0.01673405015349292,
            "average_degree": 99.30112532674424,
            "degree_std": 0.7710492198359453,
            "average_shortest_path": 0.4972858134892363,
            "global_efficiency": 2.067821584768766
        },
        {
            "clustering": 0.5805323588003858,
            "modularity": 0.01751974581949197,
            "average_degree": 94.08091147591648,
            "degree_std": 0.9527149801538544,
            "average_shortest_path": 0.5239630776615276,
            "global_efficiency": 1.956909556736703
        },
        {
            "clustering": 0.6003911190018701,
            "modularity": 0.01645738068006294,
            "average_degree": 101.87764862121806,
            "degree_std": 0.8839589272481266,
            "average_shortest_path": 0.4838091647234109,
            "global_efficiency": 2.1276383854188543
        },
        {
            "clustering": 0.5747294309640529,
            "modularity": 0.017752849249659478,
            "average_degree": 93.80234477376564,
            "degree_std": 0.8042409076175935,
            "average_shortest_path": 0.5258478936618806,
            "global_efficiency": 1.9453891363475977
        },
        {
            "clustering": 0.5552704878580661,
            "modularity": 0.016896007599322006,
            "average_degree": 91.69139280689954,
            "degree_std": 0.6922223472316633,
            "average_shortest_path": 0.5367983073604298,
            "global_efficiency": 1.9002087478697138
        }
    ]
}