{
    "0": [
        {
            "clustering": 0.8835787131226036,
            "modularity": 0.034507262713047944,
            "average_degree": 21.504772228108195,
            "degree_std": 0.028350614514110934,
            "average_shortest_path": 0.16557305415471396,
            "global_efficiency": 6.2499688457360145,
            "characteristic_path_length": 0.16557305415471396
        },
        {
            "clustering": 0.14725313103010682,
            "modularity": 0.05567965784426018,
            "average_degree": 3.911564547025337,
            "degree_std": 0.15001349386180787,
            "average_shortest_path": 0.8524895978883251,
            "global_efficiency": 1.1732766949389695,
            "characteristic_path_length": 0.8524895978883251
        },
        {
            "clustering": 0.1329437313673661,
            "modularity": 0.06613450901756834,
            "average_degree": 3.5673809913329024,
            "degree_std": 0.5458137753207618,
            "average_shortest_path": 0.8660389191262766,
            "global_efficiency": 1.155626467213918,
            "characteristic_path_length": 0.8660389191262766
        },
        {
            "clustering": 0.7010577926331594,
            "modularity": 0.0426700121402494,
            "average_degree": 14.139774032936838,
            "degree_std": 0.26300201496345615,
            "average_shortest_path": 0.45600093513727186,
            "global_efficiency": 2.222002331135503,
            "characteristic_path_length": 0.45600093513727186
        },
        {
            "clustering": 0.85893328816821,
            "modularity": 0.03483763833064688,
            "average_degree": 19.05256379018858,
            "degree_std": 0.06415458585771078,
            "average_shortest_path": 0.2652970995505651,
            "global_efficiency": 3.8112555606618277,
            "characteristic_path_length": 0.2652970995505651
        },
        {
            "clustering": 0.04853675468978203,
            "modularity": 0.10706887945387247,
            "average_degree": 1.349938409348688,
            "degree_std": 0.3509672438475484,
            "average_shortest_path": 0.9511388538645223,
            "global_efficiency": 1.0514119826711918,
            "characteristic_path_length": 0.9511388538645223
        },
        {
            "clustering": 0.0836929471138074,
            "modularity": 0.07608358646479017,
            "average_degree": 2.2692546135715386,
            "degree_std": 0.3161701314106527,
            "average_shortest_path": 0.9161677050568505,
            "global_efficiency": 1.091548647009637,
            "characteristic_path_length": 0.9161677050568505
        },
        {
            "clustering": 0.7663441165404303,
            "modularity": 0.035226241387054935,
            "average_degree": 15.804319777594355,
            "degree_std": 0.3109604450169566,
            "average_shortest_path": 0.3902467377483845,
            "global_efficiency": 2.596426092600556,
            "characteristic_path_length": 0.3902467377483845
        },
        {
            "clustering": 0.04802391739017828,
            "modularity": 0.11764795840629136,
            "average_degree": 1.348189662722143,
            "degree_std": 0.2745610602827376,
            "average_shortest_path": 0.9514126932361311,
            "global_efficiency": 1.0511439526160125,
            "characteristic_path_length": 0.9514126932361311
        },
        {
            "clustering": 0.2229827669392684,
            "modularity": 0.05398290078177767,
            "average_degree": 5.897776885234489,
            "degree_std": 0.5384181316328122,
            "average_shortest_path": 0.7765095115120554,
            "global_efficiency": 1.2890261336540623,
            "characteristic_path_length": 0.7765095115120554
        },
        {
            "clustering": 0.756774857548218,
            "modularity": 0.037510608731779305,
            "average_degree": 16.465034374104288,
            "degree_std": 0.20140094684613916,
            "average_shortest_path": 0.3655919692913691,
            "global_efficiency": 2.7789253680995003,
            "characteristic_path_length": 0.3655919692913691
        },
        {
            "clustering": 0.40274367586982024,
            "modularity": 0.0545508239006833,
            "average_degree": 8.694624524765386,
            "degree_std": 0.8495164852435094,
            "average_shortest_path": 0.6682586284208143,
            "global_efficiency": 1.5154201899487847,
            "characteristic_path_length": 0.6682586284208143
        }
    ],
    "1": [
        {
            "clustering": 0.8813589067250895,
            "modularity": 0.034753499851962084,
            "average_degree": 20.083452209339885,
            "degree_std": 0.03791509903154915,
            "average_shortest_path": 0.22546576698621115,
            "global_efficiency": 4.49009242866488,
            "characteristic_path_length": 0.22546576698621115
        },
        {
            "clustering": 0.8493914189800071,
            "modularity": 0.0358269896336416,
            "average_degree": 19.25552646766737,
            "degree_std": 0.10724612926767944,
            "average_shortest_path": 0.2579765870173772,
            "global_efficiency": 3.9465840869338407,
            "characteristic_path_length": 0.2579765870173772
        },
        {
            "clustering": 0.8526729413916659,
            "modularity": 0.0353509722024095,
            "average_degree": 18.775722156868724,
            "degree_std": 0.0989040742619199,
            "average_shortest_path": 0.27634180754423143,
            "global_efficiency": 3.6612893032503817,
            "characteristic_path_length": 0.27634180754423143
        },
        {
            "clustering": 0.8587635650676971,
            "modularity": 0.03511980079514762,
            "average_degree": 19.016174718247203,
            "degree_std": 0.10504824163654464,
            "average_shortest_path": 0.2667760808269183,
            "global_efficiency": 3.80644851156929,
            "characteristic_path_length": 0.2667760808269183
        },
        {
            "clustering": 0.8289098366942619,
            "modularity": 0.03963491829973772,
            "average_degree": 18.189359184609202,
            "degree_std": 0.19291879292224212,
            "average_shortest_path": 0.29964395334323246,
            "global_efficiency": 3.421891891658989,
            "characteristic_path_length": 0.29964395334323246
        },
        {
            "clustering": 0.802567384440523,
            "modularity": 0.03692265718463505,
            "average_degree": 17.254117394791393,
            "degree_std": 0.2331064667505534,
            "average_shortest_path": 0.33553313225507736,
            "global_efficiency": 3.0305288169692655,
            "characteristic_path_length": 0.33553313225507736
        },
        {
            "clustering": 0.8508111423885683,
            "modularity": 0.03406114586324522,
            "average_degree": 19.077141009674815,
            "degree_std": 0.059610675630368364,
            "average_shortest_path": 0.2631675040721893,
            "global_efficiency": 3.8567168199996695,
            "characteristic_path_length": 0.2631675040721893
        },
        {
            "clustering": 0.8979053763269836,
            "modularity": 0.03380084805759244,
            "average_degree": 20.736097496853617,
            "degree_std": 0.020939298121224525,
            "average_shortest_path": 0.1995878920952479,
            "global_efficiency": 5.080109203223324,
            "characteristic_path_length": 0.1995878920952479
        },
        {
            "clustering": 0.6714650575809976,
            "modularity": 0.04670737007755116,
            "average_degree": 12.353410098658351,
            "degree_std": 0.40551815720826734,
            "average_shortest_path": 0.526541609019041,
            "global_efficiency": 1.9176509849345853,
            "characteristic_path_length": 0.526541609019041
        },
        {
            "clustering": 0.6607715838415738,
            "modularity": 0.03394288498852781,
            "average_degree": 10.931572324739244,
            "degree_std": 0.5264692241948113,
            "average_shortest_path": 0.5775436423967282,
            "global_efficiency": 1.7446066888991076,
            "characteristic_path_length": 0.5775436423967282
        },
        {
            "clustering": 0.8127561220289446,
            "modularity": 0.037138258764638055,
            "average_degree": 17.480675388680247,
            "degree_std": 0.19615382972250536,
            "average_shortest_path": 0.32656506448984146,
            "global_efficiency": 3.112797986245864,
            "characteristic_path_length": 0.32656506448984146
        },
        {
            "clustering": 0.8593273622933407,
            "modularity": 0.024187285407674335,
            "average_degree": 15.942441997633724,
            "degree_std": 0.2052067921618573,
            "average_shortest_path": 0.37538764521479606,
            "global_efficiency": 2.6939301881468634,
            "characteristic_path_length": 0.37538764521479606
        }
    ],
    "2": [
        {
            "clustering": 0.8711335048793544,
            "modularity": 0.033945837216937905,
            "average_degree": 20.05648570667341,
            "degree_std": 0.07120923950111878,
            "average_shortest_path": 0.22584512422482173,
            "global_efficiency": 4.511636730455712,
            "characteristic_path_length": 0.22584512422482173
        },
        {
            "clustering": 0.8725676127641805,
            "modularity": 0.03781595435364638,
            "average_degree": 19.412182661400585,
            "degree_std": 0.12381695426905578,
            "average_shortest_path": 0.253452328145504,
            "global_efficiency": 4.016313390374211,
            "characteristic_path_length": 0.253452328145504
        },
        {
            "clustering": 0.880155431694048,
            "modularity": 0.03573122208419716,
            "average_degree": 20.138297544823434,
            "degree_std": 0.11962795442919552,
            "average_shortest_path": 0.2238695345322291,
            "global_efficiency": 4.56822407445163,
            "characteristic_path_length": 0.2238695345322291
        },
        {
            "clustering": 0.7594074568075362,
            "modularity": 0.0396325989663964,
            "average_degree": 14.689468488798884,
            "degree_std": 0.27344824824249686,
            "average_shortest_path": 0.43503945544362066,
            "global_efficiency": 2.3222679833782025,
            "characteristic_path_length": 0.43503945544362066
        },
        {
            "clustering": 0.83279751159612,
            "modularity": 0.03784521228521548,
            "average_degree": 17.522154563771036,
            "degree_std": 0.190466240214462,
            "average_shortest_path": 0.3260465834538142,
            "global_efficiency": 3.109105955474255,
            "characteristic_path_length": 0.3260465834538142
        },
        {
            "clustering": 0.15021678023741677,
            "modularity": 0.0793136675400782,
            "average_degree": 4.063050846547558,
            "degree_std": 0.8424149444575852,
            "average_shortest_path": 0.8475484385303874,
            "global_efficiency": 1.183616852274796,
            "characteristic_path_length": 0.8475484385303874
        },
        {
            "clustering": 0.9439991241631784,
            "modularity": 0.031154332381171147,
            "average_degree": 20.603614963398723,
            "degree_std": 0.2980268991576714,
            "average_shortest_path": 0.20229927221934,
            "global_efficiency": 4.975031797864825,
            "characteristic_path_length": 0.20229927221934
        },
        {
            "clustering": 0.583879555994417,
            "modularity": 0.05331419361800876,
            "average_degree": 9.191587691412714,
            "degree_std": 0.5825148638540053,
            "average_shortest_path": 0.647873712827762,
            "global_efficiency": 1.555405694771592,
            "characteristic_path_length": 0.647873712827762
        },
        {
            "clustering": 0.902776826174075,
            "modularity": 0.034621898839598465,
            "average_degree": 20.92812272440031,
            "degree_std": 0.07123383171892543,
            "average_shortest_path": 0.19298409163951874,
            "global_efficiency": 5.271202386732365,
            "characteristic_path_length": 0.19298409163951874
        },
        {
            "clustering": 0.8865457922662853,
            "modularity": 0.0338546479692675,
            "average_degree": 21.847923675881177,
            "degree_std": 0.048670984809932705,
            "average_shortest_path": 0.1549463195602099,
            "global_efficiency": 6.622801142006729,
            "characteristic_path_length": 0.1549463195602099
        },
        {
            "clustering": 0.8744768031355479,
            "modularity": 0.03420344004632448,
            "average_degree": 19.19813180576399,
            "degree_std": 0.06739433426279694,
            "average_shortest_path": 0.25923356384038926,
            "global_efficiency": 3.8922913900904073,
            "characteristic_path_length": 0.25923356384038926
        },
        {
            "clustering": 0.8679473019183561,
            "modularity": 0.0386667889615967,
            "average_degree": 19.956459704743175,
            "degree_std": 0.1302472109060206,
            "average_shortest_path": 0.23157914827267329,
            "global_efficiency": 4.4587073297437,
            "characteristic_path_length": 0.23157914827267329
        }
    ],
    "3": [
        {
            "clustering": 0.22072018022622772,
            "modularity": 0.05132670721925901,
            "average_degree": 5.82553043065287,
            "degree_std": 0.20761157796576954,
            "average_shortest_path": 0.778324456936031,
            "global_efficiency": 1.285913024748298,
            "characteristic_path_length": 0.778324456936031
        },
        {
            "clustering": 0.8919355358822165,
            "modularity": 0.03518145510989323,
            "average_degree": 21.038890992508676,
            "degree_std": 0.15282984590963777,
            "average_shortest_path": 0.18888392060995102,
            "global_efficiency": 5.351964333869675,
            "characteristic_path_length": 0.18888392060995102
        },
        {
            "clustering": 0.27280984476437614,
            "modularity": 0.07549643401227829,
            "average_degree": 7.284678774528874,
            "degree_std": 0.8558617955292418,
            "average_shortest_path": 0.7251061370698456,
            "global_efficiency": 1.386309800356312,
            "characteristic_path_length": 0.7251061370698456
        },
        {
            "clustering": 0.37213540715955346,
            "modularity": 0.11715986260284554,
            "average_degree": 6.891830999587401,
            "degree_std": 0.8867277208425108,
            "average_shortest_path": 0.743953075668281,
            "global_efficiency": 1.3733546049592853,
            "characteristic_path_length": 0.743953075668281
        },
        {
            "clustering": 0.11960431343464652,
            "modularity": 0.10388857611754773,
            "average_degree": 3.314567517737596,
            "degree_std": 0.8952734336499193,
            "average_shortest_path": 0.8768601630089992,
            "global_efficiency": 1.144706256029045,
            "characteristic_path_length": 0.8768601630089992
        },
        {
            "clustering": 0.6524289768192542,
            "modularity": 0.054081914949933654,
            "average_degree": 11.12980360458925,
            "degree_std": 0.254523153320925,
            "average_shortest_path": 0.5706134079645078,
            "global_efficiency": 1.804573100594484,
            "characteristic_path_length": 0.5706134079645078
        },
        {
            "clustering": 0.15125660608362224,
            "modularity": 0.08790803691873042,
            "average_degree": 4.10104298723556,
            "degree_std": 0.8617874191478095,
            "average_shortest_path": 0.8456421846595004,
            "global_efficiency": 1.18786624554067,
            "characteristic_path_length": 0.8456421846595004
        },
        {
            "clustering": 0.07418241102213213,
            "modularity": 0.07788170951319888,
            "average_degree": 2.0144449137679477,
            "degree_std": 0.5471036211815217,
            "average_shortest_path": 0.9253851382971152,
            "global_efficiency": 1.0808666854009092,
            "characteristic_path_length": 0.9253851382971152
        },
        {
            "clustering": 0.2873897744260234,
            "modularity": 0.1075455170267941,
            "average_degree": 4.288213430062606,
            "degree_std": 0.9774073753765015,
            "average_shortest_path": 0.8380602307859529,
            "global_efficiency": 1.2049448196315358,
            "characteristic_path_length": 0.8380602307859529
        },
        {
            "clustering": 0.31097318689797054,
            "modularity": 0.08370188336005858,
            "average_degree": 7.8228496042422195,
            "degree_std": 1.0547207462539783,
            "average_shortest_path": 0.7058047941180909,
            "global_efficiency": 1.446794696779146,
            "characteristic_path_length": 0.7058047941180909
        },
        {
            "clustering": 0.3460817635879958,
            "modularity": 0.12608502813468858,
            "average_degree": 6.234818448905571,
            "degree_std": 0.8835283710173121,
            "average_shortest_path": 0.7698729290612695,
            "global_efficiency": 1.320908073555269,
            "characteristic_path_length": 0.7698729290612695
        },
        {
            "clustering": 0.7720044722701697,
            "modularity": 0.05076839720750191,
            "average_degree": 16.05926133762434,
            "degree_std": 0.26345319518368626,
            "average_shortest_path": 0.385885647435983,
            "global_efficiency": 2.6458745279132785,
            "characteristic_path_length": 0.385885647435983
        }
    ],
    "4": [
        {
            "clustering": 0.1454037596739665,
            "modularity": 0.12448079203696076,
            "average_degree": 4.100376943547016,
            "degree_std": 0.49546784969343644,
            "average_shortest_path": 0.8503387645798224,
            "global_efficiency": 1.1792858191050448,
            "characteristic_path_length": 0.8503387645798224
        },
        {
            "clustering": 0.41603152612428945,
            "modularity": 0.052207289620708794,
            "average_degree": 8.248096420668736,
            "degree_std": 0.4815725279299413,
            "average_shortest_path": 0.6810142901477715,
            "global_efficiency": 1.4880543666182104,
            "characteristic_path_length": 0.6810142901477715
        },
        {
            "clustering": 0.20764424136226803,
            "modularity": 0.04247918065238345,
            "average_degree": 5.429067836158647,
            "degree_std": 0.39909900939991216,
            "average_shortest_path": 0.7911809162152652,
            "global_efficiency": 1.2655367779487983,
            "characteristic_path_length": 0.7911809162152652
        },
        {
            "clustering": 0.17363097467618424,
            "modularity": 0.055695066946465706,
            "average_degree": 4.589067091808392,
            "degree_std": 0.3057225915399986,
            "average_shortest_path": 0.8246980297124356,
            "global_efficiency": 1.213882618899396,
            "characteristic_path_length": 0.8246980297124356
        },
        {
            "clustering": 0.928311566508087,
            "modularity": 0.034444529050234686,
            "average_degree": 23.546493321762828,
            "degree_std": 0.24774567384346244,
            "average_shortest_path": 0.0909093842903773,
            "global_efficiency": 11.279932195338493,
            "characteristic_path_length": 0.0909093842903773
        },
        {
            "clustering": 0.38684794176269327,
            "modularity": 0.06771391957553656,
            "average_degree": 10.282168335967436,
            "degree_std": 0.7115329009915881,
            "average_shortest_path": 0.6107196627038562,
            "global_efficiency": 1.657232260645902,
            "characteristic_path_length": 0.6107196627038562
        },
        {
            "clustering": 0.786609189183018,
            "modularity": 0.05394013149495675,
            "average_degree": 15.58960793505743,
            "degree_std": 0.3462711781578762,
            "average_shortest_path": 0.4046979432801406,
            "global_efficiency": 2.516279816078447,
            "characteristic_path_length": 0.4046979432801406
        },
        {
            "clustering": 0.39394993630647407,
            "modularity": 0.12943292159294506,
            "average_degree": 11.201296723873092,
            "degree_std": 0.9380712441077108,
            "average_shortest_path": 0.5872904112748801,
            "global_efficiency": 1.8204757552029673,
            "characteristic_path_length": 0.5872904112748801
        },
        {
            "clustering": 0.1664650651039242,
            "modularity": 0.11549946629805789,
            "average_degree": 4.658973737002088,
            "degree_std": 0.862610846576942,
            "average_shortest_path": 0.8282043312390367,
            "global_efficiency": 1.2152174951665078,
            "characteristic_path_length": 0.8282043312390367
        },
        {
            "clustering": 0.756974478833677,
            "modularity": 0.061135879540832445,
            "average_degree": 16.49642742048338,
            "degree_std": 0.43329087701598845,
            "average_shortest_path": 0.37237499713897704,
            "global_efficiency": 2.810854233956383,
            "characteristic_path_length": 0.37237499713897704
        },
        {
            "clustering": 0.8397712446870377,
            "modularity": 0.04791978664509268,
            "average_degree": 19.15297346960142,
            "degree_std": 0.2774078697416519,
            "average_shortest_path": 0.2659260380268097,
            "global_efficiency": 3.939041797303126,
            "characteristic_path_length": 0.2659260380268097
        },
        {
            "clustering": 0.4278839383394217,
            "modularity": 0.046203736292906125,
            "average_degree": 11.211056581048034,
            "degree_std": 0.3936703612205076,
            "average_shortest_path": 0.5709313950725785,
            "global_efficiency": 1.762234558753541,
            "characteristic_path_length": 0.5709313950725785
        }
    ],
    "5": [
        {
            "clustering": 0.3146121738915386,
            "modularity": 0.0950946296158677,
            "average_degree": 8.603907216393127,
            "degree_std": 0.7750376908897075,
            "average_shortest_path": 0.6788347799246852,
            "global_efficiency": 1.4983917200157246,
            "characteristic_path_length": 0.6788347799246852
        },
        {
            "clustering": 0.5074821162089769,
            "modularity": 0.13460437185198726,
            "average_degree": 14.408045204632653,
            "degree_std": 0.9269214859808917,
            "average_shortest_path": 0.42926978287597495,
            "global_efficiency": 3.0522970817171573,
            "characteristic_path_length": 0.42926978287597495
        },
        {
            "clustering": 0.8962821534731864,
            "modularity": 0.03417969794934268,
            "average_degree": 22.17424541841581,
            "degree_std": 0.17981120107164988,
            "average_shortest_path": 0.14152795275052388,
            "global_efficiency": 7.266061502424751,
            "characteristic_path_length": 0.14152795275052388
        },
        {
            "clustering": 0.9110821637467708,
            "modularity": 0.03739220799967519,
            "average_degree": 22.42844697843626,
            "degree_std": 0.24345739997247093,
            "average_shortest_path": 0.13681190540393193,
            "global_efficiency": 7.671484602142338,
            "characteristic_path_length": 0.13681190540393193
        },
        {
            "clustering": 0.7077980797441283,
            "modularity": 0.039638862075695655,
            "average_degree": 15.386025576101092,
            "degree_std": 0.20430015335412857,
            "average_shortest_path": 0.407000298773249,
            "global_efficiency": 2.491201506607105,
            "characteristic_path_length": 0.407000298773249
        },
        {
            "clustering": 0.25829834105416793,
            "modularity": 0.04646207499843052,
            "average_degree": 6.749026471494435,
            "degree_std": 0.6050584502443905,
            "average_shortest_path": 0.739502479056567,
            "global_efficiency": 1.3611043890976091,
            "characteristic_path_length": 0.739502479056567
        },
        {
            "clustering": 0.48893304196389226,
            "modularity": 0.13092948494866744,
            "average_degree": 11.707870476671232,
            "degree_std": 1.0217583968599984,
            "average_shortest_path": 0.5580307504162192,
            "global_efficiency": 1.9631321165977784,
            "characteristic_path_length": 0.5580307504162192
        },
        {
            "clustering": 0.8176833038030997,
            "modularity": 0.04305619058837972,
            "average_degree": 18.900318638191965,
            "degree_std": 0.2292133409508421,
            "average_shortest_path": 0.27468390236298246,
            "global_efficiency": 3.7511417642823837,
            "characteristic_path_length": 0.27468390236298246
        },
        {
            "clustering": 0.9431782009097515,
            "modularity": 0.036279286069174486,
            "average_degree": 23.242968624935894,
            "degree_std": 0.3171076774309463,
            "average_shortest_path": 0.10520823538303375,
            "global_efficiency": 9.871876724928518,
            "characteristic_path_length": 0.10520823538303375
        },
        {
            "clustering": 0.8725868563067622,
            "modularity": 0.04267111491677139,
            "average_degree": 22.20309297453001,
            "degree_std": 0.3590766844105198,
            "average_shortest_path": 0.14738407909870146,
            "global_efficiency": 7.6185852451703235,
            "characteristic_path_length": 0.14738407909870146
        },
        {
            "clustering": 0.6725079488499424,
            "modularity": 0.08301575591518288,
            "average_degree": 17.93178969989851,
            "degree_std": 0.5200917804615904,
            "average_shortest_path": 0.3034957798818747,
            "global_efficiency": 4.24169507050153,
            "characteristic_path_length": 0.3034957798818747
        },
        {
            "clustering": 0.11438513428758668,
            "modularity": 0.10386873709454394,
            "average_degree": 3.1703950746885674,
            "degree_std": 0.5114173919137206,
            "average_shortest_path": 0.8834907515014553,
            "global_efficiency": 1.133185657621168,
            "characteristic_path_length": 0.8834907515014553
        }
    ],
    "6": [
        {
            "clustering": 0.2086607719099681,
            "modularity": 0.07384921873123931,
            "average_degree": 5.549358173140063,
            "degree_std": 0.3787767916434235,
            "average_shortest_path": 0.7894389359848295,
            "global_efficiency": 1.2691759600624333,
            "characteristic_path_length": 0.7894389359848295
        },
        {
            "clustering": 0.8241402621962726,
            "modularity": 0.03657438695505766,
            "average_degree": 21.085579828129557,
            "degree_std": 0.13472358384045113,
            "average_shortest_path": 0.17835771759351093,
            "global_efficiency": 6.247004669743316,
            "characteristic_path_length": 0.17835771759351093
        },
        {
            "clustering": 0.7862497105850683,
            "modularity": 0.05744777486952044,
            "average_degree": 19.570964006291177,
            "degree_std": 0.4069371669651526,
            "average_shortest_path": 0.2534723726908366,
            "global_efficiency": 4.471389648144698,
            "characteristic_path_length": 0.2534723726908366
        },
        {
            "clustering": 0.2807897191540914,
            "modularity": 0.12974014743548767,
            "average_degree": 7.941307009245938,
            "degree_std": 0.6056012906289333,
            "average_shortest_path": 0.7088652615337742,
            "global_efficiency": 1.4368190635402216,
            "characteristic_path_length": 0.7088652615337742
        },
        {
            "clustering": 0.7121269416761163,
            "modularity": 0.07234910483929644,
            "average_degree": 18.963398181305674,
            "degree_std": 0.5021514077427867,
            "average_shortest_path": 0.2599610689282417,
            "global_efficiency": 5.043108434037418,
            "characteristic_path_length": 0.2599610689282417
        },
        {
            "clustering": 0.7094287415747597,
            "modularity": 0.07092298616823947,
            "average_degree": 18.42975630532339,
            "degree_std": 0.4590467565266263,
            "average_shortest_path": 0.2944684875011444,
            "global_efficiency": 4.041292740673113,
            "characteristic_path_length": 0.2944684875011444
        },
        {
            "clustering": 0.6390285509432965,
            "modularity": 0.04575034088813164,
            "average_degree": 15.992481217437161,
            "degree_std": 0.40507552691960763,
            "average_shortest_path": 0.3826529351373514,
            "global_efficiency": 2.6841353509164403,
            "characteristic_path_length": 0.3826529351373514
        },
        {
            "clustering": 0.8913599196656999,
            "modularity": 0.03437381921900583,
            "average_degree": 22.51913807760313,
            "degree_std": 0.16255758773934484,
            "average_shortest_path": 0.12752408891916275,
            "global_efficiency": 8.224605110521663,
            "characteristic_path_length": 0.12752408891916275
        },
        {
            "clustering": 0.17403046573336844,
            "modularity": 0.04671378872776152,
            "average_degree": 4.57235939426042,
            "degree_std": 0.298456421892667,
            "average_shortest_path": 0.8245345691662623,
            "global_efficiency": 1.21401731290183,
            "characteristic_path_length": 0.8245345691662623
        },
        {
            "clustering": 0.5594253351274926,
            "modularity": 0.12344954618647457,
            "average_degree": 15.119625361667422,
            "degree_std": 0.5570199844252725,
            "average_shortest_path": 0.41777464541296166,
            "global_efficiency": 3.0122214824843048,
            "characteristic_path_length": 0.41777464541296166
        },
        {
            "clustering": 0.8871441580580958,
            "modularity": 0.043524766249849,
            "average_degree": 22.685276507244854,
            "degree_std": 0.35280100422744737,
            "average_shortest_path": 0.1267429808775584,
            "global_efficiency": 9.327922725240745,
            "characteristic_path_length": 0.1267429808775584
        },
        {
            "clustering": 0.26844827125715826,
            "modularity": 0.13124479374995449,
            "average_degree": 7.672233485772012,
            "degree_std": 0.7423461958219855,
            "average_shortest_path": 0.7199353342423092,
            "global_efficiency": 1.4162840479924073,
            "characteristic_path_length": 0.7199353342423092
        }
    ],
    "7": [
        {
            "clustering": 0.8834483541883371,
            "modularity": 0.03690060961956585,
            "average_degree": 22.154396687851694,
            "degree_std": 0.23192244571963144,
            "average_shortest_path": 0.14014746407667797,
            "global_efficiency": 7.655686948373753,
            "characteristic_path_length": 0.14014746407667797
        },
        {
            "clustering": 0.6748219612663791,
            "modularity": 0.06173838774625004,
            "average_degree": 16.948747462139874,
            "degree_std": 0.47756360310977847,
            "average_shortest_path": 0.348445000598828,
            "global_efficiency": 3.1188770597762483,
            "characteristic_path_length": 0.348445000598828
        },
        {
            "clustering": 0.23809919226017534,
            "modularity": 0.06390892373432862,
            "average_degree": 6.330093749218358,
            "degree_std": 0.42154351054530614,
            "average_shortest_path": 0.7611995551216447,
            "global_efficiency": 1.315037791744199,
            "characteristic_path_length": 0.7611995551216447
        },
        {
            "clustering": 0.44604853961761587,
            "modularity": 0.13698217391558337,
            "average_degree": 12.7696587379805,
            "degree_std": 1.018079194171818,
            "average_shortest_path": 0.5308436338860884,
            "global_efficiency": 2.2001575272221974,
            "characteristic_path_length": 0.5308436338860884
        },
        {
            "clustering": 0.19729200124790935,
            "modularity": 0.08240588118842335,
            "average_degree": 5.3363799536756416,
            "degree_std": 0.5153120379096696,
            "average_shortest_path": 0.8008026371874257,
            "global_efficiency": 1.2512625542673557,
            "characteristic_path_length": 0.8008026371874257
        },
        {
            "clustering": 0.7717429065382998,
            "modularity": 0.05083527859078482,
            "average_degree": 15.964842610464839,
            "degree_std": 0.2456520372451829,
            "average_shortest_path": 0.3886239819228649,
            "global_efficiency": 2.631029967139152,
            "characteristic_path_length": 0.3886239819228649
        },
        {
            "clustering": 0.5782292012389841,
            "modularity": 0.031290410655853605,
            "average_degree": 12.365749971323385,
            "degree_std": 0.7998408107815258,
            "average_shortest_path": 0.5144839994338993,
            "global_efficiency": 1.9996323637075253,
            "characteristic_path_length": 0.5144839994338993
        },
        {
            "clustering": 0.16192226997761405,
            "modularity": 0.08462837121600944,
            "average_degree": 4.3872296287647625,
            "degree_std": 0.3485464001411773,
            "average_shortest_path": 0.8368154771541898,
            "global_efficiency": 1.196206291546186,
            "characteristic_path_length": 0.8368154771541898
        },
        {
            "clustering": 0.6349407149243261,
            "modularity": 0.04164796200733113,
            "average_degree": 15.29990723441675,
            "degree_std": 0.45608234552313515,
            "average_shortest_path": 0.39569023437798023,
            "global_efficiency": 2.6952689146826785,
            "characteristic_path_length": 0.39569023437798023
        },
        {
            "clustering": 0.48348160120390044,
            "modularity": 0.1384767849589686,
            "average_degree": 13.780807640307321,
            "degree_std": 0.8079742493565638,
            "average_shortest_path": 0.46687876674036183,
            "global_efficiency": 2.7544150950494344,
            "characteristic_path_length": 0.46687876674036183
        },
        {
            "clustering": 0.522036823238166,
            "modularity": 0.12697946054570888,
            "average_degree": 13.679580278523936,
            "degree_std": 0.8671727872917682,
            "average_shortest_path": 0.48857980694401704,
            "global_efficiency": 2.443248926830168,
            "characteristic_path_length": 0.48857980694401704
        },
        {
            "clustering": 0.14002790690602987,
            "modularity": 0.1227370571241469,
            "average_degree": 3.9294529983184474,
            "degree_std": 0.43337661328031235,
            "average_shortest_path": 0.8566034655406172,
            "global_efficiency": 1.169876612692602,
            "characteristic_path_length": 0.8566034655406172
        }
    ],
    "8": [
        {
            "clustering": 0.7790246734404538,
            "modularity": 0.04042427620185994,
            "average_degree": 19.240966254578378,
            "degree_std": 0.3298976235629648,
            "average_shortest_path": 0.25801562269528705,
            "global_efficiency": 4.05843898714048,
            "characteristic_path_length": 0.25801562269528705
        },
        {
            "clustering": 0.7311065156442578,
            "modularity": 0.035385673498138946,
            "average_degree": 17.060892100439816,
            "degree_std": 0.17165799611631097,
            "average_shortest_path": 0.33954362124204635,
            "global_efficiency": 3.001057155730294,
            "characteristic_path_length": 0.33954362124204635
        },
        {
            "clustering": 0.7514338137679798,
            "modularity": 0.03949422745969673,
            "average_degree": 16.208405510292796,
            "degree_std": 0.22650116077830865,
            "average_shortest_path": 0.37612667828798296,
            "global_efficiency": 2.693126058620663,
            "characteristic_path_length": 0.37612667828798296
        },
        {
            "clustering": 0.19985812246965318,
            "modularity": 0.09844750363317134,
            "average_degree": 5.418224013277068,
            "degree_std": 0.6232120382403332,
            "average_shortest_path": 0.7973336584192111,
            "global_efficiency": 1.2590670768732175,
            "characteristic_path_length": 0.7973336584192111
        },
        {
            "clustering": 0.5698251373933253,
            "modularity": 0.11622559868704978,
            "average_degree": 12.17901046668805,
            "degree_std": 0.808400844492526,
            "average_shortest_path": 0.5454838266574188,
            "global_efficiency": 1.9482903617294374,
            "characteristic_path_length": 0.5454838266574188
        },
        {
            "clustering": 0.6388592388902959,
            "modularity": 0.04965386251475826,
            "average_degree": 15.843266225211991,
            "degree_std": 0.20116722123501918,
            "average_shortest_path": 0.3914699998497963,
            "global_efficiency": 2.6043517224435457,
            "characteristic_path_length": 0.3914699998497963
        },
        {
            "clustering": 0.11222004849151021,
            "modularity": 0.10631752961976423,
            "average_degree": 3.0888573815968994,
            "degree_std": 0.3527677115962062,
            "average_shortest_path": 0.886668713926659,
            "global_efficiency": 1.1284390402506836,
            "characteristic_path_length": 0.886668713926659
        },
        {
            "clustering": 0.3758961353935877,
            "modularity": 0.050836197260849515,
            "average_degree": 9.880623934172764,
            "degree_std": 0.34575660866034674,
            "average_shortest_path": 0.6232530720075313,
            "global_efficiency": 1.6085290803262626,
            "characteristic_path_length": 0.6232530720075313
        },
        {
            "clustering": 0.7356702023948217,
            "modularity": 0.04450621158975777,
            "average_degree": 13.676755848132743,
            "degree_std": 0.23167676677847468,
            "average_shortest_path": 0.47460956009505634,
            "global_efficiency": 2.1260564730789375,
            "characteristic_path_length": 0.47460956009505634
        },
        {
            "clustering": 0.5946014878852739,
            "modularity": 0.09541160840858752,
            "average_degree": 14.005505252586154,
            "degree_std": 0.8044245283853964,
            "average_shortest_path": 0.47479991473257543,
            "global_efficiency": 2.3008118354444966,
            "characteristic_path_length": 0.47479991473257543
        },
        {
            "clustering": 0.3506192428344723,
            "modularity": 0.06270275874245766,
            "average_degree": 9.284167141073121,
            "degree_std": 0.37048497504763767,
            "average_shortest_path": 0.6481108587337379,
            "global_efficiency": 1.5483205406569602,
            "characteristic_path_length": 0.6481108587337379
        },
        {
            "clustering": 0.22642882492748068,
            "modularity": 0.10040633462548867,
            "average_degree": 6.202886368387117,
            "degree_std": 0.5402453075171924,
            "average_shortest_path": 0.769619458849514,
            "global_efficiency": 1.305638758685265,
            "characteristic_path_length": 0.769619458849514
        }
    ],
    "9": [
        {
            "clustering": 0.8703783083895444,
            "modularity": 0.03349932568144541,
            "average_degree": 20.992716127739694,
            "degree_std": 0.1879839352981089,
            "average_shortest_path": 0.18619389047225315,
            "global_efficiency": 5.50200802531882,
            "characteristic_path_length": 0.18619389047225315
        },
        {
            "clustering": 0.1734664350776612,
            "modularity": 0.07001674821464016,
            "average_degree": 4.62825671139799,
            "degree_std": 0.40434150425663123,
            "average_shortest_path": 0.825636112961735,
            "global_efficiency": 1.212154118090323,
            "characteristic_path_length": 0.825636112961735
        },
        {
            "clustering": 0.7939710533443372,
            "modularity": 0.03706743797544724,
            "average_degree": 18.939249595509317,
            "degree_std": 0.17978956287337744,
            "average_shortest_path": 0.2693131809433301,
            "global_efficiency": 3.7893357086789234,
            "characteristic_path_length": 0.2693131809433301
        },
        {
            "clustering": 0.3980945603479291,
            "modularity": 0.13648034299507192,
            "average_degree": 11.059745564141048,
            "degree_std": 1.2301498648622848,
            "average_shortest_path": 0.5898449087276155,
            "global_efficiency": 1.818463891039506,
            "characteristic_path_length": 0.5898449087276155
        },
        {
            "clustering": 0.23540155413564218,
            "modularity": 0.0820449586025931,
            "average_degree": 6.327717348613515,
            "degree_std": 0.43759710728457984,
            "average_shortest_path": 0.7628001979871685,
            "global_efficiency": 1.314528062551135,
            "characteristic_path_length": 0.7628001979871685
        },
        {
            "clustering": 0.9455933277706764,
            "modularity": 0.03341229198715916,
            "average_degree": 23.68170029054716,
            "degree_std": 0.2669155596698234,
            "average_shortest_path": 0.08519391765197118,
            "global_efficiency": 11.951739341824672,
            "characteristic_path_length": 0.08519391765197118
        },
        {
            "clustering": 0.5235740993965226,
            "modularity": 0.06680878994388983,
            "average_degree": 8.908207311087025,
            "degree_std": 0.4545345898819399,
            "average_shortest_path": 0.6605499081043248,
            "global_efficiency": 1.5279057109377352,
            "characteristic_path_length": 0.6605499081043248
        },
        {
            "clustering": 0.7757291899580804,
            "modularity": 0.03592189526742968,
            "average_degree": 16.749083180533198,
            "degree_std": 0.19938694849389457,
            "average_shortest_path": 0.3534065387149652,
            "global_efficiency": 2.860851022761386,
            "characteristic_path_length": 0.3534065387149652
        },
        {
            "clustering": 0.7566176712442708,
            "modularity": 0.038052469748371426,
            "average_degree": 13.796705545835867,
            "degree_std": 0.4207524108198071,
            "average_shortest_path": 0.468002231094027,
            "global_efficiency": 2.1497350189808953,
            "characteristic_path_length": 0.468002231094027
        },
        {
            "clustering": 0.15323336844394214,
            "modularity": 0.05907268389763339,
            "average_degree": 4.079412005149497,
            "degree_std": 0.24884930135037361,
            "average_shortest_path": 0.8464761656438653,
            "global_efficiency": 1.1815911750389037,
            "characteristic_path_length": 0.8464761656438653
        },
        {
            "clustering": 0.4935578817670102,
            "modularity": 0.06484177701732408,
            "average_degree": 12.453358921163453,
            "degree_std": 0.7102027990999766,
            "average_shortest_path": 0.5124778649707635,
            "global_efficiency": 2.084160086370129,
            "characteristic_path_length": 0.5124778649707635
        },
        {
            "clustering": 0.5954790584746643,
            "modularity": 0.043249751056237434,
            "average_degree": 15.013009047561063,
            "degree_std": 0.34875971219851454,
            "average_shortest_path": 0.4128742581109206,
            "global_efficiency": 2.588932772079451,
            "characteristic_path_length": 0.4128742581109206
        }
    ],
    "10": [
        {
            "clustering": 0.6598666116535079,
            "modularity": 0.04379444838129894,
            "average_degree": 15.267559804969205,
            "degree_std": 0.2939722278307824,
            "average_shortest_path": 0.41034682986636956,
            "global_efficiency": 2.488266762604784,
            "characteristic_path_length": 0.41034682986636956
        },
        {
            "clustering": 0.9121473584306576,
            "modularity": 0.03355780911506907,
            "average_degree": 22.074745408402233,
            "degree_std": 0.27274528300998635,
            "average_shortest_path": 0.1473433075348536,
            "global_efficiency": 6.865905673479675,
            "characteristic_path_length": 0.1473433075348536
        },
        {
            "clustering": 0.4360211798144283,
            "modularity": 0.06577559575029823,
            "average_degree": 11.548619324040338,
            "degree_std": 0.5387348559141643,
            "average_shortest_path": 0.560701006498936,
            "global_efficiency": 1.8072333921722243,
            "characteristic_path_length": 0.560701006498936
        },
        {
            "clustering": 0.8757379325794687,
            "modularity": 0.03514699693586914,
            "average_degree": 20.00047163377836,
            "degree_std": 0.3317752909179396,
            "average_shortest_path": 0.22815875242153805,
            "global_efficiency": 4.4429733430536205,
            "characteristic_path_length": 0.22815875242153805
        },
        {
            "clustering": 0.7749076298788807,
            "modularity": 0.0522958894321434,
            "average_degree": 17.91160890112951,
            "degree_std": 0.816974336593226,
            "average_shortest_path": 0.31277938817938167,
            "global_efficiency": 3.409678403412023,
            "characteristic_path_length": 0.31277938817938167
        },
        {
            "clustering": 0.8628615865081848,
            "modularity": 0.03456244033517282,
            "average_degree": 22.279626983509807,
            "degree_std": 0.21775029744053562,
            "average_shortest_path": 0.13598808666070303,
            "global_efficiency": 8.376599962635549,
            "characteristic_path_length": 0.13598808666070303
        },
        {
            "clustering": 0.9392800841955932,
            "modularity": 0.03377767073935431,
            "average_degree": 23.12900318752363,
            "degree_std": 0.2743632752161061,
            "average_shortest_path": 0.10708634634812673,
            "global_efficiency": 9.475360154134945,
            "characteristic_path_length": 0.10708634634812673
        },
        {
            "clustering": 0.9202932385834269,
            "modularity": 0.03378177590010374,
            "average_degree": 22.603371003971844,
            "degree_std": 0.3819399727636248,
            "average_shortest_path": 0.12672779629627864,
            "global_efficiency": 7.966829662367706,
            "characteristic_path_length": 0.12672779629627864
        },
        {
            "clustering": 0.8599044791707682,
            "modularity": 0.03502697539811543,
            "average_degree": 18.981865571842935,
            "degree_std": 0.2202336128018383,
            "average_shortest_path": 0.2678027445077896,
            "global_efficiency": 3.7538558986425437,
            "characteristic_path_length": 0.2678027445077896
        },
        {
            "clustering": 0.9122102673105005,
            "modularity": 0.03362497012076821,
            "average_degree": 21.16454215417936,
            "degree_std": 0.2319656227283968,
            "average_shortest_path": 0.18275380333264668,
            "global_efficiency": 5.509312000263645,
            "characteristic_path_length": 0.18275380333264668
        },
        {
            "clustering": 0.815766613679327,
            "modularity": 0.03625218507071601,
            "average_degree": 17.921369998560696,
            "degree_std": 0.41030234070455485,
            "average_shortest_path": 0.3087410047153632,
            "global_efficiency": 3.2689408125656843,
            "characteristic_path_length": 0.3087410047153632
        },
        {
            "clustering": 0.8306362504620418,
            "modularity": 0.04321501283793766,
            "average_degree": 15.463487688408641,
            "degree_std": 0.7113503213776864,
            "average_shortest_path": 0.4056410985191663,
            "global_efficiency": 2.502671470422142,
            "characteristic_path_length": 0.4056410985191663
        }
    ],
    "11": [
        {
            "clustering": 0.8832456854114461,
            "modularity": 0.03535138357912099,
            "average_degree": 22.041519731388835,
            "degree_std": 0.4372226474287353,
            "average_shortest_path": 0.14646692981322607,
            "global_efficiency": 6.999594158323602,
            "characteristic_path_length": 0.14646692981322607
        },
        {
            "clustering": 0.9081533459919762,
            "modularity": 0.03772016149390672,
            "average_degree": 21.140994305716305,
            "degree_std": 0.5445178032626918,
            "average_shortest_path": 0.18604796305298804,
            "global_efficiency": 5.5240424441453895,
            "characteristic_path_length": 0.18604796305298804
        },
        {
            "clustering": 0.7443779869645476,
            "modularity": 0.03846252597857631,
            "average_degree": 13.577535091691388,
            "degree_std": 0.46780479766180116,
            "average_shortest_path": 0.4773797350106482,
            "global_efficiency": 2.1064693768269662,
            "characteristic_path_length": 0.4773797350106482
        },
        {
            "clustering": 0.8024109753142511,
            "modularity": 0.039324984514224594,
            "average_degree": 18.7871568180187,
            "degree_std": 0.29633405299205273,
            "average_shortest_path": 0.27604783753554024,
            "global_efficiency": 3.702453231075712,
            "characteristic_path_length": 0.27604783753554024
        },
        {
            "clustering": 0.7275941791315826,
            "modularity": 0.03775358904795145,
            "average_degree": 17.04574446569517,
            "degree_std": 0.31349920185344915,
            "average_shortest_path": 0.3418900283674399,
            "global_efficiency": 2.970868526486849,
            "characteristic_path_length": 0.3418900283674399
        },
        {
            "clustering": 0.8588432462976303,
            "modularity": 0.03411539688770701,
            "average_degree": 21.4268600572212,
            "degree_std": 0.26783379718175926,
            "average_shortest_path": 0.1708624545733134,
            "global_efficiency": 5.989677409855614,
            "characteristic_path_length": 0.1708624545733134
        },
        {
            "clustering": 0.7367952997504645,
            "modularity": 0.042635726192877685,
            "average_degree": 16.38052677010812,
            "degree_std": 0.6626291148501533,
            "average_shortest_path": 0.3660380008320014,
            "global_efficiency": 2.7905117519069025,
            "characteristic_path_length": 0.3660380008320014
        },
        {
            "clustering": 0.9044016608858064,
            "modularity": 0.03389493668681211,
            "average_degree": 22.939600554810312,
            "degree_std": 0.29520133467986376,
            "average_shortest_path": 0.11329464316368103,
            "global_efficiency": 9.021796150508095,
            "characteristic_path_length": 0.11329464316368103
        },
        {
            "clustering": 0.850383418812842,
            "modularity": 0.03308571923943001,
            "average_degree": 21.536210924492625,
            "degree_std": 0.3556508141287738,
            "average_shortest_path": 0.15482849776744842,
            "global_efficiency": 6.997205096277193,
            "characteristic_path_length": 0.15482849776744842
        },
        {
            "clustering": 0.8650985930595131,
            "modularity": 0.03589120242571985,
            "average_degree": 21.21603358875349,
            "degree_std": 0.407781507313554,
            "average_shortest_path": 0.18058391233285268,
            "global_efficiency": 5.646487857542001,
            "characteristic_path_length": 0.18058391233285268
        },
        {
            "clustering": 0.814834019237872,
            "modularity": 0.04483336701008473,
            "average_degree": 18.323744091295374,
            "degree_std": 0.6790878210499262,
            "average_shortest_path": 0.29402587006489433,
            "global_efficiency": 3.516034874019047,
            "characteristic_path_length": 0.29402587006489433
        },
        {
            "clustering": 0.9374405441177039,
            "modularity": 0.034364826756792644,
            "average_degree": 23.73462105165556,
            "degree_std": 0.3216079603294854,
            "average_shortest_path": 0.08401541401942571,
            "global_efficiency": 12.101645307820895,
            "characteristic_path_length": 0.08401541401942571
        }
    ]
}