{
    "0": [
        {
            "clustering": 0.7971241667376815,
            "modularity": 0.012594853768125528,
            "average_degree": 55.26415810998718,
            "degree_std": 0.07571353516150134,
            "average_shortest_path": 0.29128648143106345,
            "global_efficiency": 3.4363357087423143,
            "characteristic_path_length": 0.29128648143106345
        },
        {
            "clustering": 0.15153189348705087,
            "modularity": 0.015711106050119238,
            "average_degree": 11.847418182824846,
            "degree_std": 0.03894884691673495,
            "average_shortest_path": 0.8484303585257128,
            "global_efficiency": 1.1786802320994976,
            "characteristic_path_length": 0.8484303585257128
        },
        {
            "clustering": 0.1363424880153927,
            "modularity": 0.01911423542847046,
            "average_degree": 10.679725327074454,
            "degree_std": 0.3672734420602715,
            "average_shortest_path": 0.8634691865134049,
            "global_efficiency": 1.158317836108195,
            "characteristic_path_length": 0.8634691865134049
        },
        {
            "clustering": 0.6795201746601159,
            "modularity": 0.014676938567558266,
            "average_degree": 39.14392222622332,
            "degree_std": 0.2200267721856972,
            "average_shortest_path": 0.49824309735339306,
            "global_efficiency": 2.0095841982240255,
            "characteristic_path_length": 0.49824309735339306
        },
        {
            "clustering": 0.8388978064394952,
            "modularity": 0.012800437455857485,
            "average_degree": 54.335504490481036,
            "degree_std": 0.07236341654350427,
            "average_shortest_path": 0.3032491592434442,
            "global_efficiency": 3.300154270425042,
            "characteristic_path_length": 0.3032491592434442
        },
        {
            "clustering": 0.05649322639104126,
            "modularity": 0.020101738516691666,
            "average_degree": 4.435787116817428,
            "degree_std": 0.20310326683128732,
            "average_shortest_path": 0.9434628146866203,
            "global_efficiency": 1.059935648077042,
            "characteristic_path_length": 0.9434628146866203
        },
        {
            "clustering": 0.12073075011228064,
            "modularity": 0.016177841884568958,
            "average_degree": 9.448289747766207,
            "degree_std": 0.18183220616815773,
            "average_shortest_path": 0.8792495518457116,
            "global_efficiency": 1.1373430745564332,
            "characteristic_path_length": 0.8792495518457116
        },
        {
            "clustering": 0.5591336369141462,
            "modularity": 0.013306904140155644,
            "average_degree": 32.048825110742264,
            "degree_std": 0.1821036255351652,
            "average_shortest_path": 0.589022456351935,
            "global_efficiency": 1.6985054554745116,
            "characteristic_path_length": 0.589022456351935
        },
        {
            "clustering": 0.04190107170092833,
            "modularity": 0.02728408518336008,
            "average_degree": 3.3021378869047844,
            "degree_std": 0.15834980419077163,
            "average_shortest_path": 0.9580304989250321,
            "global_efficiency": 1.0438175594615196,
            "characteristic_path_length": 0.9580304989250321
        },
        {
            "clustering": 0.24366667821596238,
            "modularity": 0.01693458520117435,
            "average_degree": 19.04888854167845,
            "degree_std": 0.39856612693252647,
            "average_shortest_path": 0.7562310361617515,
            "global_efficiency": 1.3226285268872675,
            "characteristic_path_length": 0.7562310361617515
        },
        {
            "clustering": 0.7314714210832797,
            "modularity": 0.013472878690649271,
            "average_degree": 46.37040449198524,
            "degree_std": 0.18239017617844314,
            "average_shortest_path": 0.4054766946605274,
            "global_efficiency": 2.470410360878622,
            "characteristic_path_length": 0.4054766946605274
        },
        {
            "clustering": 0.4172888700704941,
            "modularity": 0.017874966949115514,
            "average_degree": 21.546737365635305,
            "degree_std": 0.4931870521793478,
            "average_shortest_path": 0.7240725510005994,
            "global_efficiency": 1.3828599575226712,
            "characteristic_path_length": 0.7240725510005994
        }
    ],
    "1": [
        {
            "clustering": 0.8456633728113846,
            "modularity": 0.012607677345556298,
            "average_degree": 56.61599468143289,
            "degree_std": 0.060427259699347854,
            "average_shortest_path": 0.2739803666886775,
            "global_efficiency": 3.6525549749309008,
            "characteristic_path_length": 0.2739803666886775
        },
        {
            "clustering": 0.7969721637343157,
            "modularity": 0.013078631607339727,
            "average_degree": 53.610509862020656,
            "degree_std": 0.12687004702498178,
            "average_shortest_path": 0.31261633621733725,
            "global_efficiency": 3.2027807268400394,
            "characteristic_path_length": 0.31261633621733725
        },
        {
            "clustering": 0.8200574565217021,
            "modularity": 0.013044015800810878,
            "average_degree": 56.57992865787258,
            "degree_std": 0.10956352275965593,
            "average_shortest_path": 0.2745165595108731,
            "global_efficiency": 3.6479076916754436,
            "characteristic_path_length": 0.2745165595108731
        },
        {
            "clustering": 0.7159155222327919,
            "modularity": 0.012915071179378398,
            "average_degree": 45.853603550013254,
            "degree_std": 0.12122479467383994,
            "average_shortest_path": 0.4120084288302791,
            "global_efficiency": 2.428579927851015,
            "characteristic_path_length": 0.4120084288302791
        },
        {
            "clustering": 0.72067140063573,
            "modularity": 0.013945107787076565,
            "average_degree": 46.89108307953339,
            "degree_std": 0.19364611086957026,
            "average_shortest_path": 0.39888664631406007,
            "global_efficiency": 2.51070008924505,
            "characteristic_path_length": 0.39888664631406007
        },
        {
            "clustering": 0.7332203471286685,
            "modularity": 0.013639742014579268,
            "average_degree": 46.750711462361714,
            "degree_std": 0.218718330350478,
            "average_shortest_path": 0.4006348931251612,
            "global_efficiency": 2.4989528042674483,
            "characteristic_path_length": 0.4006348931251612
        },
        {
            "clustering": 0.8461785194660834,
            "modularity": 0.012850904365743139,
            "average_degree": 56.036838492437084,
            "degree_std": 0.08323755908489965,
            "average_shortest_path": 0.2812987241896553,
            "global_efficiency": 3.560499454022047,
            "characteristic_path_length": 0.2812987241896553
        },
        {
            "clustering": 0.8383367712463585,
            "modularity": 0.012358670699062215,
            "average_degree": 61.96116396323761,
            "degree_std": 0.06383193491541926,
            "average_shortest_path": 0.20522571057183076,
            "global_efficiency": 4.880491857416949,
            "characteristic_path_length": 0.20522571057183076
        },
        {
            "clustering": 0.6527494862802137,
            "modularity": 0.015930495159792772,
            "average_degree": 35.5953066210037,
            "degree_std": 0.36452296333983736,
            "average_shortest_path": 0.5439358167477609,
            "global_efficiency": 1.8404583647291046,
            "characteristic_path_length": 0.5439358167477609
        },
        {
            "clustering": 0.7178180823903553,
            "modularity": 0.012877188691429486,
            "average_degree": 35.33316318713559,
            "degree_std": 0.3421737399023762,
            "average_shortest_path": 0.5468241033728043,
            "global_efficiency": 1.8298431608261756,
            "characteristic_path_length": 0.5468241033728043
        },
        {
            "clustering": 0.6868094044983307,
            "modularity": 0.013863895200894849,
            "average_degree": 44.29939529690209,
            "degree_std": 0.1948422427038193,
            "average_shortest_path": 0.4320529943060891,
            "global_efficiency": 2.316825363377124,
            "characteristic_path_length": 0.4320529943060891
        },
        {
            "clustering": 0.661549319654375,
            "modularity": 0.01127920573976325,
            "average_degree": 46.08700369282536,
            "degree_std": 0.14730995768169575,
            "average_shortest_path": 0.4076781433307383,
            "global_efficiency": 2.459270925702321,
            "characteristic_path_length": 0.4076781433307383
        }
    ],
    "2": [
        {
            "clustering": 0.8023664472503016,
            "modularity": 0.012594268611009622,
            "average_degree": 55.098341987925934,
            "degree_std": 0.09821948836622071,
            "average_shortest_path": 0.2934257675545393,
            "global_efficiency": 3.4113423609060995,
            "characteristic_path_length": 0.2934257675545393
        },
        {
            "clustering": 0.799923985974039,
            "modularity": 0.013462159183092308,
            "average_degree": 51.497938091526024,
            "degree_std": 0.13140634611541746,
            "average_shortest_path": 0.3398422898797246,
            "global_efficiency": 2.9450438775764156,
            "characteristic_path_length": 0.3398422898797246
        },
        {
            "clustering": 0.7684212212872418,
            "modularity": 0.01293478685434253,
            "average_degree": 53.04862522269558,
            "degree_std": 0.11969536231133049,
            "average_shortest_path": 0.3197978609690337,
            "global_efficiency": 3.1301831444556396,
            "characteristic_path_length": 0.3197978609690337
        },
        {
            "clustering": 0.7273115221343516,
            "modularity": 0.01439664254155193,
            "average_degree": 43.61177060475931,
            "degree_std": 0.2816172840669438,
            "average_shortest_path": 0.4409477473099755,
            "global_efficiency": 2.271239445894084,
            "characteristic_path_length": 0.4409477473099755
        },
        {
            "clustering": 0.737539872629654,
            "modularity": 0.013625845714638093,
            "average_degree": 46.502642945457055,
            "degree_std": 0.18379843166670126,
            "average_shortest_path": 0.40386872334750806,
            "global_efficiency": 2.478100556833133,
            "characteristic_path_length": 0.40386872334750806
        },
        {
            "clustering": 0.1611683284707822,
            "modularity": 0.025510395959068337,
            "average_degree": 12.643707836547769,
            "degree_std": 0.6020854644387366,
            "average_shortest_path": 0.8384228972846363,
            "global_efficiency": 1.1934264776802441,
            "characteristic_path_length": 0.8384228972846363
        },
        {
            "clustering": 0.8946562248177414,
            "modularity": 0.012187771671360103,
            "average_degree": 61.2152633934395,
            "degree_std": 0.22040608091626676,
            "average_shortest_path": 0.21462858494266776,
            "global_efficiency": 4.6647862661239765,
            "characteristic_path_length": 0.21462858494266776
        },
        {
            "clustering": 0.5629607281634937,
            "modularity": 0.018059061566924287,
            "average_degree": 27.518836470621213,
            "degree_std": 0.489950027180157,
            "average_shortest_path": 0.6474104874111045,
            "global_efficiency": 1.5459204645238542,
            "characteristic_path_length": 0.6474104874111045
        },
        {
            "clustering": 0.8644663328027814,
            "modularity": 0.012650788198023677,
            "average_degree": 60.05932604921662,
            "degree_std": 0.08335082469014525,
            "average_shortest_path": 0.2298415063059827,
            "global_efficiency": 4.354950764079778,
            "characteristic_path_length": 0.2298415063059827
        },
        {
            "clustering": 0.8593622390955884,
            "modularity": 0.012401045927452246,
            "average_degree": 59.185145114957756,
            "degree_std": 0.026018971209833142,
            "average_shortest_path": 0.24090958696803408,
            "global_efficiency": 4.15439978727207,
            "characteristic_path_length": 0.24090958696803408
        },
        {
            "clustering": 0.7639792164803795,
            "modularity": 0.012615000166227583,
            "average_degree": 54.59888270500752,
            "degree_std": 0.10350217615926287,
            "average_shortest_path": 0.29979299934694237,
            "global_efficiency": 3.3392152563592674,
            "characteristic_path_length": 0.29979299934694237
        },
        {
            "clustering": 0.8186879527534527,
            "modularity": 0.013586124476591329,
            "average_degree": 57.79314545884095,
            "degree_std": 0.13439242753808792,
            "average_shortest_path": 0.2590666348630243,
            "global_efficiency": 3.873637959728155,
            "characteristic_path_length": 0.2590666348630243
        }
    ],
    "3": [
        {
            "clustering": 0.27959716191515294,
            "modularity": 0.015818734830511598,
            "average_degree": 21.844834960494165,
            "degree_std": 0.1012781084951503,
            "average_shortest_path": 0.7202841019488317,
            "global_efficiency": 1.3885699098275441,
            "characteristic_path_length": 0.7202841019488317
        },
        {
            "clustering": 0.8567340821959392,
            "modularity": 0.012869560785110205,
            "average_degree": 56.89725095849867,
            "degree_std": 0.07681421513116753,
            "average_shortest_path": 0.27038532756243516,
            "global_efficiency": 3.7007979908095483,
            "characteristic_path_length": 0.27038532756243516
        },
        {
            "clustering": 0.25981637019125214,
            "modularity": 0.027448839074685386,
            "average_degree": 13.302737083451362,
            "degree_std": 0.4723056780088951,
            "average_shortest_path": 0.829963795365583,
            "global_efficiency": 1.2054266011099537,
            "characteristic_path_length": 0.829963795365583
        },
        {
            "clustering": 0.3613925256327883,
            "modularity": 0.03836415330930361,
            "average_degree": 18.496899349886124,
            "degree_std": 0.8001753263258483,
            "average_shortest_path": 0.7641834668892135,
            "global_efficiency": 1.3128827076989475,
            "characteristic_path_length": 0.7641834668892135
        },
        {
            "clustering": 0.37851571992917254,
            "modularity": 0.015333187840134597,
            "average_degree": 29.55684687607034,
            "degree_std": 0.5173436588862915,
            "average_shortest_path": 0.6213292136472622,
            "global_efficiency": 1.610664137645925,
            "characteristic_path_length": 0.6213292136472622
        },
        {
            "clustering": 0.6393391189732023,
            "modularity": 0.016299473157765077,
            "average_degree": 33.92163053105157,
            "degree_std": 0.23573805059942676,
            "average_shortest_path": 0.5650187153655651,
            "global_efficiency": 1.7782439823040725,
            "characteristic_path_length": 0.5650187153655651
        },
        {
            "clustering": 0.12762976693367648,
            "modularity": 0.039152797764427594,
            "average_degree": 10.054740988866147,
            "degree_std": 0.6303024665653444,
            "average_shortest_path": 0.8715958172598474,
            "global_efficiency": 1.148436499461783,
            "characteristic_path_length": 0.8715958172598474
        },
        {
            "clustering": 0.12373725267125793,
            "modularity": 0.01615272887193422,
            "average_degree": 9.67987373821314,
            "degree_std": 0.34583327467816566,
            "average_shortest_path": 0.8761987649716895,
            "global_efficiency": 1.141344191457841,
            "characteristic_path_length": 0.8761987649716895
        },
        {
            "clustering": 0.5084917075038669,
            "modularity": 0.023731299711273458,
            "average_degree": 20.33792988028786,
            "degree_std": 0.6120961326076354,
            "average_shortest_path": 0.7395604423723096,
            "global_efficiency": 1.3533894779489133,
            "characteristic_path_length": 0.7395604423723096
        },
        {
            "clustering": 0.32233312222582367,
            "modularity": 0.02362653516445716,
            "average_degree": 23.358360471003362,
            "degree_std": 0.7824917619368631,
            "average_shortest_path": 0.7009741029727243,
            "global_efficiency": 1.4321327653646114,
            "characteristic_path_length": 0.7009741029727243
        },
        {
            "clustering": 0.31114209085866174,
            "modularity": 0.04470374543605227,
            "average_degree": 15.359480895040557,
            "degree_std": 0.7699052277537493,
            "average_shortest_path": 0.8043713066785938,
            "global_efficiency": 1.2463922790115114,
            "characteristic_path_length": 0.8043713066785938
        },
        {
            "clustering": 0.7603366509970952,
            "modularity": 0.016233696457612502,
            "average_degree": 45.77058643106076,
            "degree_std": 0.2935368376877005,
            "average_shortest_path": 0.4137205083740548,
            "global_efficiency": 2.423429167606671,
            "characteristic_path_length": 0.4137205083740548
        }
    ],
    "4": [
        {
            "clustering": 0.15561789667010167,
            "modularity": 0.031974936396926515,
            "average_degree": 12.26465650182118,
            "degree_std": 0.4329284129427269,
            "average_shortest_path": 0.843783444583191,
            "global_efficiency": 1.185680554017448,
            "characteristic_path_length": 0.843783444583191
        },
        {
            "clustering": 0.48298541750298907,
            "modularity": 0.018504698704182625,
            "average_degree": 28.094073654012366,
            "degree_std": 0.35620434119660566,
            "average_shortest_path": 0.6394875924560955,
            "global_efficiency": 1.5674288836616148,
            "characteristic_path_length": 0.6394875924560955
        },
        {
            "clustering": 0.30067033586922653,
            "modularity": 0.013461920402427554,
            "average_degree": 23.460693567718124,
            "degree_std": 0.23154815133676412,
            "average_shortest_path": 0.6991988679739444,
            "global_efficiency": 1.4305540342018614,
            "characteristic_path_length": 0.6991988679739444
        },
        {
            "clustering": 0.24808649432393182,
            "modularity": 0.016737873896691527,
            "average_degree": 19.38609585196721,
            "degree_std": 0.1517324861756343,
            "average_shortest_path": 0.7517161753118042,
            "global_efficiency": 1.3305891576494946,
            "characteristic_path_length": 0.7517161753118042
        },
        {
            "clustering": 0.8437092492302418,
            "modularity": 0.012429170374787833,
            "average_degree": 61.85635570082131,
            "degree_std": 0.08762546955898062,
            "average_shortest_path": 0.20667236790784158,
            "global_efficiency": 4.84359465500952,
            "characteristic_path_length": 0.20667236790784158
        },
        {
            "clustering": 0.33720320867598036,
            "modularity": 0.024325971149245975,
            "average_degree": 26.419283522237553,
            "degree_std": 0.6627675380211714,
            "average_shortest_path": 0.6622340562671549,
            "global_efficiency": 1.5133717242389575,
            "characteristic_path_length": 0.6622340562671549
        },
        {
            "clustering": 0.7340002203100208,
            "modularity": 0.01779495155014421,
            "average_degree": 41.92568789251773,
            "degree_std": 0.3590961164741056,
            "average_shortest_path": 0.46308412736438354,
            "global_efficiency": 2.1643871998705637,
            "characteristic_path_length": 0.46308412736438354
        },
        {
            "clustering": 0.4161073331963623,
            "modularity": 0.032711609641213044,
            "average_degree": 32.83213405658743,
            "degree_std": 0.8430616497131094,
            "average_shortest_path": 0.5813656742560409,
            "global_efficiency": 1.7389533913020299,
            "characteristic_path_length": 0.5813656742560409
        },
        {
            "clustering": 0.1683222150431773,
            "modularity": 0.03409847426352218,
            "average_degree": 13.271991158613107,
            "degree_std": 0.6811864795311373,
            "average_shortest_path": 0.8308428848372675,
            "global_efficiency": 1.2048356084489775,
            "characteristic_path_length": 0.8308428848372675
        },
        {
            "clustering": 0.7508228531077223,
            "modularity": 0.018278796038632885,
            "average_degree": 48.724448507516655,
            "degree_std": 0.4492432780674056,
            "average_shortest_path": 0.3762277474274231,
            "global_efficiency": 2.676180811772381,
            "characteristic_path_length": 0.3762277474274231
        },
        {
            "clustering": 0.8279489780453453,
            "modularity": 0.01566178513101742,
            "average_degree": 55.69778212134274,
            "degree_std": 0.2894605588597272,
            "average_shortest_path": 0.28642219608561764,
            "global_efficiency": 3.5128408519009935,
            "characteristic_path_length": 0.28642219608561764
        },
        {
            "clustering": 0.44202270786339104,
            "modularity": 0.014354322451492398,
            "average_degree": 34.50179287496486,
            "degree_std": 0.3628779701057951,
            "average_shortest_path": 0.5577917931886128,
            "global_efficiency": 1.7944742652887904,
            "characteristic_path_length": 0.5577917931886128
        }
    ],
    "5": [
        {
            "clustering": 0.29295943902458227,
            "modularity": 0.02978565667735895,
            "average_degree": 23.031154398521167,
            "degree_std": 0.6757645286291654,
            "average_shortest_path": 0.7059075154695422,
            "global_efficiency": 1.4210235871933525,
            "characteristic_path_length": 0.7059075154695422
        },
        {
            "clustering": 0.5259916290014236,
            "modularity": 0.032134531862494826,
            "average_degree": 34.11485930845683,
            "degree_std": 0.7930960150516584,
            "average_shortest_path": 0.5652183354193789,
            "global_efficiency": 1.7927301019724875,
            "characteristic_path_length": 0.5652183354193789
        },
        {
            "clustering": 0.8969561386708922,
            "modularity": 0.01242289674309469,
            "average_degree": 66.5886341716905,
            "degree_std": 0.08037539288486661,
            "average_shortest_path": 0.1455980044110377,
            "global_efficiency": 6.895033679356767,
            "characteristic_path_length": 0.1455980044110377
        },
        {
            "clustering": 0.740451044158935,
            "modularity": 0.01399859391432374,
            "average_degree": 55.57210183727611,
            "degree_std": 0.13140899944107357,
            "average_shortest_path": 0.28749212243747646,
            "global_efficiency": 3.4905939613416086,
            "characteristic_path_length": 0.28749212243747646
        },
        {
            "clustering": 0.814125345704673,
            "modularity": 0.013611973706751445,
            "average_degree": 43.81155276068012,
            "degree_std": 0.18172542602191127,
            "average_shortest_path": 0.4381573702590301,
            "global_efficiency": 2.2837674544037028,
            "characteristic_path_length": 0.4381573702590301
        },
        {
            "clustering": 0.3024403255611614,
            "modularity": 0.0158856443460519,
            "average_degree": 15.603992930483956,
            "degree_std": 0.3319582750093419,
            "average_shortest_path": 0.7998351623110836,
            "global_efficiency": 1.2513261927902029,
            "characteristic_path_length": 0.7998351623110836
        },
        {
            "clustering": 0.4993864496550621,
            "modularity": 0.03718251697716547,
            "average_degree": 31.54823839609327,
            "degree_std": 0.9563498177586094,
            "average_shortest_path": 0.5968424747312876,
            "global_efficiency": 1.6980483039287821,
            "characteristic_path_length": 0.5968424747312876
        },
        {
            "clustering": 0.8360567468607075,
            "modularity": 0.014163371855517047,
            "average_degree": 57.911995642792334,
            "degree_std": 0.22141447939352837,
            "average_shortest_path": 0.25780234864250245,
            "global_efficiency": 3.894610748750104,
            "characteristic_path_length": 0.25780234864250245
        },
        {
            "clustering": 0.8986507387158597,
            "modularity": 0.012981580448744619,
            "average_degree": 65.29996501435267,
            "degree_std": 0.1750176440779725,
            "average_shortest_path": 0.16272742749890154,
            "global_efficiency": 6.159317907146142,
            "characteristic_path_length": 0.16272742749890154
        },
        {
            "clustering": 0.8835925497794995,
            "modularity": 0.014300250057660079,
            "average_degree": 67.16928645120372,
            "degree_std": 0.28019330891786437,
            "average_shortest_path": 0.1389657096734865,
            "global_efficiency": 7.359480455953863,
            "characteristic_path_length": 0.1389657096734865
        },
        {
            "clustering": 0.6848966418893357,
            "modularity": 0.020530970666444985,
            "average_degree": 53.62688889677208,
            "degree_std": 0.4781764484951599,
            "average_shortest_path": 0.3124006799564163,
            "global_efficiency": 3.3198740460318223,
            "characteristic_path_length": 0.3124006799564163
        },
        {
            "clustering": 0.15796708394972162,
            "modularity": 0.024590476370298292,
            "average_degree": 12.396311718310361,
            "degree_std": 0.3737463920972729,
            "average_shortest_path": 0.8417504780681015,
            "global_efficiency": 1.188262318576076,
            "characteristic_path_length": 0.8417504780681015
        }
    ],
    "6": [
        {
            "clustering": 0.27515150321494575,
            "modularity": 0.01896218081308715,
            "average_degree": 21.506083648040043,
            "degree_std": 0.2584396816845995,
            "average_shortest_path": 0.7245780659578801,
            "global_efficiency": 1.3807034498007802,
            "characteristic_path_length": 0.7245780659578801
        },
        {
            "clustering": 0.743638266603701,
            "modularity": 0.013843698357413456,
            "average_degree": 55.31167415716765,
            "degree_std": 0.12209340076790513,
            "average_shortest_path": 0.29060081703688945,
            "global_efficiency": 3.454072212894139,
            "characteristic_path_length": 0.29060081703688945
        },
        {
            "clustering": 0.7684065656952499,
            "modularity": 0.017976519331643112,
            "average_degree": 56.729661817708816,
            "degree_std": 0.3739684033047012,
            "average_shortest_path": 0.2731805825510501,
            "global_efficiency": 3.7304039205904904,
            "characteristic_path_length": 0.2731805825510501
        },
        {
            "clustering": 0.28356772184558415,
            "modularity": 0.031284328415331714,
            "average_degree": 22.36296252602674,
            "degree_std": 0.5200686059761639,
            "average_shortest_path": 0.715082098923279,
            "global_efficiency": 1.401807223540563,
            "characteristic_path_length": 0.715082098923279
        },
        {
            "clustering": 0.7276881471639656,
            "modularity": 0.019798713222435354,
            "average_degree": 55.31061242117844,
            "degree_std": 0.5347829832741207,
            "average_shortest_path": 0.290899779074663,
            "global_efficiency": 3.555958935029766,
            "characteristic_path_length": 0.290899779074663
        },
        {
            "clustering": 0.734807486425393,
            "modularity": 0.018813477733503683,
            "average_degree": 56.01607517804752,
            "degree_std": 0.4402191544744951,
            "average_shortest_path": 0.2821151395560696,
            "global_efficiency": 3.6506488031692994,
            "characteristic_path_length": 0.2821151395560696
        },
        {
            "clustering": 0.7020397406804819,
            "modularity": 0.014522720439087186,
            "average_degree": 52.432403180620234,
            "degree_std": 0.448347714070225,
            "average_shortest_path": 0.3271777465715444,
            "global_efficiency": 3.073769098287901,
            "characteristic_path_length": 0.3271777465715444
        },
        {
            "clustering": 0.9003440701045125,
            "modularity": 0.012514165630734543,
            "average_degree": 67.79005148236187,
            "degree_std": 0.10163601332936892,
            "average_shortest_path": 0.1302361055872494,
            "global_efficiency": 7.721063599314489,
            "characteristic_path_length": 0.1302361055872494
        },
        {
            "clustering": 0.22984855922780786,
            "modularity": 0.014722827322417587,
            "average_degree": 17.949953493274144,
            "degree_std": 0.20147302160187322,
            "average_shortest_path": 0.7699390345061251,
            "global_efficiency": 1.2991028065101777,
            "characteristic_path_length": 0.7699390345061251
        },
        {
            "clustering": 0.5946347175213595,
            "modularity": 0.02658972760805434,
            "average_degree": 45.34244402066013,
            "degree_std": 0.4909352149351601,
            "average_shortest_path": 0.4189340718681284,
            "global_efficiency": 2.4666409796645863,
            "characteristic_path_length": 0.4189340718681284
        },
        {
            "clustering": 0.8831785942630034,
            "modularity": 0.014307024077980736,
            "average_degree": 66.24908249064259,
            "degree_std": 0.24705824286657438,
            "average_shortest_path": 0.15096373551525813,
            "global_efficiency": 6.738085452861424,
            "characteristic_path_length": 0.15096373551525813
        },
        {
            "clustering": 0.27180032719584457,
            "modularity": 0.03518648253842548,
            "average_degree": 20.96161642832153,
            "degree_std": 0.7100713361009563,
            "average_shortest_path": 0.7329896289161456,
            "global_efficiency": 1.3725150954584024,
            "characteristic_path_length": 0.7329896289161456
        }
    ],
    "7": [
        {
            "clustering": 0.8103823412869121,
            "modularity": 0.013774696469271267,
            "average_degree": 61.83654148667223,
            "degree_std": 0.17475050173680753,
            "average_shortest_path": 0.20662695972054118,
            "global_efficiency": 4.885499137863612,
            "characteristic_path_length": 0.20662695972054118
        },
        {
            "clustering": 0.5896518037923267,
            "modularity": 0.01956739269342599,
            "average_degree": 38.23668087654633,
            "degree_std": 0.3833591705069045,
            "average_shortest_path": 0.5102062499887798,
            "global_efficiency": 1.9677582496424715,
            "characteristic_path_length": 0.5102062499887798
        },
        {
            "clustering": 0.2629744928783335,
            "modularity": 0.018449471405072918,
            "average_degree": 20.57114152592665,
            "degree_std": 0.36327296117204577,
            "average_shortest_path": 0.736882212461445,
            "global_efficiency": 1.3574079884952952,
            "characteristic_path_length": 0.736882212461445
        },
        {
            "clustering": 0.5704966463248812,
            "modularity": 0.026093154702616552,
            "average_degree": 44.82360446166946,
            "degree_std": 0.7726912805518099,
            "average_shortest_path": 0.427536629094543,
            "global_efficiency": 2.391055430924644,
            "characteristic_path_length": 0.427536629094543
        },
        {
            "clustering": 0.15570090775347947,
            "modularity": 0.03007681717294986,
            "average_degree": 12.241438362038876,
            "degree_std": 0.4040848849765218,
            "average_shortest_path": 0.8438923009366637,
            "global_efficiency": 1.1853873356194096,
            "characteristic_path_length": 0.8438923009366637
        },
        {
            "clustering": 0.8294354802742718,
            "modularity": 0.01446338367761882,
            "average_degree": 51.63406405794877,
            "degree_std": 0.2235812172639118,
            "average_shortest_path": 0.3381559590115807,
            "global_efficiency": 2.967433155523424,
            "characteristic_path_length": 0.3381559590115807
        },
        {
            "clustering": 0.6599544572503506,
            "modularity": 0.012326678646079017,
            "average_degree": 44.595471227631286,
            "degree_std": 0.7819541704680508,
            "average_shortest_path": 0.4270299684157008,
            "global_efficiency": 2.3540692406612895,
            "characteristic_path_length": 0.4270299684157008
        },
        {
            "clustering": 0.14810520402655233,
            "modularity": 0.023453858999595206,
            "average_degree": 11.622629461899713,
            "degree_std": 0.2568063158034074,
            "average_shortest_path": 0.8516901408950753,
            "global_efficiency": 1.1743101361372952,
            "characteristic_path_length": 0.8516901408950753
        },
        {
            "clustering": 0.5828951399148804,
            "modularity": 0.016805799564830536,
            "average_degree": 38.20531844641428,
            "degree_std": 0.45347500117326645,
            "average_shortest_path": 0.5096584096543303,
            "global_efficiency": 1.9703014507251204,
            "characteristic_path_length": 0.5096584096543303
        },
        {
            "clustering": 0.48422338306852464,
            "modularity": 0.03761758003718055,
            "average_degree": 38.11279564180203,
            "degree_std": 0.9071056930965216,
            "average_shortest_path": 0.5102143348630719,
            "global_efficiency": 2.0537798073980027,
            "characteristic_path_length": 0.5102143348630719
        },
        {
            "clustering": 0.7318224227059602,
            "modularity": 0.01896545655097354,
            "average_degree": 48.82797419465374,
            "degree_std": 0.47556831527816196,
            "average_shortest_path": 0.37533952437356494,
            "global_efficiency": 2.6882836483908235,
            "characteristic_path_length": 0.37533952437356494
        },
        {
            "clustering": 0.1501121015277575,
            "modularity": 0.02846063737007916,
            "average_degree": 11.815665378557455,
            "degree_std": 0.3307180434045256,
            "average_shortest_path": 0.849474454544713,
            "global_efficiency": 1.1775323646246385,
            "characteristic_path_length": 0.849474454544713
        }
    ],
    "8": [
        {
            "clustering": 0.7711060288773586,
            "modularity": 0.01449173097868818,
            "average_degree": 53.43803746788866,
            "degree_std": 0.26256052976612543,
            "average_shortest_path": 0.3149388405460653,
            "global_efficiency": 3.1848707063424686,
            "characteristic_path_length": 0.3149388405460653
        },
        {
            "clustering": 0.6094400215493779,
            "modularity": 0.013134097614112786,
            "average_degree": 40.37353016681432,
            "degree_std": 0.1486262660223591,
            "average_shortest_path": 0.48203782880995794,
            "global_efficiency": 2.0780209903949185,
            "characteristic_path_length": 0.48203782880995794
        },
        {
            "clustering": 0.7471071123180724,
            "modularity": 0.013626800872439723,
            "average_degree": 47.63609327050332,
            "degree_std": 0.22375876639297293,
            "average_shortest_path": 0.38922359409372204,
            "global_efficiency": 2.573600931436904,
            "characteristic_path_length": 0.38922359409372204
        },
        {
            "clustering": 0.23977249273137546,
            "modularity": 0.033904299707002344,
            "average_degree": 16.72237138841323,
            "degree_std": 0.5040551458232323,
            "average_shortest_path": 0.786292243776369,
            "global_efficiency": 1.2732011305945259,
            "characteristic_path_length": 0.786292243776369
        },
        {
            "clustering": 0.5335259368844152,
            "modularity": 0.03627199098006385,
            "average_degree": 34.82724489157243,
            "degree_std": 0.9092250162499805,
            "average_shortest_path": 0.5553032119188974,
            "global_efficiency": 1.8248915224108304,
            "characteristic_path_length": 0.5553032119188974
        },
        {
            "clustering": 0.6190168134718504,
            "modularity": 0.015235603978580238,
            "average_degree": 45.518367926861295,
            "degree_std": 0.24829123223024263,
            "average_shortest_path": 0.416424554163464,
            "global_efficiency": 2.411532248045835,
            "characteristic_path_length": 0.416424554163464
        },
        {
            "clustering": 0.11891013801942761,
            "modularity": 0.027519368779804605,
            "average_degree": 9.34357177700095,
            "degree_std": 0.24949023914499283,
            "average_shortest_path": 0.8809063405990483,
            "global_efficiency": 1.1353066652953214,
            "characteristic_path_length": 0.8809063405990483
        },
        {
            "clustering": 0.33200982347041647,
            "modularity": 0.01915293123265376,
            "average_degree": 24.176465948068984,
            "degree_std": 0.289156217400474,
            "average_shortest_path": 0.6904637614677881,
            "global_efficiency": 1.4493335942914076,
            "characteristic_path_length": 0.6904637614677881
        },
        {
            "clustering": 0.6851119854528687,
            "modularity": 0.015137195631779987,
            "average_degree": 41.677553429152404,
            "degree_std": 0.20823328961384124,
            "average_shortest_path": 0.4656302959327818,
            "global_efficiency": 2.151995172425705,
            "characteristic_path_length": 0.4656302959327818
        },
        {
            "clustering": 0.5497698106270911,
            "modularity": 0.02876699781552136,
            "average_degree": 32.001491641684254,
            "degree_std": 0.6886914388375948,
            "average_shortest_path": 0.5912530630781117,
            "global_efficiency": 1.7016312425481928,
            "characteristic_path_length": 0.5912530630781117
        },
        {
            "clustering": 0.5809131028587282,
            "modularity": 0.014245540263292717,
            "average_degree": 45.34174711500836,
            "degree_std": 0.24918116053744138,
            "average_shortest_path": 0.4190022244675455,
            "global_efficiency": 2.388423789587881,
            "characteristic_path_length": 0.4190022244675455
        },
        {
            "clustering": 0.3167325804852968,
            "modularity": 0.0214933915786897,
            "average_degree": 24.8024640563418,
            "degree_std": 0.39373331332648376,
            "average_shortest_path": 0.6829222524339038,
            "global_efficiency": 1.4654691273748697,
            "characteristic_path_length": 0.6829222524339038
        }
    ],
    "9": [
        {
            "clustering": 0.8491734586437847,
            "modularity": 0.012411898278713378,
            "average_degree": 61.02648887467409,
            "degree_std": 0.17008651319018636,
            "average_shortest_path": 0.21694199433289238,
            "global_efficiency": 4.6249929090946535,
            "characteristic_path_length": 0.21694199433289238
        },
        {
            "clustering": 0.30029476152553775,
            "modularity": 0.015233596797657907,
            "average_degree": 23.450130347324777,
            "degree_std": 0.23777637407219782,
            "average_shortest_path": 0.6996466795506114,
            "global_efficiency": 1.4294734423490219,
            "characteristic_path_length": 0.6996466795506114
        },
        {
            "clustering": 0.796875573167993,
            "modularity": 0.013559518555892052,
            "average_degree": 58.066026571156385,
            "degree_std": 0.19317768381040554,
            "average_shortest_path": 0.25524477638248216,
            "global_efficiency": 3.9327901344274303,
            "characteristic_path_length": 0.25524477638248216
        },
        {
            "clustering": 0.5423433570994837,
            "modularity": 0.031812445277346696,
            "average_degree": 30.246314960851418,
            "degree_std": 0.7456742869280635,
            "average_shortest_path": 0.6133938008409108,
            "global_efficiency": 1.6375339024110707,
            "characteristic_path_length": 0.6133938008409108
        },
        {
            "clustering": 0.30810217711870835,
            "modularity": 0.02242772079327897,
            "average_degree": 24.118576263663176,
            "degree_std": 0.4113077492031963,
            "average_shortest_path": 0.6915386287812803,
            "global_efficiency": 1.4471770637047283,
            "characteristic_path_length": 0.6915386287812803
        },
        {
            "clustering": 0.9597309248727159,
            "modularity": 0.012198978662121891,
            "average_degree": 71.71245494720557,
            "degree_std": 0.19208670218933938,
            "average_shortest_path": 0.08006243498375867,
            "global_efficiency": 12.537643874950412,
            "characteristic_path_length": 0.08006243498375867
        },
        {
            "clustering": 0.5922751510102753,
            "modularity": 0.020168485182527868,
            "average_degree": 27.346127817738875,
            "degree_std": 0.41701294178018744,
            "average_shortest_path": 0.6497581649018118,
            "global_efficiency": 1.5406620732579028,
            "characteristic_path_length": 0.6497581649018118
        },
        {
            "clustering": 0.8275611865425584,
            "modularity": 0.012618376055360894,
            "average_degree": 48.52018082201648,
            "degree_std": 0.19997059238674061,
            "average_shortest_path": 0.37762628139206095,
            "global_efficiency": 2.650716677471857,
            "characteristic_path_length": 0.37762628139206095
        },
        {
            "clustering": 0.5880931644613128,
            "modularity": 0.014401171592731042,
            "average_degree": 31.840673925317798,
            "degree_std": 0.30036935243971696,
            "average_shortest_path": 0.5914761180906211,
            "global_efficiency": 1.6923779057796287,
            "characteristic_path_length": 0.5914761180906211
        },
        {
            "clustering": 0.19981508178359103,
            "modularity": 0.015411312853630187,
            "average_degree": 15.621603677380902,
            "degree_std": 0.12743359337339233,
            "average_shortest_path": 0.8001114573952556,
            "global_efficiency": 1.249876732827027,
            "characteristic_path_length": 0.8001114573952556
        },
        {
            "clustering": 0.3916063448195466,
            "modularity": 0.030738429085561396,
            "average_degree": 24.45400544395571,
            "degree_std": 0.7235420878990897,
            "average_shortest_path": 0.6870914289887243,
            "global_efficiency": 1.460908761857825,
            "characteristic_path_length": 0.6870914289887243
        },
        {
            "clustering": 0.626560214335104,
            "modularity": 0.014021902436825658,
            "average_degree": 40.860614177775965,
            "degree_std": 0.24520262380730945,
            "average_shortest_path": 0.47565859914722297,
            "global_efficiency": 2.106915712346008,
            "characteristic_path_length": 0.47565859914722297
        }
    ],
    "10": [
        {
            "clustering": 0.8508403209325448,
            "modularity": 0.01312101862116866,
            "average_degree": 60.6972558067001,
            "degree_std": 0.14899256743910155,
            "average_shortest_path": 0.22154227856569558,
            "global_efficiency": 4.52576526328674,
            "characteristic_path_length": 0.22154227856569558
        },
        {
            "clustering": 0.8270039245965659,
            "modularity": 0.01222290926720088,
            "average_degree": 61.242591187198684,
            "degree_std": 0.1727746002915435,
            "average_shortest_path": 0.21423715333659926,
            "global_efficiency": 4.676356327055528,
            "characteristic_path_length": 0.21423715333659926
        },
        {
            "clustering": 0.4483828680337481,
            "modularity": 0.02022549166365734,
            "average_degree": 35.057740465098874,
            "degree_std": 0.4697629923316882,
            "average_shortest_path": 0.5510720049915027,
            "global_efficiency": 1.8187340626595037,
            "characteristic_path_length": 0.5510720049915027
        },
        {
            "clustering": 0.8858277993203033,
            "modularity": 0.012670673251164673,
            "average_degree": 58.30074191135579,
            "degree_std": 0.24748954834568204,
            "average_shortest_path": 0.25220931420689646,
            "global_efficiency": 3.971239921881106,
            "characteristic_path_length": 0.25220931420689646
        },
        {
            "clustering": 0.7277138093873007,
            "modularity": 0.019205554817283615,
            "average_degree": 42.60397587313614,
            "degree_std": 0.604113441768154,
            "average_shortest_path": 0.4540010021664635,
            "global_efficiency": 2.2114731104975807,
            "characteristic_path_length": 0.4540010021664635
        },
        {
            "clustering": 0.8740422726014594,
            "modularity": 0.012626777570060794,
            "average_degree": 63.014028280233646,
            "degree_std": 0.15609761637893826,
            "average_shortest_path": 0.19190648551559253,
            "global_efficiency": 5.220139812212235,
            "characteristic_path_length": 0.19190648551559253
        },
        {
            "clustering": 0.94618730949224,
            "modularity": 0.012250221008505409,
            "average_degree": 72.98192552122536,
            "degree_std": 0.17390799769665347,
            "average_shortest_path": 0.06368111329622979,
            "global_efficiency": 15.809362589402765,
            "characteristic_path_length": 0.06368111329622979
        },
        {
            "clustering": 0.9158961171814345,
            "modularity": 0.012205614246626575,
            "average_degree": 66.36302622459485,
            "degree_std": 0.2501326403192204,
            "average_shortest_path": 0.14868026668293705,
            "global_efficiency": 6.737635024263677,
            "characteristic_path_length": 0.14868026668293705
        },
        {
            "clustering": 0.8516909216707729,
            "modularity": 0.012512520620633079,
            "average_degree": 61.38370419906665,
            "degree_std": 0.12512528269388049,
            "average_shortest_path": 0.2127327266940497,
            "global_efficiency": 4.708084047253931,
            "characteristic_path_length": 0.2127327266940497
        },
        {
            "clustering": 0.8419923919678457,
            "modularity": 0.012307267246347238,
            "average_degree": 62.5714013921319,
            "degree_std": 0.13758435331433763,
            "average_shortest_path": 0.1973334715147175,
            "global_efficiency": 5.078401948395903,
            "characteristic_path_length": 0.1973334715147175
        },
        {
            "clustering": 0.7733506821731899,
            "modularity": 0.01318738316947666,
            "average_degree": 53.94173636029627,
            "degree_std": 0.28385338462182336,
            "average_shortest_path": 0.30834129933962984,
            "global_efficiency": 3.2478248227271114,
            "characteristic_path_length": 0.30834129933962984
        },
        {
            "clustering": 0.7132762869523116,
            "modularity": 0.01693579004132595,
            "average_degree": 42.385332936237624,
            "degree_std": 0.5469107545122881,
            "average_shortest_path": 0.4566181796365459,
            "global_efficiency": 2.1952443485172437,
            "characteristic_path_length": 0.4566181796365459
        }
    ],
    "11": [
        {
            "clustering": 0.9057267325694189,
            "modularity": 0.012488180494533627,
            "average_degree": 66.11821592283273,
            "degree_std": 0.279335295367465,
            "average_shortest_path": 0.1518538279009452,
            "global_efficiency": 6.600547897296949,
            "characteristic_path_length": 0.1518538279009452
        },
        {
            "clustering": 0.7665817236076116,
            "modularity": 0.014061730132667661,
            "average_degree": 55.292142434200926,
            "degree_std": 0.35489700091090953,
            "average_shortest_path": 0.2908994467828425,
            "global_efficiency": 3.446042747122377,
            "characteristic_path_length": 0.2908994467828425
        },
        {
            "clustering": 0.7632321230088247,
            "modularity": 0.013305006853534883,
            "average_degree": 41.473516934749874,
            "degree_std": 0.32045822830541276,
            "average_shortest_path": 0.4682248690458061,
            "global_efficiency": 2.137693048024415,
            "characteristic_path_length": 0.4682248690458061
        },
        {
            "clustering": 0.7833895898910065,
            "modularity": 0.014566876960097577,
            "average_degree": 50.684701073126604,
            "degree_std": 0.22879550315003758,
            "average_shortest_path": 0.3500845303997061,
            "global_efficiency": 2.862036031787397,
            "characteristic_path_length": 0.3500845303997061
        },
        {
            "clustering": 0.69136347330041,
            "modularity": 0.013869399143155714,
            "average_degree": 43.342802721702675,
            "degree_std": 0.25443110682707687,
            "average_shortest_path": 0.44423599805878966,
            "global_efficiency": 2.2537670098519027,
            "characteristic_path_length": 0.44423599805878966
        },
        {
            "clustering": 0.7785332136161426,
            "modularity": 0.012336084561928046,
            "average_degree": 54.406861281274445,
            "degree_std": 0.14167929302516793,
            "average_shortest_path": 0.3020508272735044,
            "global_efficiency": 3.313913925280009,
            "characteristic_path_length": 0.3020508272735044
        },
        {
            "clustering": 0.7604069934910742,
            "modularity": 0.01439992730910218,
            "average_degree": 50.77107704500266,
            "degree_std": 0.49280786976782215,
            "average_shortest_path": 0.3484769384653619,
            "global_efficiency": 2.879666640209482,
            "characteristic_path_length": 0.3484769384653619
        },
        {
            "clustering": 0.8870535146628198,
            "modularity": 0.0122601422130462,
            "average_degree": 64.98074952080987,
            "degree_std": 0.1629449112809247,
            "average_shortest_path": 0.1664911167147383,
            "global_efficiency": 6.01302386882624,
            "characteristic_path_length": 0.1664911167147383
        },
        {
            "clustering": 0.8005085522755829,
            "modularity": 0.012102805220955755,
            "average_degree": 52.6121961594745,
            "degree_std": 0.33067404059220445,
            "average_shortest_path": 0.324552200989249,
            "global_efficiency": 3.0906985107103657,
            "characteristic_path_length": 0.324552200989249
        },
        {
            "clustering": 0.6424829463493417,
            "modularity": 0.01291461020415967,
            "average_degree": 44.777213623031635,
            "degree_std": 0.17260290751526106,
            "average_shortest_path": 0.425786908978236,
            "global_efficiency": 2.3511215738530304,
            "characteristic_path_length": 0.425786908978236
        },
        {
            "clustering": 0.7521839878412495,
            "modularity": 0.01729410202713026,
            "average_degree": 53.26826250380677,
            "degree_std": 0.5832018834738076,
            "average_shortest_path": 0.31699634454405967,
            "global_efficiency": 3.181950677798055,
            "characteristic_path_length": 0.31699634454405967
        },
        {
            "clustering": 0.9026157283365189,
            "modularity": 0.012355671007804981,
            "average_degree": 66.58587178668752,
            "degree_std": 0.16143466500661866,
            "average_shortest_path": 0.1459991181866404,
            "global_efficiency": 6.857231157011791,
            "characteristic_path_length": 0.1459991181866404
        }
    ]
}