{
    "0": [
        {
            "clustering": 0.7955938952551158,
            "modularity": 0.018840780831902146,
            "average_degree": 36.20394229238547,
            "degree_std": 0.0794176553713578,
            "average_shortest_path": 0.28961849451065064,
            "global_efficiency": 3.4613225549143,
            "characteristic_path_length": 0.28961849451065064
        },
        {
            "clustering": 0.14993624002540928,
            "modularity": 0.025264986971410743,
            "average_degree": 7.688902595665641,
            "degree_std": 0.09713046515442222,
            "average_shortest_path": 0.8499825275912052,
            "global_efficiency": 1.1765612416266935,
            "characteristic_path_length": 0.8499825275912052
        },
        {
            "clustering": 0.13567704738128758,
            "modularity": 0.03139822099211938,
            "average_degree": 6.985731487114317,
            "degree_std": 0.48250711716583783,
            "average_shortest_path": 0.8639048694745398,
            "global_efficiency": 1.157984880446021,
            "characteristic_path_length": 0.8639048694745398
        },
        {
            "clustering": 0.6697060770246908,
            "modularity": 0.022692903958192814,
            "average_degree": 25.401144915275946,
            "degree_std": 0.33105669590514847,
            "average_shortest_path": 0.50207482425534,
            "global_efficiency": 1.9981037484148283,
            "characteristic_path_length": 0.50207482425534
        },
        {
            "clustering": 0.8304539788851868,
            "modularity": 0.019182585511649048,
            "average_degree": 35.44067038958587,
            "degree_std": 0.1146988701211003,
            "average_shortest_path": 0.3047104226326456,
            "global_efficiency": 3.2891515691227804,
            "characteristic_path_length": 0.3047104226326456
        },
        {
            "clustering": 0.062730970314058,
            "modularity": 0.0336744440674754,
            "average_degree": 3.2427625684890518,
            "degree_std": 0.268213000758563,
            "average_shortest_path": 0.9371854401264196,
            "global_efficiency": 1.067045922681571,
            "characteristic_path_length": 0.9371854401264196
        },
        {
            "clustering": 0.11781920689810313,
            "modularity": 0.027015305191349297,
            "average_degree": 6.056574104901738,
            "degree_std": 0.23614819122151998,
            "average_shortest_path": 0.8821339596741745,
            "global_efficiency": 1.1336358428641,
            "characteristic_path_length": 0.8821339596741745
        },
        {
            "clustering": 0.5543485675138607,
            "modularity": 0.019885074907053307,
            "average_degree": 20.880510898285284,
            "degree_std": 0.24337703831605145,
            "average_shortest_path": 0.5903127852264716,
            "global_efficiency": 1.6960008422936692,
            "characteristic_path_length": 0.5903127852264716
        },
        {
            "clustering": 0.041487175628019665,
            "modularity": 0.05211055173591642,
            "average_degree": 2.167586306865196,
            "degree_std": 0.2171796389347972,
            "average_shortest_path": 0.9583506357865434,
            "global_efficiency": 1.0434788534768353,
            "characteristic_path_length": 0.9583506357865434
        },
        {
            "clustering": 0.23575792672288645,
            "modularity": 0.027197702442297526,
            "average_degree": 12.086325531106777,
            "degree_std": 0.5235961233475971,
            "average_shortest_path": 0.7640020321319382,
            "global_efficiency": 1.309572540824746,
            "characteristic_path_length": 0.7640020321319382
        },
        {
            "clustering": 0.7296526847958574,
            "modularity": 0.020415078544694164,
            "average_degree": 30.337752482943905,
            "degree_std": 0.24082469226724348,
            "average_shortest_path": 0.40501859612610874,
            "global_efficiency": 2.479312847015548,
            "characteristic_path_length": 0.40501859612610874
        },
        {
            "clustering": 0.4150262490073828,
            "modularity": 0.02821493927225669,
            "average_degree": 14.080208811488337,
            "degree_std": 0.6872649967441792,
            "average_shortest_path": 0.7245721159474666,
            "global_efficiency": 1.3843255167027717,
            "characteristic_path_length": 0.7245721159474666
        }
    ],
    "1": [
        {
            "clustering": 0.8406086267907592,
            "modularity": 0.018847600209580685,
            "average_degree": 37.00670707290686,
            "degree_std": 0.08538498608552521,
            "average_shortest_path": 0.27393591528036154,
            "global_efficiency": 3.6579693907608113,
            "characteristic_path_length": 0.27393591528036154
        },
        {
            "clustering": 0.7930824771458905,
            "modularity": 0.019586736522376472,
            "average_degree": 35.096410389595405,
            "degree_std": 0.1644278426694741,
            "average_shortest_path": 0.3116255281652723,
            "global_efficiency": 3.219438225063556,
            "characteristic_path_length": 0.3116255281652723
        },
        {
            "clustering": 0.8131696554672588,
            "modularity": 0.01936137670198857,
            "average_degree": 36.89706415479697,
            "degree_std": 0.15606145056403598,
            "average_shortest_path": 0.27623795127382084,
            "global_efficiency": 3.6340514629665193,
            "characteristic_path_length": 0.27623795127382084
        },
        {
            "clustering": 0.7104702667542007,
            "modularity": 0.019323455682589637,
            "average_degree": 29.911871234827412,
            "degree_std": 0.159745432866319,
            "average_shortest_path": 0.41316605086229286,
            "global_efficiency": 2.424132240758328,
            "characteristic_path_length": 0.41316605086229286
        },
        {
            "clustering": 0.7158406481108949,
            "modularity": 0.02139463255431792,
            "average_degree": 30.678686546736134,
            "degree_std": 0.2472807573451749,
            "average_shortest_path": 0.39852959311738306,
            "global_efficiency": 2.518540621626701,
            "characteristic_path_length": 0.39852959311738306
        },
        {
            "clustering": 0.7293342361710132,
            "modularity": 0.020435305698907433,
            "average_degree": 30.61098962252654,
            "degree_std": 0.27434135484913047,
            "average_shortest_path": 0.3997331429014401,
            "global_efficiency": 2.509210559436914,
            "characteristic_path_length": 0.3997331429014401
        },
        {
            "clustering": 0.84267102020916,
            "modularity": 0.01905473137989433,
            "average_degree": 36.63991892045058,
            "degree_std": 0.11619504445640737,
            "average_shortest_path": 0.2808714366445736,
            "global_efficiency": 3.5745260501306033,
            "characteristic_path_length": 0.2808714366445736
        },
        {
            "clustering": 0.8302864058890758,
            "modularity": 0.018470308326702496,
            "average_degree": 40.150199089699164,
            "degree_std": 0.07456051254910194,
            "average_shortest_path": 0.21166501848065122,
            "global_efficiency": 4.7449004861867445,
            "characteristic_path_length": 0.21166501848065122
        },
        {
            "clustering": 0.6388695165922091,
            "modularity": 0.024802100623141237,
            "average_degree": 22.907986378722562,
            "degree_std": 0.459263634173773,
            "average_shortest_path": 0.5514210514024812,
            "global_efficiency": 1.818575279252064,
            "characteristic_path_length": 0.5514210514024812
        },
        {
            "clustering": 0.6823449073500656,
            "modularity": 0.019262606622178734,
            "average_degree": 22.124819712095633,
            "degree_std": 0.4766111218423837,
            "average_shortest_path": 0.5657022402481157,
            "global_efficiency": 1.7710579348741307,
            "characteristic_path_length": 0.5657022402481157
        },
        {
            "clustering": 0.6825443005751883,
            "modularity": 0.020884582071356017,
            "average_degree": 28.978381879382503,
            "degree_std": 0.24638479498731725,
            "average_shortest_path": 0.43172100041593825,
            "global_efficiency": 2.3221127767733165,
            "characteristic_path_length": 0.43172100041593825
        },
        {
            "clustering": 0.676898331388058,
            "modularity": 0.016110405467407492,
            "average_degree": 30.74078935330428,
            "degree_std": 0.17288444720879848,
            "average_shortest_path": 0.39398284069129397,
            "global_efficiency": 2.553029234966097,
            "characteristic_path_length": 0.39398284069129397
        }
    ],
    "2": [
        {
            "clustering": 0.802463959921836,
            "modularity": 0.018838100505855573,
            "average_degree": 35.975970625334156,
            "degree_std": 0.13837594674042783,
            "average_shortest_path": 0.2941264020666784,
            "global_efficiency": 3.408558654205232,
            "characteristic_path_length": 0.2941264020666784
        },
        {
            "clustering": 0.7931490635040009,
            "modularity": 0.02033236504864972,
            "average_degree": 33.67191093628921,
            "degree_std": 0.17228259233695659,
            "average_shortest_path": 0.3398885203380974,
            "global_efficiency": 2.9488354149106883,
            "characteristic_path_length": 0.3398885203380974
        },
        {
            "clustering": 0.7629268529495187,
            "modularity": 0.019364199897583725,
            "average_degree": 34.61344733541526,
            "degree_std": 0.1481507764027048,
            "average_shortest_path": 0.3210505518864612,
            "global_efficiency": 3.1231505095573246,
            "characteristic_path_length": 0.3210505518864612
        },
        {
            "clustering": 0.7216469089874264,
            "modularity": 0.02194199929508037,
            "average_degree": 28.368780810289753,
            "degree_std": 0.3596775270001097,
            "average_shortest_path": 0.44387010175354624,
            "global_efficiency": 2.2612907000534066,
            "characteristic_path_length": 0.44387010175354624
        },
        {
            "clustering": 0.7295509381194263,
            "modularity": 0.020622013815344183,
            "average_degree": 30.338569569044484,
            "degree_std": 0.23585503201621857,
            "average_shortest_path": 0.4052101614523907,
            "global_efficiency": 2.473361421113051,
            "characteristic_path_length": 0.4052101614523907
        },
        {
            "clustering": 0.15465988500401417,
            "modularity": 0.046635934046052104,
            "average_degree": 7.996849081673063,
            "degree_std": 0.7753220972464463,
            "average_shortest_path": 0.8443787124416894,
            "global_efficiency": 1.1859979051866647,
            "characteristic_path_length": 0.8443787124416894
        },
        {
            "clustering": 0.9012841631282232,
            "modularity": 0.018019263795778787,
            "average_degree": 40.19830298131026,
            "degree_std": 0.27178625762484515,
            "average_shortest_path": 0.21049834368180256,
            "global_efficiency": 4.763889202893589,
            "characteristic_path_length": 0.21049834368180256
        },
        {
            "clustering": 0.5335330740647259,
            "modularity": 0.02958897673454706,
            "average_degree": 17.21387209331311,
            "degree_std": 0.6152475625796809,
            "average_shortest_path": 0.6629039900461021,
            "global_efficiency": 1.5118614831385462,
            "characteristic_path_length": 0.6629039900461021
        },
        {
            "clustering": 0.8574790206890668,
            "modularity": 0.01882122951358628,
            "average_degree": 39.3109964579872,
            "degree_std": 0.10344254046180217,
            "average_shortest_path": 0.22875887325831823,
            "global_efficiency": 4.383769611932591,
            "characteristic_path_length": 0.22875887325831823
        },
        {
            "clustering": 0.8556031094169362,
            "modularity": 0.018515174401380643,
            "average_degree": 38.65674639349498,
            "degree_std": 0.028310073312338882,
            "average_shortest_path": 0.2412874256834692,
            "global_efficiency": 4.153472145329322,
            "characteristic_path_length": 0.2412874256834692
        },
        {
            "clustering": 0.7558075380096332,
            "modularity": 0.018828526780596818,
            "average_degree": 35.58846644704856,
            "degree_std": 0.13560565231455549,
            "average_shortest_path": 0.30156616933491764,
            "global_efficiency": 3.3263594955807725,
            "characteristic_path_length": 0.30156616933491764
        },
        {
            "clustering": 0.8141983468692273,
            "modularity": 0.020667486437774787,
            "average_degree": 37.852074363880526,
            "degree_std": 0.16665052411261747,
            "average_shortest_path": 0.257740799821153,
            "global_efficiency": 3.9134795332329912,
            "characteristic_path_length": 0.257740799821153
        }
    ],
    "3": [
        {
            "clustering": 0.2830700199201344,
            "modularity": 0.024938905932565224,
            "average_degree": 14.491427853022106,
            "degree_std": 0.11653677683312103,
            "average_shortest_path": 0.7166533778655674,
            "global_efficiency": 1.395912908361412,
            "characteristic_path_length": 0.7166533778655674
        },
        {
            "clustering": 0.8524173063282261,
            "modularity": 0.01913922064637119,
            "average_degree": 37.1218562448553,
            "degree_std": 0.11085552609174043,
            "average_shortest_path": 0.27170568121939287,
            "global_efficiency": 3.6857667067193716,
            "characteristic_path_length": 0.27170568121939287
        },
        {
            "clustering": 0.2570284216453274,
            "modularity": 0.0483404769351589,
            "average_degree": 8.715212412679902,
            "degree_std": 0.5865797314967806,
            "average_shortest_path": 0.8302521599088252,
            "global_efficiency": 1.2057380449347659,
            "characteristic_path_length": 0.8302521599088252
        },
        {
            "clustering": 0.3653489317117925,
            "modularity": 0.06621318554878791,
            "average_degree": 12.536169978984034,
            "degree_std": 0.9765447367398007,
            "average_shortest_path": 0.7571127176039917,
            "global_efficiency": 1.3309584436562043,
            "characteristic_path_length": 0.7571127176039917
        },
        {
            "clustering": 0.37398122325356153,
            "modularity": 0.024017407154344982,
            "average_degree": 19.122364732973946,
            "degree_std": 0.6513592598576025,
            "average_shortest_path": 0.6256549550501668,
            "global_efficiency": 1.6012353449635568,
            "characteristic_path_length": 0.6256549550501668
        },
        {
            "clustering": 0.6373760703603525,
            "modularity": 0.02618016648720596,
            "average_degree": 22.052334249146952,
            "degree_std": 0.29667847465252223,
            "average_shortest_path": 0.5673297127032159,
            "global_efficiency": 1.7815828610186368,
            "characteristic_path_length": 0.5673297127032159
        },
        {
            "clustering": 0.13962345093490236,
            "modularity": 0.06248482193227046,
            "average_degree": 7.258138151735402,
            "degree_std": 0.7973508073836194,
            "average_shortest_path": 0.8587821098681547,
            "global_efficiency": 1.16703730149219,
            "characteristic_path_length": 0.8587821098681547
        },
        {
            "clustering": 0.12307252331637387,
            "modularity": 0.025782860975163947,
            "average_degree": 6.3194776110615205,
            "degree_std": 0.41756445705110956,
            "average_shortest_path": 0.8767797247938439,
            "global_efficiency": 1.1406570092715704,
            "characteristic_path_length": 0.8767797247938439
        },
        {
            "clustering": 0.4771924133271147,
            "modularity": 0.04241205708964528,
            "average_degree": 12.591207283165641,
            "degree_std": 0.7619321567802266,
            "average_shortest_path": 0.7537394368643139,
            "global_efficiency": 1.3297087413809452,
            "characteristic_path_length": 0.7537394368643139
        },
        {
            "clustering": 0.3208728313706499,
            "modularity": 0.042185637775100884,
            "average_degree": 15.11763888555426,
            "degree_std": 1.0088425197206359,
            "average_shortest_path": 0.7048672442315268,
            "global_efficiency": 1.4309685601822948,
            "characteristic_path_length": 0.7048672442315268
        },
        {
            "clustering": 0.3234770926351038,
            "modularity": 0.07249460159797241,
            "average_degree": 10.687491041199173,
            "degree_std": 0.9429940259059607,
            "average_shortest_path": 0.793269970652688,
            "global_efficiency": 1.2680401123295761,
            "characteristic_path_length": 0.793269970652688
        },
        {
            "clustering": 0.755082058710608,
            "modularity": 0.02597335575100538,
            "average_degree": 29.989880474858655,
            "degree_std": 0.3474618486807596,
            "average_shortest_path": 0.4131225034776999,
            "global_efficiency": 2.435613178122242,
            "characteristic_path_length": 0.4131225034776999
        }
    ],
    "4": [
        {
            "clustering": 0.15563852606503514,
            "modularity": 0.0593913756774953,
            "average_degree": 8.131379118341355,
            "degree_std": 0.5160388147185745,
            "average_shortest_path": 0.8429405224124966,
            "global_efficiency": 1.1876132924971952,
            "characteristic_path_length": 0.8429405224124966
        },
        {
            "clustering": 0.49483177511779525,
            "modularity": 0.027879364769488886,
            "average_degree": 18.80053407984633,
            "degree_std": 0.4581492112255706,
            "average_shortest_path": 0.6304957119020356,
            "global_efficiency": 1.5941779316385785,
            "characteristic_path_length": 0.6304957119020356
        },
        {
            "clustering": 0.2902912861907585,
            "modularity": 0.020767716355295986,
            "average_degree": 14.818982638147062,
            "degree_std": 0.3070946751524763,
            "average_shortest_path": 0.7094006602369485,
            "global_efficiency": 1.4104099942023975,
            "characteristic_path_length": 0.7094006602369485
        },
        {
            "clustering": 0.2518167740097404,
            "modularity": 0.025988576583689513,
            "average_degree": 12.894457447778768,
            "degree_std": 0.17875019742439932,
            "average_shortest_path": 0.7477482408963988,
            "global_efficiency": 1.3380247824029,
            "characteristic_path_length": 0.7477482408963988
        },
        {
            "clustering": 0.8391744703762111,
            "modularity": 0.01864386909339133,
            "average_degree": 40.32541846459426,
            "degree_std": 0.11420591535914555,
            "average_shortest_path": 0.20858778702969455,
            "global_efficiency": 4.80699843237282,
            "characteristic_path_length": 0.20858778702969455
        },
        {
            "clustering": 0.3615709338055252,
            "modularity": 0.04084952364291969,
            "average_degree": 18.608162446942515,
            "degree_std": 0.8215569123826069,
            "average_shortest_path": 0.6372491057607068,
            "global_efficiency": 1.5776499429391022,
            "characteristic_path_length": 0.6372491057607068
        },
        {
            "clustering": 0.7235253660558963,
            "modularity": 0.02945261000392754,
            "average_degree": 27.301043762617482,
            "degree_std": 0.43164412134901226,
            "average_shortest_path": 0.4660390672635059,
            "global_efficiency": 2.157325298478061,
            "characteristic_path_length": 0.4660390672635059
        },
        {
            "clustering": 0.41892372958761337,
            "modularity": 0.055095326224149026,
            "average_degree": 21.928389045100992,
            "degree_std": 1.0101115967837262,
            "average_shortest_path": 0.5752454381968294,
            "global_efficiency": 1.7823028686821394,
            "characteristic_path_length": 0.5752454381968294
        },
        {
            "clustering": 0.17061454227076348,
            "modularity": 0.061253483893882896,
            "average_degree": 8.912513791541205,
            "degree_std": 0.8462262078246612,
            "average_shortest_path": 0.8275117680325,
            "global_efficiency": 1.2113749737901314,
            "characteristic_path_length": 0.8275117680325
        },
        {
            "clustering": 0.7452219650382645,
            "modularity": 0.030020818317911195,
            "average_degree": 31.940684133820906,
            "degree_std": 0.5396597389452639,
            "average_shortest_path": 0.3757402187342546,
            "global_efficiency": 2.703797194155456,
            "characteristic_path_length": 0.3757402187342546
        },
        {
            "clustering": 0.8267906768073177,
            "modularity": 0.024719180623053946,
            "average_degree": 36.468686277323144,
            "degree_std": 0.33752669007752073,
            "average_shortest_path": 0.28603500439196217,
            "global_efficiency": 3.5452793175496704,
            "characteristic_path_length": 0.28603500439196217
        },
        {
            "clustering": 0.41545891741198543,
            "modularity": 0.023194721899987593,
            "average_degree": 21.227352804630865,
            "degree_std": 0.44402602899206745,
            "average_shortest_path": 0.5841087207484029,
            "global_efficiency": 1.7154494286356083,
            "characteristic_path_length": 0.5841087207484029
        }
    ],
    "5": [
        {
            "clustering": 0.31675336606435905,
            "modularity": 0.04956807685834531,
            "average_degree": 16.409037162091916,
            "degree_std": 0.8154598611744666,
            "average_shortest_path": 0.680872180318415,
            "global_efficiency": 1.479433604186391,
            "characteristic_path_length": 0.680872180318415
        },
        {
            "clustering": 0.5397420641601485,
            "modularity": 0.05546791079334688,
            "average_degree": 22.867194620434528,
            "degree_std": 0.9240115948238051,
            "average_shortest_path": 0.5574934476965931,
            "global_efficiency": 1.8477293447395542,
            "characteristic_path_length": 0.5574934476965931
        },
        {
            "clustering": 0.8970929038395606,
            "modularity": 0.01851549302791326,
            "average_degree": 43.52825152342834,
            "degree_std": 0.10455929194819409,
            "average_shortest_path": 0.14479703204972402,
            "global_efficiency": 6.969454099653951,
            "characteristic_path_length": 0.14479703204972402
        },
        {
            "clustering": 0.7408512445401131,
            "modularity": 0.021092745736871227,
            "average_degree": 36.43146784847297,
            "degree_std": 0.15093290405738954,
            "average_shortest_path": 0.285508664603136,
            "global_efficiency": 3.531700247391033,
            "characteristic_path_length": 0.285508664603136
        },
        {
            "clustering": 0.7754091510528562,
            "modularity": 0.020734812723304775,
            "average_degree": 27.659988201883024,
            "degree_std": 0.22840219201315873,
            "average_shortest_path": 0.45725294689080775,
            "global_efficiency": 2.1904884436462013,
            "characteristic_path_length": 0.45725294689080775
        },
        {
            "clustering": 0.2934069314135987,
            "modularity": 0.02571215860527408,
            "average_degree": 9.937842446719515,
            "degree_std": 0.40444517594424606,
            "average_shortest_path": 0.8048295353838597,
            "global_efficiency": 1.2450670769845285,
            "characteristic_path_length": 0.8048295353838597
        },
        {
            "clustering": 0.5119616312960137,
            "modularity": 0.0640366738005097,
            "average_degree": 21.675729163427242,
            "degree_std": 1.1498065870406942,
            "average_shortest_path": 0.5776929491210957,
            "global_efficiency": 1.785558666987365,
            "characteristic_path_length": 0.5776929491210957
        },
        {
            "clustering": 0.8265252541201149,
            "modularity": 0.022050875159145476,
            "average_degree": 37.640586499624625,
            "degree_std": 0.2663694613443091,
            "average_shortest_path": 0.26250474491897896,
            "global_efficiency": 3.8466634087058185,
            "characteristic_path_length": 0.26250474491897896
        },
        {
            "clustering": 0.8956922934382564,
            "modularity": 0.01942934241769036,
            "average_degree": 42.504901234560386,
            "degree_std": 0.2241416236660704,
            "average_shortest_path": 0.16633906057902745,
            "global_efficiency": 6.0415375722415545,
            "characteristic_path_length": 0.16633906057902745
        },
        {
            "clustering": 0.8848016577856842,
            "modularity": 0.022141551029859045,
            "average_degree": 44.08529417102851,
            "degree_std": 0.3416809401791213,
            "average_shortest_path": 0.1357476907846879,
            "global_efficiency": 7.762011546736269,
            "characteristic_path_length": 0.1357476907846879
        },
        {
            "clustering": 0.6866439465467399,
            "modularity": 0.03540912147002884,
            "average_degree": 35.333361697249785,
            "degree_std": 0.5669292336020946,
            "average_shortest_path": 0.30622003684238513,
            "global_efficiency": 3.5530252599685412,
            "characteristic_path_length": 0.30622003684238513
        },
        {
            "clustering": 0.1627297310002618,
            "modularity": 0.04293801060982278,
            "average_degree": 8.4109867296632,
            "degree_std": 0.4443793925838714,
            "average_shortest_path": 0.8366386285890206,
            "global_efficiency": 1.19588713073055,
            "characteristic_path_length": 0.8366386285890206
        }
    ],
    "6": [
        {
            "clustering": 0.2618793479381447,
            "modularity": 0.03404943482780847,
            "average_degree": 13.425536601569839,
            "degree_std": 0.32796958658365183,
            "average_shortest_path": 0.7374720916937284,
            "global_efficiency": 1.357255084175193,
            "characteristic_path_length": 0.7374720916937284
        },
        {
            "clustering": 0.7510346651524691,
            "modularity": 0.02070508551448759,
            "average_degree": 36.430919769459145,
            "degree_std": 0.1491303882678828,
            "average_shortest_path": 0.28503578203065055,
            "global_efficiency": 3.5365810269486047,
            "characteristic_path_length": 0.28503578203065055
        },
        {
            "clustering": 0.7709754369596452,
            "modularity": 0.03035515821640614,
            "average_degree": 35.819338719897644,
            "degree_std": 0.43017650565525,
            "average_shortest_path": 0.29894996633335036,
            "global_efficiency": 3.4445159487473402,
            "characteristic_path_length": 0.29894996633335036
        },
        {
            "clustering": 0.2857795190758622,
            "modularity": 0.054667104957236305,
            "average_degree": 14.94428585077483,
            "degree_std": 0.6300677402012561,
            "average_shortest_path": 0.7110865047462216,
            "global_efficiency": 1.414197708366006,
            "characteristic_path_length": 0.7110865047462216
        },
        {
            "clustering": 0.7314531843678754,
            "modularity": 0.03336227268760227,
            "average_degree": 36.70328692620315,
            "degree_std": 0.6294263766001125,
            "average_shortest_path": 0.2795375469509436,
            "global_efficiency": 3.8783155877031392,
            "characteristic_path_length": 0.2795375469509436
        },
        {
            "clustering": 0.7281682822072136,
            "modularity": 0.031834342956569076,
            "average_degree": 36.25408905869044,
            "degree_std": 0.5278768880093044,
            "average_shortest_path": 0.29025109249718334,
            "global_efficiency": 3.65674782239733,
            "characteristic_path_length": 0.29025109249718334
        },
        {
            "clustering": 0.6616758147502242,
            "modularity": 0.023541551662149104,
            "average_degree": 32.341840890486125,
            "degree_std": 0.5364435150891966,
            "average_shortest_path": 0.36480357486374526,
            "global_efficiency": 2.7710928058501763,
            "characteristic_path_length": 0.36480357486374526
        },
        {
            "clustering": 0.9011950895311025,
            "modularity": 0.018638994176553323,
            "average_degree": 44.318644478969944,
            "degree_std": 0.12239021978730252,
            "average_shortest_path": 0.12948209928006543,
            "global_efficiency": 7.82110046084039,
            "characteristic_path_length": 0.12948209928006543
        },
        {
            "clustering": 0.2187578292364876,
            "modularity": 0.023671569843409065,
            "average_degree": 11.192255609535714,
            "degree_std": 0.24359702874516379,
            "average_shortest_path": 0.7807381654656756,
            "global_efficiency": 1.2814982354169446,
            "characteristic_path_length": 0.7807381654656756
        },
        {
            "clustering": 0.5911743682135794,
            "modularity": 0.04755447186486971,
            "average_degree": 29.837440894298926,
            "degree_std": 0.5753942066379422,
            "average_shortest_path": 0.4152417951700639,
            "global_efficiency": 2.5924839955273447,
            "characteristic_path_length": 0.4152417951700639
        },
        {
            "clustering": 0.8871447357107823,
            "modularity": 0.022252996026557764,
            "average_degree": 43.26122070854224,
            "degree_std": 0.29548257015764706,
            "average_shortest_path": 0.15235736851789514,
            "global_efficiency": 6.812383198805696,
            "characteristic_path_length": 0.15235736851789514
        },
        {
            "clustering": 0.2789433584321974,
            "modularity": 0.062349626854844784,
            "average_degree": 14.291689520293948,
            "degree_std": 0.8672664263506235,
            "average_shortest_path": 0.7237135658709274,
            "global_efficiency": 1.4022680168950454,
            "characteristic_path_length": 0.7237135658709274
        }
    ],
    "7": [
        {
            "clustering": 0.8193516364300844,
            "modularity": 0.02075505334358013,
            "average_degree": 41.10041159694709,
            "degree_std": 0.20945229245928454,
            "average_shortest_path": 0.19255317760973562,
            "global_efficiency": 5.3221632759934145,
            "characteristic_path_length": 0.19255317760973562
        },
        {
            "clustering": 0.6081077359642766,
            "modularity": 0.03141891055381602,
            "average_degree": 26.19374610429324,
            "degree_std": 0.4704293792904926,
            "average_shortest_path": 0.4872816768227791,
            "global_efficiency": 2.0720121601035792,
            "characteristic_path_length": 0.4872816768227791
        },
        {
            "clustering": 0.25939672556098853,
            "modularity": 0.031120572768282166,
            "average_degree": 13.318492407527156,
            "degree_std": 0.4206917088614536,
            "average_shortest_path": 0.7402734076545638,
            "global_efficiency": 1.3516197787431468,
            "characteristic_path_length": 0.7402734076545638
        },
        {
            "clustering": 0.5621867716586838,
            "modularity": 0.045898302792729516,
            "average_degree": 29.158794586833903,
            "degree_std": 0.940835041687987,
            "average_shortest_path": 0.43342432551238,
            "global_efficiency": 2.416028526323776,
            "characteristic_path_length": 0.43342432551238
        },
        {
            "clustering": 0.17421483658600112,
            "modularity": 0.04814826494622643,
            "average_degree": 9.021861151781268,
            "degree_std": 0.493308945988254,
            "average_shortest_path": 0.8249756086779576,
            "global_efficiency": 1.213094955566228,
            "characteristic_path_length": 0.8249756086779576
        },
        {
            "clustering": 0.8041199109365691,
            "modularity": 0.023330522918853833,
            "average_degree": 32.959449448042285,
            "degree_std": 0.28045313164021846,
            "average_shortest_path": 0.3541098353266716,
            "global_efficiency": 2.8464107488618318,
            "characteristic_path_length": 0.3541098353266716
        },
        {
            "clustering": 0.6425577277316122,
            "modularity": 0.018409198435535602,
            "average_degree": 28.159339547034687,
            "degree_std": 0.8564653175917122,
            "average_shortest_path": 0.44504742045791784,
            "global_efficiency": 2.272518982719349,
            "characteristic_path_length": 0.44504742045791784
        },
        {
            "clustering": 0.16184951100751235,
            "modularity": 0.03865253361721342,
            "average_degree": 8.358738177221603,
            "degree_std": 0.327851626142579,
            "average_shortest_path": 0.8377051466378714,
            "global_efficiency": 1.1941744587330008,
            "characteristic_path_length": 0.8377051466378714
        },
        {
            "clustering": 0.6091111718689085,
            "modularity": 0.024770121647739653,
            "average_degree": 26.573423416145815,
            "degree_std": 0.5715457805732282,
            "average_shortest_path": 0.4775474276165573,
            "global_efficiency": 2.1160157906242603,
            "characteristic_path_length": 0.4775474276165573
        },
        {
            "clustering": 0.4950671415500267,
            "modularity": 0.06467658958825931,
            "average_degree": 25.90188404437933,
            "degree_std": 1.0593418338527805,
            "average_shortest_path": 0.48966761048351015,
            "global_efficiency": 2.250760934047957,
            "characteristic_path_length": 0.48966761048351015
        },
        {
            "clustering": 0.7335495840623057,
            "modularity": 0.03181551355159322,
            "average_degree": 31.939784768548197,
            "degree_std": 0.5615375235860217,
            "average_shortest_path": 0.37688934250753753,
            "global_efficiency": 2.7101690411119006,
            "characteristic_path_length": 0.37688934250753753
        },
        {
            "clustering": 0.15786412072711486,
            "modularity": 0.04859713179718264,
            "average_degree": 8.21002487213198,
            "degree_std": 0.40215572903007507,
            "average_shortest_path": 0.8412169820737709,
            "global_efficiency": 1.1895647537799359,
            "characteristic_path_length": 0.8412169820737709
        }
    ],
    "8": [
        {
            "clustering": 0.7734928969249918,
            "modularity": 0.022019448761719698,
            "average_degree": 34.252475270085704,
            "degree_std": 0.33326275880044515,
            "average_shortest_path": 0.32845802634346244,
            "global_efficiency": 3.0638359031123628,
            "characteristic_path_length": 0.32845802634346244
        },
        {
            "clustering": 0.609014240377564,
            "modularity": 0.01997353629277916,
            "average_degree": 26.40372588609971,
            "degree_std": 0.17859601019492838,
            "average_shortest_path": 0.48145072676089345,
            "global_efficiency": 2.085361637562131,
            "characteristic_path_length": 0.48145072676089345
        },
        {
            "clustering": 0.7564505097068632,
            "modularity": 0.020718967155513388,
            "average_degree": 31.907379950933827,
            "degree_std": 0.2503384750024251,
            "average_shortest_path": 0.3742061070520051,
            "global_efficiency": 2.683206070856336,
            "characteristic_path_length": 0.3742061070520051
        },
        {
            "clustering": 0.25483165984156153,
            "modularity": 0.055913176474133436,
            "average_degree": 11.692248979013748,
            "degree_std": 0.6315689170647137,
            "average_shortest_path": 0.7722437736979636,
            "global_efficiency": 1.298248055758872,
            "characteristic_path_length": 0.7722437736979636
        },
        {
            "clustering": 0.5455239813893729,
            "modularity": 0.06449642985495575,
            "average_degree": 23.665919402566143,
            "degree_std": 1.0702093533789028,
            "average_shortest_path": 0.5400462909676066,
            "global_efficiency": 1.909174016939872,
            "characteristic_path_length": 0.5400462909676066
        },
        {
            "clustering": 0.6323157948616003,
            "modularity": 0.024490226460420605,
            "average_degree": 29.401925122466274,
            "degree_std": 0.2977489601020102,
            "average_shortest_path": 0.4238518116212621,
            "global_efficiency": 2.3801572996563656,
            "characteristic_path_length": 0.4238518116212621
        },
        {
            "clustering": 0.12558733404425115,
            "modularity": 0.04755525709329666,
            "average_degree": 6.506562010709531,
            "degree_std": 0.3059410901935755,
            "average_shortest_path": 0.8740127260209735,
            "global_efficiency": 1.1444140745125213,
            "characteristic_path_length": 0.8740127260209735
        },
        {
            "clustering": 0.3673252078939781,
            "modularity": 0.029218856919075626,
            "average_degree": 17.52307104612548,
            "degree_std": 0.35669110809191273,
            "average_shortest_path": 0.6573278108613916,
            "global_efficiency": 1.5238641549659024,
            "characteristic_path_length": 0.6573278108613916
        },
        {
            "clustering": 0.6921868028106682,
            "modularity": 0.02319662916557102,
            "average_degree": 27.924201251592823,
            "degree_std": 0.26622630337267633,
            "average_shortest_path": 0.45226964788777485,
            "global_efficiency": 2.222102760160607,
            "characteristic_path_length": 0.45226964788777485
        },
        {
            "clustering": 0.5729904669322018,
            "modularity": 0.048149445163717254,
            "average_degree": 22.332209412806407,
            "degree_std": 0.836385033521804,
            "average_shortest_path": 0.565520153599126,
            "global_efficiency": 1.7944657191194402,
            "characteristic_path_length": 0.565520153599126
        },
        {
            "clustering": 0.5670670777574816,
            "modularity": 0.022533868991294802,
            "average_degree": 28.969168055978006,
            "degree_std": 0.3014694348686518,
            "average_shortest_path": 0.4327248699136618,
            "global_efficiency": 2.3148289766582875,
            "characteristic_path_length": 0.4327248699136618
        },
        {
            "clustering": 0.32389144046964596,
            "modularity": 0.036967969764041556,
            "average_degree": 16.662118737127965,
            "degree_std": 0.4738973260051873,
            "average_shortest_path": 0.6753432714325517,
            "global_efficiency": 1.4834448061520653,
            "characteristic_path_length": 0.6753432714325517
        }
    ],
    "9": [
        {
            "clustering": 0.8441510357557594,
            "modularity": 0.01859083598436624,
            "average_degree": 39.57271933858909,
            "degree_std": 0.20871265422473048,
            "average_shortest_path": 0.2225902612841859,
            "global_efficiency": 4.525238034645963,
            "characteristic_path_length": 0.2225902612841859
        },
        {
            "clustering": 0.31253063223296546,
            "modularity": 0.023497280698181713,
            "average_degree": 15.979816509511657,
            "degree_std": 0.27808440616480457,
            "average_shortest_path": 0.6873402366705779,
            "global_efficiency": 1.455316832135507,
            "characteristic_path_length": 0.6873402366705779
        },
        {
            "clustering": 0.7937406533242505,
            "modularity": 0.020620077031691983,
            "average_degree": 37.46111324852027,
            "degree_std": 0.23108462173721447,
            "average_shortest_path": 0.2647540831322573,
            "global_efficiency": 3.807542110932632,
            "characteristic_path_length": 0.2647540831322573
        },
        {
            "clustering": 0.5278071730606133,
            "modularity": 0.060341336727938476,
            "average_degree": 19.14941697063703,
            "degree_std": 0.9218618014730584,
            "average_shortest_path": 0.6271700765217529,
            "global_efficiency": 1.6100138208902406,
            "characteristic_path_length": 0.6271700765217529
        },
        {
            "clustering": 0.2905678421759854,
            "modularity": 0.04064255866403347,
            "average_degree": 14.950050690498538,
            "degree_std": 0.5164377934976223,
            "average_shortest_path": 0.7085732448278117,
            "global_efficiency": 1.4137224112419342,
            "characteristic_path_length": 0.7085732448278117
        },
        {
            "clustering": 0.9528830330230318,
            "modularity": 0.018184533766453327,
            "average_degree": 46.67209812944449,
            "degree_std": 0.22903138546853993,
            "average_shortest_path": 0.08356009806905473,
            "global_efficiency": 12.065627270070756,
            "characteristic_path_length": 0.08356009806905473
        },
        {
            "clustering": 0.5765336634969318,
            "modularity": 0.034506043106348916,
            "average_degree": 17.651773143958636,
            "degree_std": 0.4832133525918439,
            "average_shortest_path": 0.6546399976657445,
            "global_efficiency": 1.5312839224983905,
            "characteristic_path_length": 0.6546399976657445
        },
        {
            "clustering": 0.8153137936518631,
            "modularity": 0.01904043215646027,
            "average_degree": 32.04542754444141,
            "degree_std": 0.2521162165852552,
            "average_shortest_path": 0.37088078411257996,
            "global_efficiency": 2.7030839491373424,
            "characteristic_path_length": 0.37088078411257996
        },
        {
            "clustering": 0.61598690809935,
            "modularity": 0.02191352720261994,
            "average_degree": 22.512383844580835,
            "degree_std": 0.37401631268896474,
            "average_shortest_path": 0.5578476994676941,
            "global_efficiency": 1.7971215978849862,
            "characteristic_path_length": 0.5578476994676941
        },
        {
            "clustering": 0.2017044813693068,
            "modularity": 0.024736309065019287,
            "average_degree": 10.34238671491701,
            "degree_std": 0.16814235341857786,
            "average_shortest_path": 0.7981114929285669,
            "global_efficiency": 1.2530854806505978,
            "characteristic_path_length": 0.7981114929285669
        },
        {
            "clustering": 0.4022952897835619,
            "modularity": 0.05450782246615081,
            "average_degree": 16.41764354404688,
            "degree_std": 0.8382215462376675,
            "average_shortest_path": 0.6794167261663824,
            "global_efficiency": 1.4847742270906337,
            "characteristic_path_length": 0.6794167261663824
        },
        {
            "clustering": 0.6189699842226234,
            "modularity": 0.022147358734950936,
            "average_degree": 26.428578521412202,
            "degree_std": 0.313012390023388,
            "average_shortest_path": 0.4806949635306183,
            "global_efficiency": 2.0907029867830795,
            "characteristic_path_length": 0.4806949635306183
        }
    ],
    "10": [
        {
            "clustering": 0.8373037248420675,
            "modularity": 0.019808806613775563,
            "average_degree": 39.44395330401916,
            "degree_std": 0.18449500171420644,
            "average_shortest_path": 0.22589859086640027,
            "global_efficiency": 4.45428426517685,
            "characteristic_path_length": 0.22589859086640027
        },
        {
            "clustering": 0.8331129671903459,
            "modularity": 0.018204318381117655,
            "average_degree": 40.612434522562396,
            "degree_std": 0.21520910312207267,
            "average_shortest_path": 0.2022913794858115,
            "global_efficiency": 4.966261919746116,
            "characteristic_path_length": 0.2022913794858115
        },
        {
            "clustering": 0.4478001174875654,
            "modularity": 0.03482785859313563,
            "average_degree": 22.96789533637544,
            "degree_std": 0.6041588822116072,
            "average_shortest_path": 0.5508955427791228,
            "global_efficiency": 1.8252901115329592,
            "characteristic_path_length": 0.5508955427791228
        },
        {
            "clustering": 0.8923271349785018,
            "modularity": 0.018955636108735102,
            "average_degree": 38.58220491712607,
            "degree_std": 0.2999457437627859,
            "average_shortest_path": 0.24268729499408176,
            "global_efficiency": 4.136308442622409,
            "characteristic_path_length": 0.24268729499408176
        },
        {
            "clustering": 0.7230091171514229,
            "modularity": 0.031338466796697745,
            "average_degree": 27.57724416976489,
            "degree_std": 0.7332793143693612,
            "average_shortest_path": 0.45969854021558954,
            "global_efficiency": 2.195143067309723,
            "characteristic_path_length": 0.45969854021558954
        },
        {
            "clustering": 0.8778862505345455,
            "modularity": 0.018953567353799584,
            "average_degree": 41.164996170454394,
            "degree_std": 0.17960612100712472,
            "average_shortest_path": 0.19232703474103188,
            "global_efficiency": 5.218830159264071,
            "characteristic_path_length": 0.19232703474103188
        },
        {
            "clustering": 0.938209575779238,
            "modularity": 0.01830828642241861,
            "average_degree": 47.067281988315955,
            "degree_std": 0.21952638084431017,
            "average_shortest_path": 0.07574157551843293,
            "global_efficiency": 13.360243061260547,
            "characteristic_path_length": 0.07574157551843293
        },
        {
            "clustering": 0.9140411207301917,
            "modularity": 0.018217114201279375,
            "average_degree": 43.39826837366141,
            "degree_std": 0.3038051575537868,
            "average_shortest_path": 0.14788725417487475,
            "global_efficiency": 6.7874828912037914,
            "characteristic_path_length": 0.14788725417487475
        },
        {
            "clustering": 0.845592904567413,
            "modularity": 0.018795993864563848,
            "average_degree": 39.96750649636306,
            "degree_std": 0.1568354459413635,
            "average_shortest_path": 0.21562869959948014,
            "global_efficiency": 4.6557256207019835,
            "characteristic_path_length": 0.21562869959948014
        },
        {
            "clustering": 0.8527803157148098,
            "modularity": 0.018359475191912472,
            "average_degree": 41.633161659889595,
            "degree_std": 0.17606457816954074,
            "average_shortest_path": 0.18256140361026843,
            "global_efficiency": 5.5061424082695325,
            "characteristic_path_length": 0.18256140361026843
        },
        {
            "clustering": 0.7712806039247737,
            "modularity": 0.019822007162322942,
            "average_degree": 34.59545870041169,
            "degree_std": 0.33308248919582484,
            "average_shortest_path": 0.3214451061280406,
            "global_efficiency": 3.1207033501832973,
            "characteristic_path_length": 0.3214451061280406
        },
        {
            "clustering": 0.7225564978226642,
            "modularity": 0.02626855838846242,
            "average_degree": 29.01882560467042,
            "degree_std": 0.6814870014621202,
            "average_shortest_path": 0.43100085900146134,
            "global_efficiency": 2.3347842062228277,
            "characteristic_path_length": 0.43100085900146134
        }
    ],
    "11": [
        {
            "clustering": 0.900553202852797,
            "modularity": 0.01881942333298023,
            "average_degree": 42.72139715974845,
            "degree_std": 0.3740361020584969,
            "average_shortest_path": 0.16130005079872753,
            "global_efficiency": 6.227496710873822,
            "characteristic_path_length": 0.16130005079872753
        },
        {
            "clustering": 0.7689412219588568,
            "modularity": 0.02090047839122884,
            "average_degree": 36.249067481809035,
            "degree_std": 0.4248639851228595,
            "average_shortest_path": 0.28866152730523326,
            "global_efficiency": 3.483845484663239,
            "characteristic_path_length": 0.28866152730523326
        },
        {
            "clustering": 0.7659565095837628,
            "modularity": 0.020290183664279947,
            "average_degree": 27.2752102944519,
            "degree_std": 0.44671323313862754,
            "average_shortest_path": 0.4650586949739613,
            "global_efficiency": 2.1552070656065476,
            "characteristic_path_length": 0.4650586949739613
        },
        {
            "clustering": 0.7719121770909091,
            "modularity": 0.022205893502506686,
            "average_degree": 32.11545963113822,
            "degree_std": 0.29095077411962,
            "average_shortest_path": 0.37005126579683656,
            "global_efficiency": 2.712662711852962,
            "characteristic_path_length": 0.37005126579683656
        },
        {
            "clustering": 0.7079673362886115,
            "modularity": 0.020483909177670876,
            "average_degree": 29.381575589083806,
            "degree_std": 0.34068216975188265,
            "average_shortest_path": 0.42363245941242395,
            "global_efficiency": 2.3675245189745717,
            "characteristic_path_length": 0.42363245941242395
        },
        {
            "clustering": 0.7773392280157302,
            "modularity": 0.018412690462980982,
            "average_degree": 35.83122253602065,
            "degree_std": 0.16598681324641767,
            "average_shortest_path": 0.2964100845492616,
            "global_efficiency": 3.382052844384363,
            "characteristic_path_length": 0.2964100845492616
        },
        {
            "clustering": 0.7534041380094659,
            "modularity": 0.022313451185822644,
            "average_degree": 33.15104136516187,
            "degree_std": 0.5919016327914167,
            "average_shortest_path": 0.3483929712310129,
            "global_efficiency": 2.894939821509378,
            "characteristic_path_length": 0.3483929712310129
        },
        {
            "clustering": 0.8849314946641883,
            "modularity": 0.018313231045785767,
            "average_degree": 42.474818980150594,
            "degree_std": 0.19708040917235464,
            "average_shortest_path": 0.16617390073075586,
            "global_efficiency": 6.03395003167078,
            "characteristic_path_length": 0.16617390073075586
        },
        {
            "clustering": 0.8110812691557505,
            "modularity": 0.017897663162916015,
            "average_degree": 34.88170932715453,
            "degree_std": 0.38048119127893504,
            "average_shortest_path": 0.3140023961480783,
            "global_efficiency": 3.207064643592123,
            "characteristic_path_length": 0.3140023961480783
        },
        {
            "clustering": 0.6456911263979903,
            "modularity": 0.019325381870401743,
            "average_degree": 29.598119682126416,
            "degree_std": 0.21401206610851561,
            "average_shortest_path": 0.41925310851359854,
            "global_efficiency": 2.3915703828611354,
            "characteristic_path_length": 0.41925310851359854
        },
        {
            "clustering": 0.75662735071856,
            "modularity": 0.027849545266599038,
            "average_degree": 34.883073291059915,
            "degree_std": 0.6799012558547658,
            "average_shortest_path": 0.31575319400247265,
            "global_efficiency": 3.2281136962996646,
            "characteristic_path_length": 0.31575319400247265
        },
        {
            "clustering": 0.9027044052955158,
            "modularity": 0.01851222777463294,
            "average_degree": 43.29636806552924,
            "degree_std": 0.20178299648384432,
            "average_shortest_path": 0.15026460151283108,
            "global_efficiency": 6.670912363330064,
            "characteristic_path_length": 0.15026460151283108
        }
    ]
}