{
    "0": [
        {
            "clustering": 0.7974206590708769,
            "modularity": 0.009801200286712776,
            "average_degree": 71.49345111342926,
            "degree_std": 0.09187452089768948,
            "average_shortest_path": 0.2920280978896401,
            "global_efficiency": 3.4262525909608197,
            "characteristic_path_length": 0.2920280978896401
        },
        {
            "clustering": 0.15176563416156177,
            "modularity": 0.011771814050838518,
            "average_degree": 15.349707445478234,
            "degree_std": 0.049486704255470665,
            "average_shortest_path": 0.8482107239361986,
            "global_efficiency": 1.1789716060595232,
            "characteristic_path_length": 0.8482107239361986
        },
        {
            "clustering": 0.13620314622269947,
            "modularity": 0.013982872182314475,
            "average_degree": 13.791296669313851,
            "degree_std": 0.353122371489775,
            "average_shortest_path": 0.8636855561617895,
            "global_efficiency": 1.1579491548654814,
            "characteristic_path_length": 0.8636855561617895
        },
        {
            "clustering": 0.6798809475583191,
            "modularity": 0.011147339727655393,
            "average_degree": 50.65175020190734,
            "degree_std": 0.21894955862302995,
            "average_shortest_path": 0.4985546073227218,
            "global_efficiency": 2.007312107937259,
            "characteristic_path_length": 0.4985546073227218
        },
        {
            "clustering": 0.8394151804843769,
            "modularity": 0.00994512758013563,
            "average_degree": 70.30759889754314,
            "degree_std": 0.08988030670703731,
            "average_shortest_path": 0.303803444721482,
            "global_efficiency": 3.2931054214358557,
            "characteristic_path_length": 0.303803444721482
        },
        {
            "clustering": 0.05347849669703348,
            "modularity": 0.014839558727528214,
            "average_degree": 5.423968493364919,
            "degree_std": 0.18761464273877618,
            "average_shortest_path": 0.946495010455222,
            "global_efficiency": 1.0565358001720904,
            "characteristic_path_length": 0.946495010455222
        },
        {
            "clustering": 0.11796807487273814,
            "modularity": 0.012024942451680586,
            "average_degree": 11.938909063389692,
            "degree_std": 0.16677686667011782,
            "average_shortest_path": 0.8820205854973128,
            "global_efficiency": 1.1337659806161602,
            "characteristic_path_length": 0.8820205854973128
        },
        {
            "clustering": 0.558742403240269,
            "modularity": 0.01029948355405524,
            "average_degree": 41.42339364143867,
            "degree_std": 0.19560699574645143,
            "average_shortest_path": 0.5898132652826984,
            "global_efficiency": 1.6959140164241402,
            "characteristic_path_length": 0.5898132652826984
        },
        {
            "clustering": 0.0419537449336207,
            "modularity": 0.018157537060261596,
            "average_degree": 4.263166077575115,
            "degree_std": 0.13644023877992825,
            "average_shortest_path": 0.9580075583796005,
            "global_efficiency": 1.0438386839507363,
            "characteristic_path_length": 0.9580075583796005
        },
        {
            "clustering": 0.24374895265063043,
            "modularity": 0.01257170799806373,
            "average_degree": 24.651893944045696,
            "degree_std": 0.4046415552568103,
            "average_shortest_path": 0.7561897072537098,
            "global_efficiency": 1.3225945413945583,
            "characteristic_path_length": 0.7561897072537098
        },
        {
            "clustering": 0.7313038306200846,
            "modularity": 0.010395459141096628,
            "average_degree": 59.97655768337507,
            "degree_std": 0.18505228620430395,
            "average_shortest_path": 0.40615856243203385,
            "global_efficiency": 2.4645586026405994,
            "characteristic_path_length": 0.40615856243203385
        },
        {
            "clustering": 0.4165299955690572,
            "modularity": 0.013223936827505837,
            "average_degree": 27.872991233630273,
            "degree_std": 0.48810876526481317,
            "average_shortest_path": 0.7242207440747628,
            "global_efficiency": 1.3818667507216738,
            "characteristic_path_length": 0.7242207440747628
        }
    ],
    "1": [
        {
            "clustering": 0.8464687077564733,
            "modularity": 0.009825678289909044,
            "average_degree": 73.2908924958374,
            "degree_std": 0.05838158188024337,
            "average_shortest_path": 0.27424692492292385,
            "global_efficiency": 3.6478778516846195,
            "characteristic_path_length": 0.27424692492292385
        },
        {
            "clustering": 0.7973278428786773,
            "modularity": 0.010156326265687177,
            "average_degree": 69.38162581535835,
            "degree_std": 0.12168048096042253,
            "average_shortest_path": 0.3130153786052357,
            "global_efficiency": 3.1970654786198285,
            "characteristic_path_length": 0.3130153786052357
        },
        {
            "clustering": 0.8206358250612276,
            "modularity": 0.010148786784043712,
            "average_degree": 73.23596636864204,
            "degree_std": 0.11061709964702732,
            "average_shortest_path": 0.27483597845742197,
            "global_efficiency": 3.6415504717988485,
            "characteristic_path_length": 0.27483597845742197
        },
        {
            "clustering": 0.7167542083622555,
            "modularity": 0.010041535312017853,
            "average_degree": 59.381662372079084,
            "degree_std": 0.11237064375522864,
            "average_shortest_path": 0.41199098478664054,
            "global_efficiency": 2.4280812830138556,
            "characteristic_path_length": 0.41199098478664054
        },
        {
            "clustering": 0.7211743710182972,
            "modularity": 0.010596363283355061,
            "average_degree": 60.682916480031196,
            "degree_std": 0.17768640885534379,
            "average_shortest_path": 0.399215520090527,
            "global_efficiency": 2.5071289887800012,
            "characteristic_path_length": 0.399215520090527
        },
        {
            "clustering": 0.7335096320074692,
            "modularity": 0.010526622157791118,
            "average_degree": 60.47508507701416,
            "degree_std": 0.20345265954018157,
            "average_shortest_path": 0.40124306269366333,
            "global_efficiency": 2.4939601865447343,
            "characteristic_path_length": 0.40124306269366333
        },
        {
            "clustering": 0.8468433992227042,
            "modularity": 0.009992293865444802,
            "average_degree": 72.55594722422619,
            "degree_std": 0.08729326440826296,
            "average_shortest_path": 0.28145910191415535,
            "global_efficiency": 3.5561943026673317,
            "characteristic_path_length": 0.28145910191415535
        },
        {
            "clustering": 0.8388099505710942,
            "modularity": 0.009642359167302394,
            "average_degree": 80.23877700838108,
            "degree_std": 0.05056150682071462,
            "average_shortest_path": 0.20532290430984113,
            "global_efficiency": 4.874933847643074,
            "characteristic_path_length": 0.20532290430984113
        },
        {
            "clustering": 0.6548083717271532,
            "modularity": 0.0120041990242637,
            "average_degree": 46.1638282314207,
            "degree_std": 0.34562412408441856,
            "average_shortest_path": 0.5431088343834636,
            "global_efficiency": 1.8424355997697532,
            "characteristic_path_length": 0.5431088343834636
        },
        {
            "clustering": 0.7263658376694272,
            "modularity": 0.009996694071273887,
            "average_degree": 46.20159708480198,
            "degree_std": 0.309377269492123,
            "average_shortest_path": 0.5424507881226864,
            "global_efficiency": 1.8440988915510017,
            "characteristic_path_length": 0.5424507881226864
        },
        {
            "clustering": 0.6872756983162082,
            "modularity": 0.010658789273178908,
            "average_degree": 57.33241725238818,
            "degree_std": 0.18224507557334774,
            "average_shortest_path": 0.43235243295780335,
            "global_efficiency": 2.3142794144221277,
            "characteristic_path_length": 0.43235243295780335
        },
        {
            "clustering": 0.6585883733513552,
            "modularity": 0.00897986167668012,
            "average_degree": 59.48980972620506,
            "degree_std": 0.17410678128217758,
            "average_shortest_path": 0.4101040987896197,
            "global_efficiency": 2.442316464307531,
            "characteristic_path_length": 0.4101040987896197
        }
    ],
    "2": [
        {
            "clustering": 0.801885271823997,
            "modularity": 0.009796177761891057,
            "average_degree": 71.37200436147708,
            "degree_std": 0.09796066794187988,
            "average_shortest_path": 0.2932384013226538,
            "global_efficiency": 3.4121336422016157,
            "characteristic_path_length": 0.2932384013226538
        },
        {
            "clustering": 0.8012378890588059,
            "modularity": 0.010313131707258559,
            "average_degree": 66.66086086424846,
            "degree_std": 0.12481917783193443,
            "average_shortest_path": 0.3400390975222443,
            "global_efficiency": 2.942301851114479,
            "characteristic_path_length": 0.3400390975222443
        },
        {
            "clustering": 0.7695224812908027,
            "modularity": 0.01000826798149749,
            "average_degree": 68.7142254779007,
            "degree_std": 0.10965007199587708,
            "average_shortest_path": 0.3196101042598185,
            "global_efficiency": 3.130684360368366,
            "characteristic_path_length": 0.3196101042598185
        },
        {
            "clustering": 0.7289079190964389,
            "modularity": 0.011000893964935815,
            "average_degree": 56.517478289630596,
            "degree_std": 0.27445722429603114,
            "average_shortest_path": 0.440469368169404,
            "global_efficiency": 2.2723097638027188,
            "characteristic_path_length": 0.440469368169404
        },
        {
            "clustering": 0.7392950556609473,
            "modularity": 0.010503779623303865,
            "average_degree": 60.224820723858066,
            "degree_std": 0.17689072486394405,
            "average_shortest_path": 0.4037526793853201,
            "global_efficiency": 2.4779549847080156,
            "characteristic_path_length": 0.4037526793853201
        },
        {
            "clustering": 0.16329188963497884,
            "modularity": 0.01757190389671395,
            "average_degree": 16.54881545310298,
            "degree_std": 0.5895404421562433,
            "average_shortest_path": 0.8364627394767442,
            "global_efficiency": 1.1959432004034316,
            "characteristic_path_length": 0.8364627394767442
        },
        {
            "clustering": 0.8938579479745387,
            "modularity": 0.009538492355275867,
            "average_degree": 79.23098538311977,
            "degree_std": 0.2123373184748127,
            "average_shortest_path": 0.21519711833409588,
            "global_efficiency": 4.65029894386897,
            "characteristic_path_length": 0.21519711833409588
        },
        {
            "clustering": 0.5700959765958631,
            "modularity": 0.013399370194847106,
            "average_degree": 35.9979136427756,
            "degree_std": 0.450119692484728,
            "average_shortest_path": 0.6437216538920848,
            "global_efficiency": 1.554240501411833,
            "characteristic_path_length": 0.6437216538920848
        },
        {
            "clustering": 0.8661410005338412,
            "modularity": 0.009899035280820498,
            "average_degree": 77.71146510454673,
            "degree_std": 0.07858797572642079,
            "average_shortest_path": 0.2304839231510355,
            "global_efficiency": 4.34100120740626,
            "characteristic_path_length": 0.2304839231510355
        },
        {
            "clustering": 0.860100845061231,
            "modularity": 0.009675053503961148,
            "average_degree": 76.66400696906108,
            "degree_std": 0.021081444921938152,
            "average_shortest_path": 0.24076982707688302,
            "global_efficiency": 4.155374455683024,
            "characteristic_path_length": 0.24076982707688302
        },
        {
            "clustering": 0.7655290160591468,
            "modularity": 0.009827800759355307,
            "average_degree": 70.7098038533594,
            "degree_std": 0.09588615332287076,
            "average_shortest_path": 0.29977518684936294,
            "global_efficiency": 3.3378608233550193,
            "characteristic_path_length": 0.29977518684936294
        },
        {
            "clustering": 0.8193986328960168,
            "modularity": 0.010447580112386858,
            "average_degree": 74.79365909668464,
            "degree_std": 0.12800199300396273,
            "average_shortest_path": 0.25947552071677316,
            "global_efficiency": 3.862101252107058,
            "characteristic_path_length": 0.25947552071677316
        }
    ],
    "3": [
        {
            "clustering": 0.2786060278576861,
            "modularity": 0.011863712389246274,
            "average_degree": 28.167235807454382,
            "degree_std": 0.08955342838711434,
            "average_shortest_path": 0.7213236769855645,
            "global_efficiency": 1.3864771184976161,
            "characteristic_path_length": 0.7213236769855645
        },
        {
            "clustering": 0.860648623979449,
            "modularity": 0.010012465942468176,
            "average_degree": 73.8258227160837,
            "degree_std": 0.0720942687590768,
            "average_shortest_path": 0.26895583597698597,
            "global_efficiency": 3.7194821961086033,
            "characteristic_path_length": 0.26895583597698597
        },
        {
            "clustering": 0.26807261171468155,
            "modularity": 0.01838180845129923,
            "average_degree": 17.566303467044307,
            "degree_std": 0.4292321634066188,
            "average_shortest_path": 0.8263825427202557,
            "global_efficiency": 1.2104244478497643,
            "characteristic_path_length": 0.8263825427202557
        },
        {
            "clustering": 0.3577763505524619,
            "modularity": 0.02670015672203606,
            "average_degree": 23.549651522416788,
            "degree_std": 0.7603307641756795,
            "average_shortest_path": 0.7676430283524079,
            "global_efficiency": 1.305275732998756,
            "characteristic_path_length": 0.7676430283524079
        },
        {
            "clustering": 0.38044787606913455,
            "modularity": 0.011600325448956098,
            "average_degree": 38.45052699017186,
            "degree_std": 0.4787694373217428,
            "average_shortest_path": 0.6194601268885713,
            "global_efficiency": 1.61503609075572,
            "characteristic_path_length": 0.6194601268885713
        },
        {
            "clustering": 0.6395541175992795,
            "modularity": 0.012382053141069634,
            "average_degree": 43.95760971258242,
            "degree_std": 0.2197582879236937,
            "average_shortest_path": 0.564726171387416,
            "global_efficiency": 1.7758848807081622,
            "characteristic_path_length": 0.564726171387416
        },
        {
            "clustering": 0.12472071885490883,
            "modularity": 0.0264065728135556,
            "average_degree": 12.675242187179792,
            "degree_std": 0.6073465354093777,
            "average_shortest_path": 0.8748058913277088,
            "global_efficiency": 1.1437807214940166,
            "characteristic_path_length": 0.8748058913277088
        },
        {
            "clustering": 0.12307252376682687,
            "modularity": 0.012222057505512496,
            "average_degree": 12.45240204790065,
            "degree_std": 0.3131642919466572,
            "average_shortest_path": 0.8768884890179011,
            "global_efficiency": 1.140426535791853,
            "characteristic_path_length": 0.8768884890179011
        },
        {
            "clustering": 0.5193628209813373,
            "modularity": 0.01683307505588134,
            "average_degree": 26.929123068986627,
            "degree_std": 0.5232724199794817,
            "average_shortest_path": 0.7335633343705195,
            "global_efficiency": 1.363945731241754,
            "characteristic_path_length": 0.7335633343705195
        },
        {
            "clustering": 0.32360898552962913,
            "modularity": 0.017012309012080937,
            "average_degree": 30.31517275215516,
            "degree_std": 0.7050276398378029,
            "average_shortest_path": 0.7001206403818868,
            "global_efficiency": 1.4316671550687325,
            "characteristic_path_length": 0.7001206403818868
        },
        {
            "clustering": 0.3055978369336073,
            "modularity": 0.03062989983419554,
            "average_degree": 19.343663568883603,
            "degree_std": 0.7083195669602175,
            "average_shortest_path": 0.8092622957768518,
            "global_efficiency": 1.2375927128064863,
            "characteristic_path_length": 0.8092622957768518
        },
        {
            "clustering": 0.7629012546213295,
            "modularity": 0.012190131340148272,
            "average_degree": 59.238579383816905,
            "degree_std": 0.2683332198972656,
            "average_shortest_path": 0.413799437790206,
            "global_efficiency": 2.4204151675358743,
            "characteristic_path_length": 0.413799437790206
        }
    ],
    "4": [
        {
            "clustering": 0.15462658749784455,
            "modularity": 0.022033982121251978,
            "average_degree": 15.71578936217742,
            "degree_std": 0.3907568315331144,
            "average_shortest_path": 0.8450108187157982,
            "global_efficiency": 1.1837422635450963,
            "characteristic_path_length": 0.8450108187157982
        },
        {
            "clustering": 0.486565689132099,
            "modularity": 0.013620359866991387,
            "average_degree": 36.571444097770545,
            "degree_std": 0.3387518089315726,
            "average_shortest_path": 0.6377338449821198,
            "global_efficiency": 1.5702289930221012,
            "characteristic_path_length": 0.6377338449821198
        },
        {
            "clustering": 0.3044375556015941,
            "modularity": 0.010291316932319921,
            "average_degree": 30.754120790003036,
            "degree_std": 0.20021897017864826,
            "average_shortest_path": 0.6954847053632763,
            "global_efficiency": 1.4380584346659602,
            "characteristic_path_length": 0.6954847053632763
        },
        {
            "clustering": 0.24737639733839345,
            "modularity": 0.012524236535900787,
            "average_degree": 25.012313488772307,
            "degree_std": 0.1344426077789616,
            "average_shortest_path": 0.7525046594330479,
            "global_efficiency": 1.3290762138032368,
            "characteristic_path_length": 0.7525046594330479
        },
        {
            "clustering": 0.8460585591941746,
            "modularity": 0.009686583729079235,
            "average_degree": 80.21089871140975,
            "degree_std": 0.07744676010691909,
            "average_shortest_path": 0.2056565893418861,
            "global_efficiency": 4.865331872709436,
            "characteristic_path_length": 0.2056565893418861
        },
        {
            "clustering": 0.3316299160105531,
            "modularity": 0.017358227204025512,
            "average_degree": 33.58647233651409,
            "degree_std": 0.6060710368750448,
            "average_shortest_path": 0.6680273821933573,
            "global_efficiency": 1.498893291158372,
            "characteristic_path_length": 0.6680273821933573
        },
        {
            "clustering": 0.7381045387936684,
            "modularity": 0.013121308979971333,
            "average_degree": 54.377701787378975,
            "degree_std": 0.3241758697775806,
            "average_shortest_path": 0.4619642190710463,
            "global_efficiency": 2.1676450790674195,
            "characteristic_path_length": 0.4619642190710463
        },
        {
            "clustering": 0.4148333502570655,
            "modularity": 0.02344328996472747,
            "average_degree": 42.19349650633911,
            "degree_std": 0.7799413616260589,
            "average_shortest_path": 0.5836345777220346,
            "global_efficiency": 1.7248431707557879,
            "characteristic_path_length": 0.5836345777220346
        },
        {
            "clustering": 0.16177340485360914,
            "modularity": 0.024157578286433983,
            "average_degree": 16.453211891263017,
            "degree_std": 0.6291668956213695,
            "average_shortest_path": 0.837700613418921,
            "global_efficiency": 1.194483460681084,
            "characteristic_path_length": 0.837700613418921
        },
        {
            "clustering": 0.7533655859147285,
            "modularity": 0.013474974499432569,
            "average_degree": 62.98271136137504,
            "degree_std": 0.41642612969551507,
            "average_shortest_path": 0.3769564727942149,
            "global_efficiency": 2.663802177824462,
            "characteristic_path_length": 0.3769564727942149
        },
        {
            "clustering": 0.8291529392600019,
            "modularity": 0.011807405315170178,
            "average_degree": 71.9846619025137,
            "degree_std": 0.2629145671990764,
            "average_shortest_path": 0.2875842071964283,
            "global_efficiency": 3.4900828501138115,
            "characteristic_path_length": 0.2875842071964283
        },
        {
            "clustering": 0.45490337843420947,
            "modularity": 0.010917361240023571,
            "average_degree": 45.96401456518022,
            "degree_std": 0.2914093043189848,
            "average_shortest_path": 0.5449857448193914,
            "global_efficiency": 1.8359970229345217,
            "characteristic_path_length": 0.5449857448193914
        }
    ],
    "5": [
        {
            "clustering": 0.2863569524185595,
            "modularity": 0.021274384891506494,
            "average_degree": 29.064968981867825,
            "degree_std": 0.6326776901902309,
            "average_shortest_path": 0.7129438481538756,
            "global_efficiency": 1.405257620576858,
            "characteristic_path_length": 0.7129438481538756
        },
        {
            "clustering": 0.5183666082949415,
            "modularity": 0.023061106958660642,
            "average_degree": 43.69303134464204,
            "degree_std": 0.723636579778597,
            "average_shortest_path": 0.5689674380488889,
            "global_efficiency": 1.7718656573328564,
            "characteristic_path_length": 0.5689674380488889
        },
        {
            "clustering": 0.8976468230891489,
            "modularity": 0.00969346867762934,
            "average_degree": 86.22335557433624,
            "degree_std": 0.07546291874189756,
            "average_shortest_path": 0.1459062490077934,
            "global_efficiency": 6.869121145747426,
            "characteristic_path_length": 0.1459062490077934
        },
        {
            "clustering": 0.7408111294267534,
            "modularity": 0.010754670867983032,
            "average_degree": 71.98816581222076,
            "degree_std": 0.1243008538914857,
            "average_shortest_path": 0.2872223824684066,
            "global_efficiency": 3.4890163368721416,
            "characteristic_path_length": 0.2872223824684066
        },
        {
            "clustering": 0.8261300650073413,
            "modularity": 0.010505017262160559,
            "average_degree": 57.33319867999682,
            "degree_std": 0.18136328911119717,
            "average_shortest_path": 0.43225238954616224,
            "global_efficiency": 2.3144280831903132,
            "characteristic_path_length": 0.43225238954616224
        },
        {
            "clustering": 0.31669096448529827,
            "modularity": 0.01171362828645271,
            "average_degree": 21.07342131509311,
            "degree_std": 0.3041114539054216,
            "average_shortest_path": 0.7912891791746947,
            "global_efficiency": 1.26438367353718,
            "characteristic_path_length": 0.7912891791746947
        },
        {
            "clustering": 0.490507280578915,
            "modularity": 0.02725776018376028,
            "average_degree": 39.75603952569345,
            "degree_std": 0.8870308945450657,
            "average_shortest_path": 0.6073103067888455,
            "global_efficiency": 1.6598263146200676,
            "characteristic_path_length": 0.6073103067888455
        },
        {
            "clustering": 0.8396495481468607,
            "modularity": 0.010763935955185827,
            "average_degree": 75.12021013053912,
            "degree_std": 0.20309189454225993,
            "average_shortest_path": 0.2563986678376342,
            "global_efficiency": 3.9095504229410576,
            "characteristic_path_length": 0.2563986678376342
        },
        {
            "clustering": 0.901023870889086,
            "modularity": 0.010086365931626668,
            "average_degree": 84.9592960331108,
            "degree_std": 0.16063862572130708,
            "average_shortest_path": 0.15876350066276512,
            "global_efficiency": 6.30785999005785,
            "characteristic_path_length": 0.15876350066276512
        },
        {
            "clustering": 0.8827062936404668,
            "modularity": 0.010926832760195015,
            "average_degree": 86.79164310726185,
            "degree_std": 0.25609692169771525,
            "average_shortest_path": 0.14075563003318478,
            "global_efficiency": 7.201127374938851,
            "characteristic_path_length": 0.14075563003318478
        },
        {
            "clustering": 0.682686255391546,
            "modularity": 0.014824902632911367,
            "average_degree": 69.1106968382265,
            "degree_std": 0.43738615537510284,
            "average_shortest_path": 0.31579616464448695,
            "global_efficiency": 3.236307936463652,
            "characteristic_path_length": 0.31579616464448695
        },
        {
            "clustering": 0.15657578225720942,
            "modularity": 0.017562528466563653,
            "average_degree": 15.872487663006577,
            "degree_std": 0.34515346400321,
            "average_shortest_path": 0.8432523057107995,
            "global_efficiency": 1.186041191030283,
            "characteristic_path_length": 0.8432523057107995
        }
    ],
    "6": [
        {
            "clustering": 0.2821158767466494,
            "modularity": 0.013677317011363231,
            "average_degree": 28.5272306522114,
            "degree_std": 0.20705332952049663,
            "average_shortest_path": 0.7177245767616434,
            "global_efficiency": 1.3936641942193437,
            "characteristic_path_length": 0.7177245767616434
        },
        {
            "clustering": 0.7402303399489736,
            "modularity": 0.010709405165104583,
            "average_degree": 71.34787829371948,
            "degree_std": 0.10715497237797145,
            "average_shortest_path": 0.29342254520064653,
            "global_efficiency": 3.416007198321174,
            "characteristic_path_length": 0.29342254520064653
        },
        {
            "clustering": 0.7672655081679163,
            "modularity": 0.013156413849333418,
            "average_degree": 74.5675407049324,
            "degree_std": 0.33569005922496675,
            "average_shortest_path": 0.2619773357925993,
            "global_efficiency": 3.871131501479958,
            "characteristic_path_length": 0.2619773357925993
        },
        {
            "clustering": 0.2853500683634207,
            "modularity": 0.022163898610228838,
            "average_degree": 29.011528632470398,
            "degree_std": 0.4571339927891475,
            "average_shortest_path": 0.713838107762228,
            "global_efficiency": 1.40294295947643,
            "characteristic_path_length": 0.713838107762228
        },
        {
            "clustering": 0.7244055009853906,
            "modularity": 0.0145150247078233,
            "average_degree": 71.08374799254197,
            "degree_std": 0.4641893026034652,
            "average_shortest_path": 0.29633311335486595,
            "global_efficiency": 3.4424229499906382,
            "characteristic_path_length": 0.29633311335486595
        },
        {
            "clustering": 0.737625572298063,
            "modularity": 0.013947481471429485,
            "average_degree": 72.32131962510604,
            "degree_std": 0.38842461295436664,
            "average_shortest_path": 0.2842193810927747,
            "global_efficiency": 3.579932420702744,
            "characteristic_path_length": 0.2842193810927747
        },
        {
            "clustering": 0.7159298962633853,
            "modularity": 0.01098343031339989,
            "average_degree": 67.94990244852768,
            "degree_std": 0.37387742283930386,
            "average_shortest_path": 0.32692072725958293,
            "global_efficiency": 3.068494847148931,
            "characteristic_path_length": 0.32692072725958293
        },
        {
            "clustering": 0.8981514296343178,
            "modularity": 0.00976860075095589,
            "average_degree": 87.67457312497157,
            "degree_std": 0.09338081661890947,
            "average_shortest_path": 0.13151510357254684,
            "global_efficiency": 7.630998480880815,
            "characteristic_path_length": 0.13151510357254684
        },
        {
            "clustering": 0.23221252879522084,
            "modularity": 0.011024106025235403,
            "average_degree": 23.46961777281871,
            "degree_std": 0.16722183686078962,
            "average_shortest_path": 0.7676588368493991,
            "global_efficiency": 1.3028474546210111,
            "characteristic_path_length": 0.7676588368493991
        },
        {
            "clustering": 0.5944251545412342,
            "modularity": 0.019003507186790915,
            "average_degree": 58.600686437066976,
            "degree_std": 0.43505109015283017,
            "average_shortest_path": 0.41992267764878993,
            "global_efficiency": 2.4302053105245176,
            "characteristic_path_length": 0.41992267764878993
        },
        {
            "clustering": 0.8812477686303138,
            "modularity": 0.010910226209626556,
            "average_degree": 85.82511866005916,
            "degree_std": 0.22322158227298763,
            "average_shortest_path": 0.1504427236378795,
            "global_efficiency": 6.71781368452335,
            "characteristic_path_length": 0.1504427236378795
        },
        {
            "clustering": 0.2712624282716922,
            "modularity": 0.0255890557657288,
            "average_degree": 26.952488121696916,
            "degree_std": 0.6248700040195397,
            "average_shortest_path": 0.7341922135326637,
            "global_efficiency": 1.3670327239969282,
            "characteristic_path_length": 0.7341922135326637
        }
    ],
    "7": [
        {
            "clustering": 0.8067804822369214,
            "modularity": 0.010671597521782174,
            "average_degree": 79.57626820000667,
            "degree_std": 0.1504912153015695,
            "average_shortest_path": 0.211774596156496,
            "global_efficiency": 4.748143150203634,
            "characteristic_path_length": 0.211774596156496
        },
        {
            "clustering": 0.5815716402463501,
            "modularity": 0.01447375776687978,
            "average_degree": 48.56803592952747,
            "degree_std": 0.34414570380309556,
            "average_shortest_path": 0.5193904125931287,
            "global_efficiency": 1.9298698815832203,
            "characteristic_path_length": 0.5193904125931287
        },
        {
            "clustering": 0.26044182175496766,
            "modularity": 0.013589716976685332,
            "average_degree": 26.350857440246436,
            "degree_std": 0.33180778963824215,
            "average_shortest_path": 0.7394702859055986,
            "global_efficiency": 1.3525242621170572,
            "characteristic_path_length": 0.7394702859055986
        },
        {
            "clustering": 0.5774326426123374,
            "modularity": 0.01866115156719533,
            "average_degree": 58.58390708631061,
            "degree_std": 0.7331518014675988,
            "average_shortest_path": 0.4211918728941619,
            "global_efficiency": 2.410738081649241,
            "characteristic_path_length": 0.4211918728941619
        },
        {
            "clustering": 0.14824742786559877,
            "modularity": 0.021770188499074167,
            "average_degree": 15.050366762628947,
            "degree_std": 0.3706939126143703,
            "average_shortest_path": 0.8514935718847968,
            "global_efficiency": 1.1746490873173185,
            "characteristic_path_length": 0.8514935718847968
        },
        {
            "clustering": 0.8388561586646008,
            "modularity": 0.01103821763361431,
            "average_degree": 67.41440029027719,
            "degree_std": 0.20081815771670247,
            "average_shortest_path": 0.3326080097258091,
            "global_efficiency": 3.012820385700918,
            "characteristic_path_length": 0.3326080097258091
        },
        {
            "clustering": 0.6677788060215852,
            "modularity": 0.00968336505042469,
            "average_degree": 58.510929704470726,
            "degree_std": 0.661309296026644,
            "average_shortest_path": 0.4199545261896018,
            "global_efficiency": 2.3889092198756994,
            "characteristic_path_length": 0.4199545261896018
        },
        {
            "clustering": 0.14225387292046415,
            "modularity": 0.017076997546659,
            "average_degree": 14.422922991154882,
            "degree_std": 0.2277690350636492,
            "average_shortest_path": 0.8576194783569757,
            "global_efficiency": 1.166120336937747,
            "characteristic_path_length": 0.8576194783569757
        },
        {
            "clustering": 0.5701549376403267,
            "modularity": 0.012698362196100349,
            "average_degree": 47.96437763529677,
            "degree_std": 0.4168707449278425,
            "average_shortest_path": 0.5248021894648219,
            "global_efficiency": 1.9101006759481909,
            "characteristic_path_length": 0.5248021894648219
        },
        {
            "clustering": 0.47717896785260744,
            "modularity": 0.026869402053565358,
            "average_degree": 48.37614639326301,
            "degree_std": 0.8396586729696416,
            "average_shortest_path": 0.5202433113851631,
            "global_efficiency": 1.9806575538421345,
            "characteristic_path_length": 0.5202433113851631
        },
        {
            "clustering": 0.728366675743098,
            "modularity": 0.01363079379575662,
            "average_degree": 63.07588295565376,
            "degree_std": 0.4301150778569936,
            "average_shortest_path": 0.376295634186027,
            "global_efficiency": 2.672021501728098,
            "characteristic_path_length": 0.376295634186027
        },
        {
            "clustering": 0.1502882846838225,
            "modularity": 0.019992511656142818,
            "average_degree": 15.26187864258227,
            "degree_std": 0.29519172116490777,
            "average_shortest_path": 0.8494662619074249,
            "global_efficiency": 1.1774079060638536,
            "characteristic_path_length": 0.8494662619074249
        }
    ],
    "8": [
        {
            "clustering": 0.7677936310607362,
            "modularity": 0.011106444949800244,
            "average_degree": 68.85176480593938,
            "degree_std": 0.24729716858702838,
            "average_shortest_path": 0.3183290779199263,
            "global_efficiency": 3.1471794723453765,
            "characteristic_path_length": 0.3183290779199263
        },
        {
            "clustering": 0.6046375359967893,
            "modularity": 0.010180109648041977,
            "average_degree": 51.94573923214186,
            "degree_std": 0.14544256597419566,
            "average_shortest_path": 0.4854723643161582,
            "global_efficiency": 2.0619822578153872,
            "characteristic_path_length": 0.4854723643161582
        },
        {
            "clustering": 0.7455407906591727,
            "modularity": 0.010482322737001455,
            "average_degree": 61.379933729198164,
            "degree_std": 0.18714085464805197,
            "average_shortest_path": 0.39224629215218804,
            "global_efficiency": 2.5520073434580564,
            "characteristic_path_length": 0.39224629215218804
        },
        {
            "clustering": 0.22516911967098655,
            "modularity": 0.024113950368748003,
            "average_degree": 20.292919462168758,
            "degree_std": 0.47377631353044836,
            "average_shortest_path": 0.79949375055209,
            "global_efficiency": 1.2516116187022677,
            "characteristic_path_length": 0.79949375055209
        },
        {
            "clustering": 0.5240295218794038,
            "modularity": 0.02551580345780696,
            "average_degree": 44.12958738015423,
            "degree_std": 0.8123714022615114,
            "average_shortest_path": 0.5641756531459384,
            "global_efficiency": 1.78698440391293,
            "characteristic_path_length": 0.5641756531459384
        },
        {
            "clustering": 0.6104292572405673,
            "modularity": 0.01148917770715745,
            "average_degree": 58.860330731993706,
            "degree_std": 0.2783503036955851,
            "average_shortest_path": 0.4171696703399372,
            "global_efficiency": 2.4034451133529,
            "characteristic_path_length": 0.4171696703399372
        },
        {
            "clustering": 0.1161437684664287,
            "modularity": 0.019210793305990924,
            "average_degree": 11.784059674641284,
            "degree_std": 0.23024338524197369,
            "average_shortest_path": 0.883744468838972,
            "global_efficiency": 1.1316152888833104,
            "characteristic_path_length": 0.883744468838972
        },
        {
            "clustering": 0.3227979064340708,
            "modularity": 0.014199088737043293,
            "average_degree": 30.412748325778338,
            "degree_std": 0.26190776747001915,
            "average_shortest_path": 0.6991363707364078,
            "global_efficiency": 1.430941287950699,
            "characteristic_path_length": 0.6991363707364078
        },
        {
            "clustering": 0.681615512392193,
            "modularity": 0.01143656246802594,
            "average_degree": 53.46082564638385,
            "degree_std": 0.18164081129820675,
            "average_shortest_path": 0.47066160116081285,
            "global_efficiency": 2.127221742447696,
            "characteristic_path_length": 0.47066160116081285
        },
        {
            "clustering": 0.5367528136372203,
            "modularity": 0.020838596704613466,
            "average_degree": 39.998608476545996,
            "degree_std": 0.6266741348987581,
            "average_shortest_path": 0.6049045347053595,
            "global_efficiency": 1.6590907112230722,
            "characteristic_path_length": 0.6049045347053595
        },
        {
            "clustering": 0.5819659232193948,
            "modularity": 0.010859148405559337,
            "average_degree": 58.80227375016937,
            "degree_std": 0.2298090964343216,
            "average_shortest_path": 0.41798482146063143,
            "global_efficiency": 2.3935469519312607,
            "characteristic_path_length": 0.41798482146063143
        },
        {
            "clustering": 0.31591008978393553,
            "modularity": 0.015992290659609245,
            "average_degree": 31.983721198005767,
            "degree_std": 0.35925315960708887,
            "average_shortest_path": 0.6838776845686836,
            "global_efficiency": 1.4629736585624962,
            "characteristic_path_length": 0.6838776845686836
        }
    ],
    "9": [
        {
            "clustering": 0.8521475461859761,
            "modularity": 0.00966976281097936,
            "average_degree": 79.21077107044715,
            "degree_std": 0.14467574167890712,
            "average_shortest_path": 0.21534407771597006,
            "global_efficiency": 4.653142757388998,
            "characteristic_path_length": 0.21534407771597006
        },
        {
            "clustering": 0.29406484656074783,
            "modularity": 0.011636059736304365,
            "average_degree": 29.721908964080903,
            "degree_std": 0.2298245950524331,
            "average_shortest_path": 0.7058988989978597,
            "global_efficiency": 1.416743493786245,
            "characteristic_path_length": 0.7058988989978597
        },
        {
            "clustering": 0.7956092452513961,
            "modularity": 0.010494691917333652,
            "average_degree": 75.25007926556128,
            "degree_std": 0.1683605928000554,
            "average_shortest_path": 0.25476654974499136,
            "global_efficiency": 3.9345212861162144,
            "characteristic_path_length": 0.25476654974499136
        },
        {
            "clustering": 0.5431049918290388,
            "modularity": 0.02173775300940444,
            "average_degree": 39.48603117489645,
            "degree_std": 0.6994652001712941,
            "average_shortest_path": 0.6097545024066432,
            "global_efficiency": 1.6445870394523936,
            "characteristic_path_length": 0.6097545024066432
        },
        {
            "clustering": 0.3088043109272597,
            "modularity": 0.01606691594739947,
            "average_degree": 31.25674661574343,
            "degree_std": 0.4067767676794332,
            "average_shortest_path": 0.6909810604503681,
            "global_efficiency": 1.4479063243913892,
            "characteristic_path_length": 0.6909810604503681
        },
        {
            "clustering": 0.9607375366258758,
            "modularity": 0.009527386672848975,
            "average_degree": 92.94591147634048,
            "degree_std": 0.1639935487707758,
            "average_shortest_path": 0.0794150494024007,
            "global_efficiency": 12.621329180619847,
            "characteristic_path_length": 0.0794150494024007
        },
        {
            "clustering": 0.5987495801508682,
            "modularity": 0.014576168228973826,
            "average_degree": 35.622056797867806,
            "degree_std": 0.40942996432876466,
            "average_shortest_path": 0.6475194521672216,
            "global_efficiency": 1.545347037931753,
            "characteristic_path_length": 0.6475194521672216
        },
        {
            "clustering": 0.825746789084746,
            "modularity": 0.009802688916626853,
            "average_degree": 62.352047430439086,
            "degree_std": 0.17131395469812646,
            "average_shortest_path": 0.38246588838822915,
            "global_efficiency": 2.6161029477074913,
            "characteristic_path_length": 0.38246588838822915
        },
        {
            "clustering": 0.5859997545105561,
            "modularity": 0.010807645238313141,
            "average_degree": 40.86147794885019,
            "degree_std": 0.2531233150178587,
            "average_shortest_path": 0.5952493129478711,
            "global_efficiency": 1.6809602822320944,
            "characteristic_path_length": 0.5952493129478711
        },
        {
            "clustering": 0.19912918176685288,
            "modularity": 0.011561452791067175,
            "average_degree": 20.13968758193234,
            "degree_std": 0.1144049661957375,
            "average_shortest_path": 0.8008288507602452,
            "global_efficiency": 1.2487357810359763,
            "characteristic_path_length": 0.8008288507602452
        },
        {
            "clustering": 0.38196661829057965,
            "modularity": 0.021542225813832007,
            "average_degree": 31.137108849356117,
            "degree_std": 0.690293894249002,
            "average_shortest_path": 0.6920826791383573,
            "global_efficiency": 1.4483444801893073,
            "characteristic_path_length": 0.6920826791383573
        },
        {
            "clustering": 0.6214775653447034,
            "modularity": 0.010819251171863765,
            "average_degree": 52.889110327189954,
            "degree_std": 0.21941963184129018,
            "average_shortest_path": 0.47605558424284966,
            "global_efficiency": 2.1035205744461036,
            "characteristic_path_length": 0.47605558424284966
        }
    ],
    "10": [
        {
            "clustering": 0.854285762462689,
            "modularity": 0.010216193385180017,
            "average_degree": 78.73370796398649,
            "degree_std": 0.12859778622966506,
            "average_shortest_path": 0.22029281837771636,
            "global_efficiency": 4.547030438047276,
            "characteristic_path_length": 0.22029281837771636
        },
        {
            "clustering": 0.8240413283184529,
            "modularity": 0.009547150578061764,
            "average_degree": 78.79806408616561,
            "degree_std": 0.1445402277416668,
            "average_shortest_path": 0.21946286168965426,
            "global_efficiency": 4.561478889901763,
            "characteristic_path_length": 0.21946286168965426
        },
        {
            "clustering": 0.4446468422035057,
            "modularity": 0.014661272386488094,
            "average_degree": 44.973605408956466,
            "degree_std": 0.45889722744546635,
            "average_shortest_path": 0.5550320594476594,
            "global_efficiency": 1.8041245902768568,
            "characteristic_path_length": 0.5550320594476594
        },
        {
            "clustering": 0.8858856138863661,
            "modularity": 0.009868129366058069,
            "average_degree": 75.55572328123111,
            "degree_std": 0.20311286915505167,
            "average_shortest_path": 0.2517148790034381,
            "global_efficiency": 3.9765938946139325,
            "characteristic_path_length": 0.2517148790034381
        },
        {
            "clustering": 0.7252892804981406,
            "modularity": 0.014078037876005669,
            "average_degree": 54.94354463132877,
            "degree_std": 0.5738600681102894,
            "average_shortest_path": 0.45613409890972,
            "global_efficiency": 2.197816863354972,
            "characteristic_path_length": 0.45613409890972
        },
        {
            "clustering": 0.8709980535774341,
            "modularity": 0.009831411743030571,
            "average_degree": 81.44015868100185,
            "degree_std": 0.14838773531314964,
            "average_shortest_path": 0.19353347214785488,
            "global_efficiency": 5.172931302897267,
            "characteristic_path_length": 0.19353347214785488
        },
        {
            "clustering": 0.9476780864175167,
            "modularity": 0.009562749974268448,
            "average_degree": 94.72947944435138,
            "degree_std": 0.15202624216301366,
            "average_shortest_path": 0.06169591207094867,
            "global_efficiency": 16.274892455048466,
            "characteristic_path_length": 0.06169591207094867
        },
        {
            "clustering": 0.914911606611436,
            "modularity": 0.009535060800495383,
            "average_degree": 85.68832895072956,
            "degree_std": 0.2223824411989411,
            "average_shortest_path": 0.15129715113928824,
            "global_efficiency": 6.61638252145148,
            "characteristic_path_length": 0.15129715113928824
        },
        {
            "clustering": 0.8521433877771202,
            "modularity": 0.009743542197873042,
            "average_degree": 79.36679678651352,
            "degree_std": 0.10664608325596865,
            "average_shortest_path": 0.21401777033854014,
            "global_efficiency": 4.676752354410617,
            "characteristic_path_length": 0.21401777033854014
        },
        {
            "clustering": 0.8376743056832343,
            "modularity": 0.009606396236952345,
            "average_degree": 80.43996978076953,
            "degree_std": 0.1157404603838109,
            "average_shortest_path": 0.20328612253521428,
            "global_efficiency": 4.925337182163441,
            "characteristic_path_length": 0.20328612253521428
        },
        {
            "clustering": 0.7731691506204718,
            "modularity": 0.010237196654778503,
            "average_degree": 70.01311660322207,
            "degree_std": 0.2362142696487536,
            "average_shortest_path": 0.30674141863379817,
            "global_efficiency": 3.2629825766175733,
            "characteristic_path_length": 0.30674141863379817
        },
        {
            "clustering": 0.7098763702810362,
            "modularity": 0.012842807044719542,
            "average_degree": 54.67519544186849,
            "degree_std": 0.4894170036817739,
            "average_shortest_path": 0.4586809125301814,
            "global_efficiency": 2.1834338262494817,
            "characteristic_path_length": 0.4586809125301814
        }
    ],
    "11": [
        {
            "clustering": 0.9064494556264855,
            "modularity": 0.009728818478593054,
            "average_degree": 85.76750863524933,
            "degree_std": 0.24788748501904007,
            "average_shortest_path": 0.15052732362289623,
            "global_efficiency": 6.653054898593549,
            "characteristic_path_length": 0.15052732362289623
        },
        {
            "clustering": 0.764604319440668,
            "modularity": 0.010849449819721366,
            "average_degree": 71.46465287121791,
            "degree_std": 0.3161360157400447,
            "average_shortest_path": 0.2922983539074358,
            "global_efficiency": 3.426285909157031,
            "characteristic_path_length": 0.2922983539074358
        },
        {
            "clustering": 0.7590092176987908,
            "modularity": 0.010300675781086968,
            "average_degree": 53.21360292991081,
            "degree_std": 0.28239627804371004,
            "average_shortest_path": 0.4731005696345179,
            "global_efficiency": 2.114862417031358,
            "characteristic_path_length": 0.4731005696345179
        },
        {
            "clustering": 0.7867915347088729,
            "modularity": 0.011110907150298428,
            "average_degree": 66.23053948911685,
            "degree_std": 0.20200426297056248,
            "average_shortest_path": 0.3441827611098386,
            "global_efficiency": 2.9090909956278894,
            "characteristic_path_length": 0.3441827611098386
        },
        {
            "clustering": 0.6822013666418434,
            "modularity": 0.010816092844654351,
            "average_degree": 55.127140084941274,
            "degree_std": 0.21863397062669288,
            "average_shortest_path": 0.4541379586723868,
            "global_efficiency": 2.203579855536912,
            "characteristic_path_length": 0.4541379586723868
        },
        {
            "clustering": 0.7785322041223887,
            "modularity": 0.009617638017379517,
            "average_degree": 70.26945903095265,
            "degree_std": 0.12731526464207657,
            "average_shortest_path": 0.3040110025201181,
            "global_efficiency": 3.2912124130050042,
            "characteristic_path_length": 0.3040110025201181
        },
        {
            "clustering": 0.7596671678080473,
            "modularity": 0.01109473542304497,
            "average_degree": 65.65254014051908,
            "degree_std": 0.43831041654040515,
            "average_shortest_path": 0.34961985446888993,
            "global_efficiency": 2.8664362748514187,
            "characteristic_path_length": 0.34961985446888993
        },
        {
            "clustering": 0.8880109406693589,
            "modularity": 0.00956546920816142,
            "average_degree": 84.12474595281142,
            "degree_std": 0.14229585098625536,
            "average_shortest_path": 0.16683086329638355,
            "global_efficiency": 5.998005543559441,
            "characteristic_path_length": 0.16683086329638355
        },
        {
            "clustering": 0.7989144528430866,
            "modularity": 0.009465252830138814,
            "average_degree": 67.7437991205122,
            "degree_std": 0.31521429512544163,
            "average_shortest_path": 0.32871723902947975,
            "global_efficiency": 3.0476895112927243,
            "characteristic_path_length": 0.32871723902947975
        },
        {
            "clustering": 0.6385624564413702,
            "modularity": 0.010121711544239688,
            "average_degree": 57.61389458837766,
            "degree_std": 0.14725486159460757,
            "average_shortest_path": 0.4294847240231254,
            "global_efficiency": 2.329877198446561,
            "characteristic_path_length": 0.4294847240231254
        },
        {
            "clustering": 0.7504732128738486,
            "modularity": 0.0128976100495832,
            "average_degree": 68.78333632314036,
            "degree_std": 0.5514725811949712,
            "average_shortest_path": 0.318947170379788,
            "global_efficiency": 3.1520001566424174,
            "characteristic_path_length": 0.318947170379788
        },
        {
            "clustering": 0.9026844132020968,
            "modularity": 0.009622385776770397,
            "average_degree": 86.39543005260487,
            "degree_std": 0.1433231961593935,
            "average_shortest_path": 0.14439796540472244,
            "global_efficiency": 6.930317866889735,
            "characteristic_path_length": 0.14439796540472244
        }
    ]
}