{
    "0": [
        {
            "clustering": 0.5214696850894172,
            "modularity": 0.10883039368211174,
            "average_degree": 9.038373636112956,
            "degree_std": 0.7516150009000535,
            "average_shortest_path": 0.6661690724889437,
            "global_efficiency": 1.5359674200140119,
            "characteristic_path_length": 0.6661690724889437
        },
        {
            "clustering": 0.4657008351837991,
            "modularity": 0.07666948794442992,
            "average_degree": 10.759102431141509,
            "degree_std": 0.4568745429579444,
            "average_shortest_path": 0.5951087885762596,
            "global_efficiency": 1.696145710372286,
            "characteristic_path_length": 0.5951087885762596
        },
        {
            "clustering": 0.45599988151105975,
            "modularity": 0.1314612438836637,
            "average_degree": 9.031940185182465,
            "degree_std": 0.6851139392785854,
            "average_shortest_path": 0.6713412081055685,
            "global_efficiency": 1.5370363178874042,
            "characteristic_path_length": 0.6713412081055685
        },
        {
            "clustering": 0.25728060163253086,
            "modularity": 0.1411443380870226,
            "average_degree": 7.372747734837904,
            "degree_std": 0.40104801542296575,
            "average_shortest_path": 0.7351690020638549,
            "global_efficiency": 1.382047379713741,
            "characteristic_path_length": 0.7351690020638549
        },
        {
            "clustering": 0.4455487963709948,
            "modularity": 0.12997601536158054,
            "average_degree": 8.47470747630432,
            "degree_std": 0.7718176521729893,
            "average_shortest_path": 0.6917666233455141,
            "global_efficiency": 1.486106267295127,
            "characteristic_path_length": 0.6917666233455141
        },
        {
            "clustering": 0.6173286813188583,
            "modularity": 0.08224650773901335,
            "average_degree": 11.540333755121974,
            "degree_std": 0.6130455170248198,
            "average_shortest_path": 0.5678493972122669,
            "global_efficiency": 1.8047401601136528,
            "characteristic_path_length": 0.5678493972122669
        },
        {
            "clustering": 0.33161806072777394,
            "modularity": 0.1131493541770213,
            "average_degree": 9.167494387232436,
            "degree_std": 0.33456862991231473,
            "average_shortest_path": 0.6632715452875042,
            "global_efficiency": 1.5304045798321169,
            "characteristic_path_length": 0.6632715452875042
        },
        {
            "clustering": 0.42775813704869625,
            "modularity": 0.13797396759896569,
            "average_degree": 7.551408972808567,
            "degree_std": 0.8112395538002604,
            "average_shortest_path": 0.7260056183254346,
            "global_efficiency": 1.4100623161727013,
            "characteristic_path_length": 0.7260056183254346
        }
    ],
    "1": [
        {
            "clustering": 0.5249260342844583,
            "modularity": 0.04002404176108291,
            "average_degree": 13.660427098923101,
            "degree_std": 0.30393395270673246,
            "average_shortest_path": 0.4737642864115878,
            "global_efficiency": 2.128722683762899,
            "characteristic_path_length": 0.4737642864115878
        },
        {
            "clustering": 0.5337812753874424,
            "modularity": 0.04074500620220697,
            "average_degree": 11.435787364946155,
            "degree_std": 0.21682604997516836,
            "average_shortest_path": 0.5527328067769607,
            "global_efficiency": 1.8431284444455212,
            "characteristic_path_length": 0.5527328067769607
        },
        {
            "clustering": 0.7535977678260193,
            "modularity": 0.033301403823489756,
            "average_degree": 16.80917209993437,
            "degree_std": 0.17581109621858915,
            "average_shortest_path": 0.348458922902743,
            "global_efficiency": 2.910311470796466,
            "characteristic_path_length": 0.348458922902743
        },
        {
            "clustering": 0.6998412505479509,
            "modularity": 0.036893563228021835,
            "average_degree": 14.774021120698599,
            "degree_std": 0.3888094262253465,
            "average_shortest_path": 0.42593145616663,
            "global_efficiency": 2.3944666344017485,
            "characteristic_path_length": 0.42593145616663
        },
        {
            "clustering": 0.5700911396003825,
            "modularity": 0.06380573165635808,
            "average_degree": 10.883189725332631,
            "degree_std": 0.47605233651876105,
            "average_shortest_path": 0.5846132306754589,
            "global_efficiency": 1.7374062811128927,
            "characteristic_path_length": 0.5846132306754589
        },
        {
            "clustering": 0.841267789998892,
            "modularity": 0.03399624495845263,
            "average_degree": 21.32115014682844,
            "degree_std": 0.2220342541168238,
            "average_shortest_path": 0.17138485421737035,
            "global_efficiency": 6.107374607941266,
            "characteristic_path_length": 0.17138485421737035
        },
        {
            "clustering": 0.7691206420544563,
            "modularity": 0.03979054825306156,
            "average_degree": 19.387911502228526,
            "degree_std": 0.17912479443060558,
            "average_shortest_path": 0.25074761946996055,
            "global_efficiency": 4.188729830272899,
            "characteristic_path_length": 0.25074761946996055
        },
        {
            "clustering": 0.8426610780521352,
            "modularity": 0.03594876047517204,
            "average_degree": 19.474864071713238,
            "degree_std": 0.26829165339336475,
            "average_shortest_path": 0.249278267621994,
            "global_efficiency": 4.0577266222619786,
            "characteristic_path_length": 0.249278267621994
        }
    ],
    "2": [
        {
            "clustering": 0.5964544463452605,
            "modularity": 0.05700733237753454,
            "average_degree": 11.774256844722403,
            "degree_std": 0.39110460166986727,
            "average_shortest_path": 0.5486632691736365,
            "global_efficiency": 1.8478747737928416,
            "characteristic_path_length": 0.5486632691736365
        },
        {
            "clustering": 0.7363154990887909,
            "modularity": 0.03546759720342127,
            "average_degree": 16.220310129032878,
            "degree_std": 0.14066613158937533,
            "average_shortest_path": 0.37331050912539165,
            "global_efficiency": 2.710366808978046,
            "characteristic_path_length": 0.37331050912539165
        },
        {
            "clustering": 0.6904273730329532,
            "modularity": 0.04492345046268052,
            "average_degree": 15.407693820403365,
            "degree_std": 0.3781325407716384,
            "average_shortest_path": 0.4005207613731424,
            "global_efficiency": 2.5656216577937196,
            "characteristic_path_length": 0.4005207613731424
        },
        {
            "clustering": 0.9121474355844041,
            "modularity": 0.034033019597662285,
            "average_degree": 19.775481487618237,
            "degree_std": 0.41030902684470777,
            "average_shortest_path": 0.23585306833187739,
            "global_efficiency": 4.293559896947201,
            "characteristic_path_length": 0.23585306833187739
        },
        {
            "clustering": 0.7927385598074502,
            "modularity": 0.05273256655447717,
            "average_degree": 16.806918797598627,
            "degree_std": 0.36873073769709824,
            "average_shortest_path": 0.3571968544522921,
            "global_efficiency": 2.8824427202088767,
            "characteristic_path_length": 0.3571968544522921
        },
        {
            "clustering": 0.550538057472412,
            "modularity": 0.03691847578835636,
            "average_degree": 10.128217846878542,
            "degree_std": 0.5495142926941962,
            "average_shortest_path": 0.6023422474910816,
            "global_efficiency": 1.6958366358538077,
            "characteristic_path_length": 0.6023422474910816
        },
        {
            "clustering": 0.8349574213066263,
            "modularity": 0.03163757292900719,
            "average_degree": 18.651619783745556,
            "degree_std": 0.17018607134392222,
            "average_shortest_path": 0.2769439153869947,
            "global_efficiency": 3.679486441559337,
            "characteristic_path_length": 0.2769439153869947
        },
        {
            "clustering": 0.20141001374799508,
            "modularity": 0.06937996829052528,
            "average_degree": 5.426889833264722,
            "degree_std": 0.16044564815168644,
            "average_shortest_path": 0.7963435762105231,
            "global_efficiency": 1.257629688474556,
            "characteristic_path_length": 0.7963435762105231
        }
    ],
    "3": [
        {
            "clustering": 0.7417191163426966,
            "modularity": 0.04127059477203067,
            "average_degree": 15.239763647423533,
            "degree_std": 0.246638425976034,
            "average_shortest_path": 0.4135888209939003,
            "global_efficiency": 2.4435320483081053,
            "characteristic_path_length": 0.4135888209939003
        },
        {
            "clustering": 0.6106329898830716,
            "modularity": 0.04222740800851212,
            "average_degree": 13.489916424208058,
            "degree_std": 0.27129865502131795,
            "average_shortest_path": 0.48168247170746326,
            "global_efficiency": 2.09623141506567,
            "characteristic_path_length": 0.48168247170746326
        },
        {
            "clustering": 0.6838970082966637,
            "modularity": 0.04731269350140048,
            "average_degree": 14.056283880003466,
            "degree_std": 0.3583554105733566,
            "average_shortest_path": 0.4584089799420629,
            "global_efficiency": 2.22533946443715,
            "characteristic_path_length": 0.4584089799420629
        },
        {
            "clustering": 0.7943088257520138,
            "modularity": 0.031097260172789798,
            "average_degree": 18.529678858624248,
            "degree_std": 0.2617213890417057,
            "average_shortest_path": 0.2801815257469813,
            "global_efficiency": 3.635420749336138,
            "characteristic_path_length": 0.2801815257469813
        },
        {
            "clustering": 0.8318256855431847,
            "modularity": 0.03712565067408919,
            "average_degree": 19.131022018299845,
            "degree_std": 0.33677662596607133,
            "average_shortest_path": 0.2610573651393255,
            "global_efficiency": 3.9211734379539847,
            "characteristic_path_length": 0.2610573651393255
        },
        {
            "clustering": 0.5337158693124369,
            "modularity": 0.059005846747353485,
            "average_degree": 10.219092971884384,
            "degree_std": 0.5023433185362594,
            "average_shortest_path": 0.6073874973918343,
            "global_efficiency": 1.6699505098069105,
            "characteristic_path_length": 0.6073874973918343
        },
        {
            "clustering": 0.7015959990937588,
            "modularity": 0.03560945744992536,
            "average_degree": 15.97136347542837,
            "degree_std": 0.28853196518058033,
            "average_shortest_path": 0.3817438966532548,
            "global_efficiency": 2.6744731287684265,
            "characteristic_path_length": 0.3817438966532548
        },
        {
            "clustering": 0.638118853526126,
            "modularity": 0.045309315393773544,
            "average_degree": 10.297875723444594,
            "degree_std": 0.43371008288377916,
            "average_shortest_path": 0.6038663606509909,
            "global_efficiency": 1.6692835180022108,
            "characteristic_path_length": 0.6038663606509909
        }
    ],
    "4": [
        {
            "clustering": 0.6917905675348612,
            "modularity": 0.03749986017516351,
            "average_degree": 13.190284387522116,
            "degree_std": 0.28523420041571995,
            "average_shortest_path": 0.48939569256979665,
            "global_efficiency": 2.064716344803092,
            "characteristic_path_length": 0.48939569256979665
        },
        {
            "clustering": 0.48668272074531055,
            "modularity": 0.044284840262080356,
            "average_degree": 12.742007968180552,
            "degree_std": 0.2846949426507198,
            "average_shortest_path": 0.5121172917984768,
            "global_efficiency": 1.9649440038278245,
            "characteristic_path_length": 0.5121172917984768
        },
        {
            "clustering": 0.5372070900210508,
            "modularity": 0.04024685125166355,
            "average_degree": 10.442270539508609,
            "degree_std": 0.3011618928926381,
            "average_shortest_path": 0.5953284787138303,
            "global_efficiency": 1.696896369261692,
            "characteristic_path_length": 0.5953284787138303
        },
        {
            "clustering": 0.6609837494710596,
            "modularity": 0.062459736484241704,
            "average_degree": 16.118848259501828,
            "degree_std": 0.899356178716024,
            "average_shortest_path": 0.38151917641361555,
            "global_efficiency": 2.797322298223081,
            "characteristic_path_length": 0.38151917641361555
        },
        {
            "clustering": 0.49233818903250554,
            "modularity": 0.052777108215628823,
            "average_degree": 12.007906268046645,
            "degree_std": 0.3051606337779499,
            "average_shortest_path": 0.5202745995670557,
            "global_efficiency": 2.0327886182577544,
            "characteristic_path_length": 0.5202745995670557
        },
        {
            "clustering": 0.8535945510367199,
            "modularity": 0.033913359592024676,
            "average_degree": 17.400470265255716,
            "degree_std": 0.39948252300234766,
            "average_shortest_path": 0.32760738611221313,
            "global_efficiency": 3.07481137114371,
            "characteristic_path_length": 0.32760738611221313
        },
        {
            "clustering": 0.8826424391812246,
            "modularity": 0.02991141633965659,
            "average_degree": 21.75740568052366,
            "degree_std": 0.19937893573748114,
            "average_shortest_path": 0.1523681034644445,
            "global_efficiency": 6.825910790828141,
            "characteristic_path_length": 0.1523681034644445
        },
        {
            "clustering": 0.7461397845380182,
            "modularity": 0.03245037453307718,
            "average_degree": 16.211436855898647,
            "degree_std": 0.3585943659654244,
            "average_shortest_path": 0.3709568261603514,
            "global_efficiency": 2.744133078885882,
            "characteristic_path_length": 0.3709568261603514
        }
    ],
    "5": [
        {
            "clustering": 0.8094810735855787,
            "modularity": 0.034824365768832126,
            "average_degree": 19.626058434353617,
            "degree_std": 0.28885104054521743,
            "average_shortest_path": 0.2374314617117246,
            "global_efficiency": 4.3311017802591625,
            "characteristic_path_length": 0.2374314617117246
        },
        {
            "clustering": 0.8637970709720357,
            "modularity": 0.031143438413770597,
            "average_degree": 20.828515192375924,
            "degree_std": 0.1840680153633923,
            "average_shortest_path": 0.19239431619644165,
            "global_efficiency": 5.309817208974045,
            "characteristic_path_length": 0.19239431619644165
        },
        {
            "clustering": 0.31788831066362117,
            "modularity": 0.08286746818057607,
            "average_degree": 8.579441272520198,
            "degree_std": 0.1332014957136923,
            "average_shortest_path": 0.6803447224984909,
            "global_efficiency": 1.475737427288564,
            "characteristic_path_length": 0.6803447224984909
        },
        {
            "clustering": 0.45250189626279924,
            "modularity": 0.04916118822709855,
            "average_degree": 11.893883054458275,
            "degree_std": 0.6534783740119784,
            "average_shortest_path": 0.5414203579661747,
            "global_efficiency": 1.8941314291629374,
            "characteristic_path_length": 0.5414203579661747
        },
        {
            "clustering": 0.618402026632809,
            "modularity": 0.04573491584910257,
            "average_degree": 14.191180781476868,
            "degree_std": 0.44121410421319496,
            "average_shortest_path": 0.4440991530319055,
            "global_efficiency": 2.330368689787632,
            "characteristic_path_length": 0.4440991530319055
        },
        {
            "clustering": 0.7315801292085227,
            "modularity": 0.037836701783371604,
            "average_degree": 17.37861125360563,
            "degree_std": 0.2937617005611902,
            "average_shortest_path": 0.3210858697692553,
            "global_efficiency": 3.2291494610278417,
            "characteristic_path_length": 0.3210858697692553
        },
        {
            "clustering": 0.8532364024650342,
            "modularity": 0.03407950170198286,
            "average_degree": 19.712601620064525,
            "degree_std": 0.3984077516089277,
            "average_shortest_path": 0.23643463343381882,
            "global_efficiency": 4.350396822061121,
            "characteristic_path_length": 0.23643463343381882
        },
        {
            "clustering": 0.6406669984972637,
            "modularity": 0.05315797522829378,
            "average_degree": 11.131963368558063,
            "degree_std": 0.5029453762834177,
            "average_shortest_path": 0.5751671083311581,
            "global_efficiency": 1.753348579839563,
            "characteristic_path_length": 0.5751671083311581
        }
    ],
    "6": [
        {
            "clustering": 0.5001582412216417,
            "modularity": 0.06159371245271639,
            "average_degree": 12.118158242308272,
            "degree_std": 0.5744239033256979,
            "average_shortest_path": 0.5233168613103529,
            "global_efficiency": 1.9993904335266082,
            "characteristic_path_length": 0.5233168613103529
        },
        {
            "clustering": 0.7220266283700966,
            "modularity": 0.04637313922616696,
            "average_degree": 16.062528889284877,
            "degree_std": 0.2442433403415573,
            "average_shortest_path": 0.38337717319528264,
            "global_efficiency": 2.655852338102575,
            "characteristic_path_length": 0.38337717319528264
        },
        {
            "clustering": 0.8172754904665911,
            "modularity": 0.034374660204227137,
            "average_degree": 16.53629848252371,
            "degree_std": 0.3004856112181369,
            "average_shortest_path": 0.35973808070023855,
            "global_efficiency": 2.8161189849987247,
            "characteristic_path_length": 0.35973808070023855
        },
        {
            "clustering": 0.8253762695639701,
            "modularity": 0.035048294596680796,
            "average_degree": 19.29150942455366,
            "degree_std": 0.2771008056469346,
            "average_shortest_path": 0.25528638253609337,
            "global_efficiency": 3.98247823380516,
            "characteristic_path_length": 0.25528638253609337
        },
        {
            "clustering": 0.7411051303136408,
            "modularity": 0.035645323823997335,
            "average_degree": 18.67252747427061,
            "degree_std": 0.3705962161481694,
            "average_shortest_path": 0.26366584161917367,
            "global_efficiency": 4.144849773922972,
            "characteristic_path_length": 0.26366584161917367
        },
        {
            "clustering": 0.485105122016618,
            "modularity": 0.06629450402824072,
            "average_degree": 12.860550507583394,
            "degree_std": 0.36052719211364526,
            "average_shortest_path": 0.5109348189218933,
            "global_efficiency": 1.996029588717965,
            "characteristic_path_length": 0.5109348189218933
        },
        {
            "clustering": 0.5104902176768767,
            "modularity": 0.04674053618800429,
            "average_degree": 10.054777179168013,
            "degree_std": 0.33995566277515055,
            "average_shortest_path": 0.6117184767499566,
            "global_efficiency": 1.65670437994436,
            "characteristic_path_length": 0.6117184767499566
        },
        {
            "clustering": 0.3944035047165707,
            "modularity": 0.05622703569417485,
            "average_degree": 10.405430993192567,
            "degree_std": 0.34214456810749005,
            "average_shortest_path": 0.6020205894463106,
            "global_efficiency": 1.6798280460021926,
            "characteristic_path_length": 0.6020205894463106
        }
    ],
    "7": [
        {
            "clustering": 0.8146763505115735,
            "modularity": 0.03309312020062137,
            "average_degree": 20.229647263394146,
            "degree_std": 0.08830361137807158,
            "average_shortest_path": 0.2086581137776375,
            "global_efficiency": 5.039517290057305,
            "characteristic_path_length": 0.2086581137776375
        },
        {
            "clustering": 0.727173500205306,
            "modularity": 0.03270852469996847,
            "average_degree": 15.101633461819437,
            "degree_std": 0.20778484696393118,
            "average_shortest_path": 0.41351874460776644,
            "global_efficiency": 2.4452044035935634,
            "characteristic_path_length": 0.41351874460776644
        },
        {
            "clustering": 0.16246024813023666,
            "modularity": 0.07921963916652155,
            "average_degree": 4.359242346721439,
            "degree_std": 0.37035096780107846,
            "average_shortest_path": 0.8354659955519128,
            "global_efficiency": 1.1985650417051268,
            "characteristic_path_length": 0.8354659955519128
        },
        {
            "clustering": 0.7218509900930654,
            "modularity": 0.03839787860842786,
            "average_degree": 15.667139195309428,
            "degree_std": 0.2700889391506109,
            "average_shortest_path": 0.3964017677307129,
            "global_efficiency": 2.542683480531117,
            "characteristic_path_length": 0.3964017677307129
        },
        {
            "clustering": 0.4267422689992919,
            "modularity": 0.0680521014242543,
            "average_degree": 8.00887222816862,
            "degree_std": 0.6355356599879936,
            "average_shortest_path": 0.6946174639006798,
            "global_efficiency": 1.4605952204460289,
            "characteristic_path_length": 0.6946174639006798
        },
        {
            "clustering": 0.7946319883948427,
            "modularity": 0.03450243670613768,
            "average_degree": 17.794552744732645,
            "degree_std": 0.27776838643591373,
            "average_shortest_path": 0.3112303179502487,
            "global_efficiency": 3.2750949817517068,
            "characteristic_path_length": 0.3112303179502487
        },
        {
            "clustering": 0.47488997797453647,
            "modularity": 0.03141239740405359,
            "average_degree": 8.4108602525077,
            "degree_std": 0.5914899725414611,
            "average_shortest_path": 0.6657279126976028,
            "global_efficiency": 1.533261598167837,
            "characteristic_path_length": 0.6657279126976028
        },
        {
            "clustering": 0.8019174710622008,
            "modularity": 0.0343613791526298,
            "average_degree": 17.522037712441232,
            "degree_std": 0.21906467349596676,
            "average_shortest_path": 0.3227525890866915,
            "global_efficiency": 3.1249151844313805,
            "characteristic_path_length": 0.3227525890866915
        }
    ],
    "8": [
        {
            "clustering": 0.6154266189747859,
            "modularity": 0.0390692794804423,
            "average_degree": 11.36351838211849,
            "degree_std": 0.4171630180584297,
            "average_shortest_path": 0.5592645317688585,
            "global_efficiency": 1.809739936321641,
            "characteristic_path_length": 0.5592645317688585
        },
        {
            "clustering": 0.2116141084708917,
            "modularity": 0.047251088263862366,
            "average_degree": 5.570930637546553,
            "degree_std": 0.1745133809239673,
            "average_shortest_path": 0.7873099799773687,
            "global_efficiency": 1.2713086577209574,
            "characteristic_path_length": 0.7873099799773687
        },
        {
            "clustering": 0.7854810233918061,
            "modularity": 0.028512131874025994,
            "average_degree": 18.29656980405882,
            "degree_std": 0.26313328063170066,
            "average_shortest_path": 0.28375222514073056,
            "global_efficiency": 3.6366307539861857,
            "characteristic_path_length": 0.28375222514073056
        },
        {
            "clustering": 0.585181808006325,
            "modularity": 0.04483444740560588,
            "average_degree": 12.787071763978748,
            "degree_std": 0.42906453388042765,
            "average_shortest_path": 0.502389874185125,
            "global_efficiency": 2.0414564809237037,
            "characteristic_path_length": 0.502389874185125
        },
        {
            "clustering": 0.7933942283576008,
            "modularity": 0.033782137520913524,
            "average_degree": 19.19511476408079,
            "degree_std": 0.18846898714752014,
            "average_shortest_path": 0.2561369690299034,
            "global_efficiency": 3.988978323711252,
            "characteristic_path_length": 0.2561369690299034
        },
        {
            "clustering": 0.1849860801743282,
            "modularity": 0.1112823295713968,
            "average_degree": 5.156609865703358,
            "degree_std": 0.18757165868931258,
            "average_shortest_path": 0.8114749427024617,
            "global_efficiency": 1.2357413747712584,
            "characteristic_path_length": 0.8114749427024617
        },
        {
            "clustering": 0.3756387999256038,
            "modularity": 0.04614853741109678,
            "average_degree": 9.827262798898591,
            "degree_std": 0.2784851830462537,
            "average_shortest_path": 0.6232541221730753,
            "global_efficiency": 1.6100214970282236,
            "characteristic_path_length": 0.6232541221730753
        },
        {
            "clustering": 0.7621073849790427,
            "modularity": 0.039446071755815486,
            "average_degree": 15.252842410908489,
            "degree_std": 0.6751278116253674,
            "average_shortest_path": 0.4098327027261257,
            "global_efficiency": 2.488651750076923,
            "characteristic_path_length": 0.4098327027261257
        }
    ],
    "9": [
        {
            "clustering": 0.7859571047882892,
            "modularity": 0.03471312094230177,
            "average_degree": 16.892012438879757,
            "degree_std": 0.33802241416151335,
            "average_shortest_path": 0.346727049946785,
            "global_efficiency": 2.9218604779448345,
            "characteristic_path_length": 0.346727049946785
        },
        {
            "clustering": 0.7465164761473976,
            "modularity": 0.03760443720483872,
            "average_degree": 17.807115398751048,
            "degree_std": 0.18371974753912612,
            "average_shortest_path": 0.3071131478746732,
            "global_efficiency": 3.362723507659141,
            "characteristic_path_length": 0.3071131478746732
        },
        {
            "clustering": 0.23236000191095574,
            "modularity": 0.05736859345481918,
            "average_degree": 6.141091345824971,
            "degree_std": 0.30123058105630085,
            "average_shortest_path": 0.7661773486816976,
            "global_efficiency": 1.3075438138465094,
            "characteristic_path_length": 0.7661773486816976
        },
        {
            "clustering": 0.23229217778984537,
            "modularity": 0.05707979826100928,
            "average_degree": 6.134726181604638,
            "degree_std": 0.2376064299623916,
            "average_shortest_path": 0.764883065199762,
            "global_efficiency": 1.311979814303579,
            "characteristic_path_length": 0.764883065199762
        },
        {
            "clustering": 0.7292845221271894,
            "modularity": 0.03597240605403071,
            "average_degree": 17.611111704216746,
            "degree_std": 0.29375715651662615,
            "average_shortest_path": 0.31352494696776073,
            "global_efficiency": 3.295717005897924,
            "characteristic_path_length": 0.31352494696776073
        },
        {
            "clustering": 0.82404928755427,
            "modularity": 0.03405116346425094,
            "average_degree": 19.51199775110319,
            "degree_std": 0.1819414707141188,
            "average_shortest_path": 0.24502536038557687,
            "global_efficiency": 4.166032017243033,
            "characteristic_path_length": 0.24502536038557687
        },
        {
            "clustering": 0.6534426525229593,
            "modularity": 0.043210093901003686,
            "average_degree": 15.106409904264583,
            "degree_std": 0.3467016087348723,
            "average_shortest_path": 0.40683906674385073,
            "global_efficiency": 2.551226600614204,
            "characteristic_path_length": 0.40683906674385073
        },
        {
            "clustering": 0.6648060499978111,
            "modularity": 0.040524414455102284,
            "average_degree": 16.98554688488759,
            "degree_std": 0.38676124434943704,
            "average_shortest_path": 0.34807500649023493,
            "global_efficiency": 2.910288646025987,
            "characteristic_path_length": 0.34807500649023493
        }
    ],
    "10": [
        {
            "clustering": 0.6721448085751343,
            "modularity": 0.03527198336321012,
            "average_degree": 13.709194138751773,
            "degree_std": 0.2756687138381856,
            "average_shortest_path": 0.46725421560307345,
            "global_efficiency": 2.1719900501884384,
            "characteristic_path_length": 0.46725421560307345
        },
        {
            "clustering": 0.296803967727564,
            "modularity": 0.050109986567455425,
            "average_degree": 7.823361147247924,
            "degree_std": 0.3343719729792659,
            "average_shortest_path": 0.7002230990097269,
            "global_efficiency": 1.4348595309343737,
            "characteristic_path_length": 0.7002230990097269
        },
        {
            "clustering": 0.7232099515933331,
            "modularity": 0.03529772489277562,
            "average_degree": 15.647920076952722,
            "degree_std": 0.22624877821762113,
            "average_shortest_path": 0.39446071927746135,
            "global_efficiency": 2.5684798501088815,
            "characteristic_path_length": 0.39446071927746135
        },
        {
            "clustering": 0.7808131166104785,
            "modularity": 0.032382024483723515,
            "average_degree": 17.064141830311563,
            "degree_std": 0.1494698541211964,
            "average_shortest_path": 0.339312551120917,
            "global_efficiency": 2.9850198432767616,
            "characteristic_path_length": 0.339312551120917
        },
        {
            "clustering": 0.8152417943074585,
            "modularity": 0.033562340716398055,
            "average_degree": 15.596365689144877,
            "degree_std": 0.2241447013287199,
            "average_shortest_path": 0.3964805754025777,
            "global_efficiency": 2.5361294721544483,
            "characteristic_path_length": 0.3964805754025777
        },
        {
            "clustering": 0.23568633458485602,
            "modularity": 0.05289761980987682,
            "average_degree": 6.221998032682313,
            "degree_std": 0.2429910881985199,
            "average_shortest_path": 0.7621923466377303,
            "global_efficiency": 1.3152282497071137,
            "characteristic_path_length": 0.7621923466377303
        },
        {
            "clustering": 0.8601748248498207,
            "modularity": 0.0338074018721436,
            "average_degree": 18.74746755491331,
            "degree_std": 0.25424150110728505,
            "average_shortest_path": 0.27550355305274327,
            "global_efficiency": 3.671682471372629,
            "characteristic_path_length": 0.27550355305274327
        },
        {
            "clustering": 0.31743901834183574,
            "modularity": 0.0571136273468221,
            "average_degree": 8.37492440124668,
            "degree_std": 0.47280153665980545,
            "average_shortest_path": 0.679901469589804,
            "global_efficiency": 1.4788322546854584,
            "characteristic_path_length": 0.679901469589804
        }
    ],
    "11": [
        {
            "clustering": 0.8185990878823666,
            "modularity": 0.031376917982429045,
            "average_degree": 19.83409800659254,
            "degree_std": 0.14540231017271357,
            "average_shortest_path": 0.2206977438926697,
            "global_efficiency": 4.751636070407681,
            "characteristic_path_length": 0.2206977438926697
        },
        {
            "clustering": 0.818683009680647,
            "modularity": 0.03413188180710543,
            "average_degree": 19.72248080860212,
            "degree_std": 0.14384843378795106,
            "average_shortest_path": 0.23165512204170227,
            "global_efficiency": 4.460817435026095,
            "characteristic_path_length": 0.23165512204170227
        },
        {
            "clustering": 0.8555866456202996,
            "modularity": 0.03268508549847442,
            "average_degree": 19.457847436772134,
            "degree_std": 0.1866984060480934,
            "average_shortest_path": 0.24742941548426947,
            "global_efficiency": 4.084528851095928,
            "characteristic_path_length": 0.24742941548426947
        },
        {
            "clustering": 0.8611931880624211,
            "modularity": 0.031703419316916844,
            "average_degree": 21.384528414116648,
            "degree_std": 0.0972749570445177,
            "average_shortest_path": 0.16501253634691238,
            "global_efficiency": 6.362541134121828,
            "characteristic_path_length": 0.16501253634691238
        },
        {
            "clustering": 0.8488652091153291,
            "modularity": 0.030708335391366023,
            "average_degree": 20.757544912205486,
            "degree_std": 0.2508682833330279,
            "average_shortest_path": 0.19224667022625605,
            "global_efficiency": 5.362424003156649,
            "characteristic_path_length": 0.19224667022625605
        },
        {
            "clustering": 0.3159828784742394,
            "modularity": 0.050110230353610785,
            "average_degree": 8.342063808121457,
            "degree_std": 0.3375748888364283,
            "average_shortest_path": 0.6813912345105503,
            "global_efficiency": 1.4728238256014428,
            "characteristic_path_length": 0.6813912345105503
        },
        {
            "clustering": 0.8402134501787253,
            "modularity": 0.03210785736395908,
            "average_degree": 20.959284287796763,
            "degree_std": 0.12713947444857623,
            "average_shortest_path": 0.17296443780263265,
            "global_efficiency": 6.1684578028647925,
            "characteristic_path_length": 0.17296443780263265
        },
        {
            "clustering": 0.8556350020118481,
            "modularity": 0.031074078723169373,
            "average_degree": 20.669674927101877,
            "degree_std": 0.4432997619456741,
            "average_shortest_path": 0.19526323874791462,
            "global_efficiency": 5.3056248666407555,
            "characteristic_path_length": 0.19526323874791462
        }
    ]
}