{
    "0": [
        {
            "clustering": 0.4144636228795871,
            "modularity": 0.0676772642227162,
            "average_degree": 28.90110961787376,
            "degree_std": 2.647404646998575,
            "average_shortest_path": 0.6353791945583654,
            "global_efficiency": 1.6192300694541648,
            "characteristic_path_length": 0.6353791945583654
        },
        {
            "clustering": 0.42315461607371524,
            "modularity": 0.07528586096884816,
            "average_degree": 24.102126894008236,
            "degree_std": 4.005524036177389,
            "average_shortest_path": 0.6937664493426032,
            "global_efficiency": 1.4735138823061424,
            "characteristic_path_length": 0.6937664493426032
        },
        {
            "clustering": 0.4244453886957634,
            "modularity": 0.07144077395481348,
            "average_degree": 29.564473284812642,
            "degree_std": 2.7835692271671753,
            "average_shortest_path": 0.626661626741122,
            "global_efficiency": 1.6472090391975904,
            "characteristic_path_length": 0.626661626741122
        },
        {
            "clustering": 0.4313304164985917,
            "modularity": 0.06875498306166017,
            "average_degree": 32.20586282560841,
            "degree_std": 2.1358742999919587,
            "average_shortest_path": 0.5931182711959679,
            "global_efficiency": 1.7562936262935134,
            "characteristic_path_length": 0.5931182711959679
        },
        {
            "clustering": 0.4052371842844128,
            "modularity": 0.06875861259450097,
            "average_degree": 28.733913447495237,
            "degree_std": 2.655826885159605,
            "average_shortest_path": 0.6376425659449478,
            "global_efficiency": 1.6114262684931855,
            "characteristic_path_length": 0.6376425659449478
        },
        {
            "clustering": 0.42289889995946245,
            "modularity": 0.06768106776355068,
            "average_degree": 29.41236327285477,
            "degree_std": 2.855504148537689,
            "average_shortest_path": 0.628608740122654,
            "global_efficiency": 1.6397666473675225,
            "characteristic_path_length": 0.628608740122654
        },
        {
            "clustering": 0.39345843225516425,
            "modularity": 0.08199222682143785,
            "average_degree": 28.3619395905624,
            "degree_std": 2.586489634480202,
            "average_shortest_path": 0.6400305791598855,
            "global_efficiency": 1.6182222902842562,
            "characteristic_path_length": 0.6400305791598855
        },
        {
            "clustering": 0.41386594231452306,
            "modularity": 0.06893819879745056,
            "average_degree": 26.91139224722471,
            "degree_std": 2.5939866718908386,
            "average_shortest_path": 0.6605339590970256,
            "global_efficiency": 1.547266757169203,
            "characteristic_path_length": 0.6605339590970256
        }
    ],
    "1": [
        {
            "clustering": 0.6509720650240358,
            "modularity": 0.02443692706871093,
            "average_degree": 43.53495931725557,
            "degree_std": 0.527855569123043,
            "average_shortest_path": 0.44101835547176765,
            "global_efficiency": 2.292904209534784,
            "characteristic_path_length": 0.44101835547176765
        },
        {
            "clustering": 0.6603983163657421,
            "modularity": 0.026908203346876314,
            "average_degree": 37.42163678579683,
            "degree_std": 1.2024225433257947,
            "average_shortest_path": 0.5195426054586904,
            "global_efficiency": 1.9405838637084873,
            "characteristic_path_length": 0.5195426054586904
        },
        {
            "clustering": 0.6645591099088448,
            "modularity": 0.019211324567373705,
            "average_degree": 38.954546967241136,
            "degree_std": 1.1844807196158391,
            "average_shortest_path": 0.49975351712609795,
            "global_efficiency": 2.0152570305459125,
            "characteristic_path_length": 0.49975351712609795
        },
        {
            "clustering": 0.6235900555417625,
            "modularity": 0.018986939996344977,
            "average_degree": 42.600581921925354,
            "degree_std": 0.3927480005548841,
            "average_shortest_path": 0.4527556326543315,
            "global_efficiency": 2.224065639938866,
            "characteristic_path_length": 0.4527556326543315
        },
        {
            "clustering": 0.609006901260748,
            "modularity": 0.02113721058095161,
            "average_degree": 36.481277585197944,
            "degree_std": 1.2552425136682601,
            "average_shortest_path": 0.5323979621826435,
            "global_efficiency": 1.8911617024891128,
            "characteristic_path_length": 0.5323979621826435
        },
        {
            "clustering": 0.7072243284288469,
            "modularity": 0.020473785255997478,
            "average_degree": 43.265356085938535,
            "degree_std": 1.271775735661279,
            "average_shortest_path": 0.4452009848124836,
            "global_efficiency": 2.263436126246036,
            "characteristic_path_length": 0.4452009848124836
        },
        {
            "clustering": 0.8566193786686309,
            "modularity": 0.015609060162396778,
            "average_degree": 59.294995381494864,
            "degree_std": 0.682052978173232,
            "average_shortest_path": 0.2396503238036709,
            "global_efficiency": 4.213847644300949,
            "characteristic_path_length": 0.2396503238036709
        },
        {
            "clustering": 0.6798410843675965,
            "modularity": 0.02429483173260672,
            "average_degree": 48.693214522975076,
            "degree_std": 0.7682654213995883,
            "average_shortest_path": 0.37550723535898034,
            "global_efficiency": 2.6980968826874365,
            "characteristic_path_length": 0.37550723535898034
        }
    ],
    "2": [
        {
            "clustering": 0.33300323508724256,
            "modularity": 0.041285404369929814,
            "average_degree": 26.1656486147146,
            "degree_std": 1.6142870414768629,
            "average_shortest_path": 0.6652470105688262,
            "global_efficiency": 1.5139242108906932,
            "characteristic_path_length": 0.6652470105688262
        },
        {
            "clustering": 0.6755735131566627,
            "modularity": 0.018263663887671595,
            "average_degree": 34.38938492249692,
            "degree_std": 0.7263502282144751,
            "average_shortest_path": 0.5584493409600351,
            "global_efficiency": 1.797585725871956,
            "characteristic_path_length": 0.5584493409600351
        },
        {
            "clustering": 0.4909949910697446,
            "modularity": 0.05481969575045649,
            "average_degree": 25.71832180363571,
            "degree_std": 2.271972242603302,
            "average_shortest_path": 0.6710826780451261,
            "global_efficiency": 1.5094202184562002,
            "characteristic_path_length": 0.6710826780451261
        },
        {
            "clustering": 0.5575942772578639,
            "modularity": 0.026731661120433375,
            "average_degree": 37.120559177746486,
            "degree_std": 1.1272750907370668,
            "average_shortest_path": 0.5237964101184112,
            "global_efficiency": 1.9242117479360372,
            "characteristic_path_length": 0.5237964101184112
        },
        {
            "clustering": 0.42396328944775996,
            "modularity": 0.026659225463785366,
            "average_degree": 33.26587746705301,
            "degree_std": 1.266817704178498,
            "average_shortest_path": 0.5745151592747318,
            "global_efficiency": 1.7512542505224789,
            "characteristic_path_length": 0.5745151592747318
        },
        {
            "clustering": 0.7065612050772178,
            "modularity": 0.01232980935203985,
            "average_degree": 53.004758923119006,
            "degree_std": 0.877114506943743,
            "average_shortest_path": 0.31793822612936823,
            "global_efficiency": 3.1789837626131985,
            "characteristic_path_length": 0.31793822612936823
        },
        {
            "clustering": 0.8329088201801391,
            "modularity": 0.013295686187017161,
            "average_degree": 54.38006212265794,
            "degree_std": 0.37018667005862155,
            "average_shortest_path": 0.30203442502148087,
            "global_efficiency": 3.3289746667854354,
            "characteristic_path_length": 0.30203442502148087
        },
        {
            "clustering": 0.27175052880520456,
            "modularity": 0.06415267198304575,
            "average_degree": 21.63170994816297,
            "degree_std": 1.3768964895335032,
            "average_shortest_path": 0.7249831500518542,
            "global_efficiency": 1.3875674627966443,
            "characteristic_path_length": 0.7249831500518542
        }
    ],
    "3": [
        {
            "clustering": 0.6206237399297901,
            "modularity": 0.03586956978544909,
            "average_degree": 38.0341548111171,
            "degree_std": 1.5251330521779523,
            "average_shortest_path": 0.5124109496476456,
            "global_efficiency": 1.9813046944174073,
            "characteristic_path_length": 0.5124109496476456
        },
        {
            "clustering": 0.6217144419003975,
            "modularity": 0.018894489725844312,
            "average_degree": 42.524639564885845,
            "degree_std": 1.097837228806056,
            "average_shortest_path": 0.4536705674986805,
            "global_efficiency": 2.2284241338353126,
            "characteristic_path_length": 0.4536705674986805
        },
        {
            "clustering": 0.4282699084720149,
            "modularity": 0.03882704404994799,
            "average_degree": 27.503120828920878,
            "degree_std": 1.2014648855300416,
            "average_shortest_path": 0.6481262294698086,
            "global_efficiency": 1.5513913095021021,
            "characteristic_path_length": 0.6481262294698086
        },
        {
            "clustering": 0.7741395044787835,
            "modularity": 0.012046782972838333,
            "average_degree": 53.84831355728446,
            "degree_std": 0.6135357750659618,
            "average_shortest_path": 0.3084867101312906,
            "global_efficiency": 3.2587983225474573,
            "characteristic_path_length": 0.3084867101312906
        },
        {
            "clustering": 0.6725509165001721,
            "modularity": 0.023442013547781897,
            "average_degree": 37.07824027948125,
            "degree_std": 1.1885330063847699,
            "average_shortest_path": 0.525098421797411,
            "global_efficiency": 1.9159981494739216,
            "characteristic_path_length": 0.525098421797411
        },
        {
            "clustering": 0.7440288114641607,
            "modularity": 0.023355320419372966,
            "average_degree": 49.43305565671821,
            "degree_std": 1.091700658147928,
            "average_shortest_path": 0.3663961985597281,
            "global_efficiency": 2.770657425427216,
            "characteristic_path_length": 0.3663961985597281
        },
        {
            "clustering": 0.698557701216788,
            "modularity": 0.023168073095350173,
            "average_degree": 37.47406491879637,
            "degree_std": 0.7222441803126602,
            "average_shortest_path": 0.5192814267170411,
            "global_efficiency": 1.9351922998404425,
            "characteristic_path_length": 0.5192814267170411
        },
        {
            "clustering": 0.6071135161470208,
            "modularity": 0.0266780862092101,
            "average_degree": 40.092613278844844,
            "degree_std": 0.8377461009503666,
            "average_shortest_path": 0.4858082215558236,
            "global_efficiency": 2.0741425701573246,
            "characteristic_path_length": 0.4858082215558236
        }
    ],
    "4": [
        {
            "clustering": 0.8676093429527062,
            "modularity": 0.012371911212523365,
            "average_degree": 60.61172664246335,
            "degree_std": 0.6077294008996538,
            "average_shortest_path": 0.2219084029073839,
            "global_efficiency": 4.564138370070407,
            "characteristic_path_length": 0.2219084029073839
        },
        {
            "clustering": 0.5522334268825392,
            "modularity": 0.017205844999997725,
            "average_degree": 38.18714104073722,
            "degree_std": 0.37697002796800755,
            "average_shortest_path": 0.5103779384740313,
            "global_efficiency": 1.9642944251023973,
            "characteristic_path_length": 0.5103779384740313
        },
        {
            "clustering": 0.795909688751518,
            "modularity": 0.01374576603887851,
            "average_degree": 53.51702201253742,
            "degree_std": 0.666085701707113,
            "average_shortest_path": 0.3128242978618639,
            "global_efficiency": 3.2269429825598563,
            "characteristic_path_length": 0.3128242978618639
        },
        {
            "clustering": 0.41334709802437325,
            "modularity": 0.023842038819070724,
            "average_degree": 32.35914231008787,
            "degree_std": 0.8677054032577202,
            "average_shortest_path": 0.5859429909347611,
            "global_efficiency": 1.7123209242508222,
            "characteristic_path_length": 0.5859429909347611
        },
        {
            "clustering": 0.6480175229074032,
            "modularity": 0.02217021423042212,
            "average_degree": 34.885053472199345,
            "degree_std": 0.5948079042559652,
            "average_shortest_path": 0.5527701954038687,
            "global_efficiency": 1.8160194081036147,
            "characteristic_path_length": 0.5527701954038687
        },
        {
            "clustering": 0.7108090882771346,
            "modularity": 0.017541260623315538,
            "average_degree": 48.43521585057642,
            "degree_std": 0.7435242126529833,
            "average_shortest_path": 0.3777607799044881,
            "global_efficiency": 2.6724064099157756,
            "characteristic_path_length": 0.3777607799044881
        },
        {
            "clustering": 0.8054435170208492,
            "modularity": 0.010642254090756847,
            "average_degree": 58.43469980176243,
            "degree_std": 1.1354919241367145,
            "average_shortest_path": 0.24360913264368464,
            "global_efficiency": 4.236654385308517,
            "characteristic_path_length": 0.24360913264368464
        },
        {
            "clustering": 0.8134632156719991,
            "modularity": 0.012626597506674341,
            "average_degree": 60.4175895135467,
            "degree_std": 0.9300621481604193,
            "average_shortest_path": 0.22295676484469754,
            "global_efficiency": 4.580931619986195,
            "characteristic_path_length": 0.22295676484469754
        }
    ],
    "5": [
        {
            "clustering": 0.6253550695412902,
            "modularity": 0.01621513135777744,
            "average_degree": 41.4963214084097,
            "degree_std": 0.9195379826804647,
            "average_shortest_path": 0.4641308942561433,
            "global_efficiency": 2.172857968799901,
            "characteristic_path_length": 0.4641308942561433
        },
        {
            "clustering": 0.7539556893549118,
            "modularity": 0.012249204519788403,
            "average_degree": 54.191358854859146,
            "degree_std": 0.8335550975721184,
            "average_shortest_path": 0.30327614044906825,
            "global_efficiency": 3.3343160303519395,
            "characteristic_path_length": 0.30327614044906825
        },
        {
            "clustering": 0.2407956434595869,
            "modularity": 0.06947330971416044,
            "average_degree": 19.252508085649435,
            "degree_std": 1.3383898582622922,
            "average_shortest_path": 0.755980194384046,
            "global_efficiency": 1.3292069400567252,
            "characteristic_path_length": 0.755980194384046
        },
        {
            "clustering": 0.6525330920449537,
            "modularity": 0.01836098309631849,
            "average_degree": 36.3488918440467,
            "degree_std": 1.5928701671366907,
            "average_shortest_path": 0.5329895099853178,
            "global_efficiency": 1.895684644780389,
            "characteristic_path_length": 0.5329895099853178
        },
        {
            "clustering": 0.5611644547525741,
            "modularity": 0.017926004308698434,
            "average_degree": 32.287516229566286,
            "degree_std": 0.5506244355449348,
            "average_shortest_path": 0.5857663377381032,
            "global_efficiency": 1.709947372610147,
            "characteristic_path_length": 0.5857663377381032
        },
        {
            "clustering": 0.6495648336799126,
            "modularity": 0.015504039912323976,
            "average_degree": 40.27992495238174,
            "degree_std": 0.7745492769759967,
            "average_shortest_path": 0.4813580810794542,
            "global_efficiency": 2.099910614996337,
            "characteristic_path_length": 0.4813580810794542
        },
        {
            "clustering": 0.8398807710328438,
            "modularity": 0.014957786347818133,
            "average_degree": 55.62159975786047,
            "degree_std": 0.7154012372211044,
            "average_shortest_path": 0.28650771763356514,
            "global_efficiency": 3.521523162464902,
            "characteristic_path_length": 0.28650771763356514
        },
        {
            "clustering": 0.4536545883380489,
            "modularity": 0.022694004947525562,
            "average_degree": 31.82387575404861,
            "degree_std": 1.4097683529578784,
            "average_shortest_path": 0.5914318959495423,
            "global_efficiency": 1.7001238157528136,
            "characteristic_path_length": 0.5914318959495423
        }
    ],
    "6": [
        {
            "clustering": 0.3083134119908783,
            "modularity": 0.03248584320285003,
            "average_degree": 19.864384586444075,
            "degree_std": 1.0808500219337307,
            "average_shortest_path": 0.74545851932569,
            "global_efficiency": 1.3457185313733253,
            "characteristic_path_length": 0.74545851932569
        },
        {
            "clustering": 0.533715449098511,
            "modularity": 0.031429908131005185,
            "average_degree": 32.48329662997077,
            "degree_std": 1.0578354277567017,
            "average_shortest_path": 0.5845084942413222,
            "global_efficiency": 1.7209570356277433,
            "characteristic_path_length": 0.5845084942413222
        },
        {
            "clustering": 0.776966521418009,
            "modularity": 0.013348015962916368,
            "average_degree": 45.83873585694334,
            "degree_std": 0.5534836003703474,
            "average_shortest_path": 0.4116147333559356,
            "global_efficiency": 2.4408854208101944,
            "characteristic_path_length": 0.4116147333559356
        },
        {
            "clustering": 0.6596101416561996,
            "modularity": 0.02171673533138276,
            "average_degree": 39.93348536963146,
            "degree_std": 1.0364083860311561,
            "average_shortest_path": 0.4880419793479547,
            "global_efficiency": 2.0623876625076774,
            "characteristic_path_length": 0.4880419793479547
        },
        {
            "clustering": 0.6209039897451663,
            "modularity": 0.022709560080412958,
            "average_degree": 30.737421281441247,
            "degree_std": 1.1634197035033724,
            "average_shortest_path": 0.6049423042420105,
            "global_efficiency": 1.661545084782991,
            "characteristic_path_length": 0.6049423042420105
        },
        {
            "clustering": 0.3194207905871666,
            "modularity": 0.02809468200601842,
            "average_degree": 22.67604918090237,
            "degree_std": 0.8217592591464082,
            "average_shortest_path": 0.7099806511214118,
            "global_efficiency": 1.4114517129550395,
            "characteristic_path_length": 0.7099806511214118
        },
        {
            "clustering": 0.7316737417629874,
            "modularity": 0.01636237097594758,
            "average_degree": 43.99981994715771,
            "degree_std": 0.8131963953594623,
            "average_shortest_path": 0.4354725754320092,
            "global_efficiency": 2.307967223495281,
            "characteristic_path_length": 0.4354725754320092
        },
        {
            "clustering": 0.34477780720064577,
            "modularity": 0.02654613198492224,
            "average_degree": 26.89005322487587,
            "degree_std": 1.1386486126857833,
            "average_shortest_path": 0.6543639994869983,
            "global_efficiency": 1.538254537786326,
            "characteristic_path_length": 0.6543639994869983
        }
    ],
    "7": [
        {
            "clustering": 0.750101142659396,
            "modularity": 0.017503261235637165,
            "average_degree": 48.11729183254638,
            "degree_std": 0.9250506235528464,
            "average_shortest_path": 0.3824997154495444,
            "global_efficiency": 2.634946831976302,
            "characteristic_path_length": 0.3824997154495444
        },
        {
            "clustering": 0.7098744221493666,
            "modularity": 0.012834599195928314,
            "average_degree": 53.948417568008864,
            "degree_std": 1.0214915329716996,
            "average_shortest_path": 0.3061655472228157,
            "global_efficiency": 3.3142462697967767,
            "characteristic_path_length": 0.3061655472228157
        },
        {
            "clustering": 0.364123655756817,
            "modularity": 0.024599773480992952,
            "average_degree": 22.907790709062176,
            "degree_std": 0.6670873896301767,
            "average_shortest_path": 0.7066036702277236,
            "global_efficiency": 1.4181648699320935,
            "characteristic_path_length": 0.7066036702277236
        },
        {
            "clustering": 0.36140843659320004,
            "modularity": 0.022536885770332013,
            "average_degree": 28.266837805930912,
            "degree_std": 1.088539523716206,
            "average_shortest_path": 0.6378462539447226,
            "global_efficiency": 1.5720682570619053,
            "characteristic_path_length": 0.6378462539447226
        },
        {
            "clustering": 0.43877214956774063,
            "modularity": 0.037133980284347556,
            "average_degree": 26.818118348154275,
            "degree_std": 1.6567814791624527,
            "average_shortest_path": 0.6570928273856212,
            "global_efficiency": 1.5324284782944861,
            "characteristic_path_length": 0.6570928273856212
        },
        {
            "clustering": 0.3265302179472246,
            "modularity": 0.02546344987371222,
            "average_degree": 25.575761916266078,
            "degree_std": 0.6524335970387478,
            "average_shortest_path": 0.6722911271235418,
            "global_efficiency": 1.4911595084673495,
            "characteristic_path_length": 0.6722911271235418
        },
        {
            "clustering": 0.7634985169095676,
            "modularity": 0.01302414649666392,
            "average_degree": 51.02719798900424,
            "degree_std": 1.3825828227263723,
            "average_shortest_path": 0.3426790581844233,
            "global_efficiency": 2.9717051683327225,
            "characteristic_path_length": 0.3426790581844233
        },
        {
            "clustering": 0.6299898740953596,
            "modularity": 0.026279663522345897,
            "average_degree": 39.25990253999969,
            "degree_std": 1.5883020273663309,
            "average_shortest_path": 0.49608375065115246,
            "global_efficiency": 2.0394612838196045,
            "characteristic_path_length": 0.49608375065115246
        }
    ],
    "8": [
        {
            "clustering": 0.5560647652868911,
            "modularity": 0.02431449034297726,
            "average_degree": 38.12912988466075,
            "degree_std": 1.1932457342151597,
            "average_shortest_path": 0.5098029441959931,
            "global_efficiency": 1.9852832139538354,
            "characteristic_path_length": 0.5098029441959931
        },
        {
            "clustering": 0.2322357773345514,
            "modularity": 0.019396032513756337,
            "average_degree": 18.218439297495603,
            "degree_std": 0.7819766411559261,
            "average_shortest_path": 0.7657620261172925,
            "global_efficiency": 1.309079695556213,
            "characteristic_path_length": 0.7657620261172925
        },
        {
            "clustering": 0.7052090225392913,
            "modularity": 0.010873496281106268,
            "average_degree": 43.80827193875151,
            "degree_std": 1.3844505040603288,
            "average_shortest_path": 0.4359636211504247,
            "global_efficiency": 2.320044446172301,
            "characteristic_path_length": 0.4359636211504247
        },
        {
            "clustering": 0.6483740821189737,
            "modularity": 0.03573341197741979,
            "average_degree": 31.56168642661181,
            "degree_std": 1.643313776749254,
            "average_shortest_path": 0.5947430424558025,
            "global_efficiency": 1.6982505635432052,
            "characteristic_path_length": 0.5947430424558025
        },
        {
            "clustering": 0.7671915783721805,
            "modularity": 0.01663035597276806,
            "average_degree": 55.307892534287184,
            "degree_std": 0.9536909651953129,
            "average_shortest_path": 0.28962998591256484,
            "global_efficiency": 3.507344714576908,
            "characteristic_path_length": 0.28962998591256484
        },
        {
            "clustering": 0.16688788925153614,
            "modularity": 0.05468633448280151,
            "average_degree": 13.328674961237285,
            "degree_std": 0.8592360371163763,
            "average_shortest_path": 0.831122068819184,
            "global_efficiency": 1.2050698949939835,
            "characteristic_path_length": 0.831122068819184
        },
        {
            "clustering": 0.4102189187799444,
            "modularity": 0.029761306842430613,
            "average_degree": 32.16551935679313,
            "degree_std": 1.0234997099998226,
            "average_shortest_path": 0.5876140832327091,
            "global_efficiency": 1.7155860448209286,
            "characteristic_path_length": 0.5876140832327091
        },
        {
            "clustering": 0.5516808945307312,
            "modularity": 0.044622181126432216,
            "average_degree": 36.32376093348265,
            "degree_std": 3.0237679500792476,
            "average_shortest_path": 0.5328391231278178,
            "global_efficiency": 1.9448573840109222,
            "characteristic_path_length": 0.5328391231278178
        }
    ],
    "9": [
        {
            "clustering": 0.6489207429663914,
            "modularity": 0.017480867005392184,
            "average_degree": 40.58258265902056,
            "degree_std": 0.7756326370909497,
            "average_shortest_path": 0.47834463507925007,
            "global_efficiency": 2.1097418831660812,
            "characteristic_path_length": 0.47834463507925007
        },
        {
            "clustering": 0.33438731679237005,
            "modularity": 0.022283352820427572,
            "average_degree": 26.159347534141418,
            "degree_std": 0.5011635502430831,
            "average_shortest_path": 0.664964068261811,
            "global_efficiency": 1.5060642155827104,
            "characteristic_path_length": 0.664964068261811
        },
        {
            "clustering": 0.38240647758968116,
            "modularity": 0.03934037340084308,
            "average_degree": 21.910641944996456,
            "degree_std": 1.1474475754110025,
            "average_shortest_path": 0.7193888322908214,
            "global_efficiency": 1.3958528929364666,
            "characteristic_path_length": 0.7193888322908214
        },
        {
            "clustering": 0.31407934951881794,
            "modularity": 0.02275759510576511,
            "average_degree": 24.277288634226235,
            "degree_std": 1.569002080693357,
            "average_shortest_path": 0.6872648512528543,
            "global_efficiency": 1.4669073697960378,
            "characteristic_path_length": 0.6872648512528543
        },
        {
            "clustering": 0.4525680312989076,
            "modularity": 0.0174949776176076,
            "average_degree": 27.887724176005907,
            "degree_std": 1.2130954042680377,
            "average_shortest_path": 0.6417035646489946,
            "global_efficiency": 1.5648748488772788,
            "characteristic_path_length": 0.6417035646489946
        },
        {
            "clustering": 0.741865489495962,
            "modularity": 0.014133270189528008,
            "average_degree": 43.301758720440766,
            "degree_std": 0.97897896305712,
            "average_shortest_path": 0.4434686538636664,
            "global_efficiency": 2.276677145018565,
            "characteristic_path_length": 0.4434686538636664
        },
        {
            "clustering": 0.49368890127638787,
            "modularity": 0.019511673864560986,
            "average_degree": 32.81856318003725,
            "degree_std": 1.1750475571326051,
            "average_shortest_path": 0.5792419110102358,
            "global_efficiency": 1.7344884099068303,
            "characteristic_path_length": 0.5792419110102358
        },
        {
            "clustering": 0.5836845025692143,
            "modularity": 0.020806421441778664,
            "average_degree": 31.32773586790063,
            "degree_std": 0.7737351977648632,
            "average_shortest_path": 0.5984211858787487,
            "global_efficiency": 1.6774299558127521,
            "characteristic_path_length": 0.5984211858787487
        }
    ],
    "10": [
        {
            "clustering": 0.5719249647153541,
            "modularity": 0.021150353671680902,
            "average_degree": 44.66373128958504,
            "degree_std": 0.98093154598401,
            "average_shortest_path": 0.427223465684865,
            "global_efficiency": 2.362631506528096,
            "characteristic_path_length": 0.427223465684865
        },
        {
            "clustering": 0.5899320736145115,
            "modularity": 0.01536830605377211,
            "average_degree": 44.27120995523261,
            "degree_std": 1.0590673093386047,
            "average_shortest_path": 0.43208528189341583,
            "global_efficiency": 2.329336115010929,
            "characteristic_path_length": 0.43208528189341583
        },
        {
            "clustering": 0.7445196873173849,
            "modularity": 0.016908315050019437,
            "average_degree": 41.58138429026879,
            "degree_std": 0.7304538050313834,
            "average_shortest_path": 0.46631361763476553,
            "global_efficiency": 2.1537925091768706,
            "characteristic_path_length": 0.46631361763476553
        },
        {
            "clustering": 0.7425858409575493,
            "modularity": 0.013904815677666443,
            "average_degree": 53.6276658700227,
            "degree_std": 0.7084737968881176,
            "average_shortest_path": 0.30933373088369776,
            "global_efficiency": 3.281863509563692,
            "characteristic_path_length": 0.30933373088369776
        },
        {
            "clustering": 0.6061024974066065,
            "modularity": 0.015670432483179817,
            "average_degree": 36.27132698585628,
            "degree_std": 1.064861209852337,
            "average_shortest_path": 0.5342028283601584,
            "global_efficiency": 1.880857033980806,
            "characteristic_path_length": 0.5342028283601584
        },
        {
            "clustering": 0.39803011986205034,
            "modularity": 0.03890458873870789,
            "average_degree": 31.271943316582277,
            "degree_std": 1.0464208920297438,
            "average_shortest_path": 0.5993792030165228,
            "global_efficiency": 1.684350749464793,
            "characteristic_path_length": 0.5993792030165228
        },
        {
            "clustering": 0.6664310658208438,
            "modularity": 0.023109414313079335,
            "average_degree": 42.4036925352195,
            "degree_std": 1.089286880540305,
            "average_shortest_path": 0.4557489187457304,
            "global_efficiency": 2.2190986281564355,
            "characteristic_path_length": 0.4557489187457304
        },
        {
            "clustering": 0.5341193513752311,
            "modularity": 0.025661686609704765,
            "average_degree": 28.566725489446604,
            "degree_std": 1.1155349375836119,
            "average_shortest_path": 0.6339957981233814,
            "global_efficiency": 1.5832478862703152,
            "characteristic_path_length": 0.6339957981233814
        }
    ],
    "11": [
        {
            "clustering": 0.6436646133196727,
            "modularity": 0.012605817856391758,
            "average_degree": 43.43000211502384,
            "degree_std": 0.9748046328538368,
            "average_shortest_path": 0.44162073688134706,
            "global_efficiency": 2.2825967272257537,
            "characteristic_path_length": 0.44162073688134706
        },
        {
            "clustering": 0.40674144782742905,
            "modularity": 0.014689309529502037,
            "average_degree": 31.749085615870868,
            "degree_std": 0.6858084778167335,
            "average_shortest_path": 0.5926806477419854,
            "global_efficiency": 1.6907075045973734,
            "characteristic_path_length": 0.5926806477419854
        },
        {
            "clustering": 0.7805575646772158,
            "modularity": 0.0114258721986054,
            "average_degree": 55.656722611068375,
            "degree_std": 1.254554166852604,
            "average_shortest_path": 0.2811933924696744,
            "global_efficiency": 3.6558295811730996,
            "characteristic_path_length": 0.2811933924696744
        },
        {
            "clustering": 0.8458365809493132,
            "modularity": 0.011370006267219793,
            "average_degree": 56.83448290131643,
            "degree_std": 0.7830897914506316,
            "average_shortest_path": 0.2697893052488586,
            "global_efficiency": 3.7608896853530274,
            "characteristic_path_length": 0.2697893052488586
        },
        {
            "clustering": 0.7932298145725611,
            "modularity": 0.010858248088747191,
            "average_degree": 50.03054746408301,
            "degree_std": 1.3437486745645895,
            "average_shortest_path": 0.35612489749064447,
            "global_efficiency": 2.860268401209051,
            "characteristic_path_length": 0.35612489749064447
        },
        {
            "clustering": 0.296547848689995,
            "modularity": 0.022273413841884176,
            "average_degree": 23.20003855944355,
            "degree_std": 0.5313960146332831,
            "average_shortest_path": 0.7028620852334575,
            "global_efficiency": 1.424424154825525,
            "characteristic_path_length": 0.7028620852334575
        },
        {
            "clustering": 0.7656749132309513,
            "modularity": 0.011759170274396616,
            "average_degree": 47.987727570684164,
            "degree_std": 1.514873986074145,
            "average_shortest_path": 0.38195401100634063,
            "global_efficiency": 2.666841155047476,
            "characteristic_path_length": 0.38195401100634063
        },
        {
            "clustering": 0.6490934502539398,
            "modularity": 0.011581254139071469,
            "average_degree": 44.558001784956545,
            "degree_std": 1.2493821185291731,
            "average_shortest_path": 0.42557337196697864,
            "global_efficiency": 2.378374292759364,
            "characteristic_path_length": 0.42557337196697864
        }
    ]
}