{
    "0": [
        {
            "clustering": 0.6820039875424246,
            "modularity": 0.0052048188998087075,
            "average_degree": 104.48391921210967,
            "degree_std": 1.0760630638999218,
            "average_shortest_path": 0.47037366545411524,
            "global_efficiency": 2.1523060690429956,
            "characteristic_path_length": 0.47037366545411524
        },
        {
            "clustering": 0.12555276174051894,
            "modularity": 0.03766631111707035,
            "average_degree": 25.00150011627019,
            "degree_std": 0.8765619817687292,
            "average_shortest_path": 0.87390634216992,
            "global_efficiency": 1.144644710202569,
            "characteristic_path_length": 0.87390634216992
        },
        {
            "clustering": 0.4593904935845602,
            "modularity": 0.0607863956373495,
            "average_degree": 76.86194709485103,
            "degree_std": 3.3183994577341456,
            "average_shortest_path": 0.611951846336178,
            "global_efficiency": 1.6610394214826054,
            "characteristic_path_length": 0.611951846336178
        },
        {
            "clustering": 0.21942644177823248,
            "modularity": 0.027047472138956533,
            "average_degree": 43.63712571409308,
            "degree_std": 2.18118048863194,
            "average_shortest_path": 0.7799206449119294,
            "global_efficiency": 1.2834800783241875,
            "characteristic_path_length": 0.7799206449119294
        },
        {
            "clustering": 0.4011507257102621,
            "modularity": 0.026469367385689814,
            "average_degree": 59.56517752244773,
            "degree_std": 2.7236731282305153,
            "average_shortest_path": 0.6994092142506411,
            "global_efficiency": 1.4323939587271963,
            "characteristic_path_length": 0.6994092142506411
        },
        {
            "clustering": 0.5499350985422616,
            "modularity": 0.012594225713762468,
            "average_degree": 70.90239277785935,
            "degree_std": 2.7277751756728534,
            "average_shortest_path": 0.641869389935502,
            "global_efficiency": 1.5608289370484454,
            "characteristic_path_length": 0.641869389935502
        },
        {
            "clustering": 0.13498341623870552,
            "modularity": 0.021320272722659094,
            "average_degree": 26.793914918534465,
            "degree_std": 0.826774677592834,
            "average_shortest_path": 0.8648130629092361,
            "global_efficiency": 1.156472177626414,
            "characteristic_path_length": 0.8648130629092361
        },
        {
            "clustering": 0.07947909999762734,
            "modularity": 0.030471304332034963,
            "average_degree": 15.817734537089711,
            "degree_std": 1.0724841092230624,
            "average_shortest_path": 0.9202059717488182,
            "global_efficiency": 1.0868806828051436,
            "characteristic_path_length": 0.9202059717488182
        },
        {
            "clustering": 0.13615352211052364,
            "modularity": 0.03710363701104996,
            "average_degree": 27.141048184186683,
            "degree_std": 1.4410555418662763,
            "average_shortest_path": 0.86318123876929,
            "global_efficiency": 1.1590318327270817,
            "characteristic_path_length": 0.86318123876929
        },
        {
            "clustering": 0.10800629344765621,
            "modularity": 0.06645278065356615,
            "average_degree": 21.76097467274551,
            "degree_std": 1.5844367424137122,
            "average_shortest_path": 0.8904400531813148,
            "global_efficiency": 1.1239337748448945,
            "characteristic_path_length": 0.8904400531813148
        },
        {
            "clustering": 0.2042670795021609,
            "modularity": 0.15206335405564717,
            "average_degree": 43.711563242075705,
            "degree_std": 4.845687551480092,
            "average_shortest_path": 0.7810498726956047,
            "global_efficiency": 1.313303650726512,
            "characteristic_path_length": 0.7810498726956047
        },
        {
            "clustering": 0.0933298231811563,
            "modularity": 0.024201422026426656,
            "average_degree": 18.56160497112896,
            "degree_std": 1.126755450447844,
            "average_shortest_path": 0.9063919196035746,
            "global_efficiency": 1.10343328417828,
            "characteristic_path_length": 0.9063919196035746
        }
    ],
    "1": [
        {
            "clustering": 0.06953270196787427,
            "modularity": 0.3210247240990771,
            "average_degree": 18.963152482315607,
            "degree_std": 2.505278367409093,
            "average_shortest_path": 0.9068077826204806,
            "global_efficiency": 1.1183709444040362,
            "characteristic_path_length": 0.9068077826204806
        },
        {
            "clustering": 0.3430753126776772,
            "modularity": 0.07678609582368072,
            "average_degree": 69.51069423325586,
            "degree_std": 7.566050162666511,
            "average_shortest_path": 0.6501280412451881,
            "global_efficiency": 1.5880433867012578,
            "characteristic_path_length": 0.6501280412451881
        },
        {
            "clustering": 0.2495360753236713,
            "modularity": 0.080749800997832,
            "average_degree": 50.62978717869553,
            "degree_std": 2.730020266701534,
            "average_shortest_path": 0.7452324299823367,
            "global_efficiency": 1.3521982265323371,
            "characteristic_path_length": 0.7452324299823367
        },
        {
            "clustering": 0.35290172466114755,
            "modularity": 0.02403224788477481,
            "average_degree": 70.25384525007998,
            "degree_std": 5.206311162509216,
            "average_shortest_path": 0.6455020272427062,
            "global_efficiency": 1.5584132571557705,
            "characteristic_path_length": 0.6455020272427062
        },
        {
            "clustering": 0.6876049569155328,
            "modularity": 0.025521619866926533,
            "average_degree": 136.8185152114332,
            "degree_std": 13.280181147657986,
            "average_shortest_path": 0.3091260937486005,
            "global_efficiency": 3.934343884699116,
            "characteristic_path_length": 0.3091260937486005
        },
        {
            "clustering": 0.5856001084933925,
            "modularity": 0.05741920432121718,
            "average_degree": 117.40073715192392,
            "degree_std": 9.336693718094823,
            "average_shortest_path": 0.40780865582602954,
            "global_efficiency": 2.805978754200091,
            "characteristic_path_length": 0.40780865582602954
        },
        {
            "clustering": 0.23700846833387768,
            "modularity": 0.1773223589415137,
            "average_degree": 52.061105788013684,
            "degree_std": 4.618842978708759,
            "average_shortest_path": 0.7405289374066394,
            "global_efficiency": 1.4294126974124823,
            "characteristic_path_length": 0.7405289374066394
        },
        {
            "clustering": 0.20229675010772377,
            "modularity": 0.20579992991717994,
            "average_degree": 46.03930753157353,
            "degree_std": 4.644710875211148,
            "average_shortest_path": 0.7707201821201265,
            "global_efficiency": 1.3640921259482846,
            "characteristic_path_length": 0.7707201821201265
        },
        {
            "clustering": 0.5832530842781141,
            "modularity": 0.03730860159282253,
            "average_degree": 112.74988658288407,
            "degree_std": 10.735382452106073,
            "average_shortest_path": 0.43155130491197874,
            "global_efficiency": 2.4819866993173294,
            "characteristic_path_length": 0.43155130491197874
        },
        {
            "clustering": 0.7584343207751629,
            "modularity": 0.010224797190738818,
            "average_degree": 133.58056515119986,
            "degree_std": 9.002180655482555,
            "average_shortest_path": 0.30931829423789814,
            "global_efficiency": 3.309903092059845,
            "characteristic_path_length": 0.30931829423789814
        },
        {
            "clustering": 0.3050533942142163,
            "modularity": 0.08040720065714928,
            "average_degree": 61.937986682747876,
            "degree_std": 9.636761378415738,
            "average_shortest_path": 0.6880429489280129,
            "global_efficiency": 1.5044837291441702,
            "characteristic_path_length": 0.6880429489280129
        },
        {
            "clustering": 0.29430147095146864,
            "modularity": 0.04071835404673595,
            "average_degree": 58.816221441799,
            "degree_std": 4.137125720778097,
            "average_shortest_path": 0.7034789910563642,
            "global_efficiency": 1.4293347496961166,
            "characteristic_path_length": 0.7034789910563642
        }
    ],
    "2": [
        {
            "clustering": 0.46231373796594377,
            "modularity": 0.07433668971950864,
            "average_degree": 93.22741366645548,
            "degree_std": 4.7261572693249985,
            "average_shortest_path": 0.5307350611760732,
            "global_efficiency": 1.9560962630321128,
            "characteristic_path_length": 0.5307350611760732
        },
        {
            "clustering": 0.3165029431807066,
            "modularity": 0.12504561568835387,
            "average_degree": 66.75094621904394,
            "degree_std": 6.916085812081002,
            "average_shortest_path": 0.6648010085251841,
            "global_efficiency": 1.6213349060422024,
            "characteristic_path_length": 0.6648010085251841
        },
        {
            "clustering": 0.42072672939550326,
            "modularity": 0.12763098102175133,
            "average_degree": 87.23106066455972,
            "degree_std": 6.33126975300022,
            "average_shortest_path": 0.5628365810260099,
            "global_efficiency": 2.0880116615834132,
            "characteristic_path_length": 0.5628365810260099
        },
        {
            "clustering": 0.1432330929249516,
            "modularity": 0.23307533435449546,
            "average_degree": 33.82286004875373,
            "degree_std": 4.765508911593923,
            "average_shortest_path": 0.8323921491423272,
            "global_efficiency": 1.2409661083955603,
            "characteristic_path_length": 0.8323921491423272
        },
        {
            "clustering": 0.40732602462996176,
            "modularity": 0.10417823486253387,
            "average_degree": 83.99467210365931,
            "degree_std": 3.7452081558672625,
            "average_shortest_path": 0.5775339931785367,
            "global_efficiency": 1.869386142085937,
            "characteristic_path_length": 0.5775339931785367
        },
        {
            "clustering": 0.08745905490985628,
            "modularity": 0.2796319649620943,
            "average_degree": 22.08071056444757,
            "degree_std": 3.5585039172594204,
            "average_shortest_path": 0.8918202787061545,
            "global_efficiency": 1.1446293942818466,
            "characteristic_path_length": 0.8918202787061545
        },
        {
            "clustering": 0.3692622302988069,
            "modularity": 0.12088304398959682,
            "average_degree": 77.57088347641874,
            "degree_std": 7.9307136955957365,
            "average_shortest_path": 0.6112234736297201,
            "global_efficiency": 1.8522278747817567,
            "characteristic_path_length": 0.6112234736297201
        },
        {
            "clustering": 0.13636898246843956,
            "modularity": 0.26254517471010624,
            "average_degree": 25.8669342658559,
            "degree_std": 2.1891299984704484,
            "average_shortest_path": 0.8732155812929825,
            "global_efficiency": 1.1743976838510883,
            "characteristic_path_length": 0.8732155812929825
        },
        {
            "clustering": 0.5589212413529695,
            "modularity": 0.06936272916103865,
            "average_degree": 112.9212725042819,
            "degree_std": 8.613644459206553,
            "average_shortest_path": 0.43006053244934406,
            "global_efficiency": 2.6493823065818796,
            "characteristic_path_length": 0.43006053244934406
        },
        {
            "clustering": 0.4582016597393823,
            "modularity": 0.09286803404678468,
            "average_degree": 94.16441417817043,
            "degree_std": 7.3873562985380365,
            "average_shortest_path": 0.526586655471555,
            "global_efficiency": 2.149377132003028,
            "characteristic_path_length": 0.526586655471555
        },
        {
            "clustering": 0.4530072499727141,
            "modularity": 0.11499189126499634,
            "average_degree": 93.74276738464563,
            "degree_std": 6.660828485326158,
            "average_shortest_path": 0.5280292543366636,
            "global_efficiency": 2.191366361487517,
            "characteristic_path_length": 0.5280292543366636
        },
        {
            "clustering": 0.5172629064768016,
            "modularity": 0.05602159496606039,
            "average_degree": 93.63760488881894,
            "degree_std": 8.968590270950976,
            "average_shortest_path": 0.5279146459735686,
            "global_efficiency": 1.964865648444792,
            "characteristic_path_length": 0.5279146459735686
        }
    ],
    "3": [
        {
            "clustering": 0.3308915899352476,
            "modularity": 0.14299486551537385,
            "average_degree": 71.0781430994159,
            "degree_std": 5.50789702922258,
            "average_shortest_path": 0.6444005709305154,
            "global_efficiency": 1.7338077364563722,
            "characteristic_path_length": 0.6444005709305154
        },
        {
            "clustering": 0.367824128042514,
            "modularity": 0.15461155724548953,
            "average_degree": 77.46050575763648,
            "degree_std": 5.284622204218243,
            "average_shortest_path": 0.611317836771924,
            "global_efficiency": 1.7818648768636505,
            "characteristic_path_length": 0.611317836771924
        },
        {
            "clustering": 0.42030031647080995,
            "modularity": 0.12476173117887639,
            "average_degree": 85.21711667074409,
            "degree_std": 7.011134764479214,
            "average_shortest_path": 0.572468683717305,
            "global_efficiency": 1.972683167147608,
            "characteristic_path_length": 0.572468683717305
        },
        {
            "clustering": 0.06370233539366574,
            "modularity": 0.32272631461523565,
            "average_degree": 13.185526646554374,
            "degree_std": 1.8334982685908168,
            "average_shortest_path": 0.9363613935243909,
            "global_efficiency": 1.0793296460936992,
            "characteristic_path_length": 0.9363613935243909
        },
        {
            "clustering": 0.6267483423587777,
            "modularity": 0.06488489504888888,
            "average_degree": 126.18171742095616,
            "degree_std": 8.230780599069668,
            "average_shortest_path": 0.3622400221354757,
            "global_efficiency": 3.437386346320028,
            "characteristic_path_length": 0.3622400221354757
        },
        {
            "clustering": 0.6501230017449424,
            "modularity": 0.015934098439104163,
            "average_degree": 112.06030221635834,
            "degree_std": 3.4475371784734623,
            "average_shortest_path": 0.4315801730189782,
            "global_efficiency": 2.3469770054626453,
            "characteristic_path_length": 0.4315801730189782
        },
        {
            "clustering": 0.5975179282255575,
            "modularity": 0.10442644464720141,
            "average_degree": 118.55209666774078,
            "degree_std": 10.657367723122567,
            "average_shortest_path": 0.40120596159665056,
            "global_efficiency": 3.1713304074911357,
            "characteristic_path_length": 0.40120596159665056
        },
        {
            "clustering": 0.41564928818500846,
            "modularity": 0.1277678858276693,
            "average_degree": 87.9166877399358,
            "degree_std": 4.655446071972577,
            "average_shortest_path": 0.5581785828609623,
            "global_efficiency": 2.0931610950179933,
            "characteristic_path_length": 0.5581785828609623
        },
        {
            "clustering": 0.09510921025336669,
            "modularity": 0.2868150152359802,
            "average_degree": 18.96691730302403,
            "degree_std": 1.9710522217678283,
            "average_shortest_path": 0.907719001055027,
            "global_efficiency": 1.1176096688333952,
            "characteristic_path_length": 0.907719001055027
        },
        {
            "clustering": 0.2665171797208914,
            "modularity": 0.021375956205400195,
            "average_degree": 53.0094781811818,
            "degree_std": 2.742426638524591,
            "average_shortest_path": 0.7322906561531356,
            "global_efficiency": 1.3682031788416331,
            "characteristic_path_length": 0.7322906561531356
        },
        {
            "clustering": 0.3062120693217212,
            "modularity": 0.22105347155092273,
            "average_degree": 65.66475508332114,
            "degree_std": 4.7721439834774815,
            "average_shortest_path": 0.6702218595775289,
            "global_efficiency": 1.6911698401652981,
            "characteristic_path_length": 0.6702218595775289
        },
        {
            "clustering": 0.4494024389788815,
            "modularity": 0.10292737564048907,
            "average_degree": 92.99485474827082,
            "degree_std": 5.706684889661104,
            "average_shortest_path": 0.5323983657378301,
            "global_efficiency": 2.179771900708193,
            "characteristic_path_length": 0.5323983657378301
        }
    ],
    "4": [
        {
            "clustering": 0.44079065302909887,
            "modularity": 0.10115520552501292,
            "average_degree": 91.01933025380885,
            "degree_std": 7.0066882479973875,
            "average_shortest_path": 0.5420766669992421,
            "global_efficiency": 2.119025097162552,
            "characteristic_path_length": 0.5420766669992421
        },
        {
            "clustering": 0.5689995512032135,
            "modularity": 0.036921762709242634,
            "average_degree": 107.23725007858259,
            "degree_std": 9.561961327788666,
            "average_shortest_path": 0.4210543230050162,
            "global_efficiency": 2.6469895253622684,
            "characteristic_path_length": 0.4210543230050162
        },
        {
            "clustering": 0.1824536958423359,
            "modularity": 0.15990927773808222,
            "average_degree": 38.351307341092244,
            "degree_std": 4.850638407501174,
            "average_shortest_path": 0.8094860681652535,
            "global_efficiency": 1.2700434232012254,
            "characteristic_path_length": 0.8094860681652535
        },
        {
            "clustering": 0.49627141101068684,
            "modularity": 0.10773036120064748,
            "average_degree": 102.6505952270433,
            "degree_std": 7.788549999872996,
            "average_shortest_path": 0.47430390886976165,
            "global_efficiency": 2.626347465929781,
            "characteristic_path_length": 0.47430390886976165
        },
        {
            "clustering": 0.5517173492069494,
            "modularity": 0.05210067446416425,
            "average_degree": 110.65686582169117,
            "degree_std": 6.2808875552807715,
            "average_shortest_path": 0.4427415597828662,
            "global_efficiency": 2.396324390820726,
            "characteristic_path_length": 0.4427415597828662
        },
        {
            "clustering": 0.27114903402413865,
            "modularity": 0.18256666679471967,
            "average_degree": 55.2653598658944,
            "degree_std": 2.9197228092442686,
            "average_shortest_path": 0.7238451834203721,
            "global_efficiency": 1.479006762886126,
            "characteristic_path_length": 0.7238451834203721
        },
        {
            "clustering": 0.44352356503203433,
            "modularity": 0.10408020496952239,
            "average_degree": 91.76975213815147,
            "degree_std": 5.823182590817408,
            "average_shortest_path": 0.5383888792155672,
            "global_efficiency": 2.142353227223141,
            "characteristic_path_length": 0.5383888792155672
        },
        {
            "clustering": 0.45641547010910377,
            "modularity": 0.11933676501671492,
            "average_degree": 94.83003838095766,
            "degree_std": 5.3391351670574245,
            "average_shortest_path": 0.5234646802216336,
            "global_efficiency": 2.31328441199325,
            "characteristic_path_length": 0.5234646802216336
        },
        {
            "clustering": 0.3580559271298343,
            "modularity": 0.04705179174864923,
            "average_degree": 71.54111679304627,
            "degree_std": 3.816587713448294,
            "average_shortest_path": 0.6389314342111043,
            "global_efficiency": 1.5783425882030344,
            "characteristic_path_length": 0.6389314342111043
        },
        {
            "clustering": 0.4522259061624461,
            "modularity": 0.11767602708420541,
            "average_degree": 94.30825007673025,
            "degree_std": 5.410920101215561,
            "average_shortest_path": 0.5155552635880608,
            "global_efficiency": 2.379074710272576,
            "characteristic_path_length": 0.5155552635880608
        },
        {
            "clustering": 0.3856960129013569,
            "modularity": 0.12614964431607345,
            "average_degree": 73.93359338743858,
            "degree_std": 5.77086307170824,
            "average_shortest_path": 0.6303825470549625,
            "global_efficiency": 1.7352367228851129,
            "characteristic_path_length": 0.6303825470549625
        },
        {
            "clustering": 0.2383881591731022,
            "modularity": 0.1669038008370171,
            "average_degree": 39.016900969820114,
            "degree_std": 2.735823089409869,
            "average_shortest_path": 0.8062664764524424,
            "global_efficiency": 1.2728242997124941,
            "characteristic_path_length": 0.8062664764524424
        }
    ],
    "5": [
        {
            "clustering": 0.33299447079725353,
            "modularity": 0.12848792091269726,
            "average_degree": 63.95103871171131,
            "degree_std": 3.1331690824917087,
            "average_shortest_path": 0.6807266992694608,
            "global_efficiency": 1.557919016615885,
            "characteristic_path_length": 0.6807266992694608
        },
        {
            "clustering": 0.5226822448584065,
            "modularity": 0.0971061695780834,
            "average_degree": 103.40492006708583,
            "degree_std": 7.124356034874673,
            "average_shortest_path": 0.47991875036518666,
            "global_efficiency": 2.3787378572364823,
            "characteristic_path_length": 0.47991875036518666
        },
        {
            "clustering": 0.37022688458085,
            "modularity": 0.15002044200426448,
            "average_degree": 79.75307945270339,
            "degree_std": 3.252488909056356,
            "average_shortest_path": 0.6007396212368596,
            "global_efficiency": 1.9123572811746643,
            "characteristic_path_length": 0.6007396212368596
        },
        {
            "clustering": 0.3274655524073491,
            "modularity": 0.15211366842140367,
            "average_degree": 64.36256431547773,
            "degree_std": 5.434338801372078,
            "average_shortest_path": 0.6785303244084115,
            "global_efficiency": 1.5820175202743145,
            "characteristic_path_length": 0.6785303244084117
        },
        {
            "clustering": 0.4276161121335046,
            "modularity": 0.1677908987842977,
            "average_degree": 89.82018550058675,
            "degree_std": 2.395634427258543,
            "average_shortest_path": 0.5484669654089783,
            "global_efficiency": 2.176566327553395,
            "characteristic_path_length": 0.5484669654089783
        },
        {
            "clustering": 0.42970158464974206,
            "modularity": 0.06670710761732107,
            "average_degree": 86.57571536690894,
            "degree_std": 8.548404598187112,
            "average_shortest_path": 0.5638890735545933,
            "global_efficiency": 1.8321471922084014,
            "characteristic_path_length": 0.5638890735545933
        },
        {
            "clustering": 0.4152269575326153,
            "modularity": 0.11575637456201024,
            "average_degree": 74.85827000407217,
            "degree_std": 2.686469626953422,
            "average_shortest_path": 0.6255326277491287,
            "global_efficiency": 1.720188130319794,
            "characteristic_path_length": 0.6255326277491287
        },
        {
            "clustering": 0.547439498460772,
            "modularity": 0.05870270122531101,
            "average_degree": 106.30703784314744,
            "degree_std": 12.80938048503933,
            "average_shortest_path": 0.4276568887258016,
            "global_efficiency": 2.708510395290257,
            "characteristic_path_length": 0.4276568887258016
        },
        {
            "clustering": 0.3440557239395169,
            "modularity": 0.13380491623468818,
            "average_degree": 72.84768636721954,
            "degree_std": 2.6810835687417116,
            "average_shortest_path": 0.6345716640293072,
            "global_efficiency": 1.7270776055843964,
            "characteristic_path_length": 0.6345716640293072
        },
        {
            "clustering": 0.3204576138137825,
            "modularity": 0.13283546984907738,
            "average_degree": 55.36529194945041,
            "degree_std": 2.775772674129744,
            "average_shortest_path": 0.7237917221615942,
            "global_efficiency": 1.43734210891896,
            "characteristic_path_length": 0.7237917221615942
        },
        {
            "clustering": 0.528706557274917,
            "modularity": 0.0892753116978438,
            "average_degree": 101.31261655801102,
            "degree_std": 5.809143011352525,
            "average_shortest_path": 0.48149718529070773,
            "global_efficiency": 2.290057597565096,
            "characteristic_path_length": 0.48149718529070773
        },
        {
            "clustering": 0.5702328851011657,
            "modularity": 0.07743403799231932,
            "average_degree": 114.10022200537814,
            "degree_std": 5.431854442775769,
            "average_shortest_path": 0.42598255247490524,
            "global_efficiency": 2.71257264478052,
            "characteristic_path_length": 0.42598255247490524
        }
    ],
    "6": [
        {
            "clustering": 0.61089403018701,
            "modularity": 0.051081561265411815,
            "average_degree": 122.41264847377371,
            "degree_std": 3.56496482693341,
            "average_shortest_path": 0.3815709824606199,
            "global_efficiency": 2.9038223539195704,
            "characteristic_path_length": 0.3815709824606199
        },
        {
            "clustering": 0.4309921518979309,
            "modularity": 0.13824903231502705,
            "average_degree": 90.86347928518381,
            "degree_std": 5.029605930404626,
            "average_shortest_path": 0.5415153244654454,
            "global_efficiency": 2.1969014649549843,
            "characteristic_path_length": 0.5415153244654454
        },
        {
            "clustering": 0.45153862301949715,
            "modularity": 0.13676657035663078,
            "average_degree": 94.35218194781807,
            "degree_std": 5.8739873558087305,
            "average_shortest_path": 0.5244228053561208,
            "global_efficiency": 2.352983052494268,
            "characteristic_path_length": 0.5244228053561208
        },
        {
            "clustering": 0.3301185256251816,
            "modularity": 0.11172258676716375,
            "average_degree": 70.14615799595803,
            "degree_std": 4.204604494079681,
            "average_shortest_path": 0.6479246070533793,
            "global_efficiency": 1.6976246945978763,
            "characteristic_path_length": 0.6479246070533793
        },
        {
            "clustering": 0.4417193815205316,
            "modularity": 0.10984069702100016,
            "average_degree": 92.12452243486509,
            "degree_std": 3.9208956885339896,
            "average_shortest_path": 0.537744664109548,
            "global_efficiency": 2.144906205174181,
            "characteristic_path_length": 0.537744664109548
        },
        {
            "clustering": 0.6020749093673313,
            "modularity": 0.06754755468610774,
            "average_degree": 114.09748818648775,
            "degree_std": 7.278630585895058,
            "average_shortest_path": 0.41631265382207017,
            "global_efficiency": 2.612084332996615,
            "characteristic_path_length": 0.41631265382207017
        },
        {
            "clustering": 0.31810037710706285,
            "modularity": 0.13686164997297137,
            "average_degree": 65.6168303639656,
            "degree_std": 2.7168830260971863,
            "average_shortest_path": 0.6729549025756979,
            "global_efficiency": 1.6161857118664311,
            "characteristic_path_length": 0.6729549025756979
        },
        {
            "clustering": 0.612930075866323,
            "modularity": 0.009680840270200412,
            "average_degree": 105.53539297991361,
            "degree_std": 11.516793804082619,
            "average_shortest_path": 0.4409109671064409,
            "global_efficiency": 2.3949594803737035,
            "characteristic_path_length": 0.4409109671064409
        },
        {
            "clustering": 0.4485664283278078,
            "modularity": 0.11398783082093181,
            "average_degree": 92.72922564026634,
            "degree_std": 5.323177876934024,
            "average_shortest_path": 0.5345013052250446,
            "global_efficiency": 2.065312386593213,
            "characteristic_path_length": 0.5345013052250446
        },
        {
            "clustering": 0.34063180738687787,
            "modularity": 0.137400998465799,
            "average_degree": 68.76936978403545,
            "degree_std": 4.665718179660216,
            "average_shortest_path": 0.6564319552957318,
            "global_efficiency": 1.6419519264975113,
            "characteristic_path_length": 0.6564319552957318
        },
        {
            "clustering": 0.5116329846684782,
            "modularity": 0.09829505584472403,
            "average_degree": 104.56123343866686,
            "degree_std": 3.606447705570075,
            "average_shortest_path": 0.47257662745395984,
            "global_efficiency": 2.502821682746805,
            "characteristic_path_length": 0.47257662745395984
        },
        {
            "clustering": 0.3161943332065192,
            "modularity": 0.12384310306138044,
            "average_degree": 63.37380919243563,
            "degree_std": 2.7884783554493913,
            "average_shortest_path": 0.6841195512073831,
            "global_efficiency": 1.5649301812333376,
            "characteristic_path_length": 0.6841195512073831
        }
    ],
    "7": [
        {
            "clustering": 0.396350074594325,
            "modularity": 0.15455094845966078,
            "average_degree": 83.88900450176786,
            "degree_std": 6.395169876062775,
            "average_shortest_path": 0.5788285107647198,
            "global_efficiency": 1.9919654383821461,
            "characteristic_path_length": 0.5788285107647198
        },
        {
            "clustering": 0.5035269525337849,
            "modularity": 0.10619312454930224,
            "average_degree": 100.98355678692634,
            "degree_std": 8.201023160778748,
            "average_shortest_path": 0.49114147034865213,
            "global_efficiency": 2.393576435842518,
            "characteristic_path_length": 0.49114147034865213
        },
        {
            "clustering": 0.39158917043701247,
            "modularity": 0.13033140155416587,
            "average_degree": 83.59569787663406,
            "degree_std": 3.4509323034555512,
            "average_shortest_path": 0.5795623945950052,
            "global_efficiency": 2.0169395260395584,
            "characteristic_path_length": 0.5795623945950052
        },
        {
            "clustering": 0.36234688450771235,
            "modularity": 0.12475988644944097,
            "average_degree": 77.2798820384043,
            "degree_std": 3.3106146733897757,
            "average_shortest_path": 0.612911088566841,
            "global_efficiency": 1.8107702472572533,
            "characteristic_path_length": 0.6129110885668411
        },
        {
            "clustering": 0.35024964300390937,
            "modularity": 0.13154015109970885,
            "average_degree": 74.76760367030678,
            "degree_std": 3.243893157189919,
            "average_shortest_path": 0.6258078654001112,
            "global_efficiency": 1.7694845178954313,
            "characteristic_path_length": 0.6258078654001112
        },
        {
            "clustering": 0.3857137337555687,
            "modularity": 0.1162347495448865,
            "average_degree": 75.47888517791726,
            "degree_std": 3.13524729118909,
            "average_shortest_path": 0.6195061745231918,
            "global_efficiency": 1.7245736414620412,
            "characteristic_path_length": 0.6195061745231918
        },
        {
            "clustering": 0.3374234960349683,
            "modularity": 0.1177857865003365,
            "average_degree": 67.57854233223429,
            "degree_std": 4.582687468708274,
            "average_shortest_path": 0.661935946911415,
            "global_efficiency": 1.6079536136575399,
            "characteristic_path_length": 0.661935946911415
        },
        {
            "clustering": 0.33888880346220024,
            "modularity": 0.18572859358306004,
            "average_degree": 73.74708801857867,
            "degree_std": 6.420402187256681,
            "average_shortest_path": 0.6303116365177227,
            "global_efficiency": 1.8094070394868575,
            "characteristic_path_length": 0.6303116365177227
        },
        {
            "clustering": 0.6476030275836097,
            "modularity": 0.04438199099902056,
            "average_degree": 129.3218596810684,
            "degree_std": 6.729076729700569,
            "average_shortest_path": 0.34820529322984023,
            "global_efficiency": 3.1408673207087436,
            "characteristic_path_length": 0.34820529322984023
        },
        {
            "clustering": 0.5543200319918943,
            "modularity": 0.049901215050844175,
            "average_degree": 95.97559037602227,
            "degree_std": 12.528753122317417,
            "average_shortest_path": 0.512065941819503,
            "global_efficiency": 2.1126816761539744,
            "characteristic_path_length": 0.512065941819503
        },
        {
            "clustering": 0.4901120746441787,
            "modularity": 0.017313484474464687,
            "average_degree": 98.81151914424437,
            "degree_std": 1.420613454580229,
            "average_shortest_path": 0.4428369186839439,
            "global_efficiency": 2.520783194851934,
            "characteristic_path_length": 0.4428369186839439
        },
        {
            "clustering": 0.46382059950312843,
            "modularity": 0.06981107592885519,
            "average_degree": 93.5357805884411,
            "degree_std": 4.907698186426673,
            "average_shortest_path": 0.5284436776818919,
            "global_efficiency": 1.9717111561317497,
            "characteristic_path_length": 0.5284436776818919
        }
    ],
    "8": [
        {
            "clustering": 0.40541756140897295,
            "modularity": 0.10159142203933347,
            "average_degree": 77.58155625061032,
            "degree_std": 4.980861378763446,
            "average_shortest_path": 0.6103269545405124,
            "global_efficiency": 1.7168157163481257,
            "characteristic_path_length": 0.6103269545405124
        },
        {
            "clustering": 0.5058253895155508,
            "modularity": 0.08246706339308811,
            "average_degree": 90.15978383187766,
            "degree_std": 9.027097372658263,
            "average_shortest_path": 0.5465395965076139,
            "global_efficiency": 1.964229034457023,
            "characteristic_path_length": 0.5465395965076139
        },
        {
            "clustering": 0.6203614456013926,
            "modularity": 0.037133985856315777,
            "average_degree": 123.85712178972355,
            "degree_std": 9.27418167215437,
            "average_shortest_path": 0.37457293079786624,
            "global_efficiency": 2.9590895932393897,
            "characteristic_path_length": 0.37457293079786624
        },
        {
            "clustering": 0.544266136932896,
            "modularity": 0.08468077664222416,
            "average_degree": 110.34517910173047,
            "degree_std": 5.135157290556643,
            "average_shortest_path": 0.44397678261352497,
            "global_efficiency": 2.6446628920628754,
            "characteristic_path_length": 0.44397678261352497
        },
        {
            "clustering": 0.4716965042567246,
            "modularity": 0.10828537940472223,
            "average_degree": 93.7570877238096,
            "degree_std": 7.31397685809697,
            "average_shortest_path": 0.5292666327964444,
            "global_efficiency": 2.1069661449422394,
            "characteristic_path_length": 0.5292666327964444
        },
        {
            "clustering": 0.3835381501832293,
            "modularity": 0.11421643528609032,
            "average_degree": 80.40282191512453,
            "degree_std": 3.4495412374493726,
            "average_shortest_path": 0.597076441167873,
            "global_efficiency": 1.831103236085536,
            "characteristic_path_length": 0.597076441167873
        },
        {
            "clustering": 0.3853188557337024,
            "modularity": 0.11875651100330031,
            "average_degree": 80.88220192114831,
            "degree_std": 2.9675162571572913,
            "average_shortest_path": 0.5947077799285743,
            "global_efficiency": 1.8493328333073367,
            "characteristic_path_length": 0.5947077799285743
        },
        {
            "clustering": 0.5614745927302031,
            "modularity": 0.049792031386894295,
            "average_degree": 112.7294068927069,
            "degree_std": 5.17347632773993,
            "average_shortest_path": 0.41825000419718766,
            "global_efficiency": 2.5687169630849707,
            "characteristic_path_length": 0.41825000419718766
        },
        {
            "clustering": 0.5043609995125715,
            "modularity": 0.07241241649467917,
            "average_degree": 102.39408782811627,
            "degree_std": 5.429091019829573,
            "average_shortest_path": 0.4853613695261009,
            "global_efficiency": 2.2670499288258696,
            "characteristic_path_length": 0.4853613695261009
        },
        {
            "clustering": 0.601985769676238,
            "modularity": 0.008197513419340115,
            "average_degree": 120.19250374761262,
            "degree_std": 3.340652829075824,
            "average_shortest_path": 0.309464854954605,
            "global_efficiency": 3.6242406042840365,
            "characteristic_path_length": 0.309464854954605
        },
        {
            "clustering": 0.39415083326392014,
            "modularity": 0.11185844546647258,
            "average_degree": 82.13144328249201,
            "degree_std": 4.130372232649759,
            "average_shortest_path": 0.5883061166664812,
            "global_efficiency": 1.8670466769049734,
            "characteristic_path_length": 0.5883061166664812
        },
        {
            "clustering": 0.35205486330879143,
            "modularity": 0.12785261124780717,
            "average_degree": 74.94417263126094,
            "degree_std": 3.347142036416716,
            "average_shortest_path": 0.6246358627482964,
            "global_efficiency": 1.756490180424263,
            "characteristic_path_length": 0.6246358627482964
        }
    ],
    "9": [
        {
            "clustering": 0.539654347737187,
            "modularity": 0.09973597279824027,
            "average_degree": 109.75907375447905,
            "degree_std": 6.163700443921556,
            "average_shortest_path": 0.4446816086131221,
            "global_efficiency": 2.6081474090997583,
            "characteristic_path_length": 0.4446816086131221
        },
        {
            "clustering": 0.4624458784559276,
            "modularity": 0.017373346795653378,
            "average_degree": 92.20928663223575,
            "degree_std": 5.784870409214276,
            "average_shortest_path": 0.5327437028136688,
            "global_efficiency": 1.9166300784141108,
            "characteristic_path_length": 0.5327437028136688
        },
        {
            "clustering": 0.5411199935984122,
            "modularity": 0.09736515800297565,
            "average_degree": 108.94145391209409,
            "degree_std": 6.7711813818937445,
            "average_shortest_path": 0.4511602158190833,
            "global_efficiency": 2.640521628741751,
            "characteristic_path_length": 0.4511602158190833
        },
        {
            "clustering": 0.41855749902242384,
            "modularity": 0.12438117203850567,
            "average_degree": 86.95864637122985,
            "degree_std": 5.223626937985339,
            "average_shortest_path": 0.5631936370029677,
            "global_efficiency": 2.0106028912410605,
            "characteristic_path_length": 0.5631936370029677
        },
        {
            "clustering": 0.6897150122069504,
            "modularity": 0.013303035397909486,
            "average_degree": 123.02874409867563,
            "degree_std": 9.193408856123904,
            "average_shortest_path": 0.36343251673386423,
            "global_efficiency": 2.943855215948475,
            "characteristic_path_length": 0.36343251673386423
        },
        {
            "clustering": 0.43079843964650966,
            "modularity": 0.10493670793943935,
            "average_degree": 87.16277992478099,
            "degree_std": 4.1639190279565375,
            "average_shortest_path": 0.5619525415531493,
            "global_efficiency": 1.9448440286919766,
            "characteristic_path_length": 0.5619525415531493
        },
        {
            "clustering": 0.555016081254181,
            "modularity": 0.09232629994364869,
            "average_degree": 112.03709925711826,
            "degree_std": 5.395648258474999,
            "average_shortest_path": 0.43523612667226697,
            "global_efficiency": 2.692045166358135,
            "characteristic_path_length": 0.43523612667226697
        },
        {
            "clustering": 0.4607841703726914,
            "modularity": 0.0867785878894515,
            "average_degree": 94.18459678001824,
            "degree_std": 5.965170467012638,
            "average_shortest_path": 0.5255882857583363,
            "global_efficiency": 2.1564241721626884,
            "characteristic_path_length": 0.5255882857583363
        },
        {
            "clustering": 0.5104719107131609,
            "modularity": 0.09390953930761606,
            "average_degree": 104.40106802329566,
            "degree_std": 5.5607207172169355,
            "average_shortest_path": 0.4738286731859804,
            "global_efficiency": 2.4772795488673025,
            "characteristic_path_length": 0.4738286731859804
        },
        {
            "clustering": 0.4865491186854555,
            "modularity": 0.06673209657914858,
            "average_degree": 98.29358384446297,
            "degree_std": 5.204856821452917,
            "average_shortest_path": 0.5060822874670164,
            "global_efficiency": 2.1240241525646555,
            "characteristic_path_length": 0.5060822874670164
        },
        {
            "clustering": 0.5745039031245901,
            "modularity": 0.05775988361800862,
            "average_degree": 115.23262005320801,
            "degree_std": 4.229175453668359,
            "average_shortest_path": 0.4195587524782805,
            "global_efficiency": 2.542632169351355,
            "characteristic_path_length": 0.4195587524782805
        },
        {
            "clustering": 0.5723097520089341,
            "modularity": 0.06278047809305934,
            "average_degree": 114.74649217598773,
            "degree_std": 8.633303688937902,
            "average_shortest_path": 0.4212946529311901,
            "global_efficiency": 2.7262237098131314,
            "characteristic_path_length": 0.4212946529311901
        }
    ],
    "10": [
        {
            "clustering": 0.5251157904785174,
            "modularity": 0.042060611111229926,
            "average_degree": 105.08341990855985,
            "degree_std": 8.73824488637811,
            "average_shortest_path": 0.4698947035658842,
            "global_efficiency": 2.266923246552442,
            "characteristic_path_length": 0.46989470356588425
        },
        {
            "clustering": 0.5251135275116473,
            "modularity": 0.05899423423152003,
            "average_degree": 105.05341813818048,
            "degree_std": 5.860124817853176,
            "average_shortest_path": 0.4707229439049933,
            "global_efficiency": 2.2794695848445987,
            "characteristic_path_length": 0.4707229439049933
        },
        {
            "clustering": 0.4111431621884985,
            "modularity": 0.07156625684133702,
            "average_degree": 83.54363638565832,
            "degree_std": 5.179940557299866,
            "average_shortest_path": 0.5789349915882691,
            "global_efficiency": 1.8212523871800743,
            "characteristic_path_length": 0.5789349915882691
        },
        {
            "clustering": 0.7190810578519835,
            "modularity": 0.02651441306442346,
            "average_degree": 125.88725457583199,
            "degree_std": 8.372765032819627,
            "average_shortest_path": 0.3647893952323676,
            "global_efficiency": 2.8867175202229816,
            "characteristic_path_length": 0.3647893952323676
        },
        {
            "clustering": 0.5550003844251415,
            "modularity": 0.06065735763253684,
            "average_degree": 110.04176708323479,
            "degree_std": 4.316980161928701,
            "average_shortest_path": 0.4448959593062277,
            "global_efficiency": 2.448701014070057,
            "characteristic_path_length": 0.4448959593062277
        },
        {
            "clustering": 0.5841830378014452,
            "modularity": 0.05849633171466223,
            "average_degree": 112.75906720268384,
            "degree_std": 7.6457998420383175,
            "average_shortest_path": 0.4267372728707874,
            "global_efficiency": 2.6334133756831717,
            "characteristic_path_length": 0.4267372728707874
        },
        {
            "clustering": 0.3811516513159911,
            "modularity": 0.09947358856288735,
            "average_degree": 76.14284512900524,
            "degree_std": 5.020492724015426,
            "average_shortest_path": 0.6164293831292501,
            "global_efficiency": 1.70106802329025,
            "characteristic_path_length": 0.6164293831292501
        },
        {
            "clustering": 0.5922570699818003,
            "modularity": 0.07894690511280054,
            "average_degree": 118.5148954500847,
            "degree_std": 5.965226413758405,
            "average_shortest_path": 0.4018412905486738,
            "global_efficiency": 2.8396559582372154,
            "characteristic_path_length": 0.4018412905486738
        },
        {
            "clustering": 0.683333183426849,
            "modularity": 0.007065982923082802,
            "average_degree": 117.20949697577161,
            "degree_std": 4.67147682612571,
            "average_shortest_path": 0.3836882156641677,
            "global_efficiency": 2.736315267651454,
            "characteristic_path_length": 0.3836882156641677
        },
        {
            "clustering": 0.5914571555461531,
            "modularity": 0.05668241911378009,
            "average_degree": 118.8496872371184,
            "degree_std": 8.870785030896082,
            "average_shortest_path": 0.395657540133149,
            "global_efficiency": 2.96701248290739,
            "characteristic_path_length": 0.395657540133149
        },
        {
            "clustering": 0.5309274775832349,
            "modularity": 0.06110438523538406,
            "average_degree": 103.04221943741966,
            "degree_std": 6.676341397431829,
            "average_shortest_path": 0.4814404043536817,
            "global_efficiency": 2.249882034424986,
            "characteristic_path_length": 0.4814404043536818
        },
        {
            "clustering": 0.4415670294014388,
            "modularity": 0.10177509158624612,
            "average_degree": 89.46328813894519,
            "degree_std": 5.260444672603183,
            "average_shortest_path": 0.5498907408059701,
            "global_efficiency": 1.952701263093174,
            "characteristic_path_length": 0.5498907408059701
        }
    ],
    "11": [
        {
            "clustering": 0.6582934994797245,
            "modularity": 0.031969916227021986,
            "average_degree": 125.43189768560032,
            "degree_std": 5.9283211311616295,
            "average_shortest_path": 0.3667845606667278,
            "global_efficiency": 2.8860729852886706,
            "characteristic_path_length": 0.3667845606667278
        },
        {
            "clustering": 0.4994309714196136,
            "modularity": 0.06292962608041205,
            "average_degree": 99.93959411152548,
            "degree_std": 4.247672278215489,
            "average_shortest_path": 0.4969470208052567,
            "global_efficiency": 2.1303437856503398,
            "characteristic_path_length": 0.4969470208052568
        },
        {
            "clustering": 0.6107546915830392,
            "modularity": 0.03183136474993931,
            "average_degree": 113.29176774576295,
            "degree_std": 7.985363416641594,
            "average_shortest_path": 0.42845938075748696,
            "global_efficiency": 2.4631002504516633,
            "characteristic_path_length": 0.42845938075748696
        },
        {
            "clustering": 0.5822829641241306,
            "modularity": 0.049024239149848305,
            "average_degree": 108.6357517969663,
            "degree_std": 6.908000600512073,
            "average_shortest_path": 0.4523041501756953,
            "global_efficiency": 2.3297976879248696,
            "characteristic_path_length": 0.4523041501756953
        },
        {
            "clustering": 0.6664781831931771,
            "modularity": 0.014984434159636684,
            "average_degree": 123.08761064262625,
            "degree_std": 7.712251436438229,
            "average_shortest_path": 0.34940800838474223,
            "global_efficiency": 3.085732973918163,
            "characteristic_path_length": 0.34940800838474223
        },
        {
            "clustering": 0.6187712802404821,
            "modularity": 0.017690376588519623,
            "average_degree": 122.9562722863791,
            "degree_std": 7.117379837057916,
            "average_shortest_path": 0.3781726414369207,
            "global_efficiency": 2.74026873218817,
            "characteristic_path_length": 0.3781726414369207
        },
        {
            "clustering": 0.6381235152534354,
            "modularity": 0.032817577999963404,
            "average_degree": 100.09055714591173,
            "degree_std": 1.924565257886602,
            "average_shortest_path": 0.4949928245451319,
            "global_efficiency": 2.0542239128124233,
            "characteristic_path_length": 0.4949928245451319
        },
        {
            "clustering": 0.6336820989810465,
            "modularity": 0.028469408643612214,
            "average_degree": 125.69330362444894,
            "degree_std": 5.218597590062277,
            "average_shortest_path": 0.3643033059010367,
            "global_efficiency": 2.960458298161021,
            "characteristic_path_length": 0.3643033059010367
        },
        {
            "clustering": 0.7405946695190473,
            "modularity": 0.014566957624314519,
            "average_degree": 118.56518088455798,
            "degree_std": 2.0905436728935642,
            "average_shortest_path": 0.4009068252318673,
            "global_efficiency": 2.517185945436877,
            "characteristic_path_length": 0.4009068252318673
        },
        {
            "clustering": 0.7397535458657907,
            "modularity": 0.026719842492549963,
            "average_degree": 126.7768744538572,
            "degree_std": 3.0504956281544637,
            "average_shortest_path": 0.3571245363766537,
            "global_efficiency": 2.898159081493906,
            "characteristic_path_length": 0.3571245363766537
        },
        {
            "clustering": 0.4505722035358508,
            "modularity": 0.050752782966423576,
            "average_degree": 89.6089627848731,
            "degree_std": 6.471352805240619,
            "average_shortest_path": 0.544868510995455,
            "global_efficiency": 1.8833546810905064,
            "characteristic_path_length": 0.544868510995455
        },
        {
            "clustering": 0.646485151599711,
            "modularity": 0.0385800844107448,
            "average_degree": 107.4692920737253,
            "degree_std": 5.247287078806501,
            "average_shortest_path": 0.45795908518594547,
            "global_efficiency": 2.2435686771594217,
            "characteristic_path_length": 0.4579590851859456
        }
    ]
}