{
    "0": [
        {
            "clustering": 0.7859671894778888,
            "modularity": 0.005014116113941665,
            "average_degree": 134.4097188729454,
            "degree_std": 0.5945843085126093,
            "average_shortest_path": 0.32110447060761765,
            "global_efficiency": 3.1159770953620067,
            "characteristic_path_length": 0.32110447060761765
        },
        {
            "clustering": 0.11398137304738727,
            "modularity": 0.01328306336728827,
            "average_degree": 22.61254736327003,
            "degree_std": 0.9043455042551903,
            "average_shortest_path": 0.8859005165689307,
            "global_efficiency": 1.1288962355751468,
            "characteristic_path_length": 0.8859005165689307
        },
        {
            "clustering": 0.7812723789727555,
            "modularity": 0.004971168765101157,
            "average_degree": 131.44173483657787,
            "degree_std": 1.5368744956630396,
            "average_shortest_path": 0.3359292194264226,
            "global_efficiency": 2.9839976033045326,
            "characteristic_path_length": 0.3359292194264226
        },
        {
            "clustering": 0.1323848682091207,
            "modularity": 0.009722734455743186,
            "average_degree": 26.236161585440612,
            "degree_std": 0.13264850973520406,
            "average_shortest_path": 0.8675491254865424,
            "global_efficiency": 1.1527127043754295,
            "characteristic_path_length": 0.8675491254865424
        },
        {
            "clustering": 0.8248306778732749,
            "modularity": 0.005992896799396311,
            "average_degree": 99.13432627266224,
            "degree_std": 3.10544428257677,
            "average_shortest_path": 0.49932474802246923,
            "global_efficiency": 2.0064754020858144,
            "characteristic_path_length": 0.49932474802246923
        },
        {
            "clustering": 0.919598770719802,
            "modularity": 0.005002967780457251,
            "average_degree": 169.47353562350935,
            "degree_std": 2.3444804097648926,
            "average_shortest_path": 0.14382940492648036,
            "global_efficiency": 7.037830033114043,
            "characteristic_path_length": 0.14382940492648036
        },
        {
            "clustering": 0.7818154169322227,
            "modularity": 0.004972044401861255,
            "average_degree": 132.74853000046164,
            "degree_std": 1.7288420651208858,
            "average_shortest_path": 0.32947661704434444,
            "global_efficiency": 3.0403207727591797,
            "characteristic_path_length": 0.32947661704434444
        },
        {
            "clustering": 0.6690147169401305,
            "modularity": 0.00507684936053028,
            "average_degree": 104.88562996467489,
            "degree_std": 0.4114093507806773,
            "average_shortest_path": 0.47022098187450967,
            "global_efficiency": 2.127234777377925,
            "characteristic_path_length": 0.47022098187450967
        },
        {
            "clustering": 0.7247835994045684,
            "modularity": 0.007797116585413259,
            "average_degree": 118.45052598931831,
            "degree_std": 2.0098498881846556,
            "average_shortest_path": 0.40122382367437126,
            "global_efficiency": 2.505296354365197,
            "characteristic_path_length": 0.40122382367437126
        },
        {
            "clustering": 0.10941768598055682,
            "modularity": 0.013246723048197635,
            "average_degree": 21.704667558397965,
            "degree_std": 0.822671527531652,
            "average_shortest_path": 0.8904720129478487,
            "global_efficiency": 1.123089065828933,
            "characteristic_path_length": 0.8904720129478487
        },
        {
            "clustering": 0.26589994674709105,
            "modularity": 0.024037041140646344,
            "average_degree": 52.8792972414429,
            "degree_std": 2.2517297730605876,
            "average_shortest_path": 0.7333954440625898,
            "global_efficiency": 1.3652273994537352,
            "characteristic_path_length": 0.7333954440625898
        },
        {
            "clustering": 0.22583004280850863,
            "modularity": 0.007434369447337953,
            "average_degree": 44.747854662734895,
            "degree_std": 0.9352127386020823,
            "average_shortest_path": 0.7740803517066669,
            "global_efficiency": 1.2920127769526755,
            "characteristic_path_length": 0.7740803517066669
        }
    ],
    "1": [
        {
            "clustering": 0.5891926278536168,
            "modularity": 0.016168458958595963,
            "average_degree": 98.68347226109005,
            "degree_std": 5.602645214152137,
            "average_shortest_path": 0.5016667274192504,
            "global_efficiency": 2.019271909158715,
            "characteristic_path_length": 0.5016667274192504
        },
        {
            "clustering": 0.43799355131167683,
            "modularity": 0.023607249943778837,
            "average_degree": 87.50523473883274,
            "degree_std": 7.783755178397278,
            "average_shortest_path": 0.5590950487396884,
            "global_efficiency": 1.8224577843819163,
            "characteristic_path_length": 0.5590950487396884
        },
        {
            "clustering": 0.45517892056142173,
            "modularity": 0.04726759070868573,
            "average_degree": 91.26485974221276,
            "degree_std": 4.961920345385498,
            "average_shortest_path": 0.5408969836624314,
            "global_efficiency": 1.8914798669832575,
            "characteristic_path_length": 0.5408969836624314
        },
        {
            "clustering": 0.4325639136883663,
            "modularity": 0.04274199576096825,
            "average_degree": 86.73306694843053,
            "degree_std": 3.823484690052916,
            "average_shortest_path": 0.5636212403504828,
            "global_efficiency": 1.8076318610682753,
            "characteristic_path_length": 0.5636212403504828
        },
        {
            "clustering": 0.5495666989989363,
            "modularity": 0.05453631423363106,
            "average_degree": 103.22586301555299,
            "degree_std": 4.854688357586429,
            "average_shortest_path": 0.479778277410541,
            "global_efficiency": 2.1593829145550987,
            "characteristic_path_length": 0.479778277410541
        },
        {
            "clustering": 0.43970359721746266,
            "modularity": 0.07579237570379796,
            "average_degree": 88.93039743559453,
            "degree_std": 2.5852128197311486,
            "average_shortest_path": 0.5512627004541566,
            "global_efficiency": 1.9473079152682335,
            "characteristic_path_length": 0.5512627004541566
        },
        {
            "clustering": 0.4508290254374771,
            "modularity": 0.03469861242714968,
            "average_degree": 89.94266164037336,
            "degree_std": 3.567880420757413,
            "average_shortest_path": 0.5468872694941327,
            "global_efficiency": 1.849539405279137,
            "characteristic_path_length": 0.5468872694941327
        },
        {
            "clustering": 0.37639050343319513,
            "modularity": 0.05254408753766634,
            "average_degree": 76.02173090440792,
            "degree_std": 2.7988165069466406,
            "average_shortest_path": 0.6180693557166054,
            "global_efficiency": 1.6480974448934587,
            "characteristic_path_length": 0.6180693557166054
        },
        {
            "clustering": 0.44367951284474605,
            "modularity": 0.035873743541998335,
            "average_degree": 88.49788485435957,
            "degree_std": 4.269257027485132,
            "average_shortest_path": 0.5540873275422615,
            "global_efficiency": 1.8252030276813112,
            "characteristic_path_length": 0.5540873275422615
        },
        {
            "clustering": 0.7121584950012071,
            "modularity": 0.008783395044279472,
            "average_degree": 117.27552980782785,
            "degree_std": 3.654429929775168,
            "average_shortest_path": 0.40583096874445,
            "global_efficiency": 2.5157456774636557,
            "characteristic_path_length": 0.40583096874445
        },
        {
            "clustering": 0.4463803493512809,
            "modularity": 0.0621159878737934,
            "average_degree": 90.5874470899393,
            "degree_std": 4.516441157755595,
            "average_shortest_path": 0.5446309806638017,
            "global_efficiency": 1.9297986986787299,
            "characteristic_path_length": 0.5446309806638017
        },
        {
            "clustering": 0.47961145248678017,
            "modularity": 0.07351478895709058,
            "average_degree": 97.0650932920548,
            "degree_std": 3.8281668230285963,
            "average_shortest_path": 0.5123388482166407,
            "global_efficiency": 2.0626607728974644,
            "characteristic_path_length": 0.5123388482166407
        }
    ],
    "2": [
        {
            "clustering": 0.40913647020482985,
            "modularity": 0.09043850082586576,
            "average_degree": 81.00439308892878,
            "degree_std": 3.9266340309831853,
            "average_shortest_path": 0.5932523194650281,
            "global_efficiency": 1.763705488498326,
            "characteristic_path_length": 0.5932523194650281
        },
        {
            "clustering": 0.4238490452141437,
            "modularity": 0.05744492472653369,
            "average_degree": 84.73060715025687,
            "degree_std": 3.9301818877034704,
            "average_shortest_path": 0.5741200284906577,
            "global_efficiency": 1.7830200760506223,
            "characteristic_path_length": 0.5741200284906577
        },
        {
            "clustering": 0.5007520938320926,
            "modularity": 0.059406945570013095,
            "average_degree": 89.63297116303858,
            "degree_std": 2.2190111413080955,
            "average_shortest_path": 0.5428026973984894,
            "global_efficiency": 1.932861677247893,
            "characteristic_path_length": 0.5428026973984894
        },
        {
            "clustering": 0.4822901007404243,
            "modularity": 0.026051644344433137,
            "average_degree": 95.63234050306428,
            "degree_std": 4.614543111283132,
            "average_shortest_path": 0.5168791830180068,
            "global_efficiency": 1.9761383890631203,
            "characteristic_path_length": 0.5168791830180068
        },
        {
            "clustering": 0.315949535122621,
            "modularity": 0.07907173874133058,
            "average_degree": 65.11429858690107,
            "degree_std": 1.8121758418802745,
            "average_shortest_path": 0.6743419035277464,
            "global_efficiency": 1.5171351666898467,
            "characteristic_path_length": 0.6743419035277464
        },
        {
            "clustering": 0.33168847516288685,
            "modularity": 0.0746023308330905,
            "average_degree": 67.90214474026197,
            "degree_std": 2.5528524106162283,
            "average_shortest_path": 0.6600094355326867,
            "global_efficiency": 1.547932890961985,
            "characteristic_path_length": 0.6600094355326867
        },
        {
            "clustering": 0.40118276701364614,
            "modularity": 0.029306818651309408,
            "average_degree": 74.06462034439572,
            "degree_std": 6.566267769611779,
            "average_shortest_path": 0.6266980866979528,
            "global_efficiency": 1.618810376044713,
            "characteristic_path_length": 0.6266980866979528
        },
        {
            "clustering": 0.40431412812341255,
            "modularity": 0.06226009736244341,
            "average_degree": 81.63642132684235,
            "degree_std": 3.9763686526168707,
            "average_shortest_path": 0.58982139832569,
            "global_efficiency": 1.7366581206886924,
            "characteristic_path_length": 0.58982139832569
        },
        {
            "clustering": 0.4429032416951021,
            "modularity": 0.0746062354971152,
            "average_degree": 90.61751310372696,
            "degree_std": 2.4075414249775453,
            "average_shortest_path": 0.5453465752757607,
            "global_efficiency": 1.9676355107137606,
            "characteristic_path_length": 0.5453465752757607
        },
        {
            "clustering": 0.34876277768167613,
            "modularity": 0.08000365123085285,
            "average_degree": 71.95354291725319,
            "degree_std": 2.1567024012303238,
            "average_shortest_path": 0.6390960810349109,
            "global_efficiency": 1.6283999397797555,
            "characteristic_path_length": 0.6390960810349109
        },
        {
            "clustering": 0.48245821993258226,
            "modularity": 0.06434803264308184,
            "average_degree": 94.13967591910088,
            "degree_std": 2.1772474810000753,
            "average_shortest_path": 0.5276345382857737,
            "global_efficiency": 2.024661829708157,
            "characteristic_path_length": 0.5276345382857737
        },
        {
            "clustering": 0.3982883344354289,
            "modularity": 0.03202604389474829,
            "average_degree": 79.53957601259117,
            "degree_std": 4.383900532890458,
            "average_shortest_path": 0.5998774090567087,
            "global_efficiency": 1.6802341124388114,
            "characteristic_path_length": 0.5998774090567087
        }
    ],
    "3": [
        {
            "clustering": 0.5001233510523716,
            "modularity": 0.05588884520138185,
            "average_degree": 92.71997490452166,
            "degree_std": 2.4410052882510285,
            "average_shortest_path": 0.5234173726391576,
            "global_efficiency": 2.014183000742669,
            "characteristic_path_length": 0.5234173726391576
        },
        {
            "clustering": 0.4668842701211256,
            "modularity": 0.03418084696324339,
            "average_degree": 93.38684336039043,
            "degree_std": 7.15747554882024,
            "average_shortest_path": 0.5301385339092819,
            "global_efficiency": 1.930011373016821,
            "characteristic_path_length": 0.5301385339092819
        },
        {
            "clustering": 0.45181336187657517,
            "modularity": 0.030466855115344638,
            "average_degree": 90.30486150039322,
            "degree_std": 5.214195580222029,
            "average_shortest_path": 0.5451032856490908,
            "global_efficiency": 1.8660339755845388,
            "characteristic_path_length": 0.5451032856490908
        },
        {
            "clustering": 0.30865808492280317,
            "modularity": 0.029065456680444246,
            "average_degree": 61.67543815266831,
            "degree_std": 4.039901039441051,
            "average_shortest_path": 0.6896660556699765,
            "global_efficiency": 1.456167575041202,
            "characteristic_path_length": 0.6896660556699765
        },
        {
            "clustering": 0.37449256493443633,
            "modularity": 0.06402257396687899,
            "average_degree": 76.17862405231524,
            "degree_std": 2.6631110519762045,
            "average_shortest_path": 0.618315899218393,
            "global_efficiency": 1.658476380681591,
            "characteristic_path_length": 0.618315899218393
        },
        {
            "clustering": 0.4907910768443303,
            "modularity": 0.0633556209313749,
            "average_degree": 95.05481379580064,
            "degree_std": 2.216215991377578,
            "average_shortest_path": 0.5229712119285131,
            "global_efficiency": 2.035522675381023,
            "characteristic_path_length": 0.5229712119285131
        },
        {
            "clustering": 0.2640202688584214,
            "modularity": 0.05561116861591037,
            "average_degree": 53.60082672627812,
            "degree_std": 2.286211918789981,
            "average_shortest_path": 0.7314088602557607,
            "global_efficiency": 1.3772008620805078,
            "characteristic_path_length": 0.7314088602557607
        },
        {
            "clustering": 0.4244205694542207,
            "modularity": 0.10455601534879314,
            "average_degree": 85.63573419234824,
            "degree_std": 2.464301538004254,
            "average_shortest_path": 0.5693985573074357,
            "global_efficiency": 1.880971879729829,
            "characteristic_path_length": 0.5693985573074357
        },
        {
            "clustering": 0.4089357400666418,
            "modularity": 0.09370352280268651,
            "average_degree": 83.26078022787839,
            "degree_std": 2.4684927777905274,
            "average_shortest_path": 0.5800625923097209,
            "global_efficiency": 1.8330661758126503,
            "characteristic_path_length": 0.5800625923097209
        },
        {
            "clustering": 0.3523467898120502,
            "modularity": 0.08992713670263909,
            "average_degree": 72.86921839880468,
            "degree_std": 1.865317308443138,
            "average_shortest_path": 0.6354330698520444,
            "global_efficiency": 1.6315913966644024,
            "characteristic_path_length": 0.6354330698520444
        },
        {
            "clustering": 0.43371488523562995,
            "modularity": 0.08240931429358511,
            "average_degree": 88.25439961068057,
            "degree_std": 3.289725667771866,
            "average_shortest_path": 0.5567645235945188,
            "global_efficiency": 1.8837661803525212,
            "characteristic_path_length": 0.5567645235945188
        },
        {
            "clustering": 0.2141004781712522,
            "modularity": 0.039492777373226505,
            "average_degree": 43.06703777978309,
            "degree_std": 2.346714550738016,
            "average_shortest_path": 0.7838044013232849,
            "global_efficiency": 1.2788924039676564,
            "characteristic_path_length": 0.7838044013232849
        }
    ],
    "4": [
        {
            "clustering": 0.45646351645765404,
            "modularity": 0.018322532689161432,
            "average_degree": 90.96562861360637,
            "degree_std": 4.528355169687592,
            "average_shortest_path": 0.5404503145790753,
            "global_efficiency": 1.8806750916860422,
            "characteristic_path_length": 0.5404503145790753
        },
        {
            "clustering": 0.43760382558045147,
            "modularity": 0.03878039521682972,
            "average_degree": 87.51994054771562,
            "degree_std": 4.977218966773754,
            "average_shortest_path": 0.5593185273776902,
            "global_efficiency": 1.8163447795101793,
            "characteristic_path_length": 0.5593185273776902
        },
        {
            "clustering": 0.5964399208981882,
            "modularity": 0.012269654281633558,
            "average_degree": 98.06542414216153,
            "degree_std": 3.1495633952515054,
            "average_shortest_path": 0.5019574288786689,
            "global_efficiency": 2.021111488023268,
            "characteristic_path_length": 0.5019574288786689
        },
        {
            "clustering": 0.5066323232382671,
            "modularity": 0.05191162904954405,
            "average_degree": 86.87750994714487,
            "degree_std": 2.374083765914752,
            "average_shortest_path": 0.5601115612100842,
            "global_efficiency": 1.8497734441740101,
            "characteristic_path_length": 0.5601115612100842
        },
        {
            "clustering": 0.27656184242157855,
            "modularity": 0.07150455301934083,
            "average_degree": 56.211011265047205,
            "degree_std": 3.994246947227926,
            "average_shortest_path": 0.7179875051400542,
            "global_efficiency": 1.4067803476208,
            "characteristic_path_length": 0.7179875051400542
        },
        {
            "clustering": 0.4993868748037344,
            "modularity": 0.06831175991927635,
            "average_degree": 99.61141218924573,
            "degree_std": 5.8373503175105395,
            "average_shortest_path": 0.4982358206108127,
            "global_efficiency": 2.1948452457325347,
            "characteristic_path_length": 0.4982358206108127
        },
        {
            "clustering": 0.4228881251324505,
            "modularity": 0.06787912418298034,
            "average_degree": 85.00812704994205,
            "degree_std": 3.4036262538145525,
            "average_shortest_path": 0.5724866490232465,
            "global_efficiency": 1.812102558252668,
            "characteristic_path_length": 0.5724866490232465
        },
        {
            "clustering": 0.5513341333124668,
            "modularity": 0.040441069019498246,
            "average_degree": 110.11946762590229,
            "degree_std": 4.6980233738406065,
            "average_shortest_path": 0.44500445968996855,
            "global_efficiency": 2.329655851464807,
            "characteristic_path_length": 0.44500445968996855
        },
        {
            "clustering": 0.4391968623551023,
            "modularity": 0.07314706776642278,
            "average_degree": 88.5442370729361,
            "degree_std": 5.022314375340086,
            "average_shortest_path": 0.5547332297570055,
            "global_efficiency": 1.887927887247978,
            "characteristic_path_length": 0.5547332297570055
        },
        {
            "clustering": 0.5502073794334812,
            "modularity": 0.05324781857161337,
            "average_degree": 108.76313362773269,
            "degree_std": 5.071859368841108,
            "average_shortest_path": 0.4519643400788329,
            "global_efficiency": 2.3272433046840746,
            "characteristic_path_length": 0.4519643400788329
        },
        {
            "clustering": 0.34928812926936986,
            "modularity": 0.09330133806163703,
            "average_degree": 71.40261380649298,
            "degree_std": 3.7628949642053477,
            "average_shortest_path": 0.6414033245904891,
            "global_efficiency": 1.6052612586998347,
            "characteristic_path_length": 0.6414033245904891
        },
        {
            "clustering": 0.43061318250592256,
            "modularity": 0.09418254964928724,
            "average_degree": 88.07574319832584,
            "degree_std": 2.2902796590431653,
            "average_shortest_path": 0.5576879049670376,
            "global_efficiency": 1.913760431756487,
            "characteristic_path_length": 0.5576879049670376
        }
    ],
    "5": [
        {
            "clustering": 0.4138881784351579,
            "modularity": 0.03254722559532508,
            "average_degree": 82.64549694758409,
            "degree_std": 3.77060079939796,
            "average_shortest_path": 0.5840198035685604,
            "global_efficiency": 1.7289938097470745,
            "characteristic_path_length": 0.5840198035685604
        },
        {
            "clustering": 0.430246723356647,
            "modularity": 0.05076948775099403,
            "average_degree": 86.64734983982405,
            "degree_std": 5.3908046817011535,
            "average_shortest_path": 0.5644067296587713,
            "global_efficiency": 1.8236742908544101,
            "characteristic_path_length": 0.5644067296587713
        },
        {
            "clustering": 0.4664102486863148,
            "modularity": 0.059516575467450025,
            "average_degree": 81.41543282701495,
            "degree_std": 3.6769925684570923,
            "average_shortest_path": 0.5909657215556999,
            "global_efficiency": 1.7345204431765122,
            "characteristic_path_length": 0.5909657215556999
        },
        {
            "clustering": 0.39099573979716884,
            "modularity": 0.02813287065090672,
            "average_degree": 78.88839151266555,
            "degree_std": 5.047793132651007,
            "average_shortest_path": 0.5997652896945451,
            "global_efficiency": 1.7066627632025058,
            "characteristic_path_length": 0.5997652896945451
        },
        {
            "clustering": 0.4625589361767164,
            "modularity": 0.06956629640282684,
            "average_degree": 89.17630153457326,
            "degree_std": 3.437007678852298,
            "average_shortest_path": 0.5522001203000925,
            "global_efficiency": 1.900075680215177,
            "characteristic_path_length": 0.5522001203000925
        },
        {
            "clustering": 0.4491587914520588,
            "modularity": 0.053923970335521876,
            "average_degree": 85.82361320644664,
            "degree_std": 4.463962020757654,
            "average_shortest_path": 0.5649163579527113,
            "global_efficiency": 1.8401372653159436,
            "characteristic_path_length": 0.5649163579527113
        },
        {
            "clustering": 0.3937755264065078,
            "modularity": 0.05379361971415495,
            "average_degree": 79.81943345423701,
            "degree_std": 3.176108601614158,
            "average_shortest_path": 0.5995602711388082,
            "global_efficiency": 1.7129883598100004,
            "characteristic_path_length": 0.5995602711388082
        },
        {
            "clustering": 0.42687423084466497,
            "modularity": 0.05525701022519006,
            "average_degree": 84.99426273704907,
            "degree_std": 4.388333385265368,
            "average_shortest_path": 0.5713259193694343,
            "global_efficiency": 1.8117620818388944,
            "characteristic_path_length": 0.5713259193694343
        },
        {
            "clustering": 0.5067119712053602,
            "modularity": 0.019814946344126092,
            "average_degree": 100.80920634173565,
            "degree_std": 4.305523196077313,
            "average_shortest_path": 0.49178063170185005,
            "global_efficiency": 2.0582482221789196,
            "characteristic_path_length": 0.49178063170185005
        },
        {
            "clustering": 0.4854411673396695,
            "modularity": 0.06158559829032331,
            "average_degree": 93.87918183561092,
            "degree_std": 3.0827133403522726,
            "average_shortest_path": 0.5284483730465952,
            "global_efficiency": 1.9870767459881502,
            "characteristic_path_length": 0.5284483730465952
        },
        {
            "clustering": 0.5603050634881465,
            "modularity": 0.00992938868902522,
            "average_degree": 101.2272976143589,
            "degree_std": 3.624296095218912,
            "average_shortest_path": 0.47874671249144574,
            "global_efficiency": 2.149268585194077,
            "characteristic_path_length": 0.47874671249144574
        },
        {
            "clustering": 0.3787556812242464,
            "modularity": 0.04517397354562664,
            "average_degree": 76.33514060856982,
            "degree_std": 3.8303385291099024,
            "average_shortest_path": 0.616660884080692,
            "global_efficiency": 1.6508440185804836,
            "characteristic_path_length": 0.616660884080692
        }
    ],
    "6": [
        {
            "clustering": 0.4267593082733941,
            "modularity": 0.059526705444511926,
            "average_degree": 86.0331529449871,
            "degree_std": 5.073819256301646,
            "average_shortest_path": 0.5673577236289145,
            "global_efficiency": 1.8146628338425435,
            "characteristic_path_length": 0.5673577236289145
        },
        {
            "clustering": 0.466812456596467,
            "modularity": 0.058609908461050034,
            "average_degree": 94.27968380950722,
            "degree_std": 3.7004702601878185,
            "average_shortest_path": 0.526317216623874,
            "global_efficiency": 1.9867100873764203,
            "characteristic_path_length": 0.526317216623874
        },
        {
            "clustering": 0.5066826107427701,
            "modularity": 0.02970769252513724,
            "average_degree": 98.14039181600886,
            "degree_std": 2.994976456708281,
            "average_shortest_path": 0.49965830769370184,
            "global_efficiency": 2.052731790027761,
            "characteristic_path_length": 0.49965830769370184
        },
        {
            "clustering": 0.4129320265728575,
            "modularity": 0.01114170864912295,
            "average_degree": 82.47414423781291,
            "degree_std": 4.708535878369014,
            "average_shortest_path": 0.5826409448914197,
            "global_efficiency": 1.7432262844695887,
            "characteristic_path_length": 0.5826409448914197
        },
        {
            "clustering": 0.44018365425129696,
            "modularity": 0.06691663185195958,
            "average_degree": 88.57460511598443,
            "degree_std": 2.448525556570117,
            "average_shortest_path": 0.5555439896307278,
            "global_efficiency": 1.8767064469341268,
            "characteristic_path_length": 0.5555439896307278
        },
        {
            "clustering": 0.5527481583137503,
            "modularity": 0.04303215220852481,
            "average_degree": 101.30571623955612,
            "degree_std": 2.464263299485684,
            "average_shortest_path": 0.49051921198675247,
            "global_efficiency": 2.1115502020691377,
            "characteristic_path_length": 0.49051921198675247
        },
        {
            "clustering": 0.4373973059971827,
            "modularity": 0.05903439259071016,
            "average_degree": 88.11009025092193,
            "degree_std": 4.588783639858061,
            "average_shortest_path": 0.5564465747073704,
            "global_efficiency": 1.8557483780397428,
            "characteristic_path_length": 0.5564465747073704
        },
        {
            "clustering": 0.42321600706274703,
            "modularity": 0.03314247359826435,
            "average_degree": 84.69123754347518,
            "degree_std": 6.094317743903438,
            "average_shortest_path": 0.5739821458582273,
            "global_efficiency": 1.772175457080717,
            "characteristic_path_length": 0.5739821458582273
        },
        {
            "clustering": 0.4141318266176932,
            "modularity": 0.04612234432764238,
            "average_degree": 83.19442871048166,
            "degree_std": 4.780899491700846,
            "average_shortest_path": 0.5815799935827805,
            "global_efficiency": 1.7520789787895616,
            "characteristic_path_length": 0.5815799935827805
        },
        {
            "clustering": 0.45010952179094577,
            "modularity": 0.07032621845349635,
            "average_degree": 91.42970336254808,
            "degree_std": 3.7721347475884084,
            "average_shortest_path": 0.5409016386977099,
            "global_efficiency": 1.9466900486209766,
            "characteristic_path_length": 0.5409016386977099
        },
        {
            "clustering": 0.4205818654864173,
            "modularity": 0.06995828766057426,
            "average_degree": 85.52815888445375,
            "degree_std": 4.215371921939565,
            "average_shortest_path": 0.5708607656649476,
            "global_efficiency": 1.8235981305607079,
            "characteristic_path_length": 0.5708607656649476
        },
        {
            "clustering": 0.5231455280438574,
            "modularity": 0.04574172423098828,
            "average_degree": 95.26157039996473,
            "degree_std": 8.915768416251593,
            "average_shortest_path": 0.517242105342745,
            "global_efficiency": 2.0062391349288804,
            "characteristic_path_length": 0.517242105342745
        }
    ],
    "7": [
        {
            "clustering": 0.3829471398379698,
            "modularity": 0.055503683933411006,
            "average_degree": 77.00023401840339,
            "degree_std": 3.7956582670855403,
            "average_shortest_path": 0.6130336939959301,
            "global_efficiency": 1.655553919338428,
            "characteristic_path_length": 0.6130336939959301
        },
        {
            "clustering": 0.4663290973050632,
            "modularity": 0.04795428366068981,
            "average_degree": 93.75971645408691,
            "degree_std": 3.9851008487153643,
            "average_shortest_path": 0.5286105307984851,
            "global_efficiency": 1.9512929975093691,
            "characteristic_path_length": 0.5286105307984851
        },
        {
            "clustering": 0.435439878482582,
            "modularity": 0.017741398167581177,
            "average_degree": 86.75933232267117,
            "degree_std": 4.084225320004731,
            "average_shortest_path": 0.562563390752138,
            "global_efficiency": 1.7940987043474157,
            "characteristic_path_length": 0.562563390752138
        },
        {
            "clustering": 0.5227842310999531,
            "modularity": 0.024223499777010306,
            "average_degree": 104.31679872881705,
            "degree_std": 5.238041445400557,
            "average_shortest_path": 0.46860457108421955,
            "global_efficiency": 2.195490931027437,
            "characteristic_path_length": 0.46860457108421955
        },
        {
            "clustering": 0.466029963986493,
            "modularity": 0.05430067502030503,
            "average_degree": 92.86360617057349,
            "degree_std": 4.172079776609212,
            "average_shortest_path": 0.5335213416031834,
            "global_efficiency": 1.949243426317916,
            "characteristic_path_length": 0.5335213416031834
        },
        {
            "clustering": 0.46533157708126943,
            "modularity": 0.058315282838836024,
            "average_degree": 86.52565828268378,
            "degree_std": 2.6087590633892384,
            "average_shortest_path": 0.5648488662893788,
            "global_efficiency": 1.814151209359899,
            "characteristic_path_length": 0.5648488662893789
        },
        {
            "clustering": 0.5119672737515518,
            "modularity": 0.015489632983170232,
            "average_degree": 98.86768094789122,
            "degree_std": 4.253971807794145,
            "average_shortest_path": 0.4932410873867873,
            "global_efficiency": 2.0684242955281857,
            "characteristic_path_length": 0.4932410873867873
        },
        {
            "clustering": 0.47748021161611215,
            "modularity": 0.06230148389792341,
            "average_degree": 96.45285512549235,
            "degree_std": 5.660399874098558,
            "average_shortest_path": 0.5146998509582903,
            "global_efficiency": 2.060075037477317,
            "characteristic_path_length": 0.5146998509582903
        },
        {
            "clustering": 0.4287161004570094,
            "modularity": 0.06706156864998544,
            "average_degree": 87.11041449410283,
            "degree_std": 5.071791896916633,
            "average_shortest_path": 0.5619463855313628,
            "global_efficiency": 1.8607121899529109,
            "characteristic_path_length": 0.5619463855313628
        },
        {
            "clustering": 0.3925676502757357,
            "modularity": 0.044373019201327836,
            "average_degree": 78.84430410281531,
            "degree_std": 4.355983340042884,
            "average_shortest_path": 0.6040852141966045,
            "global_efficiency": 1.6775429618037334,
            "characteristic_path_length": 0.6040852141966045
        },
        {
            "clustering": 0.44254497226133227,
            "modularity": 0.0715864186305848,
            "average_degree": 90.08469351825885,
            "degree_std": 3.207791145373497,
            "average_shortest_path": 0.547995903829499,
            "global_efficiency": 1.9221057641266113,
            "characteristic_path_length": 0.547995903829499
        },
        {
            "clustering": 0.4943431390014087,
            "modularity": 0.047309273699238805,
            "average_degree": 97.26820407759095,
            "degree_std": 4.87795871507139,
            "average_shortest_path": 0.5106861194083313,
            "global_efficiency": 2.037137568841688,
            "characteristic_path_length": 0.5106861194083313
        }
    ],
    "8": [
        {
            "clustering": 0.5575335566588322,
            "modularity": 0.028046613920842497,
            "average_degree": 111.12410854371132,
            "degree_std": 3.99558507844133,
            "average_shortest_path": 0.4403314087360116,
            "global_efficiency": 2.321224374473196,
            "characteristic_path_length": 0.4403314087360116
        },
        {
            "clustering": 0.47058782518518294,
            "modularity": 0.06427244097830612,
            "average_degree": 95.36828255928248,
            "degree_std": 3.179019395521465,
            "average_shortest_path": 0.5210256566757072,
            "global_efficiency": 2.0237746680083126,
            "characteristic_path_length": 0.5210256566757072
        },
        {
            "clustering": 0.506964161713007,
            "modularity": 0.034319841837553926,
            "average_degree": 97.93718464962087,
            "degree_std": 6.5323428208398235,
            "average_shortest_path": 0.5053817441087358,
            "global_efficiency": 2.0417879931103955,
            "characteristic_path_length": 0.5053817441087358
        },
        {
            "clustering": 0.46342430576366755,
            "modularity": 0.04755717358630951,
            "average_degree": 93.3542349984024,
            "degree_std": 3.751718293489721,
            "average_shortest_path": 0.5307028670062032,
            "global_efficiency": 1.9478578557871866,
            "characteristic_path_length": 0.5307028670062032
        },
        {
            "clustering": 0.41760517993696106,
            "modularity": 0.06401045724643752,
            "average_degree": 84.39182609466496,
            "degree_std": 4.479214261487044,
            "average_shortest_path": 0.5762707835548406,
            "global_efficiency": 1.7827286252043635,
            "characteristic_path_length": 0.5762707835548406
        },
        {
            "clustering": 0.5537700701184757,
            "modularity": 0.030710266334460418,
            "average_degree": 104.71254814700492,
            "degree_std": 3.9059877058185544,
            "average_shortest_path": 0.4713315325031302,
            "global_efficiency": 2.1792047050893535,
            "characteristic_path_length": 0.4713315325031302
        },
        {
            "clustering": 0.6020237473429497,
            "modularity": 0.015710392814130482,
            "average_degree": 101.73939978631724,
            "degree_std": 6.216705610981527,
            "average_shortest_path": 0.4841822378810522,
            "global_efficiency": 2.114429696832503,
            "characteristic_path_length": 0.4841822378810522
        },
        {
            "clustering": 0.4379354359302926,
            "modularity": 0.049096629480668896,
            "average_degree": 87.95525368506068,
            "degree_std": 4.001743365397517,
            "average_shortest_path": 0.5581934918378719,
            "global_efficiency": 1.8267244863902175,
            "characteristic_path_length": 0.5581934918378719
        },
        {
            "clustering": 0.4757821281461419,
            "modularity": 0.05745024942593982,
            "average_degree": 96.10717157558334,
            "degree_std": 3.4509855890613528,
            "average_shortest_path": 0.5173539332535002,
            "global_efficiency": 2.019069967516134,
            "characteristic_path_length": 0.5173539332535002
        },
        {
            "clustering": 0.5359782362879687,
            "modularity": 0.05006516701911226,
            "average_degree": 107.49358703656235,
            "degree_std": 3.0215272193832585,
            "average_shortest_path": 0.4592731203080207,
            "global_efficiency": 2.266733953484735,
            "characteristic_path_length": 0.4592731203080207
        },
        {
            "clustering": 0.42869188295058736,
            "modularity": 0.073942697355725,
            "average_degree": 87.54107144775851,
            "degree_std": 3.3504052139945255,
            "average_shortest_path": 0.5607767373307758,
            "global_efficiency": 1.877538792176403,
            "characteristic_path_length": 0.5607767373307758
        },
        {
            "clustering": 0.5173344702764198,
            "modularity": 0.04427506208987614,
            "average_degree": 92.42210937454209,
            "degree_std": 3.4660812702726895,
            "average_shortest_path": 0.535134202852105,
            "global_efficiency": 1.9178370876341897,
            "characteristic_path_length": 0.535134202852105
        }
    ],
    "9": [
        {
            "clustering": 0.3415942337027299,
            "modularity": 0.06966553326021048,
            "average_degree": 69.12081222316013,
            "degree_std": 2.4455725366384,
            "average_shortest_path": 0.6526810641228656,
            "global_efficiency": 1.5545212688484433,
            "characteristic_path_length": 0.6526810641228656
        },
        {
            "clustering": 0.554136766515862,
            "modularity": 0.03898372426458843,
            "average_degree": 110.76527837188024,
            "degree_std": 4.2134789047700245,
            "average_shortest_path": 0.4416710737971868,
            "global_efficiency": 2.3483529507737875,
            "characteristic_path_length": 0.4416710737971868
        },
        {
            "clustering": 0.4769827969480317,
            "modularity": 0.06688054208821659,
            "average_degree": 96.14335246343212,
            "degree_std": 5.276412026355773,
            "average_shortest_path": 0.5161241556203009,
            "global_efficiency": 2.029016552740301,
            "characteristic_path_length": 0.5161241556203009
        },
        {
            "clustering": 0.5906753073438648,
            "modularity": 0.04339218883968153,
            "average_degree": 118.1290133236809,
            "degree_std": 3.13009183729949,
            "average_shortest_path": 0.4044438436863571,
            "global_efficiency": 2.61738781682167,
            "characteristic_path_length": 0.4044438436863571
        },
        {
            "clustering": 0.47652643604351547,
            "modularity": 0.054553010986349834,
            "average_degree": 95.78534902615888,
            "degree_std": 4.515617003171919,
            "average_shortest_path": 0.5183337242574566,
            "global_efficiency": 1.9927555360874627,
            "characteristic_path_length": 0.5183337242574566
        },
        {
            "clustering": 0.4023905858444258,
            "modularity": 0.0530159583268944,
            "average_degree": 80.902214009,
            "degree_std": 4.193323189375695,
            "average_shortest_path": 0.5932903579381582,
            "global_efficiency": 1.7152567566804515,
            "characteristic_path_length": 0.5932903579381582
        },
        {
            "clustering": 0.4834284952809486,
            "modularity": 0.06200251673439621,
            "average_degree": 97.33518445449204,
            "degree_std": 4.200964527434184,
            "average_shortest_path": 0.5106682723470228,
            "global_efficiency": 2.042400343329414,
            "characteristic_path_length": 0.5106682723470228
        },
        {
            "clustering": 0.3145048109634609,
            "modularity": 0.024883657506003104,
            "average_degree": 62.747600457472295,
            "degree_std": 2.8083490617669638,
            "average_shortest_path": 0.6843112232853039,
            "global_efficiency": 1.4655472129860252,
            "characteristic_path_length": 0.6843112232853039
        },
        {
            "clustering": 0.27895671637459163,
            "modularity": 0.055109879093422375,
            "average_degree": 56.17453874259213,
            "degree_std": 2.0469393236389557,
            "average_shortest_path": 0.7179214479842038,
            "global_efficiency": 1.4005726200227389,
            "characteristic_path_length": 0.7179214479842038
        },
        {
            "clustering": 0.4782693083599838,
            "modularity": 0.027167472543345554,
            "average_degree": 95.60349226839149,
            "degree_std": 4.892860020177985,
            "average_shortest_path": 0.5187804335132523,
            "global_efficiency": 1.963203145703589,
            "characteristic_path_length": 0.5187804335132523
        },
        {
            "clustering": 0.3911133753384321,
            "modularity": 0.05203065346340331,
            "average_degree": 78.91537743734706,
            "degree_std": 6.567691823488955,
            "average_shortest_path": 0.6034472536262604,
            "global_efficiency": 1.6964682537165463,
            "characteristic_path_length": 0.6034472536262604
        },
        {
            "clustering": 0.4333186353926833,
            "modularity": 0.07699089031891691,
            "average_degree": 88.08338003650714,
            "degree_std": 4.314688258260032,
            "average_shortest_path": 0.5577195793776625,
            "global_efficiency": 1.8809652540423047,
            "characteristic_path_length": 0.5577195793776625
        }
    ],
    "10": [
        {
            "clustering": 0.44389295632251213,
            "modularity": 0.026776760433784137,
            "average_degree": 88.7777720450486,
            "degree_std": 4.516621545269019,
            "average_shortest_path": 0.5536279656966079,
            "global_efficiency": 1.831388505019415,
            "characteristic_path_length": 0.5536279656966079
        },
        {
            "clustering": 0.4441186419321975,
            "modularity": 0.06511297383037365,
            "average_degree": 89.52473268291264,
            "degree_std": 5.496158582104472,
            "average_shortest_path": 0.5500053164630018,
            "global_efficiency": 1.8789312690655562,
            "characteristic_path_length": 0.5500053164630018
        },
        {
            "clustering": 0.42033452464388366,
            "modularity": 0.08957426029699253,
            "average_degree": 85.55438435324996,
            "degree_std": 4.938317045737808,
            "average_shortest_path": 0.5704441757559919,
            "global_efficiency": 1.830987728367168,
            "characteristic_path_length": 0.5704441757559919
        },
        {
            "clustering": 0.4458291548100774,
            "modularity": 0.020540163361031094,
            "average_degree": 88.77245578344466,
            "degree_std": 3.3861016540784457,
            "average_shortest_path": 0.5528917628640424,
            "global_efficiency": 1.820813639282186,
            "characteristic_path_length": 0.5528917628640424
        },
        {
            "clustering": 0.356029936519085,
            "modularity": 0.037910795014867445,
            "average_degree": 71.65223222006745,
            "degree_std": 4.785750835386862,
            "average_shortest_path": 0.6402640038913777,
            "global_efficiency": 1.5799916013826367,
            "characteristic_path_length": 0.6402640038913778
        },
        {
            "clustering": 0.42522175995297845,
            "modularity": 0.02513718486328285,
            "average_degree": 85.20344221813396,
            "degree_std": 8.461468058816559,
            "average_shortest_path": 0.570680918490762,
            "global_efficiency": 1.7902397583988536,
            "characteristic_path_length": 0.570680918490762
        },
        {
            "clustering": 0.31126276025590366,
            "modularity": 0.0286181935749365,
            "average_degree": 62.27774128653212,
            "degree_std": 2.7032266004853414,
            "average_shortest_path": 0.6868165170601401,
            "global_efficiency": 1.4622424559108032,
            "characteristic_path_length": 0.6868165170601401
        },
        {
            "clustering": 0.3514864640393369,
            "modularity": 0.03596012498998033,
            "average_degree": 70.7438273725408,
            "degree_std": 5.524159086968573,
            "average_shortest_path": 0.6447002972293688,
            "global_efficiency": 1.5703178595968903,
            "characteristic_path_length": 0.6447002972293688
        },
        {
            "clustering": 0.27395037529962435,
            "modularity": 0.029859062892017244,
            "average_degree": 54.95122451298559,
            "degree_std": 3.2324429885793196,
            "average_shortest_path": 0.7238152579221557,
            "global_efficiency": 1.3871654262154718,
            "characteristic_path_length": 0.7238152579221557
        },
        {
            "clustering": 0.41485053642276215,
            "modularity": 0.03036754007818197,
            "average_degree": 83.15983936971554,
            "degree_std": 4.602662505504929,
            "average_shortest_path": 0.5820469094014304,
            "global_efficiency": 1.7423045529619345,
            "characteristic_path_length": 0.5820469094014304
        },
        {
            "clustering": 0.46241158248316544,
            "modularity": 0.07661938328707542,
            "average_degree": 94.2305780358793,
            "degree_std": 2.575456286326923,
            "average_shortest_path": 0.5262595470073326,
            "global_efficiency": 2.031400912063393,
            "characteristic_path_length": 0.5262595470073326
        },
        {
            "clustering": 0.4092417774772008,
            "modularity": 0.09650863571137204,
            "average_degree": 83.5515450938355,
            "degree_std": 4.795969714989072,
            "average_shortest_path": 0.5806262839503579,
            "global_efficiency": 1.7983559136638534,
            "characteristic_path_length": 0.5806262839503579
        }
    ],
    "11": [
        {
            "clustering": 0.5987718326538193,
            "modularity": 0.019121315446768913,
            "average_degree": 105.80505893591913,
            "degree_std": 5.338695224599637,
            "average_shortest_path": 0.46649469901249124,
            "global_efficiency": 2.1855826762519297,
            "characteristic_path_length": 0.46649469901249135
        },
        {
            "clustering": 0.6297023131335229,
            "modularity": 0.02053933837971422,
            "average_degree": 117.33375501084967,
            "degree_std": 4.53796292961008,
            "average_shortest_path": 0.406394784973515,
            "global_efficiency": 2.5354303877623035,
            "characteristic_path_length": 0.406394784973515
        },
        {
            "clustering": 0.572225264766408,
            "modularity": 0.01996707478073712,
            "average_degree": 113.98349376361976,
            "degree_std": 5.313125072888957,
            "average_shortest_path": 0.4242778289848957,
            "global_efficiency": 2.43013987285537,
            "characteristic_path_length": 0.4242778289848957
        },
        {
            "clustering": 0.4319059055243154,
            "modularity": 0.02327894775327373,
            "average_degree": 86.31375578844522,
            "degree_std": 5.074648500328834,
            "average_shortest_path": 0.5651569684619149,
            "global_efficiency": 1.7958181271449976,
            "characteristic_path_length": 0.5651569684619149
        },
        {
            "clustering": 0.6127003014763716,
            "modularity": 0.020199871248287128,
            "average_degree": 102.80527026358206,
            "degree_std": 4.165310468843443,
            "average_shortest_path": 0.4816407430235875,
            "global_efficiency": 2.1145751477119834,
            "characteristic_path_length": 0.4816407430235875
        },
        {
            "clustering": 0.6829288132163317,
            "modularity": 0.020488863203070293,
            "average_degree": 120.05998457083912,
            "degree_std": 4.3282673219161145,
            "average_shortest_path": 0.39373506070430647,
            "global_efficiency": 2.611614305734663,
            "characteristic_path_length": 0.39373506070430647
        },
        {
            "clustering": 0.6089520165652647,
            "modularity": 0.02081846941755284,
            "average_degree": 102.04024402585154,
            "degree_std": 6.541003005656342,
            "average_shortest_path": 0.483543820294618,
            "global_efficiency": 2.1192145992143456,
            "characteristic_path_length": 0.483543820294618
        },
        {
            "clustering": 0.6601111015313326,
            "modularity": 0.017009374830219828,
            "average_degree": 114.53653936678751,
            "degree_std": 4.057602250100728,
            "average_shortest_path": 0.4218037501521664,
            "global_efficiency": 2.4174124563251134,
            "characteristic_path_length": 0.4218037501521664
        },
        {
            "clustering": 0.4743887804553845,
            "modularity": 0.024509103196468318,
            "average_degree": 93.20101501052063,
            "degree_std": 5.482810134034717,
            "average_shortest_path": 0.5299869908111601,
            "global_efficiency": 1.9200957451792915,
            "characteristic_path_length": 0.5299869908111601
        },
        {
            "clustering": 0.5682310766437251,
            "modularity": 0.03743265673036471,
            "average_degree": 99.20761746321506,
            "degree_std": 4.060167025866631,
            "average_shortest_path": 0.49962323107181655,
            "global_efficiency": 2.0462400387967183,
            "characteristic_path_length": 0.49962323107181655
        },
        {
            "clustering": 0.49503961304213046,
            "modularity": 0.0258510292366224,
            "average_degree": 93.65654078599377,
            "degree_std": 6.1609285596953445,
            "average_shortest_path": 0.5271873243604044,
            "global_efficiency": 1.9371571454367988,
            "characteristic_path_length": 0.5271873243604044
        },
        {
            "clustering": 0.6282210491042707,
            "modularity": 0.022307379274514833,
            "average_degree": 115.1791112701745,
            "degree_std": 4.295414384356184,
            "average_shortest_path": 0.4187004007923934,
            "global_efficiency": 2.4488769515861026,
            "characteristic_path_length": 0.4187004007923934
        }
    ]
}