{
    "0": [
        {
            "clustering": 0.4501137017254803,
            "modularity": 0.1090802997583932,
            "average_degree": 93.440915710238,
            "degree_std": 2.001264917805775,
            "average_shortest_path": 0.5288657050338682,
            "global_efficiency": 2.186561241590423
        },
        {
            "clustering": 0.4420867552003225,
            "modularity": 0.05180173589024991,
            "average_degree": 88.49858373530917,
            "degree_std": 3.0811305860353486,
            "average_shortest_path": 0.5540984334114288,
            "global_efficiency": 1.8357670574317562
        },
        {
            "clustering": 0.3975543453163931,
            "modularity": 0.08255650486453084,
            "average_degree": 80.55834666766462,
            "degree_std": 2.749626819729276,
            "average_shortest_path": 0.594548034930385,
            "global_efficiency": 1.7285801112250405
        },
        {
            "clustering": 0.38519646758345033,
            "modularity": 0.041091370495255755,
            "average_degree": 76.78596834010798,
            "degree_std": 1.577314649165317,
            "average_shortest_path": 0.6129821295619339,
            "global_efficiency": 1.6407446893615907
        }
    ],
    "1": [
        {
            "clustering": 0.217506182930239,
            "modularity": 0.04163709524513624,
            "average_degree": 43.37864915542218,
            "degree_std": 0.6800176185360982,
            "average_shortest_path": 0.7814388425782961,
            "global_efficiency": 1.2811632876000794
        },
        {
            "clustering": 0.3735890693724686,
            "modularity": 0.07564231871165253,
            "average_degree": 75.7956815173699,
            "degree_std": 1.9383987270707805,
            "average_shortest_path": 0.6187917303405904,
            "global_efficiency": 1.6570757720491245
        },
        {
            "clustering": 0.1885591978917985,
            "modularity": 0.04566569912394859,
            "average_degree": 37.671039935335756,
            "degree_std": 1.0352250903046272,
            "average_shortest_path": 0.8102747845023115,
            "global_efficiency": 1.2354536398828202
        },
        {
            "clustering": 0.22878337682088667,
            "modularity": 0.04499183278389628,
            "average_degree": 45.72155526403989,
            "degree_std": 1.2210509666371965,
            "average_shortest_path": 0.7697371636061329,
            "global_efficiency": 1.3014920439218292
        }
    ],
    "2": [
        {
            "clustering": 0.19234597958825733,
            "modularity": 0.07965359831473899,
            "average_degree": 38.93405693767407,
            "degree_std": 1.0995531302234776,
            "average_shortest_path": 0.8041174839135335,
            "global_efficiency": 1.2477585855697346
        },
        {
            "clustering": 0.4803456616234685,
            "modularity": 0.08131497317789743,
            "average_degree": 97.38208248640187,
            "degree_std": 0.43518550417500573,
            "average_shortest_path": 0.5095492936104321,
            "global_efficiency": 2.1265778786416423
        },
        {
            "clustering": 0.486922848583801,
            "modularity": 0.07179901070415404,
            "average_degree": 98.39415265046503,
            "degree_std": 0.6832583508392912,
            "average_shortest_path": 0.5043394436398775,
            "global_efficiency": 2.1233780636044215
        },
        {
            "clustering": 0.2827408880448132,
            "modularity": 0.024828523250613854,
            "average_degree": 56.169780560128174,
            "degree_std": 1.2891601884084083,
            "average_shortest_path": 0.7167257551914115,
            "global_efficiency": 1.3966191846402518
        }
    ],
    "3": [
        {
            "clustering": 0.4827519690087981,
            "modularity": 0.08685923313285296,
            "average_degree": 95.48487973637688,
            "degree_std": 2.1835729167607294,
            "average_shortest_path": 0.5190249471160614,
            "global_efficiency": 2.0811209126674983
        },
        {
            "clustering": 0.4402805820539127,
            "modularity": 0.08613986373772607,
            "average_degree": 89.65207592894043,
            "degree_std": 1.39598505558455,
            "average_shortest_path": 0.5488122004134792,
            "global_efficiency": 1.9423377915352755
        },
        {
            "clustering": 0.20746426143906552,
            "modularity": 0.08165041391615696,
            "average_degree": 42.045529085151976,
            "degree_std": 1.5235032848299597,
            "average_shortest_path": 0.7885529671196037,
            "global_efficiency": 1.2736383545582357
        },
        {
            "clustering": 0.3144909443407722,
            "modularity": 0.08044953499967827,
            "average_degree": 63.63617989965227,
            "degree_std": 1.5369100764500243,
            "average_shortest_path": 0.6798706049385093,
            "global_efficiency": 1.4895010696093482
        }
    ],
    "4": [
        {
            "clustering": 0.4343420393688607,
            "modularity": 0.0765861548911301,
            "average_degree": 87.99730031674235,
            "degree_std": 2.8613238376702474,
            "average_shortest_path": 0.5572581702965399,
            "global_efficiency": 1.894026821512043
        },
        {
            "clustering": 0.3338910145825741,
            "modularity": 0.047502960049324604,
            "average_degree": 66.73072305753514,
            "degree_std": 2.9921774157266428,
            "average_shortest_path": 0.6636561719322343,
            "global_efficiency": 1.5169752111007402
        },
        {
            "clustering": 0.5037171919330969,
            "modularity": 0.07140205627555639,
            "average_degree": 100.98705984678715,
            "degree_std": 2.2754071854693656,
            "average_shortest_path": 0.49151866202273353,
            "global_efficiency": 2.206811169855352
        },
        {
            "clustering": 0.47199782180050304,
            "modularity": 0.07579209925723554,
            "average_degree": 94.89728507139152,
            "degree_std": 1.9682719093237684,
            "average_shortest_path": 0.522367765881565,
            "global_efficiency": 2.0606381681690285
        }
    ],
    "5": [
        {
            "clustering": 0.4048650339764994,
            "modularity": 0.08162457559026394,
            "average_degree": 81.91428246353195,
            "degree_std": 2.5150739064151337,
            "average_shortest_path": 0.5878906243300258,
            "global_efficiency": 1.7538351497248856
        },
        {
            "clustering": 0.25593365156012116,
            "modularity": 0.06375659122869344,
            "average_degree": 51.525628630040764,
            "degree_std": 1.5754639485627,
            "average_shortest_path": 0.7408563073253922,
            "global_efficiency": 1.3565560599025444
        },
        {
            "clustering": 0.7715885834035322,
            "modularity": 0.027215530960103786,
            "average_degree": 149.57068984869903,
            "degree_std": 1.0772301229250998,
            "average_shortest_path": 0.24321179299709972,
            "global_efficiency": 4.403500032975263
        },
        {
            "clustering": 0.46593003151339407,
            "modularity": 0.06298733587433966,
            "average_degree": 93.91973558703616,
            "degree_std": 1.9115339015514325,
            "average_shortest_path": 0.5273255267798285,
            "global_efficiency": 1.974260649448555
        }
    ],
    "6": [
        {
            "clustering": 0.2651117598962984,
            "modularity": 0.062391222937901926,
            "average_degree": 53.345045663905296,
            "degree_std": 1.292315178357817,
            "average_shortest_path": 0.7315455243330425,
            "global_efficiency": 1.3742087640567842
        },
        {
            "clustering": 0.5134312406976336,
            "modularity": 0.05922852639472864,
            "average_degree": 102.99813602446318,
            "degree_std": 2.745432988615006,
            "average_shortest_path": 0.48119277330488813,
            "global_efficiency": 2.1719792590695275
        },
        {
            "clustering": 0.25724658086170116,
            "modularity": 0.04913797060825419,
            "average_degree": 51.45592065460629,
            "degree_std": 1.8184818594422942,
            "average_shortest_path": 0.7408463700174268,
            "global_efficiency": 1.3538115418378622
        },
        {
            "clustering": 0.27460092952728826,
            "modularity": 0.07014095904645948,
            "average_degree": 55.52881035711022,
            "degree_std": 2.418129369371663,
            "average_shortest_path": 0.7207433021410926,
            "global_efficiency": 1.399638226507034
        }
    ],
    "7": [
        {
            "clustering": 0.2912092730623343,
            "modularity": 0.05900945880154041,
            "average_degree": 58.45012074001189,
            "degree_std": 1.5054491789754314,
            "average_shortest_path": 0.7058249340493924,
            "global_efficiency": 1.4247038376320778
        },
        {
            "clustering": 0.680533087373691,
            "modularity": 0.01977850411002531,
            "average_degree": 122.12078528538704,
            "degree_std": 4.13411013338601,
            "average_shortest_path": 0.3828147679751035,
            "global_efficiency": 2.6632385774634004
        },
        {
            "clustering": 0.35908275497053765,
            "modularity": 0.081852275356704,
            "average_degree": 73.0458870429381,
            "degree_std": 2.3640954632615645,
            "average_shortest_path": 0.6326806097640735,
            "global_efficiency": 1.618042024935248
        },
        {
            "clustering": 0.428288520754812,
            "modularity": 0.08349066600021027,
            "average_degree": 87.0791729919982,
            "degree_std": 2.485429179712087,
            "average_shortest_path": 0.5622612518715077,
            "global_efficiency": 1.8705156623892503
        }
    ],
    "8": [
        {
            "clustering": 0.2880030325870795,
            "modularity": 0.07138899797520437,
            "average_degree": 58.36113397571867,
            "degree_std": 1.481339321960632,
            "average_shortest_path": 0.7066285417069436,
            "global_efficiency": 1.4287013675819178
        },
        {
            "clustering": 0.1829346559149054,
            "modularity": 0.060796788640517005,
            "average_degree": 36.93372949550296,
            "degree_std": 0.9963085362239873,
            "average_shortest_path": 0.8143107808456728,
            "global_efficiency": 1.2308834761554133
        },
        {
            "clustering": 0.24443089973100793,
            "modularity": 0.05504468597078114,
            "average_degree": 49.057848219515904,
            "degree_std": 1.14229362258765,
            "average_shortest_path": 0.7531203040962787,
            "global_efficiency": 1.332180951476107
        },
        {
            "clustering": 0.3944853673330644,
            "modularity": 0.039444979254611705,
            "average_degree": 78.85039478273512,
            "degree_std": 3.93175607078194,
            "average_shortest_path": 0.6026574515045102,
            "global_efficiency": 1.678346426144798
        }
    ],
    "9": [
        {
            "clustering": 0.44843694921041083,
            "modularity": 0.03174561225501098,
            "average_degree": 61.4691951931214,
            "degree_std": 5.4384682099519,
            "average_shortest_path": 0.6896847301664326,
            "global_efficiency": 1.459513094045353
        },
        {
            "clustering": 0.682126425343537,
            "modularity": 0.017652045485160722,
            "average_degree": 111.89887085104482,
            "degree_std": 3.0480047984932974,
            "average_shortest_path": 0.4350952003195559,
            "global_efficiency": 2.318377745645231
        },
        {
            "clustering": 0.5075407953346978,
            "modularity": 0.028163997966601184,
            "average_degree": 94.36783077615762,
            "degree_std": 3.0834943201616802,
            "average_shortest_path": 0.5226504392597752,
            "global_efficiency": 1.941530623372671
        },
        {
            "clustering": 0.7204296674173664,
            "modularity": 0.01700660819636144,
            "average_degree": 127.74000426447462,
            "degree_std": 1.7989858419978477,
            "average_shortest_path": 0.3550943200687084,
            "global_efficiency": 2.844757862761649
        }
    ]
}