{
    "0": [
        {
            "clustering": 0.5179250975630838,
            "modularity": 0.057493476735952724,
            "average_degree": 104.59214505833785,
            "degree_std": 3.7893389077985207,
            "average_shortest_path": 0.4740818795933972,
            "global_efficiency": 2.2462121240284842
        },
        {
            "clustering": 0.4607275026628815,
            "modularity": 0.025416249038345454,
            "average_degree": 90.9909096461888,
            "degree_std": 2.0134336806203175,
            "average_shortest_path": 0.5410453801187184,
            "global_efficiency": 1.8621035375183992
        },
        {
            "clustering": 0.5296556359260368,
            "modularity": 0.018733293591781486,
            "average_degree": 104.3297139207404,
            "degree_std": 3.4219347993550806,
            "average_shortest_path": 0.4736309318682554,
            "global_efficiency": 2.131907473730119
        },
        {
            "clustering": 0.44245719970424857,
            "modularity": 0.02284844102797276,
            "average_degree": 87.1733476756095,
            "degree_std": 2.6946545755918274,
            "average_shortest_path": 0.5602487102334229,
            "global_efficiency": 1.7952121725672954
        },
        {
            "clustering": 0.4164527600793453,
            "modularity": 0.036641884120184834,
            "average_degree": 83.08166617456652,
            "degree_std": 2.3223501555843926,
            "average_shortest_path": 0.581306146897598,
            "global_efficiency": 1.7364096918836498
        },
        {
            "clustering": 0.5481419876013246,
            "modularity": 0.021620036657159107,
            "average_degree": 101.63027296711411,
            "degree_std": 1.0286288296846795,
            "average_shortest_path": 0.48676720334011064,
            "global_efficiency": 2.068058617229727
        },
        {
            "clustering": 0.779035099501739,
            "modularity": 0.010261923246066692,
            "average_degree": 137.9454753613592,
            "degree_std": 8.766895299102423,
            "average_shortest_path": 0.3030942988284551,
            "global_efficiency": 3.446711521323661
        },
        {
            "clustering": 0.32169833452712226,
            "modularity": 0.04449015395085215,
            "average_degree": 64.35170665495343,
            "degree_std": 3.0106282547844185,
            "average_shortest_path": 0.6758489997599562,
            "global_efficiency": 1.4911585288263964
        },
        {
            "clustering": 0.7532543905927161,
            "modularity": 0.01322216941811976,
            "average_degree": 128.17733696777913,
            "degree_std": 0.40858716848266285,
            "average_shortest_path": 0.3529268027179342,
            "global_efficiency": 2.843606939460023
        },
        {
            "clustering": 0.7120549052844434,
            "modularity": 0.015731107755442147,
            "average_degree": 110.31317641700866,
            "degree_std": 4.241703726962585,
            "average_shortest_path": 0.442681554062347,
            "global_efficiency": 2.2842318775106625
        },
        {
            "clustering": 0.48039989746322753,
            "modularity": 0.07744637027443238,
            "average_degree": 97.57861654212432,
            "degree_std": 3.5824712083011394,
            "average_shortest_path": 0.509242736532517,
            "global_efficiency": 2.093295887859406
        },
        {
            "clustering": 0.7354992638356302,
            "modularity": 0.007522127758902646,
            "average_degree": 126.8007675152963,
            "degree_std": 5.701209511750607,
            "average_shortest_path": 0.3577704811147442,
            "global_efficiency": 2.833461571248058
        }
    ],
    "1": [
        {
            "clustering": 0.16879811830247113,
            "modularity": 0.015750261461564052,
            "average_degree": 33.49545100186015,
            "degree_std": 0.5074614701950569,
            "average_shortest_path": 0.8310267913264987,
            "global_efficiency": 1.2034819183996601
        },
        {
            "clustering": 0.2011594525403367,
            "modularity": 0.01512118265171768,
            "average_degree": 39.89801374815961,
            "degree_std": 0.7520678429918441,
            "average_shortest_path": 0.7986720513338285,
            "global_efficiency": 1.252291448389021
        },
        {
            "clustering": 0.609230147079315,
            "modularity": 0.04165395897379741,
            "average_degree": 121.77488513092996,
            "degree_std": 4.255703056931894,
            "average_shortest_path": 0.38661717296211656,
            "global_efficiency": 2.744034569933331
        },
        {
            "clustering": 0.2943455658360805,
            "modularity": 0.008807696870467212,
            "average_degree": 58.32585976700388,
            "degree_std": 1.179672308716785,
            "average_shortest_path": 0.705525588863206,
            "global_efficiency": 1.417780990979771
        },
        {
            "clustering": 0.16432393516614124,
            "modularity": 0.023727536452510273,
            "average_degree": 32.62954514085272,
            "degree_std": 0.6424337767409616,
            "average_shortest_path": 0.8354116696120886,
            "global_efficiency": 1.1972423697093386
        },
        {
            "clustering": 0.14399182903374647,
            "modularity": 0.027180395754944166,
            "average_degree": 28.622083398267275,
            "degree_std": 0.5865636309701663,
            "average_shortest_path": 0.8556911416316744,
            "global_efficiency": 1.1688671630173146
        },
        {
            "clustering": 0.3471107427177447,
            "modularity": 0.01098491787290773,
            "average_degree": 68.86319110326686,
            "degree_std": 1.8566696192885657,
            "average_shortest_path": 0.6521939904927285,
            "global_efficiency": 1.5357972651711618
        },
        {
            "clustering": 0.610769687240555,
            "modularity": 0.00829360784532785,
            "average_degree": 110.67657780697114,
            "degree_std": 2.044760368514549,
            "average_shortest_path": 0.4245861058459064,
            "global_efficiency": 2.4479692800911343
        },
        {
            "clustering": 0.28203196477730014,
            "modularity": 0.03533475351027722,
            "average_degree": 56.23147813144437,
            "degree_std": 0.954747397194434,
            "average_shortest_path": 0.7166805282982718,
            "global_efficiency": 1.398331468694936
        },
        {
            "clustering": 0.20648761349781866,
            "modularity": 0.07840656907306928,
            "average_degree": 42.11614520516596,
            "degree_std": 1.2629997342607437,
            "average_shortest_path": 0.7885764418058079,
            "global_efficiency": 1.2744451445673437
        },
        {
            "clustering": 0.17169558453737513,
            "modularity": 0.016507456710034226,
            "average_degree": 34.07214349412042,
            "degree_std": 0.8109391328656461,
            "average_shortest_path": 0.8281184025470513,
            "global_efficiency": 1.207743637641144
        },
        {
            "clustering": 0.19349460591783646,
            "modularity": 0.02063610142737884,
            "average_degree": 38.416281001263755,
            "degree_std": 1.071106606864957,
            "average_shortest_path": 0.8062486494559473,
            "global_efficiency": 1.2406415675867422
        }
    ],
    "2": [
        {
            "clustering": 0.07736093763311763,
            "modularity": 0.03199533758339672,
            "average_degree": 15.412089696971472,
            "degree_std": 0.21471094968446777,
            "average_shortest_path": 0.922408036398807,
            "global_efficiency": 1.0841875697213506
        },
        {
            "clustering": 0.4867643221845798,
            "modularity": 0.05408102565474411,
            "average_degree": 89.97294805788391,
            "degree_std": 1.6803469902719421,
            "average_shortest_path": 0.546505708906734,
            "global_efficiency": 1.9112870233005863
        },
        {
            "clustering": 0.1288151820465409,
            "modularity": 0.026935126810115645,
            "average_degree": 25.620430336869997,
            "degree_std": 0.640204679797947,
            "average_shortest_path": 0.8708764210783305,
            "global_efficiency": 1.1484662099087288
        },
        {
            "clustering": 0.7159670376823742,
            "modularity": 0.008312691890986648,
            "average_degree": 115.96614766598786,
            "degree_std": 1.3963034743801972,
            "average_shortest_path": 0.4144869952696192,
            "global_efficiency": 2.4172189902186814
        },
        {
            "clustering": 0.5684709443408734,
            "modularity": 0.009734062764796885,
            "average_degree": 92.03590245060536,
            "degree_std": 1.2088053987649248,
            "average_shortest_path": 0.5353185127684255,
            "global_efficiency": 1.870258862002729
        },
        {
            "clustering": 0.12346106005666573,
            "modularity": 0.030849668730596413,
            "average_degree": 24.574169508860116,
            "degree_std": 0.5410936994415119,
            "average_shortest_path": 0.8761596127774303,
            "global_efficiency": 1.1415617115190997
        },
        {
            "clustering": 0.47117218175046416,
            "modularity": 0.01735589495575677,
            "average_degree": 75.71490290714861,
            "degree_std": 2.018700126031321,
            "average_shortest_path": 0.617967312189418,
            "global_efficiency": 1.6207081750817662
        },
        {
            "clustering": 0.4855612223642969,
            "modularity": 0.05393315067597908,
            "average_degree": 88.34735029403716,
            "degree_std": 1.5201607337562681,
            "average_shortest_path": 0.5558964900695393,
            "global_efficiency": 1.848454226828656
        },
        {
            "clustering": 0.06731009369490203,
            "modularity": 0.012616148584768012,
            "average_degree": 13.361481830697157,
            "degree_std": 0.14889490312325052,
            "average_shortest_path": 0.9326433365773044,
            "global_efficiency": 1.072232246955059
        },
        {
            "clustering": 0.4916214752430162,
            "modularity": 0.053433659444568724,
            "average_degree": 88.58577931837759,
            "degree_std": 1.408535766566288,
            "average_shortest_path": 0.5546977829789103,
            "global_efficiency": 1.8511243018609775
        },
        {
            "clustering": 0.12818821816643708,
            "modularity": 0.012421443689718542,
            "average_degree": 25.435294790760352,
            "degree_std": 0.43239995738032627,
            "average_shortest_path": 0.8716854415359769,
            "global_efficiency": 1.1472774467656595
        },
        {
            "clustering": 0.26860075325669097,
            "modularity": 0.00869597606329458,
            "average_degree": 53.27482738628765,
            "degree_std": 2.4741893780262854,
            "average_shortest_path": 0.7310687131604325,
            "global_efficiency": 1.368842823832486
        }
    ],
    "3": [
        {
            "clustering": 0.6231184491135268,
            "modularity": 0.03897901964739641,
            "average_degree": 118.08871871468813,
            "degree_std": 1.3692502860763178,
            "average_shortest_path": 0.4043131539682817,
            "global_efficiency": 2.5808260369026668
        },
        {
            "clustering": 0.15353092176061056,
            "modularity": 0.0382838267307479,
            "average_degree": 30.708780268148892,
            "degree_std": 1.6554990031685304,
            "average_shortest_path": 0.8452560801949501,
            "global_efficiency": 1.184130275248902
        },
        {
            "clustering": 0.07936834738197046,
            "modularity": 0.04116052858013475,
            "average_degree": 15.944900740805133,
            "degree_std": 0.363820758470711,
            "average_shortest_path": 0.919900995891084,
            "global_efficiency": 1.0872964199580377
        },
        {
            "clustering": 0.25203332072699985,
            "modularity": 0.06942890678660343,
            "average_degree": 51.28056439214352,
            "degree_std": 1.0970707263604753,
            "average_shortest_path": 0.7422868192178087,
            "global_efficiency": 1.3577439906378808
        },
        {
            "clustering": 0.10514990306491176,
            "modularity": 0.0309281285016183,
            "average_degree": 20.963656197657404,
            "degree_std": 0.3267721335978078,
            "average_shortest_path": 0.8944665346887277,
            "global_efficiency": 1.118154727402588
        },
        {
            "clustering": 0.15250261485377675,
            "modularity": 0.02281014090605702,
            "average_degree": 30.33628685307901,
            "degree_std": 0.6791907622769466,
            "average_shortest_path": 0.8471852182898987,
            "global_efficiency": 1.180631540581231
        },
        {
            "clustering": 0.1338458025399891,
            "modularity": 0.02421301347200527,
            "average_degree": 26.627550984942793,
            "degree_std": 0.8918733539084241,
            "average_shortest_path": 0.8658309420532279,
            "global_efficiency": 1.1551909446084474
        },
        {
            "clustering": 0.09630878545136402,
            "modularity": 0.05190323612103488,
            "average_degree": 19.44482736783016,
            "degree_std": 0.4633522620471021,
            "average_shortest_path": 0.902408379825496,
            "global_efficiency": 1.1086482598274425
        },
        {
            "clustering": 0.3177962774217281,
            "modularity": 0.0898931455199757,
            "average_degree": 65.48235520438136,
            "degree_std": 1.990312191572104,
            "average_shortest_path": 0.6714482475893488,
            "global_efficiency": 1.52612154645128
        },
        {
            "clustering": 0.1969931512872824,
            "modularity": 0.048456955404774064,
            "average_degree": 39.47171272498843,
            "degree_std": 2.2732030187233563,
            "average_shortest_path": 0.8012429750041236,
            "global_efficiency": 1.2504194742292032
        },
        {
            "clustering": 0.5055831338860464,
            "modularity": 0.05011406838060358,
            "average_degree": 97.0300164461808,
            "degree_std": 2.3901152018176197,
            "average_shortest_path": 0.5107957929753691,
            "global_efficiency": 2.051857898042958
        },
        {
            "clustering": 0.10545060813060735,
            "modularity": 0.007356198213206895,
            "average_degree": 20.900517764091365,
            "degree_std": 0.42288416282025804,
            "average_shortest_path": 0.8944799738599243,
            "global_efficiency": 1.1180025691797368
        }
    ],
    "4": [
        {
            "clustering": 0.15786773511795635,
            "modularity": 0.024916732953398777,
            "average_degree": 31.440989747063963,
            "degree_std": 0.5045249122662245,
            "average_shortest_path": 0.8416987452463693,
            "global_efficiency": 1.1884306596853347
        },
        {
            "clustering": 0.2672153631812508,
            "modularity": 0.03634257917862332,
            "average_degree": 53.28062221399696,
            "degree_std": 0.8830714958446775,
            "average_shortest_path": 0.7313934355248216,
            "global_efficiency": 1.3702318747517006
        },
        {
            "clustering": 0.9062277244567919,
            "modularity": 0.005077851230574799,
            "average_degree": 171.8956251037134,
            "degree_std": 0.47590458329758367,
            "average_shortest_path": 0.13165201874399488,
            "global_efficiency": 7.618598098119655
        },
        {
            "clustering": 0.3623222038187766,
            "modularity": 0.042837827533438934,
            "average_degree": 72.93289368597014,
            "degree_std": 2.296350374867786,
            "average_shortest_path": 0.6327877500460803,
            "global_efficiency": 1.6024209047296731
        },
        {
            "clustering": 0.27337929450671655,
            "modularity": 0.014104465553821128,
            "average_degree": 54.23823820244302,
            "degree_std": 0.8476421011723324,
            "average_shortest_path": 0.7262625569089678,
            "global_efficiency": 1.377767871410709
        },
        {
            "clustering": 0.45185095038674616,
            "modularity": 0.0459140430449919,
            "average_degree": 91.21021460839816,
            "degree_std": 2.7070164107207404,
            "average_shortest_path": 0.5407061221276401,
            "global_efficiency": 1.919859563943161
        },
        {
            "clustering": 0.06643244861295876,
            "modularity": 0.013221103996360586,
            "average_degree": 13.248969119401062,
            "degree_std": 0.5592749745281727,
            "average_shortest_path": 0.9330910114133644,
            "global_efficiency": 1.0718290815774283
        },
        {
            "clustering": 0.21545494451839167,
            "modularity": 0.015132765366247355,
            "average_degree": 42.77661628739132,
            "degree_std": 0.8696143787909734,
            "average_shortest_path": 0.7842841056736894,
            "global_efficiency": 1.275452766231528
        },
        {
            "clustering": 0.5369277932847726,
            "modularity": 0.054835188488708025,
            "average_degree": 92.59739128094326,
            "degree_std": 3.140658582486862,
            "average_shortest_path": 0.5345417346956851,
            "global_efficiency": 1.9316793651576858
        },
        {
            "clustering": 0.09334484733381737,
            "modularity": 0.0912732793918623,
            "average_degree": 18.972858617694065,
            "degree_std": 0.3480840818979436,
            "average_shortest_path": 0.9046209504161126,
            "global_efficiency": 1.1062243512036551
        },
        {
            "clustering": 0.509432293081562,
            "modularity": 0.050632175376804096,
            "average_degree": 91.18776304183754,
            "degree_std": 2.0115552384715465,
            "average_shortest_path": 0.541558326833411,
            "global_efficiency": 1.895230795758322
        },
        {
            "clustering": 0.15376471009793685,
            "modularity": 0.011238891184240207,
            "average_degree": 30.49581540254648,
            "degree_std": 0.8583212850831046,
            "average_shortest_path": 0.8460144203142479,
            "global_efficiency": 1.1822087525260916
        }
    ],
    "5": [
        {
            "clustering": 0.9442311952401446,
            "modularity": 0.0077529291001541,
            "average_degree": 180.68930461277947,
            "degree_std": 0.4510715757700501,
            "average_shortest_path": 0.08754088202375433,
            "global_efficiency": 11.72386283019052
        },
        {
            "clustering": 0.19151699994052768,
            "modularity": 0.03475999737532445,
            "average_degree": 38.14209179394617,
            "degree_std": 0.9529213257633834,
            "average_shortest_path": 0.8074508830000117,
            "global_efficiency": 1.2396432334253622
        },
        {
            "clustering": 0.2248353168185117,
            "modularity": 0.03604982545654666,
            "average_degree": 44.867869863605335,
            "degree_std": 0.654654037003316,
            "average_shortest_path": 0.7740181340363569,
            "global_efficiency": 1.2936481193518763
        },
        {
            "clustering": 0.37543167600640337,
            "modularity": 0.06123085289288529,
            "average_degree": 76.146746722364,
            "degree_std": 2.415535018418359,
            "average_shortest_path": 0.6175145552485377,
            "global_efficiency": 1.6554775459274709
        },
        {
            "clustering": 0.1614370986979058,
            "modularity": 0.059342656092653,
            "average_degree": 32.44830533184384,
            "degree_std": 0.772148447445749,
            "average_shortest_path": 0.8367914417435757,
            "global_efficiency": 1.1965545754810212
        },
        {
            "clustering": 0.28739630402604605,
            "modularity": 0.019190288257308938,
            "average_degree": 57.05503909591178,
            "degree_std": 1.1191586982119504,
            "average_shortest_path": 0.7122676345039584,
            "global_efficiency": 1.4048513552256021
        },
        {
            "clustering": 0.18515654280454744,
            "modularity": 0.02187514058372561,
            "average_degree": 36.81623379495382,
            "degree_std": 0.6007918625732181,
            "average_shortest_path": 0.8144854941892913,
            "global_efficiency": 1.2281549005823502
        },
        {
            "clustering": 0.35377356457955694,
            "modularity": 0.05518374423162938,
            "average_degree": 71.3153819392247,
            "degree_std": 1.7614077572432163,
            "average_shortest_path": 0.6414557837505956,
            "global_efficiency": 1.5787686406479375
        },
        {
            "clustering": 0.2948138380289498,
            "modularity": 0.011691700800283134,
            "average_degree": 58.445332400417655,
            "degree_std": 1.725044365043698,
            "average_shortest_path": 0.7048963716119526,
            "global_efficiency": 1.4196585089069278
        },
        {
            "clustering": 0.39860386031521616,
            "modularity": 0.012860448650764538,
            "average_degree": 79.02973463959707,
            "degree_std": 1.4078023036360379,
            "average_shortest_path": 0.6008577751352538,
            "global_efficiency": 1.6670850016842267
        },
        {
            "clustering": 0.384425849847632,
            "modularity": 0.00890809234419259,
            "average_degree": 76.18282715846429,
            "degree_std": 1.286351973087603,
            "average_shortest_path": 0.6154164318078905,
            "global_efficiency": 1.6258800551331134
        },
        {
            "clustering": 0.7976104192662699,
            "modularity": 0.006591132864528355,
            "average_degree": 149.8471665771311,
            "degree_std": 0.9070455896898252,
            "average_shortest_path": 0.24168563268844864,
            "global_efficiency": 4.187437986457519
        }
    ],
    "6": [
        {
            "clustering": 0.7532620291177048,
            "modularity": 0.023216441529116068,
            "average_degree": 129.73240537935231,
            "degree_std": 2.0728479217850357,
            "average_shortest_path": 0.3457926922993661,
            "global_efficiency": 2.955453132187767
        },
        {
            "clustering": 0.185793617383325,
            "modularity": 0.00925455260709053,
            "average_degree": 36.82954584518503,
            "degree_std": 0.4105518482853819,
            "average_shortest_path": 0.8141337307187058,
            "global_efficiency": 1.2283795206125385
        },
        {
            "clustering": 0.5569374978863328,
            "modularity": 0.016513316509834678,
            "average_degree": 86.30249259304831,
            "degree_std": 1.783941709871358,
            "average_shortest_path": 0.5643199297223266,
            "global_efficiency": 1.7770731125835009
        },
        {
            "clustering": 0.22716757944811114,
            "modularity": 0.027594508461012864,
            "average_degree": 45.29455147390239,
            "degree_std": 1.4442116182100142,
            "average_shortest_path": 0.7711003235970084,
            "global_efficiency": 1.2994718578694007
        },
        {
            "clustering": 0.6124470710666899,
            "modularity": 0.03581091191779561,
            "average_degree": 100.4674285947209,
            "degree_std": 2.7641788094755237,
            "average_shortest_path": 0.49394825537120524,
            "global_efficiency": 2.059555127271848
        },
        {
            "clustering": 0.6222008851410528,
            "modularity": 0.022304975727455045,
            "average_degree": 106.81140731684211,
            "degree_std": 2.13956666903002,
            "average_shortest_path": 0.4609235189480756,
            "global_efficiency": 2.1855986676637458
        },
        {
            "clustering": 0.17310117454526716,
            "modularity": 0.04945665350184291,
            "average_degree": 34.78715932611952,
            "degree_std": 1.036281869274246,
            "average_shortest_path": 0.824730085329192,
            "global_efficiency": 1.214556821533257
        },
        {
            "clustering": 0.08040242218172595,
            "modularity": 0.010207944449753334,
            "average_degree": 16.00951919844158,
            "degree_std": 0.47659266210512663,
            "average_shortest_path": 0.9190936105039116,
            "global_efficiency": 1.0881849699569703
        },
        {
            "clustering": 0.44016548902001235,
            "modularity": 0.03780335647810772,
            "average_degree": 87.95886873379358,
            "degree_std": 1.9191962346368958,
            "average_shortest_path": 0.5571471561729172,
            "global_efficiency": 1.8164558415533756
        },
        {
            "clustering": 0.5237731617209463,
            "modularity": 0.04662922820568556,
            "average_degree": 102.0255991900454,
            "degree_std": 3.415760529924556,
            "average_shortest_path": 0.4864987483313046,
            "global_efficiency": 2.1488884591932846
        },
        {
            "clustering": 0.9381092014284088,
            "modularity": 0.009169246409801138,
            "average_degree": 173.5794475062076,
            "degree_std": 0.635296270844173,
            "average_shortest_path": 0.12339680580528217,
            "global_efficiency": 8.262849468993194
        },
        {
            "clustering": 0.6145148932268568,
            "modularity": 0.008935593142235859,
            "average_degree": 113.38086410919553,
            "degree_std": 1.373943612988136,
            "average_shortest_path": 0.42643548928816355,
            "global_efficiency": 2.355999850867904
        }
    ],
    "7": [
        {
            "clustering": 0.8387876788323291,
            "modularity": 0.009738900866212033,
            "average_degree": 156.49913612160717,
            "degree_std": 0.6602226259195123,
            "average_shortest_path": 0.20968884770411797,
            "global_efficiency": 4.809835084969266
        },
        {
            "clustering": 0.7647542444335612,
            "modularity": 0.011541407198664269,
            "average_degree": 146.25809144899455,
            "degree_std": 0.8845331199128883,
            "average_shortest_path": 0.26086132623248304,
            "global_efficiency": 3.8783519504107615
        },
        {
            "clustering": 0.15408209066482362,
            "modularity": 0.04159710758250229,
            "average_degree": 30.85280910021998,
            "degree_std": 1.2300609972040402,
            "average_shortest_path": 0.8447460777583081,
            "global_efficiency": 1.1847601024774717
        },
        {
            "clustering": 0.2640202832379845,
            "modularity": 0.00727121017148228,
            "average_degree": 52.32248576091999,
            "degree_std": 0.8948700057684166,
            "average_shortest_path": 0.7356852372062275,
            "global_efficiency": 1.359866837155265
        },
        {
            "clustering": 0.49575756196450793,
            "modularity": 0.04253292117860226,
            "average_degree": 84.03837812382471,
            "degree_std": 2.222485231285676,
            "average_shortest_path": 0.5764746185986888,
            "global_efficiency": 1.756218951931488
        },
        {
            "clustering": 0.18849683821960647,
            "modularity": 0.035129403669362874,
            "average_degree": 37.682240229536895,
            "degree_std": 0.7200048935228381,
            "average_shortest_path": 0.8103791751331325,
            "global_efficiency": 1.2352051628345528
        },
        {
            "clustering": 0.6984322957781428,
            "modularity": 0.009502943105860664,
            "average_degree": 109.62586073056156,
            "degree_std": 1.8768705674196147,
            "average_shortest_path": 0.4463253442038267,
            "global_efficiency": 2.2462779249658467
        },
        {
            "clustering": 0.7927258232386413,
            "modularity": 0.005913674830753669,
            "average_degree": 126.56069082083566,
            "degree_std": 1.9066386467564842,
            "average_shortest_path": 0.36041691993078295,
            "global_efficiency": 2.799432137053133
        },
        {
            "clustering": 0.42013353508518014,
            "modularity": 0.056310142414350256,
            "average_degree": 84.67435231617836,
            "degree_std": 2.2143427405800806,
            "average_shortest_path": 0.5741388663856117,
            "global_efficiency": 1.7842214205051405
        },
        {
            "clustering": 0.2938156849224469,
            "modularity": 0.06200850242855159,
            "average_degree": 59.28205541455796,
            "degree_std": 2.0704415203589575,
            "average_shortest_path": 0.7018733302043734,
            "global_efficiency": 1.4365540717573888
        },
        {
            "clustering": 0.325685958792826,
            "modularity": 0.015569762869887822,
            "average_degree": 64.59529320113464,
            "degree_std": 0.8802141754780988,
            "average_shortest_path": 0.6740546188049936,
            "global_efficiency": 1.4844449378609432
        },
        {
            "clustering": 0.2751462073432091,
            "modularity": 0.04906711231078026,
            "average_degree": 55.235234330438615,
            "degree_std": 1.290592197850623,
            "average_shortest_path": 0.722137511960586,
            "global_efficiency": 1.390991369081572
        }
    ],
    "8": [
        {
            "clustering": 0.7440754415783635,
            "modularity": 0.008837003494775087,
            "average_degree": 131.57367169071705,
            "degree_std": 1.0351866720582605,
            "average_shortest_path": 0.33540052836217693,
            "global_efficiency": 2.9918687082931923
        },
        {
            "clustering": 0.64154878092195,
            "modularity": 0.03343278220454478,
            "average_degree": 107.22567593462036,
            "degree_std": 2.3198849012794773,
            "average_shortest_path": 0.45976182778161273,
            "global_efficiency": 2.216992542437225
        },
        {
            "clustering": 0.5415495989653402,
            "modularity": 0.03546958089450179,
            "average_degree": 86.61949224256385,
            "degree_std": 2.6349551315652855,
            "average_shortest_path": 0.5630043693195995,
            "global_efficiency": 1.7923925563302787
        },
        {
            "clustering": 0.7681630761492636,
            "modularity": 0.014515859324421324,
            "average_degree": 133.4340215764204,
            "degree_std": 1.937113047146538,
            "average_shortest_path": 0.32639760207193796,
            "global_efficiency": 3.0910278269596017
        },
        {
            "clustering": 0.690244998842753,
            "modularity": 0.02619204829607318,
            "average_degree": 118.73497322840576,
            "degree_std": 2.368209755352681,
            "average_shortest_path": 0.40081954011681054,
            "global_efficiency": 2.5371089384633114
        },
        {
            "clustering": 0.2548206112947379,
            "modularity": 0.02681367372220736,
            "average_degree": 50.69245240339725,
            "degree_std": 0.9226132431385847,
            "average_shortest_path": 0.7444532215538463,
            "global_efficiency": 1.3446882607048236
        },
        {
            "clustering": 0.6936932309352531,
            "modularity": 0.021530033021398665,
            "average_degree": 115.70856000544889,
            "degree_std": 1.7587882223043754,
            "average_shortest_path": 0.41625192105587955,
            "global_efficiency": 2.428077231536648
        },
        {
            "clustering": 0.8853620602986295,
            "modularity": 0.005026868286313112,
            "average_degree": 153.65656061010444,
            "degree_std": 1.4580539761276368,
            "average_shortest_path": 0.22354802640252788,
            "global_efficiency": 4.496992848279478
        },
        {
            "clustering": 0.16295291741362844,
            "modularity": 0.008663726371329474,
            "average_degree": 32.304362595766435,
            "degree_std": 0.6209990330010565,
            "average_shortest_path": 0.8369633579543677,
            "global_efficiency": 1.1948762746372918
        },
        {
            "clustering": 0.13461804691189602,
            "modularity": 0.02118079471712149,
            "average_degree": 26.76328284606455,
            "degree_std": 0.6618162343669552,
            "average_shortest_path": 0.8651061582198198,
            "global_efficiency": 1.1561200444683213
        },
        {
            "clustering": 0.6559723021730499,
            "modularity": 0.024743202632046567,
            "average_degree": 112.12135480285124,
            "degree_std": 1.9228412087684126,
            "average_shortest_path": 0.43369103614640314,
            "global_efficiency": 2.333848905967041
        },
        {
            "clustering": 0.8498978144690222,
            "modularity": 0.00851366642883879,
            "average_degree": 167.1511485938325,
            "degree_std": 0.6748309062382196,
            "average_shortest_path": 0.15563592214072094,
            "global_efficiency": 6.514134808383428
        }
    ],
    "9": [
        {
            "clustering": 0.6423155934602559,
            "modularity": 0.029655367424505526,
            "average_degree": 105.33685810225481,
            "degree_std": 3.411819315704766,
            "average_shortest_path": 0.4683553434458407,
            "global_efficiency": 2.1700968467432014
        },
        {
            "clustering": 0.4153844014786612,
            "modularity": 0.03065162623872021,
            "average_degree": 82.68042757603901,
            "degree_std": 2.037070326421844,
            "average_shortest_path": 0.5828996218523281,
            "global_efficiency": 1.7260150328690897
        },
        {
            "clustering": 0.31613999162862544,
            "modularity": 0.008366235288449549,
            "average_degree": 62.6578260843572,
            "degree_std": 0.9571027731658484,
            "average_shortest_path": 0.6837525082624702,
            "global_efficiency": 1.4629209649891044
        },
        {
            "clustering": 0.27959042848283544,
            "modularity": 0.027398581036143566,
            "average_degree": 55.578071371209774,
            "degree_std": 0.818495489367942,
            "average_shortest_path": 0.7197364881138173,
            "global_efficiency": 1.3909651198756323
        },
        {
            "clustering": 0.8393129642132687,
            "modularity": 0.01208248389720393,
            "average_degree": 153.7210790531721,
            "degree_std": 1.3684214651149542,
            "average_shortest_path": 0.2237740818356697,
            "global_efficiency": 4.531075336990561
        },
        {
            "clustering": 0.4056574235543904,
            "modularity": 0.04695872590413369,
            "average_degree": 76.84361257848201,
            "degree_std": 3.445071810704977,
            "average_shortest_path": 0.6119591595375297,
            "global_efficiency": 1.6538796214265348
        },
        {
            "clustering": 0.5760279984892684,
            "modularity": 0.0289020680542059,
            "average_degree": 100.47892196076906,
            "degree_std": 2.1560333584785525,
            "average_shortest_path": 0.4924730474941103,
            "global_efficiency": 2.0528150515684467
        },
        {
            "clustering": 0.7787910736379688,
            "modularity": 0.01869563655661162,
            "average_degree": 124.45119352329266,
            "degree_std": 2.2046093841623167,
            "average_shortest_path": 0.3718651213414877,
            "global_efficiency": 2.7192338995637977
        },
        {
            "clustering": 0.41967793077580523,
            "modularity": 0.02497830298372798,
            "average_degree": 83.38718740052745,
            "degree_std": 1.533915205166623,
            "average_shortest_path": 0.5794449547778306,
            "global_efficiency": 1.731701771085184
        },
        {
            "clustering": 0.6790051630384475,
            "modularity": 0.02207701516664936,
            "average_degree": 110.90139469376437,
            "degree_std": 2.2159181040851363,
            "average_shortest_path": 0.44023231985710276,
            "global_efficiency": 2.292144911949149
        },
        {
            "clustering": 0.9218169088851916,
            "modularity": 0.0059604771677373115,
            "average_degree": 157.45593519184925,
            "degree_std": 0.9001165103461374,
            "average_shortest_path": 0.20467872248157298,
            "global_efficiency": 4.901484796946279
        },
        {
            "clustering": 0.9162949278447877,
            "modularity": 0.004907381983312957,
            "average_degree": 169.68603689705185,
            "degree_std": 0.6111732188549213,
            "average_shortest_path": 0.1427773088695323,
            "global_efficiency": 7.02431931817852
        }
    ],
    "10": [
        {
            "clustering": 0.14832496873515116,
            "modularity": 0.01870681761848511,
            "average_degree": 29.4500924001756,
            "degree_std": 0.45300559281651487,
            "average_shortest_path": 0.8514218620907505,
            "global_efficiency": 1.1746924799991294
        },
        {
            "clustering": 0.6965244653241633,
            "modularity": 0.01033519120202972,
            "average_degree": 117.51194083494649,
            "degree_std": 1.9393859340170525,
            "average_shortest_path": 0.4065972373243022,
            "global_efficiency": 2.469192387973128
        },
        {
            "clustering": 0.5884977611788712,
            "modularity": 0.011400719546595927,
            "average_degree": 100.518160809344,
            "degree_std": 1.9913221943430937,
            "average_shortest_path": 0.492521930130917,
            "global_efficiency": 2.0363063043282947
        },
        {
            "clustering": 0.17330993515364598,
            "modularity": 0.016544271465018443,
            "average_degree": 34.41137423060576,
            "degree_std": 0.9227557320212859,
            "average_shortest_path": 0.8264120146195792,
            "global_efficiency": 1.2103508017502853
        },
        {
            "clustering": 0.5758067697963382,
            "modularity": 0.009290267551175612,
            "average_degree": 89.41383251688418,
            "degree_std": 1.6686627190858545,
            "average_shortest_path": 0.5484601424828112,
            "global_efficiency": 1.8267324822960298
        },
        {
            "clustering": 0.7426457399613196,
            "modularity": 0.011977863239747337,
            "average_degree": 115.92556447642991,
            "degree_std": 1.6481023670031942,
            "average_shortest_path": 0.41465261260291264,
            "global_efficiency": 2.4213103332500627
        },
        {
            "clustering": 0.39011438312428304,
            "modularity": 0.011919450362391707,
            "average_degree": 77.36648117767626,
            "degree_std": 1.4761443453052097,
            "average_shortest_path": 0.6094934844214168,
            "global_efficiency": 1.6428037218847544
        },
        {
            "clustering": 0.3572526826612887,
            "modularity": 0.009568177822849246,
            "average_degree": 70.7966150633188,
            "degree_std": 1.0197461785241906,
            "average_shortest_path": 0.6425670395622001,
            "global_efficiency": 1.5570804949410322
        },
        {
            "clustering": 0.30882496215886623,
            "modularity": 0.01421481989429016,
            "average_degree": 61.262509702148975,
            "degree_std": 0.9426749323329142,
            "average_shortest_path": 0.6908664809928194,
            "global_efficiency": 1.4483596033036814
        },
        {
            "clustering": 0.477112120330909,
            "modularity": 0.01051816208955248,
            "average_degree": 94.59764370285077,
            "degree_std": 1.9638934120893388,
            "average_shortest_path": 0.5222246125602887,
            "global_efficiency": 1.9204367412568426
        },
        {
            "clustering": 0.46271044266890876,
            "modularity": 0.01225110235293855,
            "average_degree": 91.79907894700604,
            "degree_std": 1.8985527291400626,
            "average_shortest_path": 0.5365307304441256,
            "global_efficiency": 1.8693542644433385
        },
        {
            "clustering": 0.3454026988127019,
            "modularity": 0.010205732801511446,
            "average_degree": 68.46971086065393,
            "degree_std": 1.4198621322766505,
            "average_shortest_path": 0.6543618645541831,
            "global_efficiency": 1.529290897025265
        }
    ],
    "11": [
        {
            "clustering": 0.40521592089069336,
            "modularity": 0.01457636804312475,
            "average_degree": 78.87857633815605,
            "degree_std": 1.8371681382081535,
            "average_shortest_path": 0.6018672574842855,
            "global_efficiency": 1.6648749977398818
        },
        {
            "clustering": 0.20268175662019453,
            "modularity": 0.010976453721872333,
            "average_degree": 40.188634483039294,
            "degree_std": 0.6869983347030987,
            "average_shortest_path": 0.7971465154011182,
            "global_efficiency": 1.254697834659945
        },
        {
            "clustering": 0.5984609469605537,
            "modularity": 0.010363938397071329,
            "average_degree": 107.26983348087978,
            "degree_std": 2.49499066721173,
            "average_shortest_path": 0.45831481158929854,
            "global_efficiency": 2.191440942656453
        },
        {
            "clustering": 0.21169768179063628,
            "modularity": 0.009892545988942188,
            "average_degree": 41.972569425459945,
            "degree_std": 1.119735825634666,
            "average_shortest_path": 0.7881560522786091,
            "global_efficiency": 1.2690468405836846
        },
        {
            "clustering": 0.2719568696276701,
            "modularity": 0.013610136705671454,
            "average_degree": 53.946762428715495,
            "degree_std": 1.3983234002613538,
            "average_shortest_path": 0.7277187202484351,
            "global_efficiency": 1.3749694471042624
        },
        {
            "clustering": 0.709006084123122,
            "modularity": 0.010200659144836132,
            "average_degree": 121.09400953563615,
            "degree_std": 1.9829290135365245,
            "average_shortest_path": 0.3882290701589584,
            "global_efficiency": 2.5888835874822558
        },
        {
            "clustering": 0.40206948795608205,
            "modularity": 0.009155324220849163,
            "average_degree": 79.67412301452394,
            "degree_std": 0.8616504131443167,
            "average_shortest_path": 0.5977491425749587,
            "global_efficiency": 1.6740005741585389
        },
        {
            "clustering": 0.6452532355126323,
            "modularity": 0.009123773982905424,
            "average_degree": 99.71351813893158,
            "degree_std": 1.7277868087370605,
            "average_shortest_path": 0.49642342044061594,
            "global_efficiency": 2.01885448404912
        },
        {
            "clustering": 0.7394664870008215,
            "modularity": 0.010712685210860523,
            "average_degree": 129.40245433122135,
            "degree_std": 2.378880920589123,
            "average_shortest_path": 0.34640174346888086,
            "global_efficiency": 2.903732003869747
        },
        {
            "clustering": 0.746009762888459,
            "modularity": 0.007659573618947088,
            "average_degree": 107.60420412664239,
            "degree_std": 2.3389362622887755,
            "average_shortest_path": 0.4565263341484796,
            "global_efficiency": 2.1964307828844745
        },
        {
            "clustering": 0.28435647358098526,
            "modularity": 0.012314044964911525,
            "average_degree": 56.39455781690028,
            "degree_std": 0.7169935384076056,
            "average_shortest_path": 0.7154133210306286,
            "global_efficiency": 1.39838126798136
        },
        {
            "clustering": 0.5953957086637253,
            "modularity": 0.0121194090235071,
            "average_degree": 78.51434616981565,
            "degree_std": 2.491576618849531,
            "average_shortest_path": 0.6035856985686705,
            "global_efficiency": 1.6607490475464992
        }
    ]
}