{
    "0": [
        {
            "clustering": 0.23483166010860915,
            "modularity": 0.012058849471511417,
            "average_degree": 46.542742480232754,
            "degree_std": 0.7328219670167013,
            "average_shortest_path": 0.7650610099208202,
            "global_efficiency": 1.3072971810227647
        },
        {
            "clustering": 0.727294049794317,
            "modularity": 0.007750557313181226,
            "average_degree": 142.18866503255146,
            "degree_std": 1.6169996906382311,
            "average_shortest_path": 0.28198295706024595,
            "global_efficiency": 3.5612756174809523
        },
        {
            "clustering": 0.8818014203186516,
            "modularity": 0.005842778703415042,
            "average_degree": 158.1111779644236,
            "degree_std": 1.0099709838874313,
            "average_shortest_path": 0.20152051016220612,
            "global_efficiency": 4.974647097114822
        },
        {
            "clustering": 0.8636079052153104,
            "modularity": 0.006501592648871112,
            "average_degree": 151.08164419999108,
            "degree_std": 0.9295937434091449,
            "average_shortest_path": 0.2371172095662162,
            "global_efficiency": 4.226478964630181
        },
        {
            "clustering": 0.5610845509092129,
            "modularity": 0.007249176303036344,
            "average_degree": 95.64366042502138,
            "degree_std": 4.209359621521255,
            "average_shortest_path": 0.5167136316610842,
            "global_efficiency": 1.9444543530386613
        },
        {
            "clustering": 0.23654530040466393,
            "modularity": 0.013034118689522,
            "average_degree": 46.9097393186083,
            "degree_std": 0.7337298511025544,
            "average_shortest_path": 0.7632796394349513,
            "global_efficiency": 1.310416778310244
        },
        {
            "clustering": 0.7661407066339364,
            "modularity": 0.005584379094349089,
            "average_degree": 123.35156565918052,
            "degree_std": 16.64523073202543,
            "average_shortest_path": 0.37660428672785046,
            "global_efficiency": 2.93697406292457
        },
        {
            "clustering": 0.3002118401735839,
            "modularity": 0.016252970038369178,
            "average_degree": 59.59555246795106,
            "degree_std": 1.4086766088451983,
            "average_shortest_path": 0.6994559717908705,
            "global_efficiency": 1.4307290127546248
        },
        {
            "clustering": 0.12889094394612774,
            "modularity": 0.02755229840048836,
            "average_degree": 25.694255926704997,
            "degree_std": 2.7867768424739667,
            "average_shortest_path": 0.8704071605700637,
            "global_efficiency": 1.1496820285069704
        },
        {
            "clustering": 0.39978233736036595,
            "modularity": 0.07781487129423503,
            "average_degree": 82.18943357083147,
            "degree_std": 3.74271717775044,
            "average_shortest_path": 0.5857940899911238,
            "global_efficiency": 1.7987764243691844
        },
        {
            "clustering": 0.5797580837181764,
            "modularity": 0.006011264262000078,
            "average_degree": 97.1683095359827,
            "degree_std": 22.967889149644115,
            "average_shortest_path": 0.5065988600236693,
            "global_efficiency": 2.2224402659277263
        },
        {
            "clustering": 0.09231877704951241,
            "modularity": 0.010076731771406004,
            "average_degree": 18.302923830913212,
            "degree_std": 0.5381980375427203,
            "average_shortest_path": 0.9076343011773996,
            "global_efficiency": 1.101794467715056
        }
    ],
    "1": [
        {
            "clustering": 0.20167898971347442,
            "modularity": 0.08047759068367735,
            "average_degree": 41.286041497869434,
            "degree_std": 1.2191179354834658,
            "average_shortest_path": 0.7928050682119089,
            "global_efficiency": 1.2684584016123759
        },
        {
            "clustering": 0.1206344890583592,
            "modularity": 0.00694241937617965,
            "average_degree": 24.3779861107772,
            "degree_std": 0.5344747727693543,
            "average_shortest_path": 0.8764057130119579,
            "global_efficiency": 1.1425208748632816
        },
        {
            "clustering": 0.70642524252472,
            "modularity": 0.007754957841589737,
            "average_degree": 128.72739610956612,
            "degree_std": 2.1761078021046956,
            "average_shortest_path": 0.34144903720582964,
            "global_efficiency": 3.0331210700399067
        },
        {
            "clustering": 0.6853524877777658,
            "modularity": 0.010083126998152428,
            "average_degree": 104.88006954690657,
            "degree_std": 3.179104275257823,
            "average_shortest_path": 0.4686377103798694,
            "global_efficiency": 2.18261406911508
        },
        {
            "clustering": 0.20877761085744567,
            "modularity": 0.04718664443779471,
            "average_degree": 41.73990146346531,
            "degree_std": 1.0877056775174807,
            "average_shortest_path": 0.789737332442485,
            "global_efficiency": 1.2682265754666033
        },
        {
            "clustering": 0.1189354957172175,
            "modularity": 0.0337184283052943,
            "average_degree": 23.688924647139252,
            "degree_std": 0.7002562080748883,
            "average_shortest_path": 0.880624482403778,
            "global_efficiency": 1.1358027829538409
        },
        {
            "clustering": 0.39047881186308725,
            "modularity": 0.06926268414265854,
            "average_degree": 80.33184113424129,
            "degree_std": 1.9164311208828908,
            "average_shortest_path": 0.5971891928576135,
            "global_efficiency": 1.7632403894085271
        },
        {
            "clustering": 0.6252478977743376,
            "modularity": 0.011328996112229331,
            "average_degree": 103.33118147804566,
            "degree_std": 2.4710846107259306,
            "average_shortest_path": 0.4780871691360744,
            "global_efficiency": 2.0988400450821727
        },
        {
            "clustering": 0.7114741179237103,
            "modularity": 0.0332002851795147,
            "average_degree": 141.40089355697918,
            "degree_std": 2.192683544435755,
            "average_shortest_path": 0.28681758024615844,
            "global_efficiency": 3.663634746737111
        },
        {
            "clustering": 0.6134803065660899,
            "modularity": 0.010742458717148165,
            "average_degree": 91.77999843089438,
            "degree_std": 3.045724553697444,
            "average_shortest_path": 0.5359866484138283,
            "global_efficiency": 1.8785794572661851
        },
        {
            "clustering": 0.4804556350047851,
            "modularity": 0.06413180991422593,
            "average_degree": 97.49142854724059,
            "degree_std": 5.970455453492575,
            "average_shortest_path": 0.510167208991037,
            "global_efficiency": 2.0850250583471976
        },
        {
            "clustering": 0.12724037910529917,
            "modularity": 0.02050790088740083,
            "average_degree": 25.396525249444977,
            "degree_std": 0.568896054335279,
            "average_shortest_path": 0.8716467649216173,
            "global_efficiency": 1.1478874663290224
        }
    ],
    "2": [
        {
            "clustering": 0.3612924660226676,
            "modularity": 0.08502105216848602,
            "average_degree": 74.1853787087179,
            "degree_std": 1.6573792996955539,
            "average_shortest_path": 0.6282526680595458,
            "global_efficiency": 1.6515856884245672
        },
        {
            "clustering": 0.3301826209498603,
            "modularity": 0.06847468894864155,
            "average_degree": 67.65887288942298,
            "degree_std": 1.7122841378983744,
            "average_shortest_path": 0.6608114646703033,
            "global_efficiency": 1.5502175600781485
        },
        {
            "clustering": 0.5169074345012098,
            "modularity": 0.020585028384824483,
            "average_degree": 98.52096635379984,
            "degree_std": 2.4177600964490935,
            "average_shortest_path": 0.4734869069859461,
            "global_efficiency": 2.195971388731408
        },
        {
            "clustering": 0.4291305613339574,
            "modularity": 0.09431719486536992,
            "average_degree": 88.60376025977338,
            "degree_std": 2.9813924019338858,
            "average_shortest_path": 0.5542644448225773,
            "global_efficiency": 1.991370635422104
        },
        {
            "clustering": 0.5159049154094895,
            "modularity": 0.045682865417262596,
            "average_degree": 103.20006719402467,
            "degree_std": 4.8076215456742135,
            "average_shortest_path": 0.47969146380443145,
            "global_efficiency": 2.161780649694825
        },
        {
            "clustering": 0.5070683016366719,
            "modularity": 0.06260891793888805,
            "average_degree": 79.55047207475285,
            "degree_std": 1.2615358615821235,
            "average_shortest_path": 0.6002792103565594,
            "global_efficiency": 1.697334961379817
        },
        {
            "clustering": 0.20398467746587975,
            "modularity": 0.08560557176410646,
            "average_degree": 41.68055640634461,
            "degree_std": 1.4627996574598563,
            "average_shortest_path": 0.7907513566884063,
            "global_efficiency": 1.2713323343349248
        },
        {
            "clustering": 0.3438081054900635,
            "modularity": 0.07157865443588302,
            "average_degree": 70.11811301523608,
            "degree_std": 1.1930614521364036,
            "average_shortest_path": 0.6438108778297307,
            "global_efficiency": 1.6174439661358015
        },
        {
            "clustering": 0.23856798066481205,
            "modularity": 0.05055634535825021,
            "average_degree": 47.944031566733265,
            "degree_std": 2.7625918564147653,
            "average_shortest_path": 0.7588045588714866,
            "global_efficiency": 1.3229223049860503
        },
        {
            "clustering": 0.23007399420696223,
            "modularity": 0.08772904030479937,
            "average_degree": 47.11770683716764,
            "degree_std": 1.8284551496179864,
            "average_shortest_path": 0.7638047181446166,
            "global_efficiency": 1.3200616592244325
        },
        {
            "clustering": 0.5933490288853734,
            "modularity": 0.021785570687135176,
            "average_degree": 104.11208097238722,
            "degree_std": 6.3696894561700335,
            "average_shortest_path": 0.4682147594261982,
            "global_efficiency": 2.2212195291862606
        },
        {
            "clustering": 0.673687110063881,
            "modularity": 0.03971787553784567,
            "average_degree": 131.70180220789845,
            "degree_std": 4.469215900761059,
            "average_shortest_path": 0.3342147313670446,
            "global_efficiency": 3.215760356747473
        }
    ],
    "3": [
        {
            "clustering": 0.22174146632030142,
            "modularity": 0.09570050485786709,
            "average_degree": 45.82869931256246,
            "degree_std": 1.3069219297471522,
            "average_shortest_path": 0.7701638412575543,
            "global_efficiency": 1.3113594947054952
        },
        {
            "clustering": 0.4454210103806424,
            "modularity": 0.0937913077400316,
            "average_degree": 81.87681174838195,
            "degree_std": 0.9116754134881565,
            "average_shortest_path": 0.5891033998111274,
            "global_efficiency": 1.7760882970851486
        },
        {
            "clustering": 0.681235420476534,
            "modularity": 0.028359738806937446,
            "average_degree": 135.6364852432201,
            "degree_std": 1.477664679049685,
            "average_shortest_path": 0.31626004552956655,
            "global_efficiency": 3.34728524743109
        },
        {
            "clustering": 0.4205923654767489,
            "modularity": 0.07907967334746141,
            "average_degree": 80.62819398354067,
            "degree_std": 1.2517583874506952,
            "average_shortest_path": 0.5939474041462944,
            "global_efficiency": 1.7613693771318812
        },
        {
            "clustering": 0.4493256137798309,
            "modularity": 0.044439629343148046,
            "average_degree": 90.04520181379465,
            "degree_std": 4.960769766564497,
            "average_shortest_path": 0.5468620970088911,
            "global_efficiency": 1.8676798147822302
        },
        {
            "clustering": 0.4191976659040576,
            "modularity": 0.040814916410492307,
            "average_degree": 83.66674202993275,
            "degree_std": 2.3005444805428983,
            "average_shortest_path": 0.578618900620469,
            "global_efficiency": 1.7440159554553574
        },
        {
            "clustering": 0.42430389800741264,
            "modularity": 0.07858948535293676,
            "average_degree": 81.8343006723254,
            "degree_std": 1.4072848078688558,
            "average_shortest_path": 0.5880474345328878,
            "global_efficiency": 1.7818388507542315
        },
        {
            "clustering": 0.1665361995595164,
            "modularity": 0.0653044467466071,
            "average_degree": 33.99336914416496,
            "degree_std": 1.202541439541413,
            "average_shortest_path": 0.8290166008437864,
            "global_efficiency": 1.210160037832981
        },
        {
            "clustering": 0.44044031167357395,
            "modularity": 0.0762259581659238,
            "average_degree": 89.70733583723374,
            "degree_std": 3.171297384802542,
            "average_shortest_path": 0.5487573644386793,
            "global_efficiency": 1.9325145468495704
        },
        {
            "clustering": 0.2649696102267937,
            "modularity": 0.09292593132365397,
            "average_degree": 54.576912374292036,
            "degree_std": 1.4698455162982955,
            "average_shortest_path": 0.7262854573274103,
            "global_efficiency": 1.3971202439969006
        },
        {
            "clustering": 0.4296837417950389,
            "modularity": 0.03211178745278681,
            "average_degree": 85.70430131309726,
            "degree_std": 3.4435866124182946,
            "average_shortest_path": 0.5676146794635674,
            "global_efficiency": 1.7823867664563509
        },
        {
            "clustering": 0.1745999579744935,
            "modularity": 0.09400882835836837,
            "average_degree": 36.16134137615551,
            "degree_std": 1.1094923616704502,
            "average_shortest_path": 0.8188558853377002,
            "global_efficiency": 1.2277041762054306
        }
    ],
    "4": [
        {
            "clustering": 0.5356342660537774,
            "modularity": 0.05492564644029782,
            "average_degree": 78.56822991928492,
            "degree_std": 0.9222863548022013,
            "average_shortest_path": 0.6047720608588171,
            "global_efficiency": 1.6717431341856386
        },
        {
            "clustering": 0.492993342377539,
            "modularity": 0.1151174897539883,
            "average_degree": 98.7816492027864,
            "degree_std": 3.009484410068384,
            "average_shortest_path": 0.46534220778408303,
            "global_efficiency": 2.4472090421678403
        },
        {
            "clustering": 0.2738211310010601,
            "modularity": 0.014271505956016207,
            "average_degree": 54.309199285683626,
            "degree_std": 1.245768318422299,
            "average_shortest_path": 0.7256866321840115,
            "global_efficiency": 1.379170773429055
        },
        {
            "clustering": 0.38827883743807756,
            "modularity": 0.07639512564006877,
            "average_degree": 80.02733120584803,
            "degree_std": 2.001799659250096,
            "average_shortest_path": 0.5990487061175089,
            "global_efficiency": 1.7466709635828765
        },
        {
            "clustering": 0.42961670114334943,
            "modularity": 0.11078464140841528,
            "average_degree": 87.28804566107384,
            "degree_std": 1.0902799375085521,
            "average_shortest_path": 0.5612680609372719,
            "global_efficiency": 1.9509941190706237
        },
        {
            "clustering": 0.29700220931512794,
            "modularity": 0.0033537924778931044,
            "average_degree": 59.342565361924905,
            "degree_std": 1.186224074541592,
            "average_shortest_path": 0.6989942799041743,
            "global_efficiency": 1.4403491361417813
        },
        {
            "clustering": 0.3962821050159721,
            "modularity": 0.10590435943717182,
            "average_degree": 82.73085423473107,
            "degree_std": 1.5067967061934173,
            "average_shortest_path": 0.5838278414663994,
            "global_efficiency": 1.894239764651181
        },
        {
            "clustering": 0.5048743449165692,
            "modularity": 0.04133191653617172,
            "average_degree": 77.02898959260216,
            "degree_std": 1.6231264257232483,
            "average_shortest_path": 0.6118717095805136,
            "global_efficiency": 1.6502641989443574
        },
        {
            "clustering": 0.4339758426353659,
            "modularity": 0.10412462852405743,
            "average_degree": 87.4622487809368,
            "degree_std": 1.1560790978909146,
            "average_shortest_path": 0.5585483234706835,
            "global_efficiency": 1.9379870985235967
        },
        {
            "clustering": 0.5340445321891979,
            "modularity": 0.05810862623205629,
            "average_degree": 79.12580719780904,
            "degree_std": 1.5081071054778408,
            "average_shortest_path": 0.6020767397060127,
            "global_efficiency": 1.6827987614639197
        },
        {
            "clustering": 0.45456521668674676,
            "modularity": 0.05704769151662312,
            "average_degree": 84.91193009251785,
            "degree_std": 1.1684706284506086,
            "average_shortest_path": 0.570359692656528,
            "global_efficiency": 1.81600652769153
        },
        {
            "clustering": 0.44920226145891573,
            "modularity": 0.05875348444642245,
            "average_degree": 82.73141956595998,
            "degree_std": 1.2056424537466461,
            "average_shortest_path": 0.5812917092619573,
            "global_efficiency": 1.7794628273590334
        }
    ],
    "5": [
        {
            "clustering": 0.5439121885272259,
            "modularity": 0.0437378232791871,
            "average_degree": 90.75118384947773,
            "degree_std": 2.1202559909453873,
            "average_shortest_path": 0.5436092841082691,
            "global_efficiency": 1.8781782234506597
        },
        {
            "clustering": 0.2980019073152034,
            "modularity": 0.05139918532889954,
            "average_degree": 60.084766105608864,
            "degree_std": 1.4048162545879297,
            "average_shortest_path": 0.6981444481658521,
            "global_efficiency": 1.44310213632283
        },
        {
            "clustering": 0.5818640067833956,
            "modularity": 0.03970264856834898,
            "average_degree": 90.22108351460709,
            "degree_std": 1.656223251905047,
            "average_shortest_path": 0.5460461791293556,
            "global_efficiency": 1.86080211763062
        },
        {
            "clustering": 0.7095332033136318,
            "modularity": 0.014823009207869178,
            "average_degree": 132.7374791658906,
            "degree_std": 1.2828887798786721,
            "average_shortest_path": 0.32988011156473457,
            "global_efficiency": 3.0579316518875297
        },
        {
            "clustering": 0.36626838262261746,
            "modularity": 0.07553722357258846,
            "average_degree": 74.86792570995459,
            "degree_std": 3.8771349877033523,
            "average_shortest_path": 0.6245436344836435,
            "global_efficiency": 1.6529804549241316
        },
        {
            "clustering": 0.5509199276672605,
            "modularity": 0.02771402885906902,
            "average_degree": 105.25648154547342,
            "degree_std": 2.0867554195109026,
            "average_shortest_path": 0.4376967186026223,
            "global_efficiency": 2.3981341744062084
        },
        {
            "clustering": 0.43271718858676617,
            "modularity": 0.10135898437345098,
            "average_degree": 85.29809809289125,
            "degree_std": 1.6469799768603697,
            "average_shortest_path": 0.5717433542863057,
            "global_efficiency": 1.876159140735652
        },
        {
            "clustering": 0.4070090326167115,
            "modularity": 0.035927198976057215,
            "average_degree": 81.2532418056028,
            "degree_std": 2.9814946742995896,
            "average_shortest_path": 0.5906653872957134,
            "global_efficiency": 1.7094225822391862
        },
        {
            "clustering": 0.1791873265528127,
            "modularity": 0.07848449385417794,
            "average_degree": 36.17413337175757,
            "degree_std": 1.0323609409462937,
            "average_shortest_path": 0.8181146256347254,
            "global_efficiency": 1.2251462822232966
        },
        {
            "clustering": 0.2603675050202037,
            "modularity": 0.02533626016793096,
            "average_degree": 51.74372456728343,
            "degree_std": 1.203604339458391,
            "average_shortest_path": 0.7390207842529044,
            "global_efficiency": 1.3544383819956243
        },
        {
            "clustering": 0.4093875756133615,
            "modularity": 0.0042762520816539695,
            "average_degree": 81.94151460370774,
            "degree_std": 1.2649387336141202,
            "average_shortest_path": 0.5796831229138774,
            "global_efficiency": 1.7598413857364674
        },
        {
            "clustering": 0.5660649784078665,
            "modularity": 0.023226279511200872,
            "average_degree": 100.02350802684334,
            "degree_std": 3.6207741852351436,
            "average_shortest_path": 0.4945662538048722,
            "global_efficiency": 2.0494976878200317
        }
    ],
    "6": [
        {
            "clustering": 0.42306176670342066,
            "modularity": 0.05745466899429649,
            "average_degree": 85.65824832141995,
            "degree_std": 1.936642055756446,
            "average_shortest_path": 0.5696442591624838,
            "global_efficiency": 1.8129823474514384
        },
        {
            "clustering": 0.2388674338754013,
            "modularity": 0.01700107538246255,
            "average_degree": 47.459298117201726,
            "degree_std": 1.5444264464360797,
            "average_shortest_path": 0.7601835395646058,
            "global_efficiency": 1.31715567275081
        },
        {
            "clustering": 0.5341911710470397,
            "modularity": 0.025139266290614602,
            "average_degree": 103.35214255627461,
            "degree_std": 1.6938538876602045,
            "average_shortest_path": 0.45683676792382205,
            "global_efficiency": 2.2780228839937315
        },
        {
            "clustering": 0.4157636308791109,
            "modularity": 0.03826951569740138,
            "average_degree": 83.72736535357924,
            "degree_std": 3.116245923078414,
            "average_shortest_path": 0.5747873108016069,
            "global_efficiency": 1.7859531626919716
        },
        {
            "clustering": 0.13586579091594875,
            "modularity": 0.05328250271727825,
            "average_degree": 27.309269050516388,
            "degree_std": 1.4224580016272357,
            "average_shortest_path": 0.8626395188881941,
            "global_efficiency": 1.1602830932927197
        },
        {
            "clustering": 0.4068793630476901,
            "modularity": 0.05823964264858145,
            "average_degree": 81.5834286867845,
            "degree_std": 2.4124651683133265,
            "average_shortest_path": 0.588309142020059,
            "global_efficiency": 1.7311267918540252
        },
        {
            "clustering": 0.49572440811254553,
            "modularity": 0.051367222283927254,
            "average_degree": 91.94580585289434,
            "degree_std": 1.5813248508372633,
            "average_shortest_path": 0.5379134929293293,
            "global_efficiency": 1.9179981714011936
        },
        {
            "clustering": 0.4396477305035223,
            "modularity": 0.061091351332179335,
            "average_degree": 85.51413110431557,
            "degree_std": 1.2638314977246514,
            "average_shortest_path": 0.5703972387147497,
            "global_efficiency": 1.8075783695580152
        },
        {
            "clustering": 0.4589879376307984,
            "modularity": 0.08431219036850154,
            "average_degree": 90.17740298026699,
            "degree_std": 1.2585288692855368,
            "average_shortest_path": 0.5452990151494495,
            "global_efficiency": 1.9644072183735275
        },
        {
            "clustering": 0.4427179983738314,
            "modularity": 0.06597164431131114,
            "average_degree": 89.74632420263872,
            "degree_std": 1.106711774565432,
            "average_shortest_path": 0.5491377173241421,
            "global_efficiency": 1.900101612145261
        },
        {
            "clustering": 0.5363991222890127,
            "modularity": 0.04157993952703231,
            "average_degree": 93.75155465867861,
            "degree_std": 1.3224523821054894,
            "average_shortest_path": 0.5284070986158628,
            "global_efficiency": 1.9348025285048887
        },
        {
            "clustering": 0.8795900036631983,
            "modularity": 0.007419749423469214,
            "average_degree": 164.03471679570842,
            "degree_std": 0.7426141092087974,
            "average_shortest_path": 0.17153415855726134,
            "global_efficiency": 5.881094039295314
        }
    ],
    "7": [
        {
            "clustering": 0.565473130631024,
            "modularity": 0.03859835916760042,
            "average_degree": 89.85348737325603,
            "degree_std": 1.4493762625722728,
            "average_shortest_path": 0.5477071149829319,
            "global_efficiency": 1.8522381591241197
        },
        {
            "clustering": 0.39508440003784556,
            "modularity": 0.024907926667736023,
            "average_degree": 78.80096323887169,
            "degree_std": 2.1037634921425035,
            "average_shortest_path": 0.6020462424535953,
            "global_efficiency": 1.6774872539308618
        },
        {
            "clustering": 0.3763063870704488,
            "modularity": 0.011844237206851882,
            "average_degree": 75.5900180248517,
            "degree_std": 1.603422871869823,
            "average_shortest_path": 0.615148079364382,
            "global_efficiency": 1.6570949168400337
        },
        {
            "clustering": 0.5400687146424169,
            "modularity": 0.031374411295982355,
            "average_degree": 100.71376143254273,
            "degree_std": 3.118203543634016,
            "average_shortest_path": 0.49266102671091916,
            "global_efficiency": 2.063931812691212
        },
        {
            "clustering": 0.45190892313731107,
            "modularity": 0.07702330790825954,
            "average_degree": 92.35839912865796,
            "degree_std": 1.9059144601220994,
            "average_shortest_path": 0.5335325772766868,
            "global_efficiency": 2.037141907353158
        },
        {
            "clustering": 0.6192503054302964,
            "modularity": 0.03447111698639713,
            "average_degree": 100.64324626086128,
            "degree_std": 1.2454543669436378,
            "average_shortest_path": 0.49335663376189687,
            "global_efficiency": 2.0676036279541816
        },
        {
            "clustering": 0.601808133505414,
            "modularity": 0.016219315809824168,
            "average_degree": 100.2187409317188,
            "degree_std": 4.821271037809548,
            "average_shortest_path": 0.48396872919862116,
            "global_efficiency": 2.142967814841496
        },
        {
            "clustering": 0.5770065100421238,
            "modularity": 0.01609773746201678,
            "average_degree": 80.07608842692227,
            "degree_std": 2.2397158138877926,
            "average_shortest_path": 0.5954613652414891,
            "global_efficiency": 1.6857059045945328
        },
        {
            "clustering": 0.6651079758354326,
            "modularity": 0.014023101659438944,
            "average_degree": 118.14619967096262,
            "degree_std": 3.7184326052233128,
            "average_shortest_path": 0.3960382374937264,
            "global_efficiency": 2.5982284841228838
        },
        {
            "clustering": 0.3368729556186738,
            "modularity": 0.0334130583107459,
            "average_degree": 67.23158312723862,
            "degree_std": 2.042869701848778,
            "average_shortest_path": 0.6612606695647811,
            "global_efficiency": 1.5191152067942484
        },
        {
            "clustering": 0.23980838512148867,
            "modularity": 0.041824638553713545,
            "average_degree": 48.16802003186129,
            "degree_std": 2.8653538093877042,
            "average_shortest_path": 0.7577572388163711,
            "global_efficiency": 1.3244564033180999
        },
        {
            "clustering": 0.4501954586182831,
            "modularity": 0.05051214856682077,
            "average_degree": 90.33569026882918,
            "degree_std": 2.1018913419100302,
            "average_shortest_path": 0.5460103304885902,
            "global_efficiency": 1.8851228546359007
        }
    ],
    "8": [
        {
            "clustering": 0.4645717451485836,
            "modularity": 0.04562922028637749,
            "average_degree": 74.9580085161347,
            "degree_std": 4.285749104769521,
            "average_shortest_path": 0.6224008905203542,
            "global_efficiency": 1.632940989685566
        },
        {
            "clustering": 0.2588323266418635,
            "modularity": 0.05119430212213831,
            "average_degree": 52.30175086419735,
            "degree_std": 2.3913328697117735,
            "average_shortest_path": 0.7372320990363294,
            "global_efficiency": 1.3645774135550117
        },
        {
            "clustering": 0.5310897723727341,
            "modularity": 0.040350321238111386,
            "average_degree": 90.77713593451722,
            "degree_std": 2.5300140358135805,
            "average_shortest_path": 0.5433456830992238,
            "global_efficiency": 1.8812143977313118
        },
        {
            "clustering": 0.25617782911776277,
            "modularity": 0.0221534197090286,
            "average_degree": 50.962140701098576,
            "degree_std": 1.5641247267577265,
            "average_shortest_path": 0.7430530034527402,
            "global_efficiency": 1.3473874352704944
        },
        {
            "clustering": 0.4499827899731026,
            "modularity": 0.02737731284488215,
            "average_degree": 89.60882985309853,
            "degree_std": 2.5757409315565214,
            "average_shortest_path": 0.5483677422529976,
            "global_efficiency": 1.8386733931382704
        },
        {
            "clustering": 0.5839685935538972,
            "modularity": 0.04377956217993795,
            "average_degree": 90.54845343195076,
            "degree_std": 1.7810110828870604,
            "average_shortest_path": 0.5444827040722823,
            "global_efficiency": 1.8747799918191876
        },
        {
            "clustering": 0.3248316538154182,
            "modularity": 0.05936380240357292,
            "average_degree": 65.40786023045317,
            "degree_std": 2.579760546060018,
            "average_shortest_path": 0.6710305497467509,
            "global_efficiency": 1.505151291808211
        },
        {
            "clustering": 0.8397575515512434,
            "modularity": 0.007437263763867077,
            "average_degree": 151.16788105025034,
            "degree_std": 1.6237898816062655,
            "average_shortest_path": 0.2355821266929362,
            "global_efficiency": 4.3184629569166395
        },
        {
            "clustering": 0.43764993729350615,
            "modularity": 0.05664628979399912,
            "average_degree": 88.27166073956738,
            "degree_std": 3.5387435648129215,
            "average_shortest_path": 0.5560495276850448,
            "global_efficiency": 1.8541902780278356
        },
        {
            "clustering": 0.5299119092269851,
            "modularity": 0.023423634115245083,
            "average_degree": 105.42654717555243,
            "degree_std": 3.364235627382346,
            "average_shortest_path": 0.4682615011942815,
            "global_efficiency": 2.166326492778671
        },
        {
            "clustering": 0.424968365320482,
            "modularity": 0.043004984410863575,
            "average_degree": 79.7980430717056,
            "degree_std": 5.178498054440894,
            "average_shortest_path": 0.5980054146141591,
            "global_efficiency": 1.7016739887199885
        },
        {
            "clustering": 0.6040954883916738,
            "modularity": 0.027814803283560147,
            "average_degree": 120.52749854879093,
            "degree_std": 3.5143059834860098,
            "average_shortest_path": 0.3930977730746777,
            "global_efficiency": 2.6440051589834916
        }
    ],
    "9": [
        {
            "clustering": 0.451303069464861,
            "modularity": 0.041389162173539204,
            "average_degree": 90.37107645128555,
            "degree_std": 3.137358485128976,
            "average_shortest_path": 0.545051733678565,
            "global_efficiency": 1.8687216031799425
        },
        {
            "clustering": 0.29338665148763954,
            "modularity": 0.04338235372144683,
            "average_degree": 58.889161600624554,
            "degree_std": 2.9082405559782014,
            "average_shortest_path": 0.7038074201111745,
            "global_efficiency": 1.4287202127668839
        },
        {
            "clustering": 0.26225882462742584,
            "modularity": 0.03982187913209275,
            "average_degree": 52.57669072651365,
            "degree_std": 2.2799361919954384,
            "average_shortest_path": 0.735454250830407,
            "global_efficiency": 1.3646047297951494
        },
        {
            "clustering": 0.6218719998538628,
            "modularity": 0.026041157182471616,
            "average_degree": 95.30461865126915,
            "degree_std": 3.113094826317557,
            "average_shortest_path": 0.5193367859445492,
            "global_efficiency": 1.9534619736558305
        },
        {
            "clustering": 0.45723473209496557,
            "modularity": 0.044282873167346415,
            "average_degree": 91.42051085425729,
            "degree_std": 2.211129426567739,
            "average_shortest_path": 0.5397429425939753,
            "global_efficiency": 1.8814692989170037
        },
        {
            "clustering": 0.49553089651338433,
            "modularity": 0.04884251609262599,
            "average_degree": 82.62167107795331,
            "degree_std": 4.62679414121168,
            "average_shortest_path": 0.5813966112778264,
            "global_efficiency": 1.7579000069860173
        },
        {
            "clustering": 0.31818853273515907,
            "modularity": 0.026512624161703857,
            "average_degree": 63.36819480140868,
            "degree_std": 1.5720497704235237,
            "average_shortest_path": 0.680615297852554,
            "global_efficiency": 1.4730836203642343
        },
        {
            "clustering": 0.2503912911808547,
            "modularity": 0.036540016192882524,
            "average_degree": 50.115749938042,
            "degree_std": 1.5107216780510522,
            "average_shortest_path": 0.7478785111153082,
            "global_efficiency": 1.3404452988532953
        },
        {
            "clustering": 0.29846630861206874,
            "modularity": 0.021853648472915464,
            "average_degree": 59.370668413237695,
            "degree_std": 1.4076443335834339,
            "average_shortest_path": 0.7007702754246762,
            "global_efficiency": 1.4291439003263673
        },
        {
            "clustering": 0.4282437189854827,
            "modularity": 0.05775656409879848,
            "average_degree": 86.22890777563221,
            "degree_std": 3.9555026920981144,
            "average_shortest_path": 0.5663747811702367,
            "global_efficiency": 1.8109357952637977
        },
        {
            "clustering": 0.4227875213407866,
            "modularity": 0.021731918962609176,
            "average_degree": 84.07099056362755,
            "degree_std": 2.1941857744541706,
            "average_shortest_path": 0.5760103892545725,
            "global_efficiency": 1.7445057233894166
        },
        {
            "clustering": 0.2835812806773453,
            "modularity": 0.06355799394262751,
            "average_degree": 57.04929464286495,
            "degree_std": 1.474122326935961,
            "average_shortest_path": 0.7131289506871419,
            "global_efficiency": 1.4103628052967865
        }
    ],
    "10": [
        {
            "clustering": 0.15113530560479568,
            "modularity": 0.04218860841514936,
            "average_degree": 30.40002495694635,
            "degree_std": 1.3727375906140977,
            "average_shortest_path": 0.8472027026793881,
            "global_efficiency": 1.1816796014642654
        },
        {
            "clustering": 0.48031707491331965,
            "modularity": 0.021214599640990997,
            "average_degree": 95.54658453106643,
            "degree_std": 3.7782838532821574,
            "average_shortest_path": 0.5183115799211594,
            "global_efficiency": 1.9471039932971328
        },
        {
            "clustering": 0.22838347140698084,
            "modularity": 0.029003143314418098,
            "average_degree": 45.55015019740313,
            "degree_std": 1.1960668149256342,
            "average_shortest_path": 0.7706084292237712,
            "global_efficiency": 1.2992836896303555
        },
        {
            "clustering": 0.25570673789320353,
            "modularity": 0.023540634350869234,
            "average_degree": 50.86957821229358,
            "degree_std": 1.7130285036486015,
            "average_shortest_path": 0.7435747353513551,
            "global_efficiency": 1.3463853231744094
        },
        {
            "clustering": 0.28941985893871924,
            "modularity": 0.023688427026026224,
            "average_degree": 57.61221198104242,
            "degree_std": 1.6753436569723748,
            "average_shortest_path": 0.7096823915235366,
            "global_efficiency": 1.4114800412079047
        },
        {
            "clustering": 0.32610103290957954,
            "modularity": 0.025115339973932116,
            "average_degree": 64.94290640385698,
            "degree_std": 3.1214156652942693,
            "average_shortest_path": 0.6726382115489111,
            "global_efficiency": 1.4915262962278426
        },
        {
            "clustering": 0.15087628402491432,
            "modularity": 0.030452699328015947,
            "average_degree": 30.100863532935765,
            "degree_std": 1.2375597668060017,
            "average_shortest_path": 0.8483901198927819,
            "global_efficiency": 1.179308465183935
        },
        {
            "clustering": 0.4647792764812374,
            "modularity": 0.016894424387004087,
            "average_degree": 92.29715691605865,
            "degree_std": 2.779890860291963,
            "average_shortest_path": 0.5345203173594911,
            "global_efficiency": 1.8784895002957995
        },
        {
            "clustering": 0.2358000819951987,
            "modularity": 0.026138538128765272,
            "average_degree": 47.02962496583335,
            "degree_std": 1.9347594712275713,
            "average_shortest_path": 0.7631510210152338,
            "global_efficiency": 1.3122718544741485
        },
        {
            "clustering": 0.23855522978677826,
            "modularity": 0.03087234877591389,
            "average_degree": 47.555086710085696,
            "degree_std": 1.5892486132498491,
            "average_shortest_path": 0.7604124572588986,
            "global_efficiency": 1.3169520332098679
        },
        {
            "clustering": 0.48586630243727225,
            "modularity": 0.020593714698235593,
            "average_degree": 96.54499949982616,
            "degree_std": 2.25519264179408,
            "average_shortest_path": 0.5132172143128514,
            "global_efficiency": 1.959646827542769
        },
        {
            "clustering": 0.4869692917418556,
            "modularity": 0.03225156766862523,
            "average_degree": 79.89115384194328,
            "degree_std": 2.631942408092532,
            "average_shortest_path": 0.5974649363930775,
            "global_efficiency": 1.6892827682921352
        }
    ],
    "11": [
        {
            "clustering": 0.6620049108826492,
            "modularity": 0.01799810552982138,
            "average_degree": 105.78732020443294,
            "degree_std": 2.305228548665617,
            "average_shortest_path": 0.46596720981962825,
            "global_efficiency": 2.1647764575787614
        },
        {
            "clustering": 0.5118923861872371,
            "modularity": 0.02816770970705268,
            "average_degree": 102.0354456707316,
            "degree_std": 4.269772733293438,
            "average_shortest_path": 0.4854940807111805,
            "global_efficiency": 2.10009315666828
        },
        {
            "clustering": 0.5473446066733076,
            "modularity": 0.019392950252981836,
            "average_degree": 108.72746175465839,
            "degree_std": 2.1531878158925153,
            "average_shortest_path": 0.4514338260795931,
            "global_efficiency": 2.237038177167541
        },
        {
            "clustering": 0.3507364049470565,
            "modularity": 0.02565165418082225,
            "average_degree": 69.78128593778766,
            "degree_std": 2.0937815600122365,
            "average_shortest_path": 0.6480027207920882,
            "global_efficiency": 1.5484588424423569
        },
        {
            "clustering": 0.4506081437158574,
            "modularity": 0.021374130884060497,
            "average_degree": 86.48595038306658,
            "degree_std": 1.8408218531751936,
            "average_shortest_path": 0.5636378520335028,
            "global_efficiency": 1.784084076545436
        },
        {
            "clustering": 0.5669499841743163,
            "modularity": 0.02178407274529414,
            "average_degree": 102.31407409798325,
            "degree_std": 2.459934859498995,
            "average_shortest_path": 0.4838810825160266,
            "global_efficiency": 2.087037876683081
        },
        {
            "clustering": 0.3331497530269507,
            "modularity": 0.030182939281605217,
            "average_degree": 66.46093159727477,
            "degree_std": 1.8900588261941709,
            "average_shortest_path": 0.6651605091019844,
            "global_efficiency": 1.5095818566917985
        },
        {
            "clustering": 0.5991631802588404,
            "modularity": 0.016945703084060813,
            "average_degree": 116.33560810628342,
            "degree_std": 2.784664519688392,
            "average_shortest_path": 0.4129969119831903,
            "global_efficiency": 2.447891653472222
        },
        {
            "clustering": 0.5349185133629635,
            "modularity": 0.020337400839794285,
            "average_degree": 99.40269603308602,
            "degree_std": 3.187112523723362,
            "average_shortest_path": 0.4899817659071656,
            "global_efficiency": 2.0777032379096787
        },
        {
            "clustering": 0.3978164116087313,
            "modularity": 0.026093047329685655,
            "average_degree": 79.30238378625609,
            "degree_std": 3.1321704235724166,
            "average_shortest_path": 0.6005032590807904,
            "global_efficiency": 1.6763768845981064
        },
        {
            "clustering": 0.3682148621267324,
            "modularity": 0.025558545935084387,
            "average_degree": 73.3784014212252,
            "degree_std": 2.8361276362313625,
            "average_shortest_path": 0.6299372865921042,
            "global_efficiency": 1.5964359802396593
        },
        {
            "clustering": 0.3937048530801397,
            "modularity": 0.03991448693230916,
            "average_degree": 79.08533338385213,
            "degree_std": 3.534051610838426,
            "average_shortest_path": 0.6004217183790016,
            "global_efficiency": 1.6926666480562074
        }
    ]
}