{
    "0": [
        {
            "clustering": 0.4532954026012403,
            "modularity": 0.020204177471603323,
            "average_degree": 89.97316290023494,
            "degree_std": 2.4607964329067773,
            "average_shortest_path": 0.5460330818609094,
            "global_efficiency": 1.839405303668405
        },
        {
            "clustering": 0.5046754582343106,
            "modularity": 0.055359856516791,
            "average_degree": 101.82378676359451,
            "degree_std": 3.9929160765179783,
            "average_shortest_path": 0.4880294075814026,
            "global_efficiency": 2.159874900123697
        },
        {
            "clustering": 0.5226570574574986,
            "modularity": 0.019891456804911972,
            "average_degree": 103.75529599017126,
            "degree_std": 3.2684093779629952,
            "average_shortest_path": 0.47653070480553,
            "global_efficiency": 2.1173323220864217
        },
        {
            "clustering": 0.5509455420154608,
            "modularity": 0.016721151253844775,
            "average_degree": 105.57403504252261,
            "degree_std": 1.8328488699842915,
            "average_shortest_path": 0.4672769381195125,
            "global_efficiency": 2.152459167534526
        },
        {
            "clustering": 0.7646787964339609,
            "modularity": 0.011047068728287309,
            "average_degree": 132.43868654713629,
            "degree_std": 9.79613263336438,
            "average_shortest_path": 0.33047651607660605,
            "global_efficiency": 3.165617905303961
        },
        {
            "clustering": 0.39388041386237155,
            "modularity": 0.0349135400441959,
            "average_degree": 78.53606312578921,
            "degree_std": 2.3597321751672156,
            "average_shortest_path": 0.6041846801375511,
            "global_efficiency": 1.666795488041309
        },
        {
            "clustering": 0.30405242308566643,
            "modularity": 0.040593403222649135,
            "average_degree": 60.74484865911512,
            "degree_std": 2.9963423322923406,
            "average_shortest_path": 0.69397942365333,
            "global_efficiency": 1.4493128495192438
        },
        {
            "clustering": 0.5724793741562041,
            "modularity": 0.017695335287607156,
            "average_degree": 107.1935609311008,
            "degree_std": 1.426356993258258,
            "average_shortest_path": 0.45850099569753294,
            "global_efficiency": 2.196268549343005
        },
        {
            "clustering": 0.5190377927896508,
            "modularity": 0.04402356671018148,
            "average_degree": 103.44187229134926,
            "degree_std": 0.8629653478191166,
            "average_shortest_path": 0.4785242314083187,
            "global_efficiency": 2.1310279612599508
        },
        {
            "clustering": 0.46544851708205887,
            "modularity": 0.07689674303952272,
            "average_degree": 94.46376109459554,
            "degree_std": 3.3263095382142196,
            "average_shortest_path": 0.524976480986194,
            "global_efficiency": 2.0098822087459913
        },
        {
            "clustering": 0.6695904738339055,
            "modularity": 0.015645176947059733,
            "average_degree": 116.94664124328906,
            "degree_std": 7.544395592672781,
            "average_shortest_path": 0.40373620092382545,
            "global_efficiency": 2.5376556466930715
        },
        {
            "clustering": 0.7939281318561207,
            "modularity": 0.007784815178470647,
            "average_degree": 118.72477290380036,
            "degree_std": 7.342053586153997,
            "average_shortest_path": 0.3992611723653389,
            "global_efficiency": 2.5497643045749747
        }
    ],
    "1": [
        {
            "clustering": 0.15408834563885512,
            "modularity": 0.016302408950953803,
            "average_degree": 30.57756018588933,
            "degree_std": 0.42344741808710623,
            "average_shortest_path": 0.8457458991894142,
            "global_efficiency": 1.1825104361496594
        },
        {
            "clustering": 0.1648473800622581,
            "modularity": 0.019219998046690032,
            "average_degree": 32.720659011196865,
            "degree_std": 0.6648308354909152,
            "average_shortest_path": 0.8349207289271331,
            "global_efficiency": 1.1979217613647752
        },
        {
            "clustering": 0.2453394874516414,
            "modularity": 0.009411969947525517,
            "average_degree": 48.62250543781636,
            "degree_std": 1.1014048014034246,
            "average_shortest_path": 0.7544836939585118,
            "global_efficiency": 1.3257657442555533
        },
        {
            "clustering": 0.5346713982136898,
            "modularity": 0.0333779906672893,
            "average_degree": 106.6349852203605,
            "degree_std": 3.3567915859871413,
            "average_shortest_path": 0.46283440085620536,
            "global_efficiency": 2.205236025851329
        },
        {
            "clustering": 0.1124850323459597,
            "modularity": 0.02747839728427514,
            "average_degree": 22.363582475407153,
            "degree_std": 0.46879304270379757,
            "average_shortest_path": 0.8872593709136397,
            "global_efficiency": 1.1271902217018597
        },
        {
            "clustering": 0.13949430590724546,
            "modularity": 0.02365093968774165,
            "average_degree": 27.699720490971657,
            "degree_std": 0.4836740531284172,
            "average_shortest_path": 0.86028036326003,
            "global_efficiency": 1.1625588966730893
        },
        {
            "clustering": 0.38547998728020183,
            "modularity": 0.011676984038578227,
            "average_degree": 76.50657042899475,
            "degree_std": 2.042459087694514,
            "average_shortest_path": 0.6135638295422126,
            "global_efficiency": 1.6343645044550306
        },
        {
            "clustering": 0.5568224213698495,
            "modularity": 0.007301055362686469,
            "average_degree": 108.21817518700452,
            "degree_std": 1.636912416445655,
            "average_shortest_path": 0.4351347651385488,
            "global_efficiency": 2.387796840787008
        },
        {
            "clustering": 0.20796012656843618,
            "modularity": 0.07287325059459913,
            "average_degree": 42.296245119522226,
            "degree_std": 1.046492065619319,
            "average_shortest_path": 0.7876182624460937,
            "global_efficiency": 1.2753820480356268
        },
        {
            "clustering": 0.1733338487861373,
            "modularity": 0.024648689385212613,
            "average_degree": 34.439616644407145,
            "degree_std": 1.081227773932386,
            "average_shortest_path": 0.8263447941598702,
            "global_efficiency": 1.2104890492951825
        },
        {
            "clustering": 0.31954614418361,
            "modularity": 0.03420312263236436,
            "average_degree": 63.663972370295404,
            "degree_std": 0.965565242774502,
            "average_shortest_path": 0.6791704408762353,
            "global_efficiency": 1.4763857224213222
        },
        {
            "clustering": 0.15994545132602891,
            "modularity": 0.018883618876349248,
            "average_degree": 31.7542857358519,
            "degree_std": 0.7501225515278435,
            "average_shortest_path": 0.8398373196494512,
            "global_efficiency": 1.1908960887648767
        }
    ],
    "2": [
        {
            "clustering": 0.1338418685948142,
            "modularity": 0.02961715182542979,
            "average_degree": 26.63433855617626,
            "degree_std": 0.6289399762666806,
            "average_shortest_path": 0.865791001708002,
            "global_efficiency": 1.15525961629753
        },
        {
            "clustering": 0.0840641871883681,
            "modularity": 0.026663992219278565,
            "average_degree": 16.719782240411853,
            "degree_std": 0.20566736615072864,
            "average_shortest_path": 0.9157658424227122,
            "global_efficiency": 1.0920391482565297
        },
        {
            "clustering": 0.7896559007833737,
            "modularity": 0.007897701253923325,
            "average_degree": 141.01907790343904,
            "degree_std": 0.7346531383782785,
            "average_shortest_path": 0.28782905632815037,
            "global_efficiency": 3.4842171505904616
        },
        {
            "clustering": 0.6381461948092161,
            "modularity": 0.03157426462569679,
            "average_degree": 119.80531935266562,
            "degree_std": 1.224674307844569,
            "average_shortest_path": 0.39555538464929973,
            "global_efficiency": 2.634616155025122
        },
        {
            "clustering": 0.16965702168800548,
            "modularity": 0.020308843987770022,
            "average_degree": 33.6793688228607,
            "degree_std": 0.9970555274843133,
            "average_shortest_path": 0.8301089798293841,
            "global_efficiency": 1.2049343987046708
        },
        {
            "clustering": 0.10785629322023631,
            "modularity": 0.028318055169983578,
            "average_degree": 21.46176846085437,
            "degree_std": 0.4321342477163222,
            "average_shortest_path": 0.8918415033820393,
            "global_efficiency": 1.1214184665474578
        },
        {
            "clustering": 0.5802434951890311,
            "modularity": 0.038775799843332764,
            "average_degree": 106.77963425159888,
            "degree_std": 1.00256953971454,
            "average_shortest_path": 0.4624616476843873,
            "global_efficiency": 2.222377188547562
        },
        {
            "clustering": 0.452545888404367,
            "modularity": 0.011641707444701938,
            "average_degree": 88.64919852094202,
            "degree_std": 0.9811845090618794,
            "average_shortest_path": 0.5511962821890248,
            "global_efficiency": 1.823214809930518
        },
        {
            "clustering": 0.47710257157052754,
            "modularity": 0.05365134331194278,
            "average_degree": 86.34291109737906,
            "degree_std": 1.3478021387420063,
            "average_shortest_path": 0.5659560425405474,
            "global_efficiency": 1.8090127870405137
        },
        {
            "clustering": 0.19209643430678847,
            "modularity": 0.01176025120899194,
            "average_degree": 38.088136580179004,
            "degree_std": 0.4594836021352148,
            "average_shortest_path": 0.8077962661150967,
            "global_efficiency": 1.2380581642928585
        },
        {
            "clustering": 0.3712385169315411,
            "modularity": 0.008207177204617808,
            "average_degree": 73.59057048795857,
            "degree_std": 2.575510723337023,
            "average_shortest_path": 0.628477989994345,
            "global_efficiency": 1.592917199132576
        },
        {
            "clustering": 0.056264214456918385,
            "modularity": 0.01721596746351627,
            "average_degree": 11.179011173330824,
            "degree_std": 0.10861589030638472,
            "average_shortest_path": 0.9436708765749667,
            "global_efficiency": 1.05970387647111
        }
    ],
    "3": [
        {
            "clustering": 0.5506333394870878,
            "modularity": 0.05875511394410512,
            "average_degree": 100.43230238115706,
            "degree_std": 1.4171080896912152,
            "average_shortest_path": 0.49386085243987304,
            "global_efficiency": 2.105641719277229
        },
        {
            "clustering": 0.11454410095991441,
            "modularity": 0.040767437045104084,
            "average_degree": 22.9155615256755,
            "degree_std": 1.2520337271485673,
            "average_shortest_path": 0.8845859810567519,
            "global_efficiency": 1.130974481892549
        },
        {
            "clustering": 0.0851844323910966,
            "modularity": 0.03687029563885466,
            "average_degree": 17.06625840992883,
            "degree_std": 0.28715701312647535,
            "average_shortest_path": 0.914199155749729,
            "global_efficiency": 1.09405796441439
        },
        {
            "clustering": 0.2921935976682729,
            "modularity": 0.06821590580252733,
            "average_degree": 59.346438682252426,
            "degree_std": 1.3342223640012065,
            "average_shortest_path": 0.7016940241414658,
            "global_efficiency": 1.4410407718095724
        },
        {
            "clustering": 0.10412650596412934,
            "modularity": 0.02554829421651916,
            "average_degree": 20.7398743518213,
            "degree_std": 0.33673934799399424,
            "average_shortest_path": 0.8955735749061023,
            "global_efficiency": 1.116735277453246
        },
        {
            "clustering": 0.102254964944661,
            "modularity": 0.04455758447015938,
            "average_degree": 20.54134927008281,
            "degree_std": 0.30966998866363493,
            "average_shortest_path": 0.8967797144446018,
            "global_efficiency": 1.1155085440326151
        },
        {
            "clustering": 0.09028748549008733,
            "modularity": 0.027587114340630388,
            "average_degree": 17.976912556813765,
            "degree_std": 0.5665028055093011,
            "average_shortest_path": 0.9094554182323493,
            "global_efficiency": 1.0996638434757038
        },
        {
            "clustering": 0.10606049393202831,
            "modularity": 0.029399157584478787,
            "average_degree": 21.13146401154368,
            "degree_std": 0.340564271407676,
            "average_shortest_path": 0.893600372375516,
            "global_efficiency": 1.1192227437873283
        },
        {
            "clustering": 0.17287036290731364,
            "modularity": 0.05429502377156252,
            "average_degree": 34.686596988621936,
            "degree_std": 1.8425183349380512,
            "average_shortest_path": 0.825416813822038,
            "global_efficiency": 1.2133175026164298
        },
        {
            "clustering": 0.38053042281960675,
            "modularity": 0.09466768370972614,
            "average_degree": 78.36861318523536,
            "degree_std": 2.2742703924197514,
            "average_shortest_path": 0.6067436702509462,
            "global_efficiency": 1.7240032527679452
        },
        {
            "clustering": 0.505529499244304,
            "modularity": 0.052440815354572914,
            "average_degree": 94.331381783279,
            "degree_std": 2.1320829811726933,
            "average_shortest_path": 0.5248081839955677,
            "global_efficiency": 1.9906531833292556
        },
        {
            "clustering": 0.10726995654213982,
            "modularity": 0.007182213166212589,
            "average_degree": 21.258311973224824,
            "degree_std": 0.26956366237541113,
            "average_shortest_path": 0.8926809475013026,
            "global_efficiency": 1.1202441541443797
        }
    ],
    "4": [
        {
            "clustering": 0.17436980091029106,
            "modularity": 0.03551580124332946,
            "average_degree": 34.75514697666161,
            "degree_std": 0.6672741751668131,
            "average_shortest_path": 0.8248519648734852,
            "global_efficiency": 1.2130931351679897
        },
        {
            "clustering": 0.9229674061927676,
            "modularity": 0.005048621695660032,
            "average_degree": 168.74521710804402,
            "degree_std": 0.43506834858112453,
            "average_shortest_path": 0.14769855872264342,
            "global_efficiency": 6.781388860141712
        },
        {
            "clustering": 0.10313237565174779,
            "modularity": 0.03186769122926757,
            "average_degree": 20.59718682803411,
            "degree_std": 0.3044846383507262,
            "average_shortest_path": 0.8963814241561937,
            "global_efficiency": 1.115808315302718
        },
        {
            "clustering": 0.28127153619390016,
            "modularity": 0.04789465925114968,
            "average_degree": 56.820139347926236,
            "degree_std": 1.5847018189259303,
            "average_shortest_path": 0.7140037548700701,
            "global_efficiency": 1.4116445333062584
        },
        {
            "clustering": 0.34057727340233473,
            "modularity": 0.024355464632482636,
            "average_degree": 62.005870590361894,
            "degree_std": 1.640468892053854,
            "average_shortest_path": 0.6870800381010611,
            "global_efficiency": 1.4594861722399342
        },
        {
            "clustering": 0.12962145159069488,
            "modularity": 0.025836792742210138,
            "average_degree": 25.788329543987476,
            "degree_std": 0.6926982111848139,
            "average_shortest_path": 0.8700687909433537,
            "global_efficiency": 1.1495385261116882
        },
        {
            "clustering": 0.06464818139500764,
            "modularity": 0.014439983345285356,
            "average_degree": 12.846806275081459,
            "degree_std": 0.32177639843826716,
            "average_shortest_path": 0.9351784792035468,
            "global_efficiency": 1.0693576777485774
        },
        {
            "clustering": 0.40917503398798644,
            "modularity": 0.05365657332923178,
            "average_degree": 82.98997841953843,
            "degree_std": 2.4218022485211237,
            "average_shortest_path": 0.5823267181430124,
            "global_efficiency": 1.7745667408215884
        },
        {
            "clustering": 0.06510238970942812,
            "modularity": 0.10401086054583787,
            "average_degree": 13.381462502207805,
            "degree_std": 0.26850728032082666,
            "average_shortest_path": 0.9328628997429659,
            "global_efficiency": 1.0724626551631602
        },
        {
            "clustering": 0.4479267151388614,
            "modularity": 0.05188184167412708,
            "average_degree": 90.10086475458988,
            "degree_std": 2.3884972256561623,
            "average_shortest_path": 0.5470297248965397,
            "global_efficiency": 1.8744085895910503
        },
        {
            "clustering": 0.4784809436616831,
            "modularity": 0.0467920575374334,
            "average_degree": 89.21403736638358,
            "degree_std": 1.6486838554707406,
            "average_shortest_path": 0.5514112603571252,
            "global_efficiency": 1.8541346957748264
        },
        {
            "clustering": 0.1282124438658766,
            "modularity": 0.011041143629661162,
            "average_degree": 25.42311523743833,
            "degree_std": 0.5601151440984596,
            "average_shortest_path": 0.8716911534979784,
            "global_efficiency": 1.1472628554851447
        }
    ],
    "5": [
        {
            "clustering": 0.15209506221622318,
            "modularity": 0.032671517404478156,
            "average_degree": 30.307023624863163,
            "degree_std": 0.3628297175072118,
            "average_shortest_path": 0.8473410497920987,
            "global_efficiency": 1.18059101592042
        },
        {
            "clustering": 0.11468634789270314,
            "modularity": 0.0427315408980299,
            "average_degree": 22.877740098132367,
            "degree_std": 0.5722533007966317,
            "average_shortest_path": 0.8846438697722818,
            "global_efficiency": 1.1307467535329307
        },
        {
            "clustering": 0.3436122695331244,
            "modularity": 0.06235920525863328,
            "average_degree": 69.56172326742042,
            "degree_std": 1.7559554661447705,
            "average_shortest_path": 0.6505105479812628,
            "global_efficiency": 1.560218643498601
        },
        {
            "clustering": 0.9307258850431821,
            "modularity": 0.008199759690174745,
            "average_degree": 179.21252324815458,
            "degree_std": 0.4908209607946095,
            "average_shortest_path": 0.09499718131369955,
            "global_efficiency": 10.807518892927458
        },
        {
            "clustering": 0.1675706453152761,
            "modularity": 0.023618413761387673,
            "average_degree": 33.31121428716218,
            "degree_std": 0.8006563472415733,
            "average_shortest_path": 0.8321058690556478,
            "global_efficiency": 1.2020851876626386
        },
        {
            "clustering": 0.14506676433802032,
            "modularity": 0.020999821708131264,
            "average_degree": 28.847474866850046,
            "degree_std": 0.4950860436053106,
            "average_shortest_path": 0.854644720053557,
            "global_efficiency": 1.1702894587691304
        },
        {
            "clustering": 0.28654871389967906,
            "modularity": 0.05667987570834578,
            "average_degree": 57.841600328832385,
            "degree_std": 1.4451520600417556,
            "average_shortest_path": 0.7092806196661812,
            "global_efficiency": 1.4200869704265795
        },
        {
            "clustering": 0.11979816485911263,
            "modularity": 0.056392514196529686,
            "average_degree": 24.091713321085177,
            "degree_std": 0.6820711312123818,
            "average_shortest_path": 0.8788617791508355,
            "global_efficiency": 1.1385736265646351
        },
        {
            "clustering": 0.24128821308256884,
            "modularity": 0.01318595613196543,
            "average_degree": 47.85575278690235,
            "degree_std": 0.9170759171069961,
            "average_shortest_path": 0.7585288279476382,
            "global_efficiency": 1.318698821388875
        },
        {
            "clustering": 0.21692819967923302,
            "modularity": 0.01150126769864556,
            "average_degree": 43.00049871453258,
            "degree_std": 1.0757423488875635,
            "average_shortest_path": 0.7829475455970766,
            "global_efficiency": 1.2774654622084345
        },
        {
            "clustering": 0.28127453523500556,
            "modularity": 0.01192188414354484,
            "average_degree": 55.76648633905085,
            "degree_std": 1.1952064309354382,
            "average_shortest_path": 0.718489577258152,
            "global_efficiency": 1.3925320386342046
        },
        {
            "clustering": 0.5615438226928349,
            "modularity": 0.017244938622530098,
            "average_degree": 110.65557193040081,
            "degree_std": 2.263435903234989,
            "average_shortest_path": 0.43914131635500336,
            "global_efficiency": 2.3170939895378355
        }
    ],
    "6": [
        {
            "clustering": 0.7019619641368868,
            "modularity": 0.02271637844778269,
            "average_degree": 128.77534607099528,
            "degree_std": 2.212214041025737,
            "average_shortest_path": 0.3507231089630844,
            "global_efficiency": 2.916446402574061
        },
        {
            "clustering": 0.16581582904358297,
            "modularity": 0.029856433093413258,
            "average_degree": 32.98895408041136,
            "degree_std": 0.7374028975282416,
            "average_shortest_path": 0.833494623324986,
            "global_efficiency": 1.2003800986896864
        },
        {
            "clustering": 0.25513628115062775,
            "modularity": 0.013510830052221864,
            "average_degree": 50.5861333141993,
            "degree_std": 0.8000347651413177,
            "average_shortest_path": 0.7446994847443748,
            "global_efficiency": 1.343176270335587
        },
        {
            "clustering": 0.10091870826684177,
            "modularity": 0.012422014312352514,
            "average_degree": 20.0211634614553,
            "degree_std": 0.2950178201602183,
            "average_shortest_path": 0.8990160667416707,
            "global_efficiency": 1.1123565903842776
        },
        {
            "clustering": 0.5645020548662628,
            "modularity": 0.03630042470322627,
            "average_degree": 101.08679305348592,
            "degree_std": 2.3711802566198505,
            "average_shortest_path": 0.4910358181093648,
            "global_efficiency": 2.077871515588247
        },
        {
            "clustering": 0.41262711339777064,
            "modularity": 0.023806952524637673,
            "average_degree": 81.96752952962726,
            "degree_std": 1.0156342949303026,
            "average_shortest_path": 0.5865934125686645,
            "global_efficiency": 1.7093982224138629
        },
        {
            "clustering": 0.07734207951850358,
            "modularity": 0.011553319354758087,
            "average_degree": 15.364655248269637,
            "degree_std": 0.38659561395787,
            "average_shortest_path": 0.9224148978617602,
            "global_efficiency": 1.0841859664447933
        },
        {
            "clustering": 0.13792144142962626,
            "modularity": 0.05987536602002034,
            "average_degree": 27.77564238890645,
            "degree_std": 0.6085227637304554,
            "average_shortest_path": 0.8601979773765306,
            "global_efficiency": 1.1637511272337449
        },
        {
            "clustering": 0.41698616304729974,
            "modularity": 0.048533266272980755,
            "average_degree": 83.9015248450364,
            "degree_std": 2.2391420227328744,
            "average_shortest_path": 0.5781465256531757,
            "global_efficiency": 1.7640419825557403
        },
        {
            "clustering": 0.9069999271506451,
            "modularity": 0.010635057167257489,
            "average_degree": 171.70598132372638,
            "degree_std": 0.5801909913576025,
            "average_shortest_path": 0.13302931118990785,
            "global_efficiency": 7.722876471146901
        },
        {
            "clustering": 0.5109230747536815,
            "modularity": 0.0484732769513154,
            "average_degree": 99.01233602035043,
            "degree_std": 2.345822071978377,
            "average_shortest_path": 0.502162078572348,
            "global_efficiency": 2.072630402833434
        },
        {
            "clustering": 0.884273795885847,
            "modularity": 0.005377870727462458,
            "average_degree": 164.49734962275315,
            "degree_std": 1.0157711527548934,
            "average_shortest_path": 0.16895599577428885,
            "global_efficiency": 5.9486958141432416
        }
    ],
    "7": [
        {
            "clustering": 0.817388204526383,
            "modularity": 0.009509062476289808,
            "average_degree": 155.065263352583,
            "degree_std": 0.7826329223210542,
            "average_shortest_path": 0.21620242788540223,
            "global_efficiency": 4.673520572075501
        },
        {
            "clustering": 0.30876535095861096,
            "modularity": 0.007308138740536456,
            "average_degree": 61.16745705494789,
            "degree_std": 0.7899845424638191,
            "average_shortest_path": 0.6911204587542414,
            "global_efficiency": 1.4472663258460239
        },
        {
            "clustering": 0.6341193891723845,
            "modularity": 0.021404448182483948,
            "average_degree": 112.68954242993495,
            "degree_std": 1.5177155886308908,
            "average_shortest_path": 0.43159239063403926,
            "global_efficiency": 2.340064962598149
        },
        {
            "clustering": 0.2716101432264793,
            "modularity": 0.036082109719188855,
            "average_degree": 54.434726742320414,
            "degree_std": 1.704801944462636,
            "average_shortest_path": 0.7262000313518132,
            "global_efficiency": 1.3819481965539007
        },
        {
            "clustering": 0.13048941352941062,
            "modularity": 0.05842072615639199,
            "average_degree": 26.324883869344095,
            "degree_std": 0.7012498207667247,
            "average_shortest_path": 0.8677458006176177,
            "global_efficiency": 1.1534734562793365
        },
        {
            "clustering": 0.3425810495626533,
            "modularity": 0.012429255711551186,
            "average_degree": 67.92383009400345,
            "degree_std": 1.0788864680879535,
            "average_shortest_path": 0.6571765167119772,
            "global_efficiency": 1.5225235360618417
        },
        {
            "clustering": 0.19356625722140397,
            "modularity": 0.03776705801736485,
            "average_degree": 38.665937199150555,
            "degree_std": 0.8033926102689133,
            "average_shortest_path": 0.8052151024415386,
            "global_efficiency": 1.2432930685622965
        },
        {
            "clustering": 0.8549981233240721,
            "modularity": 0.005845474701191137,
            "average_degree": 155.44884882286246,
            "degree_std": 0.8916776757149366,
            "average_shortest_path": 0.21461433294794294,
            "global_efficiency": 4.697810397447215
        },
        {
            "clustering": 0.5734004344897621,
            "modularity": 0.04675920244496885,
            "average_degree": 96.35215116880067,
            "degree_std": 1.216478820118145,
            "average_shortest_path": 0.5150407412158338,
            "global_efficiency": 1.9871570293816974
        },
        {
            "clustering": 0.2508509927325912,
            "modularity": 0.05340113417067538,
            "average_degree": 50.534238809055076,
            "degree_std": 1.0810734353378675,
            "average_shortest_path": 0.7459421989042694,
            "global_efficiency": 1.3465732682617988
        },
        {
            "clustering": 0.1773882030240699,
            "modularity": 0.018537190227836828,
            "average_degree": 35.21049990520306,
            "degree_std": 0.42784940167556856,
            "average_shortest_path": 0.8224045853181071,
            "global_efficiency": 1.216155523010349
        },
        {
            "clustering": 0.28150185948586154,
            "modularity": 0.04583467648567315,
            "average_degree": 56.468561047784654,
            "degree_std": 0.9524444224374111,
            "average_shortest_path": 0.7159616673342654,
            "global_efficiency": 1.4027454287209307
        }
    ],
    "8": [
        {
            "clustering": 0.24762597001832498,
            "modularity": 0.03361568205249508,
            "average_degree": 49.35166446720377,
            "degree_std": 1.0816271855984358,
            "average_shortest_path": 0.7513652592187583,
            "global_efficiency": 1.3327383253507779
        },
        {
            "clustering": 0.3960499637534906,
            "modularity": 0.040887870636886564,
            "average_degree": 74.43322898618375,
            "degree_std": 2.6291656565091817,
            "average_shortest_path": 0.6233676042967765,
            "global_efficiency": 1.6177711307989522
        },
        {
            "clustering": 0.507282334515948,
            "modularity": 0.03731949052281854,
            "average_degree": 100.64344081816552,
            "degree_std": 1.8599956342220323,
            "average_shortest_path": 0.4934487357616814,
            "global_efficiency": 2.074917000904727
        },
        {
            "clustering": 0.5034132667271328,
            "modularity": 0.019894798918134202,
            "average_degree": 93.08829037850258,
            "degree_std": 2.3663525036289697,
            "average_shortest_path": 0.528680334765899,
            "global_efficiency": 1.9051235350432496
        },
        {
            "clustering": 0.6967549185036177,
            "modularity": 0.021068735791535037,
            "average_degree": 122.52499379740884,
            "degree_std": 2.117178375684721,
            "average_shortest_path": 0.3822174862314293,
            "global_efficiency": 2.65996857615135
        },
        {
            "clustering": 0.2881025283027056,
            "modularity": 0.030680005733615776,
            "average_degree": 57.32513282117797,
            "degree_std": 1.077444889670841,
            "average_shortest_path": 0.7110199141681915,
            "global_efficiency": 1.408614586651544
        },
        {
            "clustering": 0.8776874359738629,
            "modularity": 0.005671196314995071,
            "average_degree": 141.86300361982285,
            "degree_std": 1.8520448239573852,
            "average_shortest_path": 0.28321775706193736,
            "global_efficiency": 3.546394709818523
        },
        {
            "clustering": 0.2833548739907915,
            "modularity": 0.032531518934087,
            "average_degree": 56.50391356075182,
            "degree_std": 0.5426584655569685,
            "average_shortest_path": 0.7153724255504739,
            "global_efficiency": 1.4008710276801604
        },
        {
            "clustering": 0.7086226389435043,
            "modularity": 0.03008398013585319,
            "average_degree": 119.0601767495333,
            "degree_std": 1.237112426854463,
            "average_shortest_path": 0.39994011588736567,
            "global_efficiency": 2.5559930423000035
        },
        {
            "clustering": 0.09473062972565947,
            "modularity": 0.02577135429519392,
            "average_degree": 18.84888647988797,
            "degree_std": 0.3254532732026443,
            "average_shortest_path": 0.9050549633054391,
            "global_efficiency": 1.1049900362744993
        },
        {
            "clustering": 0.1296906155013603,
            "modularity": 0.010544811050182304,
            "average_degree": 25.720608172803104,
            "degree_std": 0.3807409249415474,
            "average_shortest_path": 0.8702421447355024,
            "global_efficiency": 1.1491494687501222
        },
        {
            "clustering": 0.518662328525469,
            "modularity": 0.03677517601764499,
            "average_degree": 80.61678274674303,
            "degree_std": 2.613425322203881,
            "average_shortest_path": 0.5937551989253604,
            "global_efficiency": 1.6989639725575203
        }
    ],
    "9": [
        {
            "clustering": 0.12988463809106185,
            "modularity": 0.034489788695257165,
            "average_degree": 25.89445763220499,
            "degree_std": 0.6702277618853402,
            "average_shortest_path": 0.8695557810459927,
            "global_efficiency": 1.150360845319426
        },
        {
            "clustering": 0.07888326758844243,
            "modularity": 0.015867712952879795,
            "average_degree": 15.667924835724454,
            "degree_std": 0.3472918906273333,
            "average_shortest_path": 0.9210295052338591,
            "global_efficiency": 1.0857717498267707
        },
        {
            "clustering": 0.35359331436146224,
            "modularity": 0.03349078530871606,
            "average_degree": 70.45513475616306,
            "degree_std": 1.2359007733254068,
            "average_shortest_path": 0.6449598454611061,
            "global_efficiency": 1.5563584267414396
        },
        {
            "clustering": 0.1775477949363452,
            "modularity": 0.03455871069801815,
            "average_degree": 35.37040420440767,
            "degree_std": 0.47452826867890746,
            "average_shortest_path": 0.8217946074269373,
            "global_efficiency": 1.2174958688598367
        },
        {
            "clustering": 0.5613929188031669,
            "modularity": 0.04029395575041457,
            "average_degree": 89.34523006748644,
            "degree_std": 2.5625010825675116,
            "average_shortest_path": 0.5496768566091793,
            "global_efficiency": 1.84605139656256
        },
        {
            "clustering": 0.8110715912547577,
            "modularity": 0.013507018889029797,
            "average_degree": 143.6458163937773,
            "degree_std": 0.8385156749511277,
            "average_shortest_path": 0.2749241554640148,
            "global_efficiency": 3.674554298141587
        },
        {
            "clustering": 0.6631543959435777,
            "modularity": 0.028436593852218972,
            "average_degree": 129.89588065222955,
            "degree_std": 2.83339496940202,
            "average_shortest_path": 0.34492663327767775,
            "global_efficiency": 3.0354416536313313
        },
        {
            "clustering": 0.49533049509752086,
            "modularity": 0.03201101247651031,
            "average_degree": 98.84425313977562,
            "degree_std": 2.1470529407480967,
            "average_shortest_path": 0.5022811240081232,
            "global_efficiency": 2.0215350126795104
        },
        {
            "clustering": 0.908095588478899,
            "modularity": 0.006148783870003652,
            "average_degree": 155.00484695260425,
            "degree_std": 1.3728767307326302,
            "average_shortest_path": 0.2168998560844759,
            "global_efficiency": 4.651501045023924
        },
        {
            "clustering": 0.9329680243903985,
            "modularity": 0.004951499805125093,
            "average_degree": 176.6581626291034,
            "degree_std": 0.5527135060892763,
            "average_shortest_path": 0.10760977227496667,
            "global_efficiency": 9.331651398353848
        },
        {
            "clustering": 0.28377589039763784,
            "modularity": 0.02691245900413222,
            "average_degree": 56.45867878345375,
            "degree_std": 0.7721905840407784,
            "average_shortest_path": 0.7154514525135467,
            "global_efficiency": 1.3995335607747708
        },
        {
            "clustering": 0.7694128315811531,
            "modularity": 0.020483953722733397,
            "average_degree": 125.44442935455032,
            "degree_std": 1.6909733526634154,
            "average_shortest_path": 0.3670916370858396,
            "global_efficiency": 2.755771461273798
        }
    ],
    "10": [
        {
            "clustering": 0.11250866012242297,
            "modularity": 0.03626974632113521,
            "average_degree": 22.46177284327784,
            "degree_std": 0.6499859441887282,
            "average_shortest_path": 0.8868878183873982,
            "global_efficiency": 1.1278437549310674
        },
        {
            "clustering": 0.08729047865432564,
            "modularity": 0.013924472825180147,
            "average_degree": 17.32613885049258,
            "degree_std": 0.2934701949004256,
            "average_shortest_path": 0.9126309937245808,
            "global_efficiency": 1.0957615127822493
        },
        {
            "clustering": 0.2875661102314987,
            "modularity": 0.014226405075634978,
            "average_degree": 57.03504212986081,
            "degree_std": 0.8309785708230255,
            "average_shortest_path": 0.7122177611379095,
            "global_efficiency": 1.4046447356416765
        },
        {
            "clustering": 0.37336023660203166,
            "modularity": 0.025951880041122446,
            "average_degree": 74.3018669668028,
            "degree_std": 2.1034923579827804,
            "average_shortest_path": 0.6255480824778047,
            "global_efficiency": 1.6042807997856303
        },
        {
            "clustering": 0.13261161761968882,
            "modularity": 0.012227376413054191,
            "average_degree": 26.303830447603993,
            "degree_std": 0.36624613044331866,
            "average_shortest_path": 0.867292289459597,
            "global_efficiency": 1.1530736743852337
        },
        {
            "clustering": 0.18421977418789648,
            "modularity": 0.024800710898726985,
            "average_degree": 36.636341501308245,
            "degree_std": 1.2350356340048918,
            "average_shortest_path": 0.8152710939667457,
            "global_efficiency": 1.227177781927758
        },
        {
            "clustering": 0.4204389841936431,
            "modularity": 0.015508227176528184,
            "average_degree": 83.44742368868286,
            "degree_std": 1.445691132719342,
            "average_shortest_path": 0.5789869262644974,
            "global_efficiency": 1.7310822727870248
        },
        {
            "clustering": 0.24674173735700133,
            "modularity": 0.009570986711726457,
            "average_degree": 48.90565041982799,
            "degree_std": 0.6049831069552433,
            "average_shortest_path": 0.7531552557654372,
            "global_efficiency": 1.3279538816491083
        },
        {
            "clustering": 0.1892820194541008,
            "modularity": 0.013776318642439058,
            "average_degree": 37.557645845827544,
            "degree_std": 0.7459138635769232,
            "average_shortest_path": 0.810514712868921,
            "global_efficiency": 1.2340059092245539
        },
        {
            "clustering": 0.21462206375167572,
            "modularity": 0.015370092197479644,
            "average_degree": 42.60228758691748,
            "degree_std": 0.7258880588049117,
            "average_shortest_path": 0.7851014733312243,
            "global_efficiency": 1.2741375851516858
        },
        {
            "clustering": 0.08242951342132254,
            "modularity": 0.017061167793179288,
            "average_degree": 16.368572436665094,
            "degree_std": 0.38299178169735754,
            "average_shortest_path": 0.9174764498685108,
            "global_efficiency": 1.0899798991473215
        },
        {
            "clustering": 0.08508962262184185,
            "modularity": 0.020579603450063932,
            "average_degree": 16.910552165749554,
            "degree_std": 0.34038284577541605,
            "average_shortest_path": 0.9147735201413313,
            "global_efficiency": 1.0932151537034545
        }
    ],
    "11": [
        {
            "clustering": 0.24222059528879658,
            "modularity": 0.01080799477093231,
            "average_degree": 48.012410341045396,
            "degree_std": 0.5702911729172816,
            "average_shortest_path": 0.7576114908338472,
            "global_efficiency": 1.320233047548015
        },
        {
            "clustering": 0.2529015257801026,
            "modularity": 0.008511124664238583,
            "average_degree": 50.11417706273599,
            "degree_std": 0.5844155237223894,
            "average_shortest_path": 0.7469508764404594,
            "global_efficiency": 1.3390542943573438
        },
        {
            "clustering": 0.32376365813207986,
            "modularity": 0.00997921169351079,
            "average_degree": 64.16177181249711,
            "degree_std": 0.6644004981238038,
            "average_shortest_path": 0.6761068401107831,
            "global_efficiency": 1.479501969584219
        },
        {
            "clustering": 0.43459053247098317,
            "modularity": 0.010729764421773888,
            "average_degree": 86.13159316737251,
            "degree_std": 1.297719870133667,
            "average_shortest_path": 0.5651505282467726,
            "global_efficiency": 1.7716347345509997
        },
        {
            "clustering": 0.6291105362057781,
            "modularity": 0.013652202450493957,
            "average_degree": 102.51934094150951,
            "degree_std": 2.157152139640511,
            "average_shortest_path": 0.48248401148827286,
            "global_efficiency": 2.081677598616509
        },
        {
            "clustering": 0.6878586839547579,
            "modularity": 0.014260707774800738,
            "average_degree": 121.25165228185153,
            "degree_std": 1.5990374976256079,
            "average_shortest_path": 0.3874244477615682,
            "global_efficiency": 2.598427995910243
        },
        {
            "clustering": 0.6081562350989869,
            "modularity": 0.010416354143583832,
            "average_degree": 89.47988897203405,
            "degree_std": 1.23053794312359,
            "average_shortest_path": 0.5481308001369211,
            "global_efficiency": 1.8276087395229195
        },
        {
            "clustering": 0.5951519892925345,
            "modularity": 0.016229468408660155,
            "average_degree": 89.45248980102265,
            "degree_std": 1.8127040564854489,
            "average_shortest_path": 0.548452936572898,
            "global_efficiency": 1.8293803440072423
        },
        {
            "clustering": 0.10002498184354287,
            "modularity": 0.01786369611164159,
            "average_degree": 19.857778946432575,
            "degree_std": 0.4275310633215468,
            "average_shortest_path": 0.8998362816223923,
            "global_efficiency": 1.1113761111277565
        },
        {
            "clustering": 0.24785876240723984,
            "modularity": 0.012510039645847001,
            "average_degree": 49.15387678589529,
            "degree_std": 0.788981558583134,
            "average_shortest_path": 0.7518903057602038,
            "global_efficiency": 1.3304423856720582
        },
        {
            "clustering": 0.6767720337526958,
            "modularity": 0.009468413845427735,
            "average_degree": 106.25584729582854,
            "degree_std": 1.0501606713002276,
            "average_shortest_path": 0.4633782083464048,
            "global_efficiency": 2.1629176581819105
        },
        {
            "clustering": 0.4902610122956068,
            "modularity": 0.010461073449161052,
            "average_degree": 97.13960144559809,
            "degree_std": 0.9938103807515979,
            "average_shortest_path": 0.5095183923377076,
            "global_efficiency": 1.965306059427038
        }
    ]
}