{
    "0": [
        {
            "clustering": 0.12481794959785025,
            "modularity": 0.012899661136303545,
            "average_degree": 24.760596472341746,
            "degree_std": 1.055090096994483,
            "average_shortest_path": 0.8750544302533719,
            "global_efficiency": 1.1429168463359045
        },
        {
            "clustering": 0.7452734554730942,
            "modularity": 0.005053057278486569,
            "average_degree": 121.21713099595989,
            "degree_std": 0.7001587699239665,
            "average_shortest_path": 0.38774702167274494,
            "global_efficiency": 2.5802367224564358
        },
        {
            "clustering": 0.6815147251235801,
            "modularity": 0.005234054059561915,
            "average_degree": 105.75462832959651,
            "degree_std": 1.6979489497540499,
            "average_shortest_path": 0.4656995696242481,
            "global_efficiency": 2.151475266107496
        },
        {
            "clustering": 0.1280447567994914,
            "modularity": 0.009930783018920397,
            "average_degree": 25.377011642717665,
            "degree_std": 0.163028632794975,
            "average_shortest_path": 0.8718893737225532,
            "global_efficiency": 1.1469732595190179
        },
        {
            "clustering": 0.7949220721160821,
            "modularity": 0.006269379615018953,
            "average_degree": 91.0606064343996,
            "degree_std": 3.007317579473287,
            "average_shortest_path": 0.5401132261859909,
            "global_efficiency": 1.8544008353147219
        },
        {
            "clustering": 0.5791959073354753,
            "modularity": 0.005271854991805603,
            "average_degree": 83.53543731567802,
            "degree_std": 0.48416273067781784,
            "average_shortest_path": 0.5780579350714293,
            "global_efficiency": 1.7303490586236254
        },
        {
            "clustering": 0.6957187241327252,
            "modularity": 0.005000855528195315,
            "average_degree": 112.75176543543311,
            "degree_std": 2.3531697080108147,
            "average_shortest_path": 0.4304773898934757,
            "global_efficiency": 2.327263015908625
        },
        {
            "clustering": 0.9149857182594698,
            "modularity": 0.005010398777580482,
            "average_degree": 169.32602204451837,
            "degree_std": 2.461386415746576,
            "average_shortest_path": 0.1445707844895031,
            "global_efficiency": 7.0117626687521
        },
        {
            "clustering": 0.2572655535165314,
            "modularity": 0.020023961949366797,
            "average_degree": 51.104145428437235,
            "degree_std": 1.8398216263639433,
            "average_shortest_path": 0.7422697229709859,
            "global_efficiency": 1.348271385173946
        },
        {
            "clustering": 0.7488463317494883,
            "modularity": 0.007573159184997267,
            "average_degree": 125.51346792727622,
            "degree_std": 0.6389180751638539,
            "average_shortest_path": 0.3658461955448426,
            "global_efficiency": 2.7430762226088836
        },
        {
            "clustering": 0.10775340261334572,
            "modularity": 0.013010349235260628,
            "average_degree": 21.373488802995457,
            "degree_std": 0.7850725062875307,
            "average_shortest_path": 0.8921414881350755,
            "global_efficiency": 1.1209806998034484
        },
        {
            "clustering": 0.2293763725754921,
            "modularity": 0.007393380646894603,
            "average_degree": 45.450341202334826,
            "degree_std": 0.9657663832638471,
            "average_shortest_path": 0.7705325267671341,
            "global_efficiency": 1.2979695354082958
        }
    ],
    "1": [
        {
            "clustering": 0.4297714101211334,
            "modularity": 0.04306939012955546,
            "average_degree": 86.19901525766933,
            "degree_std": 3.8278337079894365,
            "average_shortest_path": 0.5663412519344997,
            "global_efficiency": 1.7992657950934474
        },
        {
            "clustering": 0.5790216648387061,
            "modularity": 0.016332109272603194,
            "average_degree": 93.4938688482258,
            "degree_std": 5.382841317021189,
            "average_shortest_path": 0.5278970279321342,
            "global_efficiency": 1.9151742280791975
        },
        {
            "clustering": 0.47072225293840797,
            "modularity": 0.044053035967442394,
            "average_degree": 94.25803324745854,
            "degree_std": 5.059257443865344,
            "average_shortest_path": 0.5257235472567053,
            "global_efficiency": 1.9463107733728278
        },
        {
            "clustering": 0.4391593576749254,
            "modularity": 0.02536579127420375,
            "average_degree": 87.76235207131548,
            "degree_std": 7.4336510545298475,
            "average_shortest_path": 0.5578899793880135,
            "global_efficiency": 1.82608901463135
        },
        {
            "clustering": 0.4482629747285408,
            "modularity": 0.03502457090772512,
            "average_degree": 89.45875368159945,
            "degree_std": 3.5936403909446657,
            "average_shortest_path": 0.5493600518724746,
            "global_efficiency": 1.8418287483390756
        },
        {
            "clustering": 0.5409351556800772,
            "modularity": 0.056403669126217526,
            "average_degree": 102.29679301746273,
            "degree_std": 4.864588184878337,
            "average_shortest_path": 0.484508823237539,
            "global_efficiency": 2.1406736941047657
        },
        {
            "clustering": 0.4408979929174387,
            "modularity": 0.07571573851304292,
            "average_degree": 88.67340695340535,
            "degree_std": 2.6065414272720724,
            "average_shortest_path": 0.5526287531984109,
            "global_efficiency": 1.9408229866368218
        },
        {
            "clustering": 0.37812885817373443,
            "modularity": 0.052780590520229355,
            "average_degree": 76.38247398057025,
            "degree_std": 2.8551508200051265,
            "average_shortest_path": 0.6162656683341874,
            "global_efficiency": 1.6536168734361945
        },
        {
            "clustering": 0.47877810246539815,
            "modularity": 0.07315576926904527,
            "average_degree": 96.87800699932377,
            "degree_std": 3.8225942393866736,
            "average_shortest_path": 0.513299410342438,
            "global_efficiency": 2.0562927632846044
        },
        {
            "clustering": 0.46053943108492773,
            "modularity": 0.03596612066307618,
            "average_degree": 91.84978455929331,
            "degree_std": 4.286064053974686,
            "average_shortest_path": 0.5371999425769218,
            "global_efficiency": 1.8851410373454525
        },
        {
            "clustering": 0.4625238937536608,
            "modularity": 0.058351655642070614,
            "average_degree": 93.60934216894766,
            "degree_std": 4.650959666539795,
            "average_shortest_path": 0.5293237159933677,
            "global_efficiency": 1.9846750790124992
        },
        {
            "clustering": 0.7012065428540198,
            "modularity": 0.009128045236258575,
            "average_degree": 115.32672066938065,
            "degree_std": 3.656798558490966,
            "average_shortest_path": 0.4158091446216719,
            "global_efficiency": 2.453509995528494
        }
    ],
    "2": [
        {
            "clustering": 0.4151999425671278,
            "modularity": 0.08901750862934035,
            "average_degree": 81.17955310780961,
            "degree_std": 4.002146364855214,
            "average_shortest_path": 0.5923500048931142,
            "global_efficiency": 1.7651341716770752
        },
        {
            "clustering": 0.43599724113192523,
            "modularity": 0.05142800146863563,
            "average_degree": 87.4625453532783,
            "degree_std": 3.8691074592436605,
            "average_shortest_path": 0.5602058104362702,
            "global_efficiency": 1.8247909273385687
        },
        {
            "clustering": 0.4997664156150545,
            "modularity": 0.025077702615966348,
            "average_degree": 89.97428602249403,
            "degree_std": 4.590091237856194,
            "average_shortest_path": 0.545917051742671,
            "global_efficiency": 1.8608168999589818
        },
        {
            "clustering": 0.5000768726692225,
            "modularity": 0.05950781840275285,
            "average_degree": 89.69197802325,
            "degree_std": 2.257051191376368,
            "average_shortest_path": 0.5427446663250386,
            "global_efficiency": 1.9326365943993413
        },
        {
            "clustering": 0.41058003982058233,
            "modularity": 0.029394028737995022,
            "average_degree": 75.97987971531406,
            "degree_std": 6.627768498467666,
            "average_shortest_path": 0.6170734296860435,
            "global_efficiency": 1.6457809794307217
        },
        {
            "clustering": 0.3060990547894042,
            "modularity": 0.08121175467764223,
            "average_degree": 63.14925849355652,
            "degree_std": 1.8077629650118632,
            "average_shortest_path": 0.6842221299911874,
            "global_efficiency": 1.4929478832831238
        },
        {
            "clustering": 0.33572307285992253,
            "modularity": 0.073492481387321,
            "average_degree": 68.66627682474058,
            "degree_std": 2.607902320409074,
            "average_shortest_path": 0.6561426901663572,
            "global_efficiency": 1.5573083896161564
        },
        {
            "clustering": 0.3995538045228714,
            "modularity": 0.05682295424569002,
            "average_degree": 80.4410340772432,
            "degree_std": 3.7239373661752895,
            "average_shortest_path": 0.5956540589594727,
            "global_efficiency": 1.710546897912946
        },
        {
            "clustering": 0.39376034160109674,
            "modularity": 0.03227656548325211,
            "average_degree": 78.66035754601126,
            "degree_std": 4.360995489827091,
            "average_shortest_path": 0.6043530447670834,
            "global_efficiency": 1.66771174222462
        },
        {
            "clustering": 0.488489525856798,
            "modularity": 0.06579676531210318,
            "average_degree": 94.25083137498562,
            "degree_std": 2.2432904427407196,
            "average_shortest_path": 0.5270689162095011,
            "global_efficiency": 2.025732368561957
        },
        {
            "clustering": 0.3507797869114387,
            "modularity": 0.0816575857286368,
            "average_degree": 72.29158510179528,
            "degree_std": 2.3245014207992707,
            "average_shortest_path": 0.6373142049253071,
            "global_efficiency": 1.6331971641215774
        },
        {
            "clustering": 0.44380902492838764,
            "modularity": 0.07143322866476912,
            "average_degree": 90.50318640035297,
            "degree_std": 2.3821886680336983,
            "average_shortest_path": 0.5459422891551384,
            "global_efficiency": 1.9657871470999004
        }
    ],
    "3": [
        {
            "clustering": 0.3401850508678698,
            "modularity": 0.025308083716213382,
            "average_degree": 67.87581309186123,
            "degree_std": 4.367780604970116,
            "average_shortest_path": 0.658310579551375,
            "global_efficiency": 1.5263842153494622
        },
        {
            "clustering": 0.47659649388041586,
            "modularity": 0.029613696748756378,
            "average_degree": 93.94845770137951,
            "degree_std": 5.96648595565992,
            "average_shortest_path": 0.526551107981142,
            "global_efficiency": 1.9400397997900554
        },
        {
            "clustering": 0.5051480034787227,
            "modularity": 0.05633574074347861,
            "average_degree": 92.89273110899781,
            "degree_std": 2.4630291046992006,
            "average_shortest_path": 0.5237581930368811,
            "global_efficiency": 2.011341846366123
        },
        {
            "clustering": 0.4809384603542294,
            "modularity": 0.03003978736124404,
            "average_degree": 96.0902789035255,
            "degree_std": 7.348034503137345,
            "average_shortest_path": 0.5163819719607362,
            "global_efficiency": 1.982069319933855
        },
        {
            "clustering": 0.4885262932957958,
            "modularity": 0.06320769765416465,
            "average_degree": 94.81583022377959,
            "degree_std": 2.2370126915941526,
            "average_shortest_path": 0.5241918233333387,
            "global_efficiency": 2.033985684728329
        },
        {
            "clustering": 0.4321075757208572,
            "modularity": 0.10298713749234552,
            "average_degree": 86.23566503110091,
            "degree_std": 2.3538711535350925,
            "average_shortest_path": 0.5660335171983085,
            "global_efficiency": 1.8904100256684568
        },
        {
            "clustering": 0.262983984411348,
            "modularity": 0.05460525551223071,
            "average_degree": 53.3619420083146,
            "degree_std": 2.2599766742829597,
            "average_shortest_path": 0.7326088298852199,
            "global_efficiency": 1.3745360690379163
        },
        {
            "clustering": 0.3817148372806585,
            "modularity": 0.061689257312818255,
            "average_degree": 77.52678082810279,
            "degree_std": 2.658031687333136,
            "average_shortest_path": 0.611469980447236,
            "global_efficiency": 1.6765627554805227
        },
        {
            "clustering": 0.34524347686414847,
            "modularity": 0.09201490553161731,
            "average_degree": 71.54789409229285,
            "degree_std": 1.8366076669925455,
            "average_shortest_path": 0.6421290005334125,
            "global_efficiency": 1.613816467844876
        },
        {
            "clustering": 0.2122829962143276,
            "modularity": 0.03834930915846625,
            "average_degree": 42.7028636459262,
            "degree_std": 2.39752204647805,
            "average_shortest_path": 0.785615459572883,
            "global_efficiency": 1.2759044551438259
        },
        {
            "clustering": 0.44083529879103495,
            "modularity": 0.08178689762492466,
            "average_degree": 89.70510122106906,
            "degree_std": 3.601123761965481,
            "average_shortest_path": 0.5494574262409102,
            "global_efficiency": 1.9150635806818317
        },
        {
            "clustering": 0.4201560652762245,
            "modularity": 0.09205586843345832,
            "average_degree": 85.48592681619938,
            "degree_std": 2.3415160499940604,
            "average_shortest_path": 0.5687279848961336,
            "global_efficiency": 1.8764171778824452
        }
    ],
    "4": [
        {
            "clustering": 0.5165644000146162,
            "modularity": 0.05270648168651687,
            "average_degree": 87.3542904313248,
            "degree_std": 2.271509734544296,
            "average_shortest_path": 0.5582817125843053,
            "global_efficiency": 1.8550278844105088
        },
        {
            "clustering": 0.45601564612406265,
            "modularity": 0.0316109998632787,
            "average_degree": 91.15427493078708,
            "degree_std": 6.342664512865932,
            "average_shortest_path": 0.5409041382226835,
            "global_efficiency": 1.88557990447502
        },
        {
            "clustering": 0.46869047902707867,
            "modularity": 0.01743573482959873,
            "average_degree": 93.49701815711408,
            "degree_std": 4.726133281690985,
            "average_shortest_path": 0.5266345592840169,
            "global_efficiency": 1.9402381786057883
        },
        {
            "clustering": 0.6054002719723096,
            "modularity": 0.012392054978023582,
            "average_degree": 98.76348502871183,
            "degree_std": 3.183115154523944,
            "average_shortest_path": 0.4987500074548103,
            "global_efficiency": 2.0337345128163857
        },
        {
            "clustering": 0.4928801111272829,
            "modularity": 0.07091134684439511,
            "average_degree": 98.17844967947535,
            "degree_std": 5.721536058379533,
            "average_shortest_path": 0.5055155956128993,
            "global_efficiency": 2.1602975928821047
        },
        {
            "clustering": 0.433497595184421,
            "modularity": 0.06596878614639631,
            "average_degree": 87.69722763540629,
            "degree_std": 3.422754914519342,
            "average_shortest_path": 0.5586420451802391,
            "global_efficiency": 1.861183992266469
        },
        {
            "clustering": 0.5366483340227907,
            "modularity": 0.03995224447557938,
            "average_degree": 107.1868533910636,
            "degree_std": 4.476819429556533,
            "average_shortest_path": 0.45978888284767017,
            "global_efficiency": 2.2455701320460766
        },
        {
            "clustering": 0.28025598596385265,
            "modularity": 0.06613222921083022,
            "average_degree": 56.84366364740884,
            "degree_std": 4.281489866952821,
            "average_shortest_path": 0.7147400303261809,
            "global_efficiency": 1.4125570272177919
        },
        {
            "clustering": 0.5578838821856791,
            "modularity": 0.05399759235439951,
            "average_degree": 108.82273030931299,
            "degree_std": 5.110223337253711,
            "average_shortest_path": 0.4516881283569074,
            "global_efficiency": 2.329451345408398
        },
        {
            "clustering": 0.4525020316961781,
            "modularity": 0.07122781397307122,
            "average_degree": 90.14905464664054,
            "degree_std": 4.815072220084134,
            "average_shortest_path": 0.5466048497549335,
            "global_efficiency": 1.919143295962849
        },
        {
            "clustering": 0.3546342421345572,
            "modularity": 0.09009637179605907,
            "average_degree": 72.35988195098987,
            "degree_std": 3.911967121772929,
            "average_shortest_path": 0.636463902112747,
            "global_efficiency": 1.617225837186222
        },
        {
            "clustering": 0.4338614623525594,
            "modularity": 0.09085950792303892,
            "average_degree": 88.64559032632056,
            "degree_std": 2.2326581245300074,
            "average_shortest_path": 0.5548258333933906,
            "global_efficiency": 1.921425313728255
        }
    ],
    "5": [
        {
            "clustering": 0.400000811016455,
            "modularity": 0.03757554983280803,
            "average_degree": 79.95731390871514,
            "degree_std": 3.906182989050091,
            "average_shortest_path": 0.5976264021164828,
            "global_efficiency": 1.690472954044544
        },
        {
            "clustering": 0.41766050606950983,
            "modularity": 0.027897886010609746,
            "average_degree": 84.2873384226417,
            "degree_std": 5.050703265500834,
            "average_shortest_path": 0.5686393548537377,
            "global_efficiency": 1.8088896882546173
        },
        {
            "clustering": 0.45648572259612985,
            "modularity": 0.05110934208134266,
            "average_degree": 87.16563609362244,
            "degree_std": 4.846118287057229,
            "average_shortest_path": 0.5616912944626007,
            "global_efficiency": 1.8272460256840644
        },
        {
            "clustering": 0.4685139487117858,
            "modularity": 0.05993858394701564,
            "average_degree": 80.77937366571096,
            "degree_std": 3.7905297926884645,
            "average_shortest_path": 0.5940536125040785,
            "global_efficiency": 1.7249650541831685
        },
        {
            "clustering": 0.39696557427682977,
            "modularity": 0.05517073950552453,
            "average_degree": 78.18732841083414,
            "degree_std": 3.212368283099369,
            "average_shortest_path": 0.6077305074746975,
            "global_efficiency": 1.6871469988258863
        },
        {
            "clustering": 0.46081130841735884,
            "modularity": 0.04947190224238868,
            "average_degree": 87.34008805602892,
            "degree_std": 4.265056036783724,
            "average_shortest_path": 0.5572825413574946,
            "global_efficiency": 1.8629280861422963
        },
        {
            "clustering": 0.4474224158133648,
            "modularity": 0.054961637415497415,
            "average_degree": 88.88656865140422,
            "degree_std": 4.565102084377618,
            "average_shortest_path": 0.5510587867213446,
            "global_efficiency": 1.8874834843129635
        },
        {
            "clustering": 0.4615391824609883,
            "modularity": 0.06815892316526229,
            "average_degree": 87.52283830647815,
            "degree_std": 3.289612418878575,
            "average_shortest_path": 0.5605239515526237,
            "global_efficiency": 1.8643277457950853
        },
        {
            "clustering": 0.497415208845565,
            "modularity": 0.061118206283929576,
            "average_degree": 91.44252874193258,
            "degree_std": 2.9832693903184913,
            "average_shortest_path": 0.5406159955442383,
            "global_efficiency": 1.9294813849762251
        },
        {
            "clustering": 0.4790588469708158,
            "modularity": 0.021186040785494003,
            "average_degree": 95.39126384032137,
            "degree_std": 4.727268463411502,
            "average_shortest_path": 0.5190357156884764,
            "global_efficiency": 1.9513089825364707
        },
        {
            "clustering": 0.5670918744924499,
            "modularity": 0.00967387991220207,
            "average_degree": 102.88301645372341,
            "degree_std": 3.5568298004230288,
            "average_shortest_path": 0.4689413916115457,
            "global_efficiency": 2.1971523142463965
        },
        {
            "clustering": 0.3811885559131388,
            "modularity": 0.05184498596876303,
            "average_degree": 76.85140573821195,
            "degree_std": 3.674027604385658,
            "average_shortest_path": 0.6140475029323348,
            "global_efficiency": 1.6587909913525518
        }
    ],
    "6": [
        {
            "clustering": 0.5061347198672915,
            "modularity": 0.03010472213215823,
            "average_degree": 97.87463283127248,
            "degree_std": 3.1186152977500705,
            "average_shortest_path": 0.5006945297935522,
            "global_efficiency": 2.0472836960082557
        },
        {
            "clustering": 0.47844115700687273,
            "modularity": 0.055356925732392474,
            "average_degree": 96.46392507216414,
            "degree_std": 3.7241371218251422,
            "average_shortest_path": 0.5151138200816846,
            "global_efficiency": 2.029982344117841
        },
        {
            "clustering": 0.42516728371404483,
            "modularity": 0.058561119780064744,
            "average_degree": 85.6429996979088,
            "degree_std": 5.1075263742538075,
            "average_shortest_path": 0.5692295017550567,
            "global_efficiency": 1.8055832251461201
        },
        {
            "clustering": 0.431927882536722,
            "modularity": 0.011873933485967693,
            "average_degree": 86.29194514024822,
            "degree_std": 4.835016041441947,
            "average_shortest_path": 0.5625853379591134,
            "global_efficiency": 1.810809289375415
        },
        {
            "clustering": 0.4373928277438188,
            "modularity": 0.03170982321022324,
            "average_degree": 87.47985527639565,
            "degree_std": 6.602383993543701,
            "average_shortest_path": 0.5598131438322204,
            "global_efficiency": 1.8196565613654025
        },
        {
            "clustering": 0.4587596779645432,
            "modularity": 0.059711487437274974,
            "average_degree": 92.42267139921361,
            "degree_std": 5.195552330017377,
            "average_shortest_path": 0.5334316425229615,
            "global_efficiency": 1.9546032051004738
        },
        {
            "clustering": 0.459781977813713,
            "modularity": 0.06350278097773823,
            "average_degree": 87.24902800044838,
            "degree_std": 2.433209855244566,
            "average_shortest_path": 0.5620110455128151,
            "global_efficiency": 1.8426163342603459
        },
        {
            "clustering": 0.5647772989965035,
            "modularity": 0.04332827858749535,
            "average_degree": 102.89268287803306,
            "degree_std": 2.6043319585962563,
            "average_shortest_path": 0.4824803311532369,
            "global_efficiency": 2.151651682691366
        },
        {
            "clustering": 0.5435210749772338,
            "modularity": 0.045086278819901765,
            "average_degree": 96.70456639969171,
            "degree_std": 8.490163978392337,
            "average_shortest_path": 0.5100698255374526,
            "global_efficiency": 2.0307946303906412
        },
        {
            "clustering": 0.41539141999052626,
            "modularity": 0.04954796825878281,
            "average_degree": 83.45949351977339,
            "degree_std": 4.678678509300422,
            "average_shortest_path": 0.5801315354141487,
            "global_efficiency": 1.7579323464343684
        },
        {
            "clustering": 0.4718729945147354,
            "modularity": 0.06834165169476868,
            "average_degree": 95.6083485959212,
            "degree_std": 3.6159871361750624,
            "average_shortest_path": 0.5196637596167096,
            "global_efficiency": 2.0330362077094986
        },
        {
            "clustering": 0.4452602019636224,
            "modularity": 0.06707514141121157,
            "average_degree": 90.28995565551313,
            "degree_std": 4.2823111728450245,
            "average_shortest_path": 0.5466570501673104,
            "global_efficiency": 1.9128734793678228
        }
    ],
    "7": [
        {
            "clustering": 0.4185800045867063,
            "modularity": 0.055237797585084084,
            "average_degree": 84.64308069626227,
            "degree_std": 4.122256295577928,
            "average_shortest_path": 0.5748219189707356,
            "global_efficiency": 1.7936958057665797
        },
        {
            "clustering": 0.5708463285977362,
            "modularity": 0.023584161359669703,
            "average_degree": 103.09441188187418,
            "degree_std": 4.7261436829391394,
            "average_shortest_path": 0.4752861069840915,
            "global_efficiency": 2.156939086506897
        },
        {
            "clustering": 0.4367562425800899,
            "modularity": 0.017026849144519816,
            "average_degree": 87.03452330640701,
            "degree_std": 4.167173510994821,
            "average_shortest_path": 0.5610851347175232,
            "global_efficiency": 1.7999236903755078
        },
        {
            "clustering": 0.4503880456585922,
            "modularity": 0.04989027141724919,
            "average_degree": 90.35854676224697,
            "degree_std": 4.431017330099902,
            "average_shortest_path": 0.5455752673261636,
            "global_efficiency": 1.8750634947174287
        },
        {
            "clustering": 0.509147603277562,
            "modularity": 0.050243048346711096,
            "average_degree": 88.12722379595787,
            "degree_std": 2.6934066356053235,
            "average_shortest_path": 0.5564944364214479,
            "global_efficiency": 1.8361331832733914
        },
        {
            "clustering": 0.4961564466221818,
            "modularity": 0.06064711232834771,
            "average_degree": 99.74858013335057,
            "degree_std": 5.646190575003871,
            "average_shortest_path": 0.497539547279359,
            "global_efficiency": 2.1447353471889303
        },
        {
            "clustering": 0.5236917604046951,
            "modularity": 0.014182553685942347,
            "average_degree": 100.2427733375115,
            "degree_std": 4.1881231791239495,
            "average_shortest_path": 0.486812380969441,
            "global_efficiency": 2.0910747180848497
        },
        {
            "clustering": 0.47389445846255485,
            "modularity": 0.05346625345660534,
            "average_degree": 95.57197043285217,
            "degree_std": 4.320559666297758,
            "average_shortest_path": 0.5197243504214288,
            "global_efficiency": 2.006551438043567
        },
        {
            "clustering": 0.4173355979698167,
            "modularity": 0.07113715707227404,
            "average_degree": 84.91112508243951,
            "degree_std": 3.0949338576877254,
            "average_shortest_path": 0.5738878563222624,
            "global_efficiency": 1.8129238125896328
        },
        {
            "clustering": 0.510711470894678,
            "modularity": 0.04573115530860839,
            "average_degree": 97.49716568180335,
            "degree_std": 4.484373018422102,
            "average_shortest_path": 0.5093865181149461,
            "global_efficiency": 2.0413783309139193
        },
        {
            "clustering": 0.37009183005728513,
            "modularity": 0.04224873133059903,
            "average_degree": 74.2939458333855,
            "degree_std": 4.464378357054446,
            "average_shortest_path": 0.6268413111760693,
            "global_efficiency": 1.6127093508744132
        },
        {
            "clustering": 0.48057244761671275,
            "modularity": 0.06168542134318143,
            "average_degree": 93.67821289751838,
            "degree_std": 5.234914395923674,
            "average_shortest_path": 0.5284948017484796,
            "global_efficiency": 1.9867571143633278
        }
    ],
    "8": [
        {
            "clustering": 0.45604573950319116,
            "modularity": 0.03282773496525239,
            "average_degree": 91.09381653036326,
            "degree_std": 3.974059296565529,
            "average_shortest_path": 0.5414151531968672,
            "global_efficiency": 1.8726377088296289
        },
        {
            "clustering": 0.4703326369323064,
            "modularity": 0.062436330403332546,
            "average_degree": 95.21076427642832,
            "degree_std": 3.2755547182013522,
            "average_shortest_path": 0.521829466410744,
            "global_efficiency": 2.014038789619292
        },
        {
            "clustering": 0.5158414325098365,
            "modularity": 0.03295173964960899,
            "average_degree": 97.07370091167708,
            "degree_std": 6.886135268430124,
            "average_shortest_path": 0.5088371531266979,
            "global_efficiency": 2.0318972526867283
        },
        {
            "clustering": 0.4552431419533891,
            "modularity": 0.04470569554827144,
            "average_degree": 91.48539546949438,
            "degree_std": 3.409765911275518,
            "average_shortest_path": 0.5398233562669473,
            "global_efficiency": 1.9011096520337771
        },
        {
            "clustering": 0.4577035997649979,
            "modularity": 0.0514248357851923,
            "average_degree": 91.94221306216585,
            "degree_std": 3.7970327449922725,
            "average_shortest_path": 0.5378027830592306,
            "global_efficiency": 1.9053386220748516
        },
        {
            "clustering": 0.50502267032958,
            "modularity": 0.0421840173626266,
            "average_degree": 101.10697335500922,
            "degree_std": 4.355314618601033,
            "average_shortest_path": 0.491670992887035,
            "global_efficiency": 2.0863966127486417
        },
        {
            "clustering": 0.5534010963071375,
            "modularity": 0.013953576056600588,
            "average_degree": 99.58752848247387,
            "degree_std": 6.163204915844159,
            "average_shortest_path": 0.49218046689581824,
            "global_efficiency": 2.0836048493416612
        },
        {
            "clustering": 0.5376627692091825,
            "modularity": 0.03315372613441768,
            "average_degree": 98.98326140149756,
            "degree_std": 4.097771734300658,
            "average_shortest_path": 0.5005437037392819,
            "global_efficiency": 2.045757359306354
        },
        {
            "clustering": 0.4386544377684535,
            "modularity": 0.06731891219956558,
            "average_degree": 88.95012499983171,
            "degree_std": 3.961398881407636,
            "average_shortest_path": 0.5531923547826971,
            "global_efficiency": 1.8969773904221428
        },
        {
            "clustering": 0.5214117232399897,
            "modularity": 0.04184572827472781,
            "average_degree": 94.11327292680994,
            "degree_std": 3.507615414617256,
            "average_shortest_path": 0.5264317769507014,
            "global_efficiency": 1.949937541263865
        },
        {
            "clustering": 0.4869195818664458,
            "modularity": 0.05328443927612553,
            "average_degree": 98.15995614326178,
            "degree_std": 3.5288942678353594,
            "average_shortest_path": 0.5068321324626931,
            "global_efficiency": 2.058071574001912
        },
        {
            "clustering": 0.5530391601662615,
            "modularity": 0.04748640511994681,
            "average_degree": 110.74586334106648,
            "degree_std": 2.8884073770102714,
            "average_shortest_path": 0.44255535635203014,
            "global_efficiency": 2.3537145156900867
        }
    ],
    "9": [
        {
            "clustering": 0.6167700507323115,
            "modularity": 0.03243393270933222,
            "average_degree": 119.72704428499337,
            "degree_std": 5.0524076454841405,
            "average_shortest_path": 0.39554190040514603,
            "global_efficiency": 2.6422155585059923
        },
        {
            "clustering": 0.47352779609000073,
            "modularity": 0.06281854494548506,
            "average_degree": 92.7757245882713,
            "degree_std": 4.000177198657935,
            "average_shortest_path": 0.5330577992611808,
            "global_efficiency": 1.9468381775578725
        },
        {
            "clustering": 0.49700254259520993,
            "modularity": 0.0662939280629095,
            "average_degree": 99.54546764757455,
            "degree_std": 6.054851923309162,
            "average_shortest_path": 0.4983227300863548,
            "global_efficiency": 2.130683272907824
        },
        {
            "clustering": 0.6554643529546783,
            "modularity": 0.040979388104509185,
            "average_degree": 129.4744143503109,
            "degree_std": 2.8535202839503153,
            "average_shortest_path": 0.3454014199975858,
            "global_efficiency": 3.115110138030128
        },
        {
            "clustering": 0.4724155700415125,
            "modularity": 0.06172270810874175,
            "average_degree": 95.39613001121094,
            "degree_std": 5.1754782514622875,
            "average_shortest_path": 0.5200858857674518,
            "global_efficiency": 2.011790894693063
        },
        {
            "clustering": 0.4596016818099445,
            "modularity": 0.050806648405544184,
            "average_degree": 91.4623063735088,
            "degree_std": 4.8287857839237125,
            "average_shortest_path": 0.5398396653836719,
            "global_efficiency": 1.906638594954168
        },
        {
            "clustering": 0.3698764787890421,
            "modularity": 0.02494029139192087,
            "average_degree": 73.79142808264348,
            "degree_std": 3.275545315399455,
            "average_shortest_path": 0.628668622456717,
            "global_efficiency": 1.5984465243193442
        },
        {
            "clustering": 0.5266569448154834,
            "modularity": 0.05671306864267742,
            "average_degree": 103.36710943484658,
            "degree_std": 4.290219503831716,
            "average_shortest_path": 0.47939371174477496,
            "global_efficiency": 2.1822417329680035
        },
        {
            "clustering": 0.25186303600030613,
            "modularity": 0.05449069049567204,
            "average_degree": 50.894348686539324,
            "degree_std": 2.7194730178712954,
            "average_shortest_path": 0.7444998711977445,
            "global_efficiency": 1.3504115015916769
        },
        {
            "clustering": 0.4658908439300891,
            "modularity": 0.04470658371646579,
            "average_degree": 93.61406489755673,
            "degree_std": 7.918161025888323,
            "average_shortest_path": 0.5280364517290238,
            "global_efficiency": 1.964867712127387
        },
        {
            "clustering": 0.4881148251505928,
            "modularity": 0.061891185609198325,
            "average_degree": 98.30137039483888,
            "degree_std": 4.898133093807664,
            "average_shortest_path": 0.5054167156752887,
            "global_efficiency": 2.076920471797321
        },
        {
            "clustering": 0.5519867925398158,
            "modularity": 0.027681323484718443,
            "average_degree": 106.74013495213327,
            "degree_std": 6.2732023864408575,
            "average_shortest_path": 0.4611451176956639,
            "global_efficiency": 2.2436448448054067
        }
    ],
    "10": [
        {
            "clustering": 0.547243622708475,
            "modularity": 0.040061564487397026,
            "average_degree": 109.49120285551777,
            "degree_std": 7.255831721367129,
            "average_shortest_path": 0.4482317843785017,
            "global_efficiency": 2.3430838447534366
        },
        {
            "clustering": 0.45106991296808396,
            "modularity": 0.02810792156654838,
            "average_degree": 90.26493470018767,
            "degree_std": 5.285876974912273,
            "average_shortest_path": 0.5457994580243143,
            "global_efficiency": 1.867410231806467
        },
        {
            "clustering": 0.5090769641732069,
            "modularity": 0.06345801408014162,
            "average_degree": 95.40060438711848,
            "degree_std": 4.620626632506517,
            "average_shortest_path": 0.5201640126696305,
            "global_efficiency": 1.9941746537215195
        },
        {
            "clustering": 0.541613421102692,
            "modularity": 0.026836502364734914,
            "average_degree": 94.02053186767057,
            "degree_std": 6.210703315253167,
            "average_shortest_path": 0.5259341898335764,
            "global_efficiency": 1.9402251396959846
        },
        {
            "clustering": 0.35380067173460844,
            "modularity": 0.04050569077448756,
            "average_degree": 71.25684897600384,
            "degree_std": 5.167026301636261,
            "average_shortest_path": 0.6418930726583485,
            "global_efficiency": 1.579317117178735
        },
        {
            "clustering": 0.3922705931358948,
            "modularity": 0.030974311800953724,
            "average_degree": 78.66073620673892,
            "degree_std": 5.244877074296696,
            "average_shortest_path": 0.6044266132059243,
            "global_efficiency": 1.676864805447835
        },
        {
            "clustering": 0.3346650396246063,
            "modularity": 0.026861096463141707,
            "average_degree": 66.94209479510764,
            "degree_std": 3.3484583476265266,
            "average_shortest_path": 0.6630381694846549,
            "global_efficiency": 1.5171977992775423
        },
        {
            "clustering": 0.570347594665804,
            "modularity": 0.01910010722930891,
            "average_degree": 104.1179141786943,
            "degree_std": 7.449546429681839,
            "average_shortest_path": 0.47421451844738105,
            "global_efficiency": 2.1695465092858677
        },
        {
            "clustering": 0.25464475428601535,
            "modularity": 0.026286822154710912,
            "average_degree": 50.95991575312975,
            "degree_std": 2.997665893631803,
            "average_shortest_path": 0.7435975340333589,
            "global_efficiency": 1.3486550768681507
        },
        {
            "clustering": 0.471263708787977,
            "modularity": 0.07345336735930247,
            "average_degree": 95.34637938836683,
            "degree_std": 6.264189924610004,
            "average_shortest_path": 0.5204553841507726,
            "global_efficiency": 2.0290415091898137
        },
        {
            "clustering": 0.4643491170699042,
            "modularity": 0.07384238081662028,
            "average_degree": 93.1321632680432,
            "degree_std": 3.371047483468622,
            "average_shortest_path": 0.5313066788382131,
            "global_efficiency": 2.0040367324920263
        },
        {
            "clustering": 0.5639981054571357,
            "modularity": 0.019825104826238223,
            "average_degree": 111.71810024818556,
            "degree_std": 6.151296877002123,
            "average_shortest_path": 0.43661033495678675,
            "global_efficiency": 2.353233141902646
        }
    ],
    "11": [
        {
            "clustering": 0.48641131602617443,
            "modularity": 0.024870067453677532,
            "average_degree": 88.89621180788278,
            "degree_std": 5.41912339121439,
            "average_shortest_path": 0.5512579633498993,
            "global_efficiency": 1.8491769532826199
        },
        {
            "clustering": 0.5572057619583285,
            "modularity": 0.01827368170534808,
            "average_degree": 110.84893558273374,
            "degree_std": 5.568414653900212,
            "average_shortest_path": 0.44073422749155444,
            "global_efficiency": 2.3166237755560397
        },
        {
            "clustering": 0.6001279773191307,
            "modularity": 0.021914060169018958,
            "average_degree": 101.6421340870062,
            "degree_std": 5.140450432889299,
            "average_shortest_path": 0.48702264973702925,
            "global_efficiency": 2.0954695476124012
        },
        {
            "clustering": 0.5801437854798083,
            "modularity": 0.02071712489395892,
            "average_degree": 111.5149430373968,
            "degree_std": 4.851371944954655,
            "average_shortest_path": 0.4354966392916438,
            "global_efficiency": 2.362319746595604
        },
        {
            "clustering": 0.5299273334644804,
            "modularity": 0.022660717881185965,
            "average_degree": 105.68495100413925,
            "degree_std": 6.319977206997203,
            "average_shortest_path": 0.46668857755925786,
            "global_efficiency": 2.204066082549497
        },
        {
            "clustering": 0.5318891364106113,
            "modularity": 0.023057575478134446,
            "average_degree": 94.37195407949245,
            "degree_std": 5.985618708326026,
            "average_shortest_path": 0.523319520639084,
            "global_efficiency": 1.9541001710576662
        },
        {
            "clustering": 0.5911367106017186,
            "modularity": 0.016947607435618635,
            "average_degree": 111.11824922880761,
            "degree_std": 5.387258886518349,
            "average_shortest_path": 0.43856618649388107,
            "global_efficiency": 2.3365557999423796
        },
        {
            "clustering": 0.6186948271983896,
            "modularity": 0.018603101097395817,
            "average_degree": 98.20641922520265,
            "degree_std": 6.254975547614907,
            "average_shortest_path": 0.5038375694774799,
            "global_efficiency": 2.02541297003646
        },
        {
            "clustering": 0.5749738251237083,
            "modularity": 0.022224857060872707,
            "average_degree": 106.68026790424415,
            "degree_std": 4.354751310080854,
            "average_shortest_path": 0.4616942490759143,
            "global_efficiency": 2.212955263022294
        },
        {
            "clustering": 0.6236869635684149,
            "modularity": 0.027516144308305398,
            "average_degree": 111.53945884865618,
            "degree_std": 4.683717128705352,
            "average_shortest_path": 0.43634200218042646,
            "global_efficiency": 2.3578148007172834
        },
        {
            "clustering": 0.6084538284143342,
            "modularity": 0.02459805328580017,
            "average_degree": 101.14998207657044,
            "degree_std": 5.372818399838841,
            "average_shortest_path": 0.489501509953821,
            "global_efficiency": 2.0879570718798117
        },
        {
            "clustering": 0.5764032298914317,
            "modularity": 0.02963341598500808,
            "average_degree": 95.10111848225891,
            "degree_std": 6.100350923437291,
            "average_shortest_path": 0.5200893321011544,
            "global_efficiency": 1.9703695171799107
        }
    ]
}