{
    "0": [
        {
            "clustering": 0.15302247186811255,
            "modularity": 0.005640565809235385,
            "average_degree": 30.32402324511484,
            "degree_std": 0.8327104977269385,
            "average_shortest_path": 0.846905026668538,
            "global_efficiency": 1.180846635860233
        },
        {
            "clustering": 0.09145731071894095,
            "modularity": 0.008913705334167521,
            "average_degree": 18.136719136782133,
            "degree_std": 0.6193783086559216,
            "average_shortest_path": 0.9084709761497621,
            "global_efficiency": 1.1007885679695721
        },
        {
            "clustering": 0.06784369232847713,
            "modularity": 0.008878382232018018,
            "average_degree": 13.453367834610164,
            "degree_std": 0.4404036288338955,
            "average_shortest_path": 0.932118177717119,
            "global_efficiency": 1.0728403893014113
        },
        {
            "clustering": 0.18060633643476776,
            "modularity": 0.005403675494695482,
            "average_degree": 35.7871573190694,
            "degree_std": 1.0217035385602062,
            "average_shortest_path": 0.8193094896315318,
            "global_efficiency": 1.220655682849899
        },
        {
            "clustering": 0.056736542449982615,
            "modularity": 0.015082241280859263,
            "average_degree": 11.262654303461588,
            "degree_std": 0.32875266478434084,
            "average_shortest_path": 0.94320661981547,
            "global_efficiency": 1.0602278600893937
        },
        {
            "clustering": 0.20141041280780245,
            "modularity": 0.005489051910703041,
            "average_degree": 39.90857389396689,
            "degree_std": 1.1149921062364163,
            "average_shortest_path": 0.798500849676302,
            "global_efficiency": 1.2524932929972907
        },
        {
            "clustering": 0.10644114188470258,
            "modularity": 0.006472282742623772,
            "average_degree": 21.101866190753924,
            "degree_std": 0.7032746578581142,
            "average_shortest_path": 0.8934856789419205,
            "global_efficiency": 1.1192603920991084
        },
        {
            "clustering": 0.9565357090383925,
            "modularity": 0.00499698326661995,
            "average_degree": 179.99811817532998,
            "degree_std": 2.4381297456496345,
            "average_shortest_path": 0.09087946196393029,
            "global_efficiency": 11.296369905500388
        },
        {
            "clustering": 0.8898130371210585,
            "modularity": 0.0049647643834108595,
            "average_degree": 167.68004439643929,
            "degree_std": 1.1799811693973878,
            "average_shortest_path": 0.15194694551978966,
            "global_efficiency": 6.625086683510475
        },
        {
            "clustering": 0.8293440939542802,
            "modularity": 0.006993151118256865,
            "average_degree": 164.37819517831406,
            "degree_std": 7.082191873936142,
            "average_shortest_path": 0.16996093577954488,
            "global_efficiency": 6.333844575700268
        },
        {
            "clustering": 0.49595871274317677,
            "modularity": 0.012102435283527658,
            "average_degree": 98.37016686925456,
            "degree_std": 3.7160464880064006,
            "average_shortest_path": 0.5035704421353341,
            "global_efficiency": 1.992772463176453
        },
        {
            "clustering": 0.11614307291791888,
            "modularity": 0.010830012231957415,
            "average_degree": 23.040320221870438,
            "degree_std": 0.7092227530612961,
            "average_shortest_path": 0.8837596239032818,
            "global_efficiency": 1.131593675207874
        }
    ],
    "1": [
        {
            "clustering": 0.626896097211988,
            "modularity": 0.005578308012370359,
            "average_degree": 124.20833203943673,
            "degree_std": 4.1943764625993545,
            "average_shortest_path": 0.3727902332559979,
            "global_efficiency": 2.6946953765428905
        },
        {
            "clustering": 0.4647736655307963,
            "modularity": 0.05980041469329428,
            "average_degree": 90.25524354717734,
            "degree_std": 4.246432634863034,
            "average_shortest_path": 0.5450313448325337,
            "global_efficiency": 1.9288878879635118
        },
        {
            "clustering": 0.5252750002425518,
            "modularity": 0.02076939337700283,
            "average_degree": 104.3172837473415,
            "degree_std": 4.069351157345938,
            "average_shortest_path": 0.473798771138501,
            "global_efficiency": 2.126410288917643
        },
        {
            "clustering": 0.9008742382914686,
            "modularity": 0.0046615473687338675,
            "average_degree": 170.49004187878748,
            "degree_std": 2.358503370036636,
            "average_shortest_path": 0.13697328392790967,
            "global_efficiency": 7.542858544580542
        },
        {
            "clustering": 0.8707491792679581,
            "modularity": 0.009273560134894679,
            "average_degree": 172.5806986300843,
            "degree_std": 6.093015104720509,
            "average_shortest_path": 0.12822307144037667,
            "global_efficiency": 8.613793599774882
        },
        {
            "clustering": 0.10436173941179684,
            "modularity": 0.023214718089617732,
            "average_degree": 20.774698090885124,
            "degree_std": 1.3549547296307385,
            "average_shortest_path": 0.8952816325685334,
            "global_efficiency": 1.1171899843709268
        },
        {
            "clustering": 0.5649236152663993,
            "modularity": 0.01051424019084328,
            "average_degree": 111.99467818415094,
            "degree_std": 4.2420241768279485,
            "average_shortest_path": 0.4346594298215631,
            "global_efficiency": 2.3119720259519423
        },
        {
            "clustering": 0.4213906087370699,
            "modularity": 0.005684584683216133,
            "average_degree": 63.23117586086125,
            "degree_std": 14.46279345265517,
            "average_shortest_path": 0.64890532561604,
            "global_efficiency": 1.5656860656558713
        },
        {
            "clustering": 0.8628917553656907,
            "modularity": 0.00842132451109456,
            "average_degree": 171.05194775532033,
            "degree_std": 6.409672921592304,
            "average_shortest_path": 0.13601370635259605,
            "global_efficiency": 8.127499542626008
        },
        {
            "clustering": 0.5356517846177109,
            "modularity": 0.023738469074633273,
            "average_degree": 106.49902349548508,
            "degree_std": 4.3714502475987596,
            "average_shortest_path": 0.46302404065859903,
            "global_efficiency": 2.186563735889786
        },
        {
            "clustering": 0.8420357524155838,
            "modularity": 0.006254834773503586,
            "average_degree": 166.863212995739,
            "degree_std": 6.511938902354575,
            "average_shortest_path": 0.1574292284032702,
            "global_efficiency": 6.753681385621732
        },
        {
            "clustering": 0.7235358339043454,
            "modularity": 0.02230888993296158,
            "average_degree": 143.73982290168925,
            "degree_std": 6.315451308749857,
            "average_shortest_path": 0.27492474603462086,
            "global_efficiency": 3.8890004747856683
        }
    ],
    "2": [
        {
            "clustering": 0.16248962688703436,
            "modularity": 0.057364581437206484,
            "average_degree": 32.8273729870079,
            "degree_std": 3.3641290043606777,
            "average_shortest_path": 0.8349757887035225,
            "global_efficiency": 1.2002891251944516
        },
        {
            "clustering": 0.46789921699926246,
            "modularity": 0.06497679616571236,
            "average_degree": 90.16509328499578,
            "degree_std": 3.9540064515236115,
            "average_shortest_path": 0.5462286142459859,
            "global_efficiency": 1.9199551700612496
        },
        {
            "clustering": 0.4421212218598464,
            "modularity": 0.06649983876834567,
            "average_degree": 89.3015623718832,
            "degree_std": 5.76692143180516,
            "average_shortest_path": 0.5509356127489635,
            "global_efficiency": 1.8934004506553204
        },
        {
            "clustering": 0.43782025942062774,
            "modularity": 0.06010242449280548,
            "average_degree": 80.72500708549029,
            "degree_std": 4.355916698327451,
            "average_shortest_path": 0.593561777792002,
            "global_efficiency": 1.7419122639889242
        },
        {
            "clustering": 0.19454915838681375,
            "modularity": 0.04364470004372094,
            "average_degree": 39.10809559275731,
            "degree_std": 5.0519282868124655,
            "average_shortest_path": 0.8030505348236722,
            "global_efficiency": 1.2493525716189506
        },
        {
            "clustering": 0.3447530900827749,
            "modularity": 0.06929763206700024,
            "average_degree": 69.81265505345566,
            "degree_std": 4.975964187283491,
            "average_shortest_path": 0.6485509461972012,
            "global_efficiency": 1.5729602949949408
        },
        {
            "clustering": 0.4608606447271724,
            "modularity": 0.05857760407902421,
            "average_degree": 88.61298396632505,
            "degree_std": 3.8902065220961237,
            "average_shortest_path": 0.5540543716868983,
            "global_efficiency": 1.8897023990941546
        },
        {
            "clustering": 0.6004042355743472,
            "modularity": 0.012797166703701096,
            "average_degree": 119.11417903171265,
            "degree_std": 6.865871480730373,
            "average_shortest_path": 0.39869220106279507,
            "global_efficiency": 2.5535367037228576
        },
        {
            "clustering": 0.4092993278094022,
            "modularity": 0.015520235693199666,
            "average_degree": 81.24562497575242,
            "degree_std": 4.634241162267322,
            "average_shortest_path": 0.5899742951988571,
            "global_efficiency": 1.7020066784435612
        },
        {
            "clustering": 0.5359066820614902,
            "modularity": 0.021094559905526715,
            "average_degree": 106.53521807462194,
            "degree_std": 6.397439568834841,
            "average_shortest_path": 0.4626260445044098,
            "global_efficiency": 2.1978125193764275
        },
        {
            "clustering": 0.4807957490921449,
            "modularity": 0.02205062687412546,
            "average_degree": 69.03288855239342,
            "degree_std": 9.49575341696302,
            "average_shortest_path": 0.6518854871755878,
            "global_efficiency": 1.556086750847524
        },
        {
            "clustering": 0.44149586839244254,
            "modularity": 0.04432932395156487,
            "average_degree": 88.8315697832639,
            "degree_std": 5.3116912095394255,
            "average_shortest_path": 0.5535624041686246,
            "global_efficiency": 1.8560242935323041
        }
    ],
    "3": [
        {
            "clustering": 0.37462883085232584,
            "modularity": 0.045532138360925276,
            "average_degree": 75.15114396408417,
            "degree_std": 7.447439094201762,
            "average_shortest_path": 0.6216292123372734,
            "global_efficiency": 1.6380283243427671
        },
        {
            "clustering": 0.5007622784136923,
            "modularity": 0.0140059071077401,
            "average_degree": 99.35913051813073,
            "degree_std": 4.996016758784223,
            "average_shortest_path": 0.4984794868468337,
            "global_efficiency": 2.020044902867909
        },
        {
            "clustering": 0.49934734340112397,
            "modularity": 0.025879608436188004,
            "average_degree": 99.39042735212978,
            "degree_std": 6.999224742799858,
            "average_shortest_path": 0.49883395508951944,
            "global_efficiency": 2.0390808073201163
        },
        {
            "clustering": 0.421620055540809,
            "modularity": 0.07111737547508226,
            "average_degree": 85.72345846030719,
            "degree_std": 7.308439891434166,
            "average_shortest_path": 0.5690274667342278,
            "global_efficiency": 1.8537144375159464
        },
        {
            "clustering": 0.4837896019438019,
            "modularity": 0.048352646383576475,
            "average_degree": 87.88657419522949,
            "degree_std": 4.295830171770769,
            "average_shortest_path": 0.5573177147485397,
            "global_efficiency": 1.854792319596873
        },
        {
            "clustering": 0.7417904950169825,
            "modularity": 0.011681019997920322,
            "average_degree": 147.13015637914305,
            "degree_std": 6.923894482948647,
            "average_shortest_path": 0.25736530230960536,
            "global_efficiency": 4.076635607418856
        },
        {
            "clustering": 0.6033582835512836,
            "modularity": 0.00659514721602147,
            "average_degree": 87.6139635700999,
            "degree_std": 4.759881844649018,
            "average_shortest_path": 0.5573150190333437,
            "global_efficiency": 1.8031426972259477
        },
        {
            "clustering": 0.8601835192599558,
            "modularity": 0.006947293857589113,
            "average_degree": 170.19223020997967,
            "degree_std": 6.607036237161205,
            "average_shortest_path": 0.14052705662837292,
            "global_efficiency": 7.847346364542509
        },
        {
            "clustering": 0.4309050478947998,
            "modularity": 0.06717865208136291,
            "average_degree": 85.16107857903087,
            "degree_std": 5.1098913981588225,
            "average_shortest_path": 0.571447747655226,
            "global_efficiency": 1.8324797163135855
        },
        {
            "clustering": 0.6976287202384958,
            "modularity": 0.015591502823503162,
            "average_degree": 138.4590491736233,
            "degree_std": 7.8584484778082615,
            "average_shortest_path": 0.3011137319041548,
            "global_efficiency": 3.495842606138309
        },
        {
            "clustering": 0.7677818152085443,
            "modularity": 0.018738832643081748,
            "average_degree": 145.24743496601482,
            "degree_std": 4.0300955802501965,
            "average_shortest_path": 0.2669235377219456,
            "global_efficiency": 3.893734686245653
        },
        {
            "clustering": 0.4189323901717102,
            "modularity": 0.08288247470546012,
            "average_degree": 85.57308821131905,
            "degree_std": 5.445005387110634,
            "average_shortest_path": 0.5700815822456652,
            "global_efficiency": 1.868124091964379
        }
    ],
    "4": [
        {
            "clustering": 0.4556649433938816,
            "modularity": 0.05161150317303538,
            "average_degree": 88.35773009667844,
            "degree_std": 5.0382609222758115,
            "average_shortest_path": 0.5546308039018919,
            "global_efficiency": 1.8804580420835975
        },
        {
            "clustering": 0.47283502596380617,
            "modularity": 0.054993644073687356,
            "average_degree": 94.96674248056807,
            "degree_std": 7.141357166423044,
            "average_shortest_path": 0.521929730647865,
            "global_efficiency": 2.001092921045068
        },
        {
            "clustering": 0.43324123326973496,
            "modularity": 0.09486673908684796,
            "average_degree": 86.93848425304705,
            "degree_std": 6.656557239216293,
            "average_shortest_path": 0.5633416231543634,
            "global_efficiency": 1.9208033632075252
        },
        {
            "clustering": 0.6887377357818,
            "modularity": 0.023795420571676253,
            "average_degree": 131.9029151855605,
            "degree_std": 6.947270049302992,
            "average_shortest_path": 0.32339465962699215,
            "global_efficiency": 3.3150856454825672
        },
        {
            "clustering": 0.5280749158171861,
            "modularity": 0.05089992742932739,
            "average_degree": 105.82688280701277,
            "degree_std": 7.958227614881436,
            "average_shortest_path": 0.46645819744324635,
            "global_efficiency": 2.2535623426227067
        },
        {
            "clustering": 0.47629029242625154,
            "modularity": 0.03917981008977288,
            "average_degree": 83.53099450658789,
            "degree_std": 6.6364069184623204,
            "average_shortest_path": 0.5789295358369381,
            "global_efficiency": 1.7746154473883105
        },
        {
            "clustering": 0.5845427230089104,
            "modularity": 0.008908371363522065,
            "average_degree": 89.93949167552766,
            "degree_std": 7.482284458937186,
            "average_shortest_path": 0.5439528052084472,
            "global_efficiency": 1.8642459680096846
        },
        {
            "clustering": 0.4092758751134058,
            "modularity": 0.04575970838413203,
            "average_degree": 82.03039818827298,
            "degree_std": 8.56038972190077,
            "average_shortest_path": 0.5868791050454562,
            "global_efficiency": 1.7405063717043316
        },
        {
            "clustering": 0.4676997262033149,
            "modularity": 0.06294562804922077,
            "average_degree": 90.39628584404687,
            "degree_std": 6.212681502349952,
            "average_shortest_path": 0.5441408683845458,
            "global_efficiency": 1.9597439075393053
        },
        {
            "clustering": 0.46078824013387304,
            "modularity": 0.04812218638942647,
            "average_degree": 86.39182815802609,
            "degree_std": 5.457816384017474,
            "average_shortest_path": 0.5644918453919254,
            "global_efficiency": 1.8358444965756893
        },
        {
            "clustering": 0.22177229710118831,
            "modularity": 0.04915747859832808,
            "average_degree": 44.93640411007628,
            "degree_std": 5.40715323355108,
            "average_shortest_path": 0.7743539508646186,
            "global_efficiency": 1.2995814087283586
        },
        {
            "clustering": 0.3253445656632088,
            "modularity": 0.004312296521609838,
            "average_degree": 64.64434472353958,
            "degree_std": 3.7201202067652144,
            "average_shortest_path": 0.6727207487714125,
            "global_efficiency": 1.493535544270601
        }
    ],
    "5": [
        {
            "clustering": 0.4176967690649117,
            "modularity": 0.06414830978214603,
            "average_degree": 83.37991933877716,
            "degree_std": 6.213461884713185,
            "average_shortest_path": 0.5812389172401046,
            "global_efficiency": 1.7888747950480244
        },
        {
            "clustering": 0.7143801569231388,
            "modularity": 0.02536681941830804,
            "average_degree": 141.67677044940052,
            "degree_std": 6.875312828160903,
            "average_shortest_path": 0.2851977096122961,
            "global_efficiency": 3.793002497670994
        },
        {
            "clustering": 0.257426127334892,
            "modularity": 0.03574017702636978,
            "average_degree": 51.73759723590296,
            "degree_std": 3.199331704250873,
            "average_shortest_path": 0.738243899514738,
            "global_efficiency": 1.3626553122615983
        },
        {
            "clustering": 0.670084651378758,
            "modularity": 0.012877867525733236,
            "average_degree": 132.90928290543926,
            "degree_std": 5.272330377293002,
            "average_shortest_path": 0.3292763841846178,
            "global_efficiency": 3.084046062135762
        },
        {
            "clustering": 0.5791638889234048,
            "modularity": 0.010795746011020955,
            "average_degree": 114.89274382741307,
            "degree_std": 6.539258936676827,
            "average_shortest_path": 0.42004892075826283,
            "global_efficiency": 2.4124396478550256
        },
        {
            "clustering": 0.5802059323735455,
            "modularity": 0.07333516058521766,
            "average_degree": 116.58633120016388,
            "degree_std": 8.015277844146809,
            "average_shortest_path": 0.4127663244975417,
            "global_efficiency": 2.6841724088165213
        },
        {
            "clustering": 0.5493438941999133,
            "modularity": 0.0406257559775446,
            "average_degree": 96.27938843473781,
            "degree_std": 6.763468669857358,
            "average_shortest_path": 0.5139237421030978,
            "global_efficiency": 2.0364275847340765
        },
        {
            "clustering": 0.7893615805099707,
            "modularity": 0.005112222485341592,
            "average_degree": 147.63909243339123,
            "degree_std": 7.318592557452666,
            "average_shortest_path": 0.24568331128291768,
            "global_efficiency": 4.318431887493115
        },
        {
            "clustering": 0.23385344250837897,
            "modularity": 0.037233483802375185,
            "average_degree": 40.198585867366084,
            "degree_std": 6.370860291389133,
            "average_shortest_path": 0.7973409473077055,
            "global_efficiency": 1.260872638186199
        },
        {
            "clustering": 0.2755396531533845,
            "modularity": 0.02923919819137984,
            "average_degree": 55.07252543945971,
            "degree_std": 6.881481623626187,
            "average_shortest_path": 0.7221761479997377,
            "global_efficiency": 1.3931668210250405
        },
        {
            "clustering": 0.4778526863423221,
            "modularity": 0.04535437006692067,
            "average_degree": 93.88210386595635,
            "degree_std": 11.816854818227657,
            "average_shortest_path": 0.5260297912188893,
            "global_efficiency": 2.0031759043105755
        },
        {
            "clustering": 0.4445206255840528,
            "modularity": 0.06233854883123219,
            "average_degree": 89.01056254854704,
            "degree_std": 6.885881429960325,
            "average_shortest_path": 0.5526548541118336,
            "global_efficiency": 1.892734068872367
        }
    ],
    "6": [
        {
            "clustering": 0.6585856423779577,
            "modularity": 0.009847346645368984,
            "average_degree": 130.65698816460107,
            "degree_std": 7.479703107180766,
            "average_shortest_path": 0.3405296425733471,
            "global_efficiency": 3.018036366798231
        },
        {
            "clustering": 0.2697833462316524,
            "modularity": 0.01713527443450819,
            "average_degree": 54.343057373035926,
            "degree_std": 10.96457306947533,
            "average_shortest_path": 0.725957920336685,
            "global_efficiency": 1.3954319625648872
        },
        {
            "clustering": 0.5174066395175115,
            "modularity": 0.030633216732551247,
            "average_degree": 95.85305178984913,
            "degree_std": 8.271311442235442,
            "average_shortest_path": 0.5157057924491739,
            "global_efficiency": 1.9976783264438565
        },
        {
            "clustering": 0.48476855847704,
            "modularity": 0.05162562847878972,
            "average_degree": 89.59222812456547,
            "degree_std": 4.2103645863584145,
            "average_shortest_path": 0.5498026554173626,
            "global_efficiency": 1.8789642436820053
        },
        {
            "clustering": 0.7232276347976371,
            "modularity": 0.009214212919244498,
            "average_degree": 137.56433468218972,
            "degree_std": 7.1326736603447385,
            "average_shortest_path": 0.2920619124226526,
            "global_efficiency": 3.6455707465151104
        },
        {
            "clustering": 0.8038994187160855,
            "modularity": 0.012978868405970533,
            "average_degree": 159.42737416030332,
            "degree_std": 5.969810167602126,
            "average_shortest_path": 0.19498287040829398,
            "global_efficiency": 5.48055035845459
        },
        {
            "clustering": 0.5834112149612704,
            "modularity": 0.03216863667732152,
            "average_degree": 114.19516525856005,
            "degree_std": 11.03282610354303,
            "average_shortest_path": 0.42422999741350226,
            "global_efficiency": 2.5188097739964346
        },
        {
            "clustering": 0.5160730879950632,
            "modularity": 0.03353331788882251,
            "average_degree": 94.42563526821876,
            "degree_std": 8.309000895887332,
            "average_shortest_path": 0.5247077361316881,
            "global_efficiency": 1.962684240730306
        },
        {
            "clustering": 0.5180006433174895,
            "modularity": 0.02235740685347824,
            "average_degree": 102.91049626963836,
            "degree_std": 4.20756224106581,
            "average_shortest_path": 0.48101254258942816,
            "global_efficiency": 2.0957182616415175
        },
        {
            "clustering": 0.6087799566032175,
            "modularity": 0.03840749111983939,
            "average_degree": 121.51263479438103,
            "degree_std": 6.804860009721912,
            "average_shortest_path": 0.387688252139379,
            "global_efficiency": 2.7635081657570306
        },
        {
            "clustering": 0.44649474412082063,
            "modularity": 0.07601460062512999,
            "average_degree": 89.9768976199893,
            "degree_std": 8.308575002017148,
            "average_shortest_path": 0.5470990492834839,
            "global_efficiency": 1.9659678127449218
        },
        {
            "clustering": 0.6362105778645517,
            "modularity": 0.01902474187867762,
            "average_degree": 119.958056093259,
            "degree_std": 12.702846385383964,
            "average_shortest_path": 0.3942411685207897,
            "global_efficiency": 2.7567619477923984
        }
    ],
    "7": [
        {
            "clustering": 0.6453737827136757,
            "modularity": 0.02722084747333684,
            "average_degree": 126.95865990624601,
            "degree_std": 9.037585177313012,
            "average_shortest_path": 0.3594558005828096,
            "global_efficiency": 3.0257305984083205
        },
        {
            "clustering": 0.4768095401626457,
            "modularity": 0.0656299083582296,
            "average_degree": 93.23431615329777,
            "degree_std": 5.6854630073669385,
            "average_shortest_path": 0.5316264811893441,
            "global_efficiency": 1.9764065536155475
        },
        {
            "clustering": 0.32372619195288244,
            "modularity": 0.012958708683238613,
            "average_degree": 64.26495390876777,
            "degree_std": 4.102213056815734,
            "average_shortest_path": 0.6754693483665153,
            "global_efficiency": 1.4843072882749915
        },
        {
            "clustering": 0.39657637579495686,
            "modularity": 0.007655198669296995,
            "average_degree": 78.6548871119647,
            "degree_std": 4.549348254372104,
            "average_shortest_path": 0.6025587302683314,
            "global_efficiency": 1.666377104793786
        },
        {
            "clustering": 0.9060313222110314,
            "modularity": 0.006351029469893427,
            "average_degree": 179.52801524733067,
            "degree_std": 6.140879908437421,
            "average_shortest_path": 0.0932312962740635,
            "global_efficiency": 11.954533670386265
        },
        {
            "clustering": 0.6092411167524424,
            "modularity": 0.043119756437876355,
            "average_degree": 118.34690820624975,
            "degree_std": 9.725646068745721,
            "average_shortest_path": 0.4020432383620892,
            "global_efficiency": 2.6849543702834264
        },
        {
            "clustering": 0.39320905264719963,
            "modularity": 0.015994481311615294,
            "average_degree": 78.07475989551344,
            "degree_std": 3.499095900776411,
            "average_shortest_path": 0.6062175272103237,
            "global_efficiency": 1.6538972251665398
        },
        {
            "clustering": 0.3962853193271598,
            "modularity": 0.019274122146568536,
            "average_degree": 78.72266181082743,
            "degree_std": 4.512274806694964,
            "average_shortest_path": 0.6028750002100843,
            "global_efficiency": 1.6655896054995902
        },
        {
            "clustering": 0.4608949649410611,
            "modularity": 0.06604510837443038,
            "average_degree": 85.2486855148731,
            "degree_std": 7.429632981694082,
            "average_shortest_path": 0.5712470580712135,
            "global_efficiency": 1.8286877331913616
        },
        {
            "clustering": 0.7333884616204028,
            "modularity": 0.02146752902640148,
            "average_degree": 144.34023185574227,
            "degree_std": 5.709057332233791,
            "average_shortest_path": 0.2713145984956715,
            "global_efficiency": 3.8906768678245855
        },
        {
            "clustering": 0.40335221110538244,
            "modularity": 0.07701645264008719,
            "average_degree": 80.73806243302583,
            "degree_std": 5.82016038473782,
            "average_shortest_path": 0.5948248936206748,
            "global_efficiency": 1.7527978100404473
        },
        {
            "clustering": 0.5184061800294438,
            "modularity": 0.047294375411974524,
            "average_degree": 92.83135943614418,
            "degree_std": 4.658841489842344,
            "average_shortest_path": 0.5334786933915148,
            "global_efficiency": 1.9442283708531836
        }
    ],
    "8": [
        {
            "clustering": 0.6929086475978787,
            "modularity": 0.020852340491156775,
            "average_degree": 125.15929840703404,
            "degree_std": 6.501391966029391,
            "average_shortest_path": 0.3685777191960609,
            "global_efficiency": 2.7930711949438685
        },
        {
            "clustering": 0.6400176544383953,
            "modularity": 0.017371757260176132,
            "average_degree": 127.10187863048628,
            "degree_std": 6.061610388121004,
            "average_shortest_path": 0.35894731943309127,
            "global_efficiency": 2.8514770404089687
        },
        {
            "clustering": 0.3770775978337956,
            "modularity": 0.033214613888649304,
            "average_degree": 75.39178798125242,
            "degree_std": 7.134850874239277,
            "average_shortest_path": 0.6202038701422271,
            "global_efficiency": 1.6321072878274268
        },
        {
            "clustering": 0.5738851388188797,
            "modularity": 0.036711977794267305,
            "average_degree": 114.50404562707243,
            "degree_std": 7.039766590521778,
            "average_shortest_path": 0.42298233864261503,
            "global_efficiency": 2.494017298214193
        },
        {
            "clustering": 0.5724604630983913,
            "modularity": 0.03746184697201733,
            "average_degree": 111.70934709688954,
            "degree_std": 10.155071848678997,
            "average_shortest_path": 0.4366585069209592,
            "global_efficiency": 2.4317774075627328
        },
        {
            "clustering": 0.8573964182627579,
            "modularity": 0.0070940772387923234,
            "average_degree": 164.82879353669756,
            "degree_std": 7.033808725619032,
            "average_shortest_path": 0.16688854145101287,
            "global_efficiency": 6.527949691828539
        },
        {
            "clustering": 0.6340199566041618,
            "modularity": 0.032529398216911365,
            "average_degree": 126.24336618899098,
            "degree_std": 5.176462480503348,
            "average_shortest_path": 0.36367785197070085,
            "global_efficiency": 2.8664329305110074
        },
        {
            "clustering": 0.6959952228076315,
            "modularity": 0.010096206024909911,
            "average_degree": 134.74353797230026,
            "degree_std": 13.582034429211648,
            "average_shortest_path": 0.31956338591076333,
            "global_efficiency": 3.4771521768658573
        },
        {
            "clustering": 0.3996808774658161,
            "modularity": 0.04186886254562716,
            "average_degree": 80.00341718448854,
            "degree_std": 6.894220075636741,
            "average_shortest_path": 0.5970913608955439,
            "global_efficiency": 1.701859210069694
        },
        {
            "clustering": 0.41254884405581427,
            "modularity": 0.011835437673059852,
            "average_degree": 59.094629579412995,
            "degree_std": 7.99194270010145,
            "average_shortest_path": 0.7004785403424306,
            "global_efficiency": 1.4396294375795062
        },
        {
            "clustering": 0.7122941067947156,
            "modularity": 0.022787698367330217,
            "average_degree": 141.49350302767024,
            "degree_std": 6.532881717083324,
            "average_shortest_path": 0.28611237861844735,
            "global_efficiency": 3.7276625948476183
        },
        {
            "clustering": 0.5053304513625494,
            "modularity": 0.037702501493216176,
            "average_degree": 101.1038469479387,
            "degree_std": 10.111280525547688,
            "average_shortest_path": 0.4906073550550655,
            "global_efficiency": 2.1267900032562066
        }
    ],
    "9": [
        {
            "clustering": 0.6064341804651681,
            "modularity": 0.013045658965027379,
            "average_degree": 120.26626097127937,
            "degree_std": 4.667191803800795,
            "average_shortest_path": 0.3929933769695407,
            "global_efficiency": 2.5659181857337305
        },
        {
            "clustering": 0.8009022866646304,
            "modularity": 0.012782326070184891,
            "average_degree": 158.86677497852943,
            "degree_std": 6.963591185822352,
            "average_shortest_path": 0.19760073394283356,
            "global_efficiency": 5.49860648358777
        },
        {
            "clustering": 0.5239855840443344,
            "modularity": 0.041634451802129255,
            "average_degree": 104.74412868775124,
            "degree_std": 7.335616703741551,
            "average_shortest_path": 0.4722855831937834,
            "global_efficiency": 2.20881026438482
        },
        {
            "clustering": 0.823047251107276,
            "modularity": 0.007274265529670181,
            "average_degree": 163.1620961325192,
            "degree_std": 7.104471180229896,
            "average_shortest_path": 0.17629680657576388,
            "global_efficiency": 6.089587972993398
        },
        {
            "clustering": 0.6918601901641251,
            "modularity": 0.012724309163928797,
            "average_degree": 136.6403162517288,
            "degree_std": 8.001233147331325,
            "average_shortest_path": 0.31037426301911375,
            "global_efficiency": 3.3788690398945063
        },
        {
            "clustering": 0.34724807765390175,
            "modularity": 0.03700067348408634,
            "average_degree": 69.34367513916828,
            "degree_std": 5.809445258735111,
            "average_shortest_path": 0.650554864010847,
            "global_efficiency": 1.5492791776592398
        },
        {
            "clustering": 0.7465694826404089,
            "modularity": 0.018489358595691154,
            "average_degree": 148.2003068979802,
            "degree_std": 6.658411075536851,
            "average_shortest_path": 0.25173354125522784,
            "global_efficiency": 4.248121909898601
        },
        {
            "clustering": 0.6648142931841188,
            "modularity": 0.02080850113499248,
            "average_degree": 132.1629278185906,
            "degree_std": 8.316743181998099,
            "average_shortest_path": 0.33270360998668286,
            "global_efficiency": 3.203598139301879
        },
        {
            "clustering": 0.40870111110935553,
            "modularity": 0.028834141925334872,
            "average_degree": 81.76643065374239,
            "degree_std": 8.61996817641562,
            "average_shortest_path": 0.5882781945276258,
            "global_efficiency": 1.7290215098315245
        },
        {
            "clustering": 0.462013928463239,
            "modularity": 0.05487018765462079,
            "average_degree": 93.08065162994033,
            "degree_std": 10.324806469908374,
            "average_shortest_path": 0.5314779944375906,
            "global_efficiency": 1.9784922790082011
        },
        {
            "clustering": 0.5050751301628462,
            "modularity": 0.03673640183901075,
            "average_degree": 100.88203388432636,
            "degree_std": 10.98015054696606,
            "average_shortest_path": 0.4914656230418818,
            "global_efficiency": 2.1505202375947983
        },
        {
            "clustering": 0.2829541767765124,
            "modularity": 0.08054212626617482,
            "average_degree": 57.720915530377674,
            "degree_std": 5.048738700746182,
            "average_shortest_path": 0.7097279643035493,
            "global_efficiency": 1.429077158328372
        }
    ],
    "10": [
        {
            "clustering": 0.6066200745097313,
            "modularity": 0.01320045887404822,
            "average_degree": 120.6192236583331,
            "degree_std": 10.265893414023093,
            "average_shortest_path": 0.3914467188784185,
            "global_efficiency": 2.670624569384553
        },
        {
            "clustering": 0.8355245757117468,
            "modularity": 0.007434406955237662,
            "average_degree": 164.48677308339975,
            "degree_std": 6.172536460634104,
            "average_shortest_path": 0.16955764762135653,
            "global_efficiency": 6.256960225502928
        },
        {
            "clustering": 0.7283394960810099,
            "modularity": 0.018349134310747257,
            "average_degree": 144.52286362565712,
            "degree_std": 5.71435590455497,
            "average_shortest_path": 0.2707475812831815,
            "global_efficiency": 3.842836303970594
        },
        {
            "clustering": 0.5170585858417299,
            "modularity": 0.012396120889085411,
            "average_degree": 102.7636866349047,
            "degree_std": 8.738885371038565,
            "average_shortest_path": 0.4814493406681987,
            "global_efficiency": 2.117416426834948
        },
        {
            "clustering": 0.757294643664769,
            "modularity": 0.00854697259403736,
            "average_degree": 150.2019229462995,
            "degree_std": 7.596543287310029,
            "average_shortest_path": 0.2418673367991352,
            "global_efficiency": 4.364894409109015
        },
        {
            "clustering": 0.783059122192147,
            "modularity": 0.011422171948210715,
            "average_degree": 154.7060389184285,
            "degree_std": 8.86833175075204,
            "average_shortest_path": 0.2189204861184874,
            "global_efficiency": 5.04769611527557
        },
        {
            "clustering": 0.7048746753532306,
            "modularity": 0.007927785558310703,
            "average_degree": 140.10320674755388,
            "degree_std": 12.963201897697544,
            "average_shortest_path": 0.2927914083668018,
            "global_efficiency": 3.878098639785107
        },
        {
            "clustering": 0.6507583704225528,
            "modularity": 0.009039193652690115,
            "average_degree": 129.0931548755872,
            "degree_std": 6.629939397337887,
            "average_shortest_path": 0.34849159471955643,
            "global_efficiency": 2.924834294600443
        },
        {
            "clustering": 0.6976146587528301,
            "modularity": 0.008430201509737667,
            "average_degree": 138.33199995125221,
            "degree_std": 5.73640886997738,
            "average_shortest_path": 0.30182178248240277,
            "global_efficiency": 3.3685296148536916
        },
        {
            "clustering": 0.3986406635293387,
            "modularity": 0.012391440787018652,
            "average_degree": 79.28056163590145,
            "degree_std": 6.808437516387884,
            "average_shortest_path": 0.6001153795644403,
            "global_efficiency": 1.678730524636133
        },
        {
            "clustering": 0.7164792642958542,
            "modularity": 0.0073570159749118255,
            "average_degree": 136.0413973398271,
            "degree_std": 8.234828088793595,
            "average_shortest_path": 0.31039377348151587,
            "global_efficiency": 3.349619545390975
        },
        {
            "clustering": 0.8159275106220109,
            "modularity": 0.007633824458539454,
            "average_degree": 161.77697312101674,
            "degree_std": 7.182046204464323,
            "average_shortest_path": 0.1833454309638999,
            "global_efficiency": 5.85808719077172
        }
    ],
    "11": [
        {
            "clustering": 0.8430848036544201,
            "modularity": 0.006829264424443222,
            "average_degree": 165.04100531899465,
            "degree_std": 7.734919976678124,
            "average_shortest_path": 0.16653957531253943,
            "global_efficiency": 6.6926742056293635
        },
        {
            "clustering": 0.8099077408440156,
            "modularity": 0.006957020996855069,
            "average_degree": 157.6846835250622,
            "degree_std": 8.924429535908672,
            "average_shortest_path": 0.20361185679709085,
            "global_efficiency": 5.425663307688523
        },
        {
            "clustering": 0.8895634915442174,
            "modularity": 0.006915037325673376,
            "average_degree": 176.150178266885,
            "degree_std": 6.441712834296769,
            "average_shortest_path": 0.11022618176090092,
            "global_efficiency": 10.138177618727477
        },
        {
            "clustering": 0.8478761979155852,
            "modularity": 0.008044093411838924,
            "average_degree": 163.85183987527017,
            "degree_std": 7.3591706903726495,
            "average_shortest_path": 0.1722817272397458,
            "global_efficiency": 6.313690724985289
        },
        {
            "clustering": 0.8095071153903672,
            "modularity": 0.007627152431291293,
            "average_degree": 159.0008928838636,
            "degree_std": 6.704888380824814,
            "average_shortest_path": 0.19687766512539626,
            "global_efficiency": 5.449172623232482
        },
        {
            "clustering": 0.6459803577721275,
            "modularity": 0.009489511807756002,
            "average_degree": 126.81733267787133,
            "degree_std": 11.189623227120357,
            "average_shortest_path": 0.3597403122124355,
            "global_efficiency": 2.9842658218404745
        },
        {
            "clustering": 0.43258007310388086,
            "modularity": 0.022446389157723973,
            "average_degree": 86.28131782209822,
            "degree_std": 9.081682790966873,
            "average_shortest_path": 0.5648085862044641,
            "global_efficiency": 1.8004665914439764
        },
        {
            "clustering": 0.7534166027259838,
            "modularity": 0.008118363917443038,
            "average_degree": 145.37372976943084,
            "degree_std": 9.528311029988657,
            "average_shortest_path": 0.2660075432966245,
            "global_efficiency": 4.0643796313997465
        },
        {
            "clustering": 0.7454398525009641,
            "modularity": 0.011646120702154828,
            "average_degree": 147.82644625730197,
            "degree_std": 7.00716801783451,
            "average_shortest_path": 0.25365439370308945,
            "global_efficiency": 4.115770722271967
        },
        {
            "clustering": 0.8778857913155846,
            "modularity": 0.006997395347470582,
            "average_degree": 165.47849623716354,
            "degree_std": 6.319211052966541,
            "average_shortest_path": 0.16423433501800946,
            "global_efficiency": 6.489729159641952
        },
        {
            "clustering": 0.8358657627384497,
            "modularity": 0.006989267401725857,
            "average_degree": 159.15104271285907,
            "degree_std": 6.849137099894544,
            "average_shortest_path": 0.19633313783417064,
            "global_efficiency": 5.368967007873192
        },
        {
            "clustering": 0.8732905673440805,
            "modularity": 0.00677505752597314,
            "average_degree": 170.1136611438882,
            "degree_std": 6.796028745513566,
            "average_shortest_path": 0.1406597554375721,
            "global_efficiency": 7.8323269501635995
        }
    ]
}