{
    "0": [
        {
            "clustering": 0.12472044582688414,
            "modularity": 0.009983079477477912,
            "average_degree": 24.71914733000543,
            "degree_std": 0.2010934072762042,
            "average_shortest_path": 0.8752165507175316,
            "global_efficiency": 1.1426093384911855
        },
        {
            "clustering": 0.11556693076364373,
            "modularity": 0.011490283014403994,
            "average_degree": 22.94291353332275,
            "degree_std": 1.812710385371274,
            "average_shortest_path": 0.884205530286511,
            "global_efficiency": 1.1312518016752637
        },
        {
            "clustering": 0.47498749401552803,
            "modularity": 0.007021139545064019,
            "average_degree": 65.44768190438475,
            "degree_std": 1.3499842044179433,
            "average_shortest_path": 0.6694881580553076,
            "global_efficiency": 1.4943340937357197
        },
        {
            "clustering": 0.2642734077343069,
            "modularity": 0.0069710082385329485,
            "average_degree": 52.34564341106035,
            "degree_std": 0.5414109183266899,
            "average_shortest_path": 0.7356322708165136,
            "global_efficiency": 1.3595853832572158
        },
        {
            "clustering": 0.5274602558560447,
            "modularity": 0.006767046580671957,
            "average_degree": 80.52110039665642,
            "degree_std": 2.53656592236295,
            "average_shortest_path": 0.5933830095220743,
            "global_efficiency": 1.6871164802954277
        },
        {
            "clustering": 0.4173229207925231,
            "modularity": 0.0071628655230228065,
            "average_degree": 71.55738689015736,
            "degree_std": 4.763663578978225,
            "average_shortest_path": 0.6385917364623358,
            "global_efficiency": 1.5710576383799983
        },
        {
            "clustering": 0.8890890819470132,
            "modularity": 0.005022038540330867,
            "average_degree": 173.27501406601368,
            "degree_std": 2.9019130244754163,
            "average_shortest_path": 0.12445163387196627,
            "global_efficiency": 8.272388816090903
        },
        {
            "clustering": 0.2960538942923509,
            "modularity": 0.007558919208497536,
            "average_degree": 58.65255442692808,
            "degree_std": 0.8698445235776633,
            "average_shortest_path": 0.703814079284,
            "global_efficiency": 1.421203275224641
        },
        {
            "clustering": 0.23427376123972152,
            "modularity": 0.01822809786802556,
            "average_degree": 46.50942936692547,
            "degree_std": 1.3304591483907897,
            "average_shortest_path": 0.7654091139709781,
            "global_efficiency": 1.3070717051712057
        },
        {
            "clustering": 0.22483334851366701,
            "modularity": 0.007515674437757593,
            "average_degree": 44.54937847819717,
            "degree_std": 0.8828331260303015,
            "average_shortest_path": 0.7750818583148977,
            "global_efficiency": 1.2903326967947917
        },
        {
            "clustering": 0.11639244449136074,
            "modularity": 0.011538790134603781,
            "average_degree": 23.075772311677532,
            "degree_std": 0.43161403631449635,
            "average_shortest_path": 0.8835336704059165,
            "global_efficiency": 1.131866947899131
        },
        {
            "clustering": 0.3560596194363647,
            "modularity": 0.007295329182310245,
            "average_degree": 70.55767255485124,
            "degree_std": 2.604380912451761,
            "average_shortest_path": 0.6437135277054942,
            "global_efficiency": 1.554982501140012
        }
    ],
    "1": [
        {
            "clustering": 0.5036834152403628,
            "modularity": 0.0337871722171965,
            "average_degree": 100.47495953798926,
            "degree_std": 5.120430168877858,
            "average_shortest_path": 0.49404154699283653,
            "global_efficiency": 2.061538124338241
        },
        {
            "clustering": 0.3998644784616762,
            "modularity": 0.05640551026742739,
            "average_degree": 80.84233565578141,
            "degree_std": 4.478006331481041,
            "average_shortest_path": 0.5936821100601173,
            "global_efficiency": 1.7302682258129645
        },
        {
            "clustering": 0.40003091681177816,
            "modularity": 0.030124139666741073,
            "average_degree": 78.0551644991063,
            "degree_std": 7.766564182181706,
            "average_shortest_path": 0.6069372566586564,
            "global_efficiency": 1.675147633408915
        },
        {
            "clustering": 0.547301286772311,
            "modularity": 0.01649276461277442,
            "average_degree": 77.6099970451869,
            "degree_std": 5.063968545035102,
            "average_shortest_path": 0.6080812904681072,
            "global_efficiency": 1.6561601141067301
        },
        {
            "clustering": 0.5055670796934612,
            "modularity": 0.03249298152037832,
            "average_degree": 100.74127314622395,
            "degree_std": 3.178957062371606,
            "average_shortest_path": 0.492312652999677,
            "global_efficiency": 2.060628214613533
        },
        {
            "clustering": 0.4868696129230468,
            "modularity": 0.07266926179742426,
            "average_degree": 98.31854008930237,
            "degree_std": 4.484722038237454,
            "average_shortest_path": 0.5046923372519797,
            "global_efficiency": 2.0854037925049465
        },
        {
            "clustering": 0.39753386404426155,
            "modularity": 0.06011857857355345,
            "average_degree": 80.71972816160175,
            "degree_std": 3.429552859406941,
            "average_shortest_path": 0.5946930654668459,
            "global_efficiency": 1.733912774398305
        },
        {
            "clustering": 0.4475837312235713,
            "modularity": 0.07398967309984467,
            "average_degree": 89.2185743117233,
            "degree_std": 2.6859496111202548,
            "average_shortest_path": 0.549888669901209,
            "global_efficiency": 1.9440100618197682
        },
        {
            "clustering": 0.45444438210404137,
            "modularity": 0.08082525642596278,
            "average_degree": 92.34409809633719,
            "degree_std": 3.7036906296885412,
            "average_shortest_path": 0.5363668939015159,
            "global_efficiency": 1.96759686063759
        },
        {
            "clustering": 0.7415408291748838,
            "modularity": 0.0096771222962754,
            "average_degree": 126.19582458953028,
            "degree_std": 3.902558805565373,
            "average_shortest_path": 0.36003500904926894,
            "global_efficiency": 2.850519091163642
        },
        {
            "clustering": 0.4429517613827108,
            "modularity": 0.05877280870084834,
            "average_degree": 89.69368213119164,
            "degree_std": 4.761808120099459,
            "average_shortest_path": 0.5491999385281348,
            "global_efficiency": 1.8995009427100944
        },
        {
            "clustering": 0.4560744039722717,
            "modularity": 0.03989077164813119,
            "average_degree": 91.11332624559465,
            "degree_std": 4.522117931254834,
            "average_shortest_path": 0.5410546246333509,
            "global_efficiency": 1.8771439056119
        }
    ],
    "2": [
        {
            "clustering": 0.41536009445377964,
            "modularity": 0.0838904812778618,
            "average_degree": 82.20721564529576,
            "degree_std": 3.959971979894305,
            "average_shortest_path": 0.5867675630464935,
            "global_efficiency": 1.7752232514291035
        },
        {
            "clustering": 0.5907291866913915,
            "modularity": 0.018639073130734825,
            "average_degree": 114.13712815361181,
            "degree_std": 5.415111117038222,
            "average_shortest_path": 0.42190840333471713,
            "global_efficiency": 2.4427229399191903
        },
        {
            "clustering": 0.5057948113905435,
            "modularity": 0.05686406769765781,
            "average_degree": 89.28148054222488,
            "degree_std": 2.1017535627153694,
            "average_shortest_path": 0.546354549941897,
            "global_efficiency": 1.912568274158423
        },
        {
            "clustering": 0.4552669665441849,
            "modularity": 0.04691951223421506,
            "average_degree": 91.1453293811994,
            "degree_std": 3.591951828866725,
            "average_shortest_path": 0.5415559893339148,
            "global_efficiency": 1.8830374413923112
        },
        {
            "clustering": 0.4774212645464995,
            "modularity": 0.025220629484013504,
            "average_degree": 91.90478795670114,
            "degree_std": 7.892284195546106,
            "average_shortest_path": 0.5362491011113187,
            "global_efficiency": 1.9153662512609195
        },
        {
            "clustering": 0.3175629297647587,
            "modularity": 0.07597252773950812,
            "average_degree": 65.25531145599088,
            "degree_std": 1.8911631391855233,
            "average_shortest_path": 0.6735519964513788,
            "global_efficiency": 1.5162738776691278
        },
        {
            "clustering": 0.42244318901635625,
            "modularity": 0.048698089170975,
            "average_degree": 84.74909092364605,
            "degree_std": 4.057705465497704,
            "average_shortest_path": 0.5736726978862382,
            "global_efficiency": 1.7739031470053612
        },
        {
            "clustering": 0.3503357812056588,
            "modularity": 0.06019843334641321,
            "average_degree": 70.92770102151825,
            "degree_std": 2.4516446455333734,
            "average_shortest_path": 0.6442611168779837,
            "global_efficiency": 1.5765107475386653
        },
        {
            "clustering": 0.39535888284680065,
            "modularity": 0.027785621552784225,
            "average_degree": 78.97021064586511,
            "degree_std": 5.230571744902105,
            "average_shortest_path": 0.6027436122887585,
            "global_efficiency": 1.673352413752574
        },
        {
            "clustering": 0.4742675901683924,
            "modularity": 0.06613993118664598,
            "average_degree": 92.58461117932326,
            "degree_std": 2.2794372293165277,
            "average_shortest_path": 0.5354699697303044,
            "global_efficiency": 1.9937220902493569
        },
        {
            "clustering": 0.4413480530673229,
            "modularity": 0.07137778155860343,
            "average_degree": 88.98614272792658,
            "degree_std": 2.177437741803533,
            "average_shortest_path": 0.5536251514280924,
            "global_efficiency": 1.9347565122479713
        },
        {
            "clustering": 0.35372319876988007,
            "modularity": 0.07941202452104351,
            "average_degree": 72.64810720694727,
            "degree_std": 2.2884533103608984,
            "average_shortest_path": 0.6354283774653086,
            "global_efficiency": 1.631183064666315
        }
    ],
    "3": [
        {
            "clustering": 0.5065813758186453,
            "modularity": 0.017185676911702613,
            "average_degree": 100.73242096210257,
            "degree_std": 5.498782101499919,
            "average_shortest_path": 0.4922416589815763,
            "global_efficiency": 2.0546561333711555
        },
        {
            "clustering": 0.4706573022735456,
            "modularity": 0.027930855643187025,
            "average_degree": 87.25367581667955,
            "degree_std": 6.428481811381352,
            "average_shortest_path": 0.5601162930276772,
            "global_efficiency": 1.819223899752524
        },
        {
            "clustering": 0.5593590740857702,
            "modularity": 0.019186883182432564,
            "average_degree": 111.16107333089106,
            "degree_std": 7.7101563249936325,
            "average_shortest_path": 0.4397702983391183,
            "global_efficiency": 2.338245263211015
        },
        {
            "clustering": 0.5009441715507699,
            "modularity": 0.05401239209465869,
            "average_degree": 94.60258833360275,
            "degree_std": 2.3067382202127686,
            "average_shortest_path": 0.5121474814211753,
            "global_efficiency": 2.0564972049149177
        },
        {
            "clustering": 0.46055007187798797,
            "modularity": 0.0640933476620676,
            "average_degree": 87.53492276522476,
            "degree_std": 2.064438774741818,
            "average_shortest_path": 0.5608872021226347,
            "global_efficiency": 1.8709179938891862
        },
        {
            "clustering": 0.43904824383288077,
            "modularity": 0.0972341396943032,
            "average_degree": 86.91869330015894,
            "degree_std": 2.092071022494211,
            "average_shortest_path": 0.5614949211021396,
            "global_efficiency": 1.8891781287146607
        },
        {
            "clustering": 0.3803364030584411,
            "modularity": 0.05995167029113743,
            "average_degree": 77.210972124481,
            "degree_std": 2.773971516362491,
            "average_shortest_path": 0.6130131955289947,
            "global_efficiency": 1.6708081875314817
        },
        {
            "clustering": 0.24904766233811912,
            "modularity": 0.05561393994482417,
            "average_degree": 50.59881474675222,
            "degree_std": 2.3821574176691684,
            "average_shortest_path": 0.7466279816951077,
            "global_efficiency": 1.3479689723951007
        },
        {
            "clustering": 0.4365720069741912,
            "modularity": 0.09179181348047503,
            "average_degree": 88.80944342233042,
            "degree_std": 2.707264175700119,
            "average_shortest_path": 0.5504482764617383,
            "global_efficiency": 1.963605207666721
        },
        {
            "clustering": 0.4245703737301116,
            "modularity": 0.07610344427606944,
            "average_degree": 86.42353293753243,
            "degree_std": 4.257902917872169,
            "average_shortest_path": 0.5660085460876084,
            "global_efficiency": 1.8487280840221347
        },
        {
            "clustering": 0.34653284480237573,
            "modularity": 0.08681038191657078,
            "average_degree": 71.60421905533944,
            "degree_std": 1.9575817095312749,
            "average_shortest_path": 0.6417890054821386,
            "global_efficiency": 1.610478108725399
        },
        {
            "clustering": 0.27656356077711564,
            "modularity": 0.026188755440488445,
            "average_degree": 55.26023322940165,
            "degree_std": 2.3536437347625516,
            "average_shortest_path": 0.722041915399086,
            "global_efficiency": 1.3883756933050737
        }
    ],
    "4": [
        {
            "clustering": 0.5169129559251974,
            "modularity": 0.05367603306787262,
            "average_degree": 89.03496712996458,
            "degree_std": 1.9967372272860424,
            "average_shortest_path": 0.5490936338353531,
            "global_efficiency": 1.8882657083654582
        },
        {
            "clustering": 0.66635453587903,
            "modularity": 0.010686631930884163,
            "average_degree": 114.82364857850823,
            "degree_std": 4.379065829499709,
            "average_shortest_path": 0.41623376714470695,
            "global_efficiency": 2.458015610771752
        },
        {
            "clustering": 0.5056695546654831,
            "modularity": 0.02487760696052018,
            "average_degree": 100.98892258866627,
            "degree_std": 8.476633100590083,
            "average_shortest_path": 0.48952907653365124,
            "global_efficiency": 2.1170467061271916
        },
        {
            "clustering": 0.5142507511766635,
            "modularity": 0.01429701208126577,
            "average_degree": 96.20085048677213,
            "degree_std": 5.2290312794162235,
            "average_shortest_path": 0.48662167145737195,
            "global_efficiency": 2.143468900078029
        },
        {
            "clustering": 0.5622062415422744,
            "modularity": 0.03703533756048476,
            "average_degree": 103.95456863830753,
            "degree_std": 5.321951092971259,
            "average_shortest_path": 0.4749394080238622,
            "global_efficiency": 2.181856641045201
        },
        {
            "clustering": 0.48993963397504736,
            "modularity": 0.07838598832189758,
            "average_degree": 94.6629074848499,
            "degree_std": 4.601404776958776,
            "average_shortest_path": 0.5237292526718192,
            "global_efficiency": 2.0412708373969433
        },
        {
            "clustering": 0.4648344859628378,
            "modularity": 0.053016315504467094,
            "average_degree": 93.4267147750221,
            "degree_std": 3.545331815124344,
            "average_shortest_path": 0.5293216741320927,
            "global_efficiency": 1.953181640917604
        },
        {
            "clustering": 0.38738520271688354,
            "modularity": 0.04321898941676737,
            "average_degree": 77.63840674552885,
            "degree_std": 4.264440719225269,
            "average_shortest_path": 0.6095065450189142,
            "global_efficiency": 1.6599356272083279
        },
        {
            "clustering": 0.5905607607377185,
            "modularity": 0.046995006622548186,
            "average_degree": 110.76468576353506,
            "degree_std": 5.012457284282108,
            "average_shortest_path": 0.4403912858234655,
            "global_efficiency": 2.37865066033104
        },
        {
            "clustering": 0.4711503480284528,
            "modularity": 0.07568913450073003,
            "average_degree": 93.07679599759645,
            "degree_std": 3.9100377824775148,
            "average_shortest_path": 0.5314820451649113,
            "global_efficiency": 1.9742540951898633
        },
        {
            "clustering": 0.4863321909360247,
            "modularity": 0.06086356005816758,
            "average_degree": 96.93426469127552,
            "degree_std": 4.630216873025395,
            "average_shortest_path": 0.5121744342001878,
            "global_efficiency": 2.0560323793979975
        },
        {
            "clustering": 0.42656368394827526,
            "modularity": 0.08028929501246575,
            "average_degree": 87.31959336620467,
            "degree_std": 2.3650255945741168,
            "average_shortest_path": 0.5616862110913448,
            "global_efficiency": 1.9002195194687732
        }
    ],
    "5": [
        {
            "clustering": 0.49824348988236056,
            "modularity": 0.05910476403580906,
            "average_degree": 80.7208503868479,
            "degree_std": 3.532167651302316,
            "average_shortest_path": 0.5939322576001886,
            "global_efficiency": 1.7196870976355014
        },
        {
            "clustering": 0.49312022025163443,
            "modularity": 0.05553266405755619,
            "average_degree": 81.31931445101559,
            "degree_std": 4.5025517315883645,
            "average_shortest_path": 0.5908501032327759,
            "global_efficiency": 1.7260756227174139
        },
        {
            "clustering": 0.4325795438350348,
            "modularity": 0.041098189192509446,
            "average_degree": 86.58137775176559,
            "degree_std": 4.499543437193725,
            "average_shortest_path": 0.5642891502697501,
            "global_efficiency": 1.8009123841382646
        },
        {
            "clustering": 0.534774230326225,
            "modularity": 0.016874552642390968,
            "average_degree": 99.67960156604542,
            "degree_std": 3.976558001430881,
            "average_shortest_path": 0.45998804486333233,
            "global_efficiency": 2.2742407972553034
        },
        {
            "clustering": 0.4380244816781024,
            "modularity": 0.05803582408810545,
            "average_degree": 85.68673279312245,
            "degree_std": 2.519560054410206,
            "average_shortest_path": 0.569636378389139,
            "global_efficiency": 1.8073679198651067
        },
        {
            "clustering": 0.4637136187307947,
            "modularity": 0.0637240501356546,
            "average_degree": 86.64473554877014,
            "degree_std": 3.03436605179653,
            "average_shortest_path": 0.564923968636395,
            "global_efficiency": 1.8449921979357267
        },
        {
            "clustering": 0.4784972641927988,
            "modularity": 0.053919249909050795,
            "average_degree": 88.82875874968263,
            "degree_std": 5.002781624126586,
            "average_shortest_path": 0.5510961220639987,
            "global_efficiency": 1.8849072696562026
        },
        {
            "clustering": 0.4897416832994592,
            "modularity": 0.04426642655366962,
            "average_degree": 91.55144458882907,
            "degree_std": 3.3464600254666634,
            "average_shortest_path": 0.5371286724443828,
            "global_efficiency": 1.9250327574114885
        },
        {
            "clustering": 0.4077835464499424,
            "modularity": 0.05529080159953775,
            "average_degree": 82.16291445912282,
            "degree_std": 3.4493658655992046,
            "average_shortest_path": 0.5872274460859187,
            "global_efficiency": 1.7404886468412575
        },
        {
            "clustering": 0.4938846133853151,
            "modularity": 0.05799977924700801,
            "average_degree": 87.70156211855777,
            "degree_std": 2.830157922464333,
            "average_shortest_path": 0.5593825085190055,
            "global_efficiency": 1.8556830203767836
        },
        {
            "clustering": 0.4969055915022594,
            "modularity": 0.022177475962154407,
            "average_degree": 94.49577829210276,
            "degree_std": 5.5542087330567735,
            "average_shortest_path": 0.5197693586490734,
            "global_efficiency": 1.9653220209805053
        },
        {
            "clustering": 0.5270063067556118,
            "modularity": 0.008211107181807113,
            "average_degree": 97.27753719667922,
            "degree_std": 3.0334380622072494,
            "average_shortest_path": 0.49467905895261766,
            "global_efficiency": 2.083516030005189
        }
    ],
    "6": [
        {
            "clustering": 0.49117845288482437,
            "modularity": 0.055802125997034435,
            "average_degree": 97.42424426266298,
            "degree_std": 5.44193852306374,
            "average_shortest_path": 0.5096658591164059,
            "global_efficiency": 2.0578355058770215
        },
        {
            "clustering": 0.5790846685958297,
            "modularity": 0.028068720216013185,
            "average_degree": 109.82076488833052,
            "degree_std": 3.0571508076798333,
            "average_shortest_path": 0.441469242766393,
            "global_efficiency": 2.3174703848117923
        },
        {
            "clustering": 0.494730901450463,
            "modularity": 0.00978761525540477,
            "average_degree": 97.27401440598145,
            "degree_std": 5.600579460818502,
            "average_shortest_path": 0.49039747825728497,
            "global_efficiency": 2.11413536324064
        },
        {
            "clustering": 0.4856367290374113,
            "modularity": 0.05405466720220396,
            "average_degree": 97.8463570287679,
            "degree_std": 3.285790481320977,
            "average_shortest_path": 0.5080817408348428,
            "global_efficiency": 2.0582312595946983
        },
        {
            "clustering": 0.5134199290933931,
            "modularity": 0.04949876223591379,
            "average_degree": 102.52412160384539,
            "degree_std": 2.6312615458370336,
            "average_shortest_path": 0.48415803483589465,
            "global_efficiency": 2.1680440497199225
        },
        {
            "clustering": 0.44678113422769894,
            "modularity": 0.055139298895208466,
            "average_degree": 80.78278607761845,
            "degree_std": 3.1269617160051055,
            "average_shortest_path": 0.5941547738541676,
            "global_efficiency": 1.7257742073496316
        },
        {
            "clustering": 0.49867059306198774,
            "modularity": 0.02517124972805255,
            "average_degree": 91.31036945455787,
            "degree_std": 7.7353211901812475,
            "average_shortest_path": 0.5397464286147743,
            "global_efficiency": 1.8917855608673368
        },
        {
            "clustering": 0.5181601588038881,
            "modularity": 0.040446652606723046,
            "average_degree": 94.94894317730154,
            "degree_std": 5.600906378683146,
            "average_shortest_path": 0.5198657329543602,
            "global_efficiency": 1.9774116274418199
        },
        {
            "clustering": 0.4442020342719536,
            "modularity": 0.06454461296089646,
            "average_degree": 90.12462854976042,
            "degree_std": 3.5211491443763814,
            "average_shortest_path": 0.5471739844608496,
            "global_efficiency": 1.915571627397274
        },
        {
            "clustering": 0.4439326992516089,
            "modularity": 0.05554767018934646,
            "average_degree": 78.48486782903248,
            "degree_std": 4.712223331076431,
            "average_shortest_path": 0.6052528284750123,
            "global_efficiency": 1.6834783096459383
        },
        {
            "clustering": 0.514483650825215,
            "modularity": 0.050552743663221586,
            "average_degree": 94.80692332340743,
            "degree_std": 4.818452530105448,
            "average_shortest_path": 0.5231152493029234,
            "global_efficiency": 1.979956491897492
        },
        {
            "clustering": 0.5682650797528129,
            "modularity": 0.030928118350311118,
            "average_degree": 100.85186277217802,
            "degree_std": 6.411390555424168,
            "average_shortest_path": 0.48827197853509385,
            "global_efficiency": 2.1032736063786914
        }
    ],
    "7": [
        {
            "clustering": 0.4591396236072848,
            "modularity": 0.05117865217486897,
            "average_degree": 91.86397072115666,
            "degree_std": 4.106041161584128,
            "average_shortest_path": 0.5380621799542936,
            "global_efficiency": 1.9287724996494053
        },
        {
            "clustering": 0.5781949330548266,
            "modularity": 0.03804969648366972,
            "average_degree": 97.10680078547456,
            "degree_std": 5.110631257666158,
            "average_shortest_path": 0.5094968919140905,
            "global_efficiency": 2.012205606613498
        },
        {
            "clustering": 0.6540563488958713,
            "modularity": 0.024903782482423295,
            "average_degree": 115.40055579371324,
            "degree_std": 5.2243158237558855,
            "average_shortest_path": 0.41436761945056155,
            "global_efficiency": 2.494446741287055
        },
        {
            "clustering": 0.5669744243076921,
            "modularity": 0.0186278193543071,
            "average_degree": 101.52304186976917,
            "degree_std": 5.925602310983545,
            "average_shortest_path": 0.47601506695318047,
            "global_efficiency": 2.166366937430179
        },
        {
            "clustering": 0.4761094532013749,
            "modularity": 0.053692794779639175,
            "average_degree": 95.82469654615296,
            "degree_std": 5.284281179516605,
            "average_shortest_path": 0.5176923411865415,
            "global_efficiency": 2.0151202881218815
        },
        {
            "clustering": 0.5207604613250493,
            "modularity": 0.04457352198335852,
            "average_degree": 89.71214462717634,
            "degree_std": 3.9694627617843214,
            "average_shortest_path": 0.5481443912747396,
            "global_efficiency": 1.8722476519509956
        },
        {
            "clustering": 0.5147127715464727,
            "modularity": 0.054746472756565426,
            "average_degree": 97.03009882289878,
            "degree_std": 3.3418391424781615,
            "average_shortest_path": 0.5121132641224693,
            "global_efficiency": 2.0240435031301995
        },
        {
            "clustering": 0.5616670568772181,
            "modularity": 0.007805231476857522,
            "average_degree": 102.84238973370945,
            "degree_std": 3.4653919708328758,
            "average_shortest_path": 0.4729137879197281,
            "global_efficiency": 2.148063036440222
        },
        {
            "clustering": 0.4550987686266925,
            "modularity": 0.06491968481467704,
            "average_degree": 88.99880561609075,
            "degree_std": 5.111367962256721,
            "average_shortest_path": 0.552248216609831,
            "global_efficiency": 1.8789637723821389
        },
        {
            "clustering": 0.4804497559192721,
            "modularity": 0.07077283421261188,
            "average_degree": 89.26289347770259,
            "degree_std": 4.602896128504128,
            "average_shortest_path": 0.5499376353660659,
            "global_efficiency": 1.9044716597002374
        },
        {
            "clustering": 0.5447718646115685,
            "modularity": 0.04777438010505686,
            "average_degree": 93.12735136557417,
            "degree_std": 3.7122643315640835,
            "average_shortest_path": 0.5309430036821209,
            "global_efficiency": 1.945614166235436
        },
        {
            "clustering": 0.42775083682654536,
            "modularity": 0.03645408545270784,
            "average_degree": 85.87880555926759,
            "degree_std": 6.275220164158509,
            "average_shortest_path": 0.5682636722798488,
            "global_efficiency": 1.7981571596443464
        }
    ],
    "8": [
        {
            "clustering": 0.5974490062851142,
            "modularity": 0.035555237483778944,
            "average_degree": 116.07930866612537,
            "degree_std": 5.559452753581366,
            "average_shortest_path": 0.41321226458185717,
            "global_efficiency": 2.5423180716001155
        },
        {
            "clustering": 0.4790956885609493,
            "modularity": 0.0476884470862395,
            "average_degree": 86.27949881346309,
            "degree_std": 4.786854707762114,
            "average_shortest_path": 0.5653995719706992,
            "global_efficiency": 1.810125775993302
        },
        {
            "clustering": 0.46519881888075326,
            "modularity": 0.06075317373558637,
            "average_degree": 91.6097542274678,
            "degree_std": 5.003886489991692,
            "average_shortest_path": 0.5392126795088747,
            "global_efficiency": 1.931523833732773
        },
        {
            "clustering": 0.5405197156672755,
            "modularity": 0.029189109807826005,
            "average_degree": 88.68986554518256,
            "degree_std": 4.982305643812683,
            "average_shortest_path": 0.5521599372683309,
            "global_efficiency": 1.8428358971763907
        },
        {
            "clustering": 0.49645962741352095,
            "modularity": 0.046386666177446516,
            "average_degree": 99.51324448735193,
            "degree_std": 5.231305457547994,
            "average_shortest_path": 0.49859470703108355,
            "global_efficiency": 2.0743849581332436
        },
        {
            "clustering": 0.5812590225990242,
            "modularity": 0.026128213688471104,
            "average_degree": 115.88488098778274,
            "degree_std": 5.218398446300078,
            "average_shortest_path": 0.41626591671629276,
            "global_efficiency": 2.476000152440246
        },
        {
            "clustering": 0.56732582897859,
            "modularity": 0.028892769195403574,
            "average_degree": 96.4236918263261,
            "degree_std": 5.060184122093869,
            "average_shortest_path": 0.5120362530553232,
            "global_efficiency": 1.9997700949487538
        },
        {
            "clustering": 0.57253930528006,
            "modularity": 0.016182909794504256,
            "average_degree": 107.3334086174043,
            "degree_std": 4.977595517026751,
            "average_shortest_path": 0.4489322463481751,
            "global_efficiency": 2.2962017145004894
        },
        {
            "clustering": 0.5662338840324288,
            "modularity": 0.04681365663287077,
            "average_degree": 105.42249489126235,
            "degree_std": 6.632628829518452,
            "average_shortest_path": 0.4677580785713291,
            "global_efficiency": 2.2504201900334957
        },
        {
            "clustering": 0.4759016465983178,
            "modularity": 0.05901867752465652,
            "average_degree": 91.73061369209829,
            "degree_std": 4.6533767639602415,
            "average_shortest_path": 0.537910316582641,
            "global_efficiency": 1.9263382549988048
        },
        {
            "clustering": 0.5362631086452991,
            "modularity": 0.05669423522259702,
            "average_degree": 90.13277600817864,
            "degree_std": 4.16779341741239,
            "average_shortest_path": 0.5459786915154424,
            "global_efficiency": 1.8862442670812585
        },
        {
            "clustering": 0.48596758686251107,
            "modularity": 0.05261545793362088,
            "average_degree": 97.85244143590397,
            "degree_std": 4.189646378186431,
            "average_shortest_path": 0.5077060215752296,
            "global_efficiency": 2.052364578428246
        }
    ],
    "9": [
        {
            "clustering": 0.5796223272063946,
            "modularity": 0.06364783258464364,
            "average_degree": 106.65818432394877,
            "degree_std": 4.803588180725615,
            "average_shortest_path": 0.4615986231782216,
            "global_efficiency": 2.2943406533683866
        },
        {
            "clustering": 0.5836317466182691,
            "modularity": 0.046927516401681184,
            "average_degree": 111.2954392284222,
            "degree_std": 5.323300655502252,
            "average_shortest_path": 0.43681154154626234,
            "global_efficiency": 2.4156381064901766
        },
        {
            "clustering": 0.5171346154109283,
            "modularity": 0.061202618371574494,
            "average_degree": 86.90353938455178,
            "degree_std": 5.590168166160385,
            "average_shortest_path": 0.5624895105262157,
            "global_efficiency": 1.8321244897611848
        },
        {
            "clustering": 0.6205734790381006,
            "modularity": 0.028961718710637754,
            "average_degree": 94.76922211963597,
            "degree_std": 6.059597709982647,
            "average_shortest_path": 0.521898630361186,
            "global_efficiency": 1.9626038226974167
        },
        {
            "clustering": 0.6778704907887507,
            "modularity": 0.030348901227550386,
            "average_degree": 125.17250547706239,
            "degree_std": 4.365851499051431,
            "average_shortest_path": 0.368478630599081,
            "global_efficiency": 2.8282195181646115
        },
        {
            "clustering": 0.6673919565306047,
            "modularity": 0.03941142767842534,
            "average_degree": 115.5053511495925,
            "degree_std": 4.522816271527656,
            "average_shortest_path": 0.4173418052790141,
            "global_efficiency": 2.488147326696705
        },
        {
            "clustering": 0.6041265032471841,
            "modularity": 0.02719486504763605,
            "average_degree": 108.87595410823434,
            "degree_std": 5.1042557826428725,
            "average_shortest_path": 0.45079196877214134,
            "global_efficiency": 2.2832279470816195
        },
        {
            "clustering": 0.5672698988893121,
            "modularity": 0.02147549348221374,
            "average_degree": 113.06387413217207,
            "degree_std": 5.9421276158893175,
            "average_shortest_path": 0.4303211979273398,
            "global_efficiency": 2.3890085748157976
        },
        {
            "clustering": 0.5155253192731148,
            "modularity": 0.05688819521989684,
            "average_degree": 103.3953279298679,
            "degree_std": 5.428702772389593,
            "average_shortest_path": 0.4787598895500447,
            "global_efficiency": 2.185549241522107
        },
        {
            "clustering": 0.4621010701597181,
            "modularity": 0.028375523442407118,
            "average_degree": 92.28673597335124,
            "degree_std": 5.922280580421404,
            "average_shortest_path": 0.5349088128184168,
            "global_efficiency": 1.902712910026689
        },
        {
            "clustering": 0.6044784310475336,
            "modularity": 0.02554999912046781,
            "average_degree": 114.80317161739694,
            "degree_std": 5.324510917674601,
            "average_shortest_path": 0.41945864110112213,
            "global_efficiency": 2.4691166887340046
        },
        {
            "clustering": 0.6245039210365935,
            "modularity": 0.02227953334157394,
            "average_degree": 104.4384865113861,
            "degree_std": 6.318518770842226,
            "average_shortest_path": 0.4716203883261347,
            "global_efficiency": 2.1803364643185508
        }
    ],
    "10": [
        {
            "clustering": 0.5910428306797817,
            "modularity": 0.022285738946461152,
            "average_degree": 91.74220620736507,
            "degree_std": 5.460025422402866,
            "average_shortest_path": 0.536371541879911,
            "global_efficiency": 1.8987330027665552
        },
        {
            "clustering": 0.6562162091754656,
            "modularity": 0.017350203786684795,
            "average_degree": 109.48233001691199,
            "degree_std": 5.147485708253799,
            "average_shortest_path": 0.44704841116363586,
            "global_efficiency": 2.284965479543467
        },
        {
            "clustering": 0.5679758664866541,
            "modularity": 0.016364653105943122,
            "average_degree": 112.96934520850998,
            "degree_std": 6.2892439170953836,
            "average_shortest_path": 0.42988318723016583,
            "global_efficiency": 2.3831977059742706
        },
        {
            "clustering": 0.4086763305902117,
            "modularity": 0.026770616111375115,
            "average_degree": 81.62639610454883,
            "degree_std": 4.3291314549538065,
            "average_shortest_path": 0.5886474230714123,
            "global_efficiency": 1.7182154446037345
        },
        {
            "clustering": 0.5785410899582052,
            "modularity": 0.02012650996119964,
            "average_degree": 115.0230626408456,
            "degree_std": 5.641375522052196,
            "average_shortest_path": 0.41776999480397936,
            "global_efficiency": 2.47104460695396
        },
        {
            "clustering": 0.521427789820091,
            "modularity": 0.026940217086312196,
            "average_degree": 98.8796428608501,
            "degree_std": 7.420654148078779,
            "average_shortest_path": 0.5014007675131292,
            "global_efficiency": 2.0502602214925525
        },
        {
            "clustering": 0.6786080587306916,
            "modularity": 0.014042093446193418,
            "average_degree": 132.2239662793149,
            "degree_std": 3.615672304081762,
            "average_shortest_path": 0.33225864696370544,
            "global_efficiency": 3.0860305496972242
        },
        {
            "clustering": 0.5661315678154282,
            "modularity": 0.025650170202508142,
            "average_degree": 99.27829113322494,
            "degree_std": 6.290192479546418,
            "average_shortest_path": 0.4981150070480685,
            "global_efficiency": 2.066105444445638
        },
        {
            "clustering": 0.4410135719416165,
            "modularity": 0.02301444162914869,
            "average_degree": 87.99568895222865,
            "degree_std": 4.925225182314521,
            "average_shortest_path": 0.5564768228506468,
            "global_efficiency": 1.8214297458962345
        },
        {
            "clustering": 0.5305610141522091,
            "modularity": 0.01921128429584054,
            "average_degree": 105.70230756942759,
            "degree_std": 5.426665371106497,
            "average_shortest_path": 0.46587796478044935,
            "global_efficiency": 2.2040998105521377
        },
        {
            "clustering": 0.5815949467722543,
            "modularity": 0.0346339279408039,
            "average_degree": 106.89588246897515,
            "degree_std": 6.136255372095832,
            "average_shortest_path": 0.460771468137759,
            "global_efficiency": 2.245143571594348
        },
        {
            "clustering": 0.6063163634605961,
            "modularity": 0.018438431407455262,
            "average_degree": 104.61693101157609,
            "degree_std": 6.735380731158341,
            "average_shortest_path": 0.47159400907837457,
            "global_efficiency": 2.1758361104661454
        }
    ],
    "11": [
        {
            "clustering": 0.5608876389630165,
            "modularity": 0.02100001771773198,
            "average_degree": 106.93778617002816,
            "degree_std": 6.333004678558017,
            "average_shortest_path": 0.4603741476789514,
            "global_efficiency": 2.231805219467564
        },
        {
            "clustering": 0.6161762049383156,
            "modularity": 0.021078208823941097,
            "average_degree": 108.81086052329157,
            "degree_std": 5.117127895482906,
            "average_shortest_path": 0.4497028506945328,
            "global_efficiency": 2.283699983007706
        },
        {
            "clustering": 0.7676108388745304,
            "modularity": 0.008073844992956603,
            "average_degree": 123.43078213372007,
            "degree_std": 8.517864041953164,
            "average_shortest_path": 0.3749241351164352,
            "global_efficiency": 2.74364551037272
        },
        {
            "clustering": 0.522362796194886,
            "modularity": 0.019242917360106616,
            "average_degree": 104.01764363813209,
            "degree_std": 5.26390030365154,
            "average_shortest_path": 0.4750286060039332,
            "global_efficiency": 2.1464891134115422
        },
        {
            "clustering": 0.6193165539395682,
            "modularity": 0.019153379536450577,
            "average_degree": 105.98968388651444,
            "degree_std": 5.559097616346495,
            "average_shortest_path": 0.4642651330874159,
            "global_efficiency": 2.2068182560803504
        },
        {
            "clustering": 0.5676552259037241,
            "modularity": 0.019520095971994708,
            "average_degree": 103.90093447317845,
            "degree_std": 7.427471059520311,
            "average_shortest_path": 0.4739143644446714,
            "global_efficiency": 2.178550417219392
        },
        {
            "clustering": 0.5573612368369033,
            "modularity": 0.02125984198758264,
            "average_degree": 82.01346129160761,
            "degree_std": 7.38700420854725,
            "average_shortest_path": 0.5859913077404019,
            "global_efficiency": 1.736775516029047
        },
        {
            "clustering": 0.6241852572539731,
            "modularity": 0.019868944563657752,
            "average_degree": 114.51035853445747,
            "degree_std": 6.992721547977106,
            "average_shortest_path": 0.4213129126849933,
            "global_efficiency": 2.4546873107421567
        },
        {
            "clustering": 0.6520885391202187,
            "modularity": 0.020208252849374206,
            "average_degree": 109.62153656520431,
            "degree_std": 6.047802636146108,
            "average_shortest_path": 0.4465746491928243,
            "global_efficiency": 2.293010981076439
        },
        {
            "clustering": 0.6932832234043177,
            "modularity": 0.018239031791190012,
            "average_degree": 118.77219689373351,
            "degree_std": 4.853687234073997,
            "average_shortest_path": 0.40050135482298294,
            "global_efficiency": 2.554672231817825
        },
        {
            "clustering": 0.5602623271159174,
            "modularity": 0.021123621507077965,
            "average_degree": 100.98618040351764,
            "degree_std": 5.875222879652745,
            "average_shortest_path": 0.4903956450686391,
            "global_efficiency": 2.081371054510931
        },
        {
            "clustering": 0.6362472270570155,
            "modularity": 0.017659736832840237,
            "average_degree": 109.61939927819029,
            "degree_std": 4.551402236812763,
            "average_shortest_path": 0.4467739546226394,
            "global_efficiency": 2.2778373374703405
        }
    ]
}