{
    "0": [
        {
            "clustering": 0.5354571402205465,
            "modularity": 0.006959848919540316,
            "average_degree": 64.65622331798369,
            "degree_std": 1.3255055051334443,
            "average_shortest_path": 0.6734791375395492,
            "global_efficiency": 1.4854584498657517
        },
        {
            "clustering": 0.1156969572821971,
            "modularity": 0.011505557016318757,
            "average_degree": 22.96572162260778,
            "degree_std": 1.7310334705703931,
            "average_shortest_path": 0.884090724760723,
            "global_efficiency": 1.1313748331453992
        },
        {
            "clustering": 0.26772400749861713,
            "modularity": 0.0069544322763486,
            "average_degree": 53.02895246109139,
            "degree_std": 0.5298254296051879,
            "average_shortest_path": 0.7321799849202185,
            "global_efficiency": 1.3660028679889382
        },
        {
            "clustering": 0.12457787264541975,
            "modularity": 0.009978562122943058,
            "average_degree": 24.69087267855881,
            "degree_std": 0.20398312093104298,
            "average_shortest_path": 0.8753592371471859,
            "global_efficiency": 1.142423100199087
        },
        {
            "clustering": 0.4322159164233934,
            "modularity": 0.007149515213049224,
            "average_degree": 71.56324123738881,
            "degree_std": 4.649408903091791,
            "average_shortest_path": 0.6385620361801545,
            "global_efficiency": 1.5708853632779423
        },
        {
            "clustering": 0.5393487797691018,
            "modularity": 0.006781892003608672,
            "average_degree": 79.21590466845298,
            "degree_std": 2.5124597730990623,
            "average_shortest_path": 0.5999720112089252,
            "global_efficiency": 1.6685257218127532
        },
        {
            "clustering": 0.8915781582166262,
            "modularity": 0.00502044964982349,
            "average_degree": 173.5974616022716,
            "degree_std": 2.8891352659001,
            "average_shortest_path": 0.12283073153277697,
            "global_efficiency": 8.384269218460755
        },
        {
            "clustering": 0.3030723816886945,
            "modularity": 0.007518416496102653,
            "average_degree": 60.04246901438963,
            "degree_std": 0.8908038530151081,
            "average_shortest_path": 0.6967935281861962,
            "global_efficiency": 1.4355471047165298
        },
        {
            "clustering": 0.2255143700365518,
            "modularity": 0.007527897616662075,
            "average_degree": 44.68437800546691,
            "degree_std": 0.8890806431247105,
            "average_shortest_path": 0.7744001972330103,
            "global_efficiency": 1.2914704204806993
        },
        {
            "clustering": 0.11680636002414196,
            "modularity": 0.011491175270678788,
            "average_degree": 23.157646957233748,
            "degree_std": 0.43653767907951846,
            "average_shortest_path": 0.8831200774048714,
            "global_efficiency": 1.132397261162158
        },
        {
            "clustering": 0.3641028577518925,
            "modularity": 0.007265888965935878,
            "average_degree": 72.15044127057415,
            "degree_std": 2.639391317701186,
            "average_shortest_path": 0.635669249668413,
            "global_efficiency": 1.5747394101720287
        },
        {
            "clustering": 0.23578509721002616,
            "modularity": 0.018491315618975646,
            "average_degree": 46.81215578568872,
            "degree_std": 1.3578072390308056,
            "average_shortest_path": 0.7638861728214021,
            "global_efficiency": 1.3097055586525759
        }
    ],
    "1": [
        {
            "clustering": 0.39979190313687657,
            "modularity": 0.029625097128529693,
            "average_degree": 78.31976526554133,
            "degree_std": 7.918939049492355,
            "average_shortest_path": 0.6055806654630852,
            "global_efficiency": 1.679441965220478
        },
        {
            "clustering": 0.40224973837525574,
            "modularity": 0.056529594971636565,
            "average_degree": 81.33281969759328,
            "degree_std": 4.516866427872693,
            "average_shortest_path": 0.591192515573966,
            "global_efficiency": 1.7389713604268706
        },
        {
            "clustering": 0.5527487648441086,
            "modularity": 0.016424429558405087,
            "average_degree": 78.80537137649867,
            "degree_std": 5.089820989048947,
            "average_shortest_path": 0.6020510034852112,
            "global_efficiency": 1.6730589220097516
        },
        {
            "clustering": 0.5026625509393792,
            "modularity": 0.03396260711010622,
            "average_degree": 100.27552460564904,
            "degree_std": 5.100653409521297,
            "average_shortest_path": 0.4950516995455252,
            "global_efficiency": 2.0572539271017907
        },
        {
            "clustering": 0.39421187727421786,
            "modularity": 0.06012640538807274,
            "average_degree": 80.06118029910739,
            "degree_std": 3.4309759775073387,
            "average_shortest_path": 0.5980181630828224,
            "global_efficiency": 1.7232037263179694
        },
        {
            "clustering": 0.44675739998776187,
            "modularity": 0.07416339693627064,
            "average_degree": 89.3196136171661,
            "degree_std": 2.666986799142292,
            "average_shortest_path": 0.5492834896535201,
            "global_efficiency": 1.9473304022330113
        },
        {
            "clustering": 0.4902487175282618,
            "modularity": 0.0721364932992083,
            "average_degree": 98.97593183342451,
            "degree_std": 4.514289803967553,
            "average_shortest_path": 0.5012716442670939,
            "global_efficiency": 2.1010247868939356
        },
        {
            "clustering": 0.5067787818617024,
            "modularity": 0.0319231220295541,
            "average_degree": 100.96474077186372,
            "degree_std": 3.1312366243101963,
            "average_shortest_path": 0.4911704043959347,
            "global_efficiency": 2.06460968121567
        },
        {
            "clustering": 0.45630045068676617,
            "modularity": 0.08041792764434001,
            "average_degree": 92.70221087483763,
            "degree_std": 3.723442259054919,
            "average_shortest_path": 0.5345528298284967,
            "global_efficiency": 1.9750479609321216
        },
        {
            "clustering": 0.4638929778071417,
            "modularity": 0.038956805730368735,
            "average_degree": 92.6416580434861,
            "degree_std": 4.504700622535891,
            "average_shortest_path": 0.5333224458420818,
            "global_efficiency": 1.9048035794003377
        },
        {
            "clustering": 0.7395144308760486,
            "modularity": 0.009617127024615875,
            "average_degree": 127.13298713049676,
            "degree_std": 3.9687891206724357,
            "average_shortest_path": 0.35490825043706203,
            "global_efficiency": 2.8951447135991866
        },
        {
            "clustering": 0.44571570640414687,
            "modularity": 0.058487622248522816,
            "average_degree": 90.23064618635065,
            "degree_std": 4.739205809189907,
            "average_shortest_path": 0.5464862760209152,
            "global_efficiency": 1.909725224150244
        }
    ],
    "2": [
        {
            "clustering": 0.4133435759955881,
            "modularity": 0.0845169123841541,
            "average_degree": 81.61776746154918,
            "degree_std": 3.9297088453481015,
            "average_shortest_path": 0.589730908596777,
            "global_efficiency": 1.7652604445012738
        },
        {
            "clustering": 0.45614874011670065,
            "modularity": 0.04696772917022958,
            "average_degree": 91.32187830028677,
            "degree_std": 3.5973716955592643,
            "average_shortest_path": 0.5406606963577327,
            "global_efficiency": 1.886607414453653
        },
        {
            "clustering": 0.5870715828053644,
            "modularity": 0.018631974916819206,
            "average_degree": 113.40944628078451,
            "degree_std": 5.435556317835551,
            "average_shortest_path": 0.4256568743909926,
            "global_efficiency": 2.4197621615957514
        },
        {
            "clustering": 0.506135994812269,
            "modularity": 0.05684284799088892,
            "average_degree": 89.33588259775026,
            "degree_std": 2.092368165113226,
            "average_shortest_path": 0.546170998771847,
            "global_efficiency": 1.9130291960150698
        },
        {
            "clustering": 0.3516003166492519,
            "modularity": 0.06130292303791747,
            "average_degree": 71.2279391216966,
            "degree_std": 2.4812383066237067,
            "average_shortest_path": 0.6427935102920783,
            "global_efficiency": 1.581263308021171
        },
        {
            "clustering": 0.42094968331111104,
            "modularity": 0.04875897266121708,
            "average_degree": 84.45357002594663,
            "degree_std": 4.0969301361600206,
            "average_shortest_path": 0.5751603150159692,
            "global_efficiency": 1.769128790590571
        },
        {
            "clustering": 0.316392752940624,
            "modularity": 0.07609987401450899,
            "average_degree": 65.02336524611981,
            "degree_std": 1.876239241122171,
            "average_shortest_path": 0.6747134107715211,
            "global_efficiency": 1.5134041390977104
        },
        {
            "clustering": 0.472168974642195,
            "modularity": 0.02553144790954134,
            "average_degree": 91.31704150048296,
            "degree_std": 7.976982685232517,
            "average_shortest_path": 0.5390917818965395,
            "global_efficiency": 1.906368328078047
        },
        {
            "clustering": 0.3980683377710647,
            "modularity": 0.027374223481781715,
            "average_degree": 79.49615917805554,
            "degree_std": 5.248674365541711,
            "average_shortest_path": 0.6000688032162943,
            "global_efficiency": 1.6808452838009187
        },
        {
            "clustering": 0.4756054699152488,
            "modularity": 0.06587476764241287,
            "average_degree": 92.6383699751668,
            "degree_std": 2.2681230456217074,
            "average_shortest_path": 0.5351994130151522,
            "global_efficiency": 1.993961319472641
        },
        {
            "clustering": 0.35340178432075414,
            "modularity": 0.07942860787217045,
            "average_degree": 72.57779602649191,
            "degree_std": 2.3572437861506557,
            "average_shortest_path": 0.6357728030875569,
            "global_efficiency": 1.6303403328764015
        },
        {
            "clustering": 0.4422438229325191,
            "modularity": 0.07075940137686548,
            "average_degree": 89.39245122901555,
            "degree_std": 2.178582296223341,
            "average_shortest_path": 0.5515477560172425,
            "global_efficiency": 1.9432473833203148
        }
    ],
    "3": [
        {
            "clustering": 0.5570327263123324,
            "modularity": 0.019314504148300105,
            "average_degree": 110.73040100894971,
            "degree_std": 7.685247503775826,
            "average_shortest_path": 0.4419442505179709,
            "global_efficiency": 2.3262956137323565
        },
        {
            "clustering": 0.46665024198295346,
            "modularity": 0.028190360860790874,
            "average_degree": 87.65936869850609,
            "degree_std": 6.515460501253806,
            "average_shortest_path": 0.558022546643251,
            "global_efficiency": 1.8271801118383282
        },
        {
            "clustering": 0.5014965413166217,
            "modularity": 0.05409956723303626,
            "average_degree": 94.71895854470759,
            "degree_std": 2.316732915575617,
            "average_shortest_path": 0.5114209090690339,
            "global_efficiency": 2.0600840343568074
        },
        {
            "clustering": 0.5045574815144107,
            "modularity": 0.017074192546588166,
            "average_degree": 100.33490125249399,
            "degree_std": 5.541738715720734,
            "average_shortest_path": 0.4942516597400629,
            "global_efficiency": 2.046383442936447
        },
        {
            "clustering": 0.37747782352148984,
            "modularity": 0.05968064815840628,
            "average_degree": 76.63143060737141,
            "degree_std": 2.7824219171558484,
            "average_shortest_path": 0.6159218568164436,
            "global_efficiency": 1.661891291709269
        },
        {
            "clustering": 0.24466255540882945,
            "modularity": 0.05595782203858339,
            "average_degree": 49.72409392868574,
            "degree_std": 2.353864293984757,
            "average_shortest_path": 0.7510283913174571,
            "global_efficiency": 1.3397699516804988
        },
        {
            "clustering": 0.43833865914404113,
            "modularity": 0.0978475236349537,
            "average_degree": 86.74391760193907,
            "degree_std": 2.11602393326111,
            "average_shortest_path": 0.5623432949391279,
            "global_efficiency": 1.8869546388700928
        },
        {
            "clustering": 0.46076261042185,
            "modularity": 0.06392861985450017,
            "average_degree": 87.63781644771461,
            "degree_std": 2.066475177662998,
            "average_shortest_path": 0.5603582842631556,
            "global_efficiency": 1.872625992760588
        },
        {
            "clustering": 0.27377522923148806,
            "modularity": 0.026257134576538575,
            "average_degree": 54.70555726248439,
            "degree_std": 2.3536287794390205,
            "average_shortest_path": 0.7248325931661682,
            "global_efficiency": 1.3829671092736993
        },
        {
            "clustering": 0.42401592004413224,
            "modularity": 0.07680783227907938,
            "average_degree": 86.3487513942834,
            "degree_std": 4.362241219108224,
            "average_shortest_path": 0.5663981394461942,
            "global_efficiency": 1.848875523709104
        },
        {
            "clustering": 0.34818976511200495,
            "modularity": 0.08621917702420301,
            "average_degree": 71.88647391574968,
            "degree_std": 1.9293918911285646,
            "average_shortest_path": 0.6403392866774213,
            "global_efficiency": 1.6136764942343524
        },
        {
            "clustering": 0.4378167969729667,
            "modularity": 0.09122750908679297,
            "average_degree": 89.02520255150877,
            "degree_std": 2.687274525253665,
            "average_shortest_path": 0.549552561110122,
            "global_efficiency": 1.9659515068093454
        }
    ],
    "4": [
        {
            "clustering": 0.5130298771918306,
            "modularity": 0.01399092221392971,
            "average_degree": 96.44306513223154,
            "degree_std": 5.155804519535701,
            "average_shortest_path": 0.48527151959279924,
            "global_efficiency": 2.1493538146756666
        },
        {
            "clustering": 0.6653148168430943,
            "modularity": 0.010761200210331907,
            "average_degree": 113.71762394836503,
            "degree_std": 4.4218666391063,
            "average_shortest_path": 0.42195165777260757,
            "global_efficiency": 2.423910769831428
        },
        {
            "clustering": 0.5049939114449356,
            "modularity": 0.024917317245738757,
            "average_degree": 100.64694829704673,
            "degree_std": 8.361063183612863,
            "average_shortest_path": 0.4911514351634648,
            "global_efficiency": 2.1090030540663047
        },
        {
            "clustering": 0.5164207910943709,
            "modularity": 0.053676791883408445,
            "average_degree": 88.97687308789726,
            "degree_std": 1.9641534065253639,
            "average_shortest_path": 0.5493224275046358,
            "global_efficiency": 1.8873511638286
        },
        {
            "clustering": 0.55930350785837,
            "modularity": 0.03720893408439957,
            "average_degree": 103.06349196148581,
            "degree_std": 5.3654356124037665,
            "average_shortest_path": 0.47961325407080546,
            "global_efficiency": 2.157310666396856
        },
        {
            "clustering": 0.48711873866479766,
            "modularity": 0.0745651135951596,
            "average_degree": 94.901602978527,
            "degree_std": 4.534579290679375,
            "average_shortest_path": 0.5224621554509177,
            "global_efficiency": 2.0492684787831665
        },
        {
            "clustering": 0.46634879672008034,
            "modularity": 0.05269362633824819,
            "average_degree": 93.70594363561958,
            "degree_std": 3.5136215626226703,
            "average_shortest_path": 0.5279108285556602,
            "global_efficiency": 1.957940113382236
        },
        {
            "clustering": 0.38080157581868174,
            "modularity": 0.043131115294196054,
            "average_degree": 76.34296390834713,
            "degree_std": 4.365979280670461,
            "average_shortest_path": 0.616035376054929,
            "global_efficiency": 1.642015734602475
        },
        {
            "clustering": 0.4246581262310692,
            "modularity": 0.07770862045104876,
            "average_degree": 86.95749969265519,
            "degree_std": 2.3512540051139026,
            "average_shortest_path": 0.563506414642434,
            "global_efficiency": 1.8933042833289575
        },
        {
            "clustering": 0.46916831607091236,
            "modularity": 0.07567102175530657,
            "average_degree": 92.71135408220641,
            "degree_std": 3.8478119228107963,
            "average_shortest_path": 0.5333335664645543,
            "global_efficiency": 1.9654810473032065
        },
        {
            "clustering": 0.4799491046820911,
            "modularity": 0.06133441469809574,
            "average_degree": 96.78586005089237,
            "degree_std": 4.6769423554120415,
            "average_shortest_path": 0.5128388625240204,
            "global_efficiency": 2.0542322950836254
        },
        {
            "clustering": 0.5901689135322133,
            "modularity": 0.04669673494913214,
            "average_degree": 110.58386978213247,
            "degree_std": 5.044804854834037,
            "average_shortest_path": 0.44100088061560544,
            "global_efficiency": 2.374912073274542
        }
    ],
    "5": [
        {
            "clustering": 0.43798232036731066,
            "modularity": 0.040369633216125134,
            "average_degree": 87.63130541448679,
            "degree_std": 4.454609708570594,
            "average_shortest_path": 0.5589659044712445,
            "global_efficiency": 1.81816174363325
        },
        {
            "clustering": 0.4994101809322923,
            "modularity": 0.059693763243184456,
            "average_degree": 81.06688958587237,
            "degree_std": 3.5998813937098553,
            "average_shortest_path": 0.5922116350769254,
            "global_efficiency": 1.7266460133450825
        },
        {
            "clustering": 0.5387720265188434,
            "modularity": 0.016338145077505015,
            "average_degree": 100.73617181854833,
            "degree_std": 3.9123307750498686,
            "average_shortest_path": 0.4539312955548167,
            "global_efficiency": 2.3061715112859065
        },
        {
            "clustering": 0.4986846307502378,
            "modularity": 0.055509247733450326,
            "average_degree": 82.25053166834655,
            "degree_std": 4.517751797630204,
            "average_shortest_path": 0.5861367813836171,
            "global_efficiency": 1.7411152690475113
        },
        {
            "clustering": 0.47861536823293255,
            "modularity": 0.05384772404538801,
            "average_degree": 88.47628358392441,
            "degree_std": 4.957355735332143,
            "average_shortest_path": 0.5527513642037866,
            "global_efficiency": 1.878867209064962
        },
        {
            "clustering": 0.42945469758958427,
            "modularity": 0.06250348376667725,
            "average_degree": 84.65544907964473,
            "degree_std": 2.5122922377995396,
            "average_shortest_path": 0.5748507047805105,
            "global_efficiency": 1.7911521997737816
        },
        {
            "clustering": 0.49090572244080427,
            "modularity": 0.044270035564100085,
            "average_degree": 92.01775146235063,
            "degree_std": 3.320412466778022,
            "average_shortest_path": 0.5345395479249279,
            "global_efficiency": 1.9353377769982993
        },
        {
            "clustering": 0.45926978599307905,
            "modularity": 0.06375804171782112,
            "average_degree": 85.52305351231483,
            "degree_std": 3.064948316028319,
            "average_shortest_path": 0.5705683003643456,
            "global_efficiency": 1.8241016528005762
        },
        {
            "clustering": 0.49778297114306413,
            "modularity": 0.0219604532235626,
            "average_degree": 94.55434661926569,
            "degree_std": 5.4920959335046815,
            "average_shortest_path": 0.5190032158505434,
            "global_efficiency": 1.9687131239227695
        },
        {
            "clustering": 0.49486066684822905,
            "modularity": 0.058798062857144284,
            "average_degree": 87.91695688175813,
            "degree_std": 2.8187816763639075,
            "average_shortest_path": 0.558293803591113,
            "global_efficiency": 1.8596284594700818
        },
        {
            "clustering": 0.4084775970965946,
            "modularity": 0.055595152752736285,
            "average_degree": 82.29970704840912,
            "degree_std": 3.58122555600223,
            "average_shortest_path": 0.5865279606905759,
            "global_efficiency": 1.7428807647056905
        },
        {
            "clustering": 0.5346241015822354,
            "modularity": 0.007972287515937093,
            "average_degree": 98.35372767880813,
            "degree_std": 2.9304068816934334,
            "average_shortest_path": 0.4899085634005486,
            "global_efficiency": 2.1026158743723893
        }
    ],
    "6": [
        {
            "clustering": 0.5861989297707993,
            "modularity": 0.027519768573078585,
            "average_degree": 109.41459217195498,
            "degree_std": 3.0990252415014408,
            "average_shortest_path": 0.44352470619834966,
            "global_efficiency": 2.3059693127339607
        },
        {
            "clustering": 0.4907336103747283,
            "modularity": 0.009595416748086505,
            "average_degree": 98.23349997259609,
            "degree_std": 5.416309614003929,
            "average_shortest_path": 0.4857995901343632,
            "global_efficiency": 2.1337144333194424
        },
        {
            "clustering": 0.4946543878439815,
            "modularity": 0.05321969553885749,
            "average_degree": 99.59553762189391,
            "degree_std": 3.3583794800632365,
            "average_shortest_path": 0.4992002581540987,
            "global_efficiency": 2.098654406265606
        },
        {
            "clustering": 0.4900081338664835,
            "modularity": 0.05537832439680697,
            "average_degree": 98.37498119389032,
            "degree_std": 5.491780364946304,
            "average_shortest_path": 0.5047485991984592,
            "global_efficiency": 2.0801279245799713
        },
        {
            "clustering": 0.5063965230045531,
            "modularity": 0.02607719077997963,
            "average_degree": 91.73732443423052,
            "degree_std": 7.984187410847332,
            "average_shortest_path": 0.5375444241133219,
            "global_efficiency": 1.9022111351869582
        },
        {
            "clustering": 0.4622394728675041,
            "modularity": 0.05463191346767026,
            "average_degree": 81.91474273032115,
            "degree_std": 3.220172136391407,
            "average_shortest_path": 0.5884070673018832,
            "global_efficiency": 1.74358199849185
        },
        {
            "clustering": 0.5134979621734523,
            "modularity": 0.04883887570452393,
            "average_degree": 102.24092144028099,
            "degree_std": 2.558119206836072,
            "average_shortest_path": 0.48561222458463826,
            "global_efficiency": 2.1568691631708297
        },
        {
            "clustering": 0.514822417108197,
            "modularity": 0.040105848247563795,
            "average_degree": 95.43227182554402,
            "degree_std": 5.38316122993523,
            "average_shortest_path": 0.5177733859903652,
            "global_efficiency": 1.9836399535482043
        },
        {
            "clustering": 0.44692518102359224,
            "modularity": 0.06396369397057385,
            "average_degree": 90.63833341594075,
            "degree_std": 3.545114293322105,
            "average_shortest_path": 0.5445591341880829,
            "global_efficiency": 1.9249714286265958
        },
        {
            "clustering": 0.5669474384120443,
            "modularity": 0.030777784935491687,
            "average_degree": 98.8283092720208,
            "degree_std": 6.457958566318258,
            "average_shortest_path": 0.49875563548102714,
            "global_efficiency": 2.0559869995837583
        },
        {
            "clustering": 0.4262812157905038,
            "modularity": 0.05595889090133799,
            "average_degree": 76.89624313577772,
            "degree_std": 4.714543741470753,
            "average_shortest_path": 0.6132280618669527,
            "global_efficiency": 1.6600745516409907
        },
        {
            "clustering": 0.5265942522297129,
            "modularity": 0.049607222041185395,
            "average_degree": 95.97581072850114,
            "degree_std": 4.756802379501443,
            "average_shortest_path": 0.5171462371686473,
            "global_efficiency": 2.0022835532539123
        }
    ],
    "7": [
        {
            "clustering": 0.6547016490908353,
            "modularity": 0.02480460122325641,
            "average_degree": 116.05620686409881,
            "degree_std": 5.295349755739912,
            "average_shortest_path": 0.4103076496143865,
            "global_efficiency": 2.522713174623469
        },
        {
            "clustering": 0.4632108940074684,
            "modularity": 0.05063701317034017,
            "average_degree": 92.02665908915202,
            "degree_std": 4.236863805363063,
            "average_shortest_path": 0.5372164866363864,
            "global_efficiency": 1.9311652319695787
        },
        {
            "clustering": 0.5762669018503149,
            "modularity": 0.01806729416714379,
            "average_degree": 103.41896459905317,
            "degree_std": 5.832974857453421,
            "average_shortest_path": 0.46694915749554833,
            "global_efficiency": 2.2084388936442663
        },
        {
            "clustering": 0.6043537705904302,
            "modularity": 0.036189552918764564,
            "average_degree": 100.08231152772515,
            "degree_std": 4.765396170020612,
            "average_shortest_path": 0.4946046698877493,
            "global_efficiency": 2.0718414939782672
        },
        {
            "clustering": 0.46750320747524504,
            "modularity": 0.05542492292904201,
            "average_degree": 94.20286012466174,
            "degree_std": 5.498205807716056,
            "average_shortest_path": 0.525882468072988,
            "global_efficiency": 1.9851565838335816
        },
        {
            "clustering": 0.5604607835278441,
            "modularity": 0.007665238349792208,
            "average_degree": 101.7575558107764,
            "degree_std": 3.088718604502205,
            "average_shortest_path": 0.4786444981927379,
            "global_efficiency": 2.1209371804444435
        },
        {
            "clustering": 0.5374571992910492,
            "modularity": 0.04345068112234346,
            "average_degree": 90.91207510348947,
            "degree_std": 3.9629893078684675,
            "average_shortest_path": 0.5420500023024274,
            "global_efficiency": 1.8933098574365055
        },
        {
            "clustering": 0.5309313047918509,
            "modularity": 0.05448456983847841,
            "average_degree": 96.44143865429781,
            "degree_std": 3.3240078939258946,
            "average_shortest_path": 0.5150403510147096,
            "global_efficiency": 2.009787244399868
        },
        {
            "clustering": 0.4295152663525361,
            "modularity": 0.035000375731201225,
            "average_degree": 86.16642331438536,
            "degree_std": 6.321688064232468,
            "average_shortest_path": 0.566734642085199,
            "global_efficiency": 1.8012251651931221
        },
        {
            "clustering": 0.4938739530572279,
            "modularity": 0.06808440333936709,
            "average_degree": 89.76326534861357,
            "degree_std": 4.67953186741099,
            "average_shortest_path": 0.5474676552668242,
            "global_efficiency": 1.9076191702819594
        },
        {
            "clustering": 0.5498248843198554,
            "modularity": 0.046038012446172505,
            "average_degree": 93.33012553869689,
            "degree_std": 3.6073813825097933,
            "average_shortest_path": 0.5298695787518338,
            "global_efficiency": 1.9470144720766396
        },
        {
            "clustering": 0.46632258639917734,
            "modularity": 0.06611510701510437,
            "average_degree": 90.27475893959307,
            "degree_std": 5.123177598255656,
            "average_shortest_path": 0.5457606261075254,
            "global_efficiency": 1.9079401749315927
        }
    ],
    "8": [
        {
            "clustering": 0.5676321098070477,
            "modularity": 0.026230392574257078,
            "average_degree": 91.1649945551918,
            "degree_std": 5.182823773255148,
            "average_shortest_path": 0.5395650308703853,
            "global_efficiency": 1.88733473629381
        },
        {
            "clustering": 0.5844581121444546,
            "modularity": 0.036592102797408696,
            "average_degree": 110.56332410138941,
            "degree_std": 5.4065842329734055,
            "average_shortest_path": 0.44212193867446575,
            "global_efficiency": 2.3557986872414185
        },
        {
            "clustering": 0.4919415639741244,
            "modularity": 0.04907105714836799,
            "average_degree": 86.26766051946471,
            "degree_std": 4.6057604981445435,
            "average_shortest_path": 0.5655097747170112,
            "global_efficiency": 1.8119713044248977
        },
        {
            "clustering": 0.470021265151518,
            "modularity": 0.0615799883785629,
            "average_degree": 92.16998661924256,
            "degree_std": 5.221594382021857,
            "average_shortest_path": 0.5363363055930931,
            "global_efficiency": 1.9463558565083183
        },
        {
            "clustering": 0.5705545662024588,
            "modularity": 0.02750371608226485,
            "average_degree": 96.35290146733213,
            "degree_std": 4.732450836194388,
            "average_shortest_path": 0.5124800344304873,
            "global_efficiency": 1.9956876385371958
        },
        {
            "clustering": 0.5897572012966419,
            "modularity": 0.025052416694426108,
            "average_degree": 117.54067795423558,
            "degree_std": 5.567698689876058,
            "average_shortest_path": 0.40778178412029276,
            "global_efficiency": 2.5310730976717966
        },
        {
            "clustering": 0.5626879013620387,
            "modularity": 0.015050643730506116,
            "average_degree": 106.41898129567862,
            "degree_std": 4.970168570470166,
            "average_shortest_path": 0.451010454311777,
            "global_efficiency": 2.2896486390125115
        },
        {
            "clustering": 0.504606260793516,
            "modularity": 0.04558279970759338,
            "average_degree": 100.67453043273171,
            "degree_std": 4.805304847001325,
            "average_shortest_path": 0.49280378570469296,
            "global_efficiency": 2.094976366647636
        },
        {
            "clustering": 0.47041819283801917,
            "modularity": 0.05466497175585357,
            "average_degree": 94.88420181204515,
            "degree_std": 4.055275744938626,
            "average_shortest_path": 0.5227586254293435,
            "global_efficiency": 1.9910361444803575
        },
        {
            "clustering": 0.5286442050912767,
            "modularity": 0.06091664760594276,
            "average_degree": 91.20237221487234,
            "degree_std": 4.271077725357423,
            "average_shortest_path": 0.5405725477250596,
            "global_efficiency": 1.9159223106516672
        },
        {
            "clustering": 0.5669693467790016,
            "modularity": 0.04517298185106558,
            "average_degree": 106.91483294864284,
            "degree_std": 6.499427835211463,
            "average_shortest_path": 0.45968537853514946,
            "global_efficiency": 2.2925496095937183
        },
        {
            "clustering": 0.46971948537301905,
            "modularity": 0.05864641133892119,
            "average_degree": 88.97505814866432,
            "degree_std": 4.594249270807369,
            "average_shortest_path": 0.5519972608291142,
            "global_efficiency": 1.8685038643953031
        }
    ],
    "9": [
        {
            "clustering": 0.5268199981426446,
            "modularity": 0.06276979902879215,
            "average_degree": 85.81073016212117,
            "degree_std": 5.58982581399651,
            "average_shortest_path": 0.5680009791435598,
            "global_efficiency": 1.815270679872634
        },
        {
            "clustering": 0.5753483566670329,
            "modularity": 0.06236774366887857,
            "average_degree": 109.16214200649324,
            "degree_std": 4.850408012253731,
            "average_shortest_path": 0.4482711019867789,
            "global_efficiency": 2.372268839123156
        },
        {
            "clustering": 0.593871186620633,
            "modularity": 0.04719385497963176,
            "average_degree": 111.27204039080861,
            "degree_std": 5.278427649681819,
            "average_shortest_path": 0.4369473345413701,
            "global_efficiency": 2.413413397548796
        },
        {
            "clustering": 0.6137752131345985,
            "modularity": 0.02765501337598513,
            "average_degree": 96.86090799292208,
            "degree_std": 5.9677922797342315,
            "average_shortest_path": 0.5112295541301256,
            "global_efficiency": 2.005650798573476
        },
        {
            "clustering": 0.7080892497451693,
            "modularity": 0.028702030803014707,
            "average_degree": 127.65351057265076,
            "degree_std": 4.347339347862104,
            "average_shortest_path": 0.3559299269632257,
            "global_efficiency": 2.9273457138440198
        },
        {
            "clustering": 0.6114769801864767,
            "modularity": 0.028116949167506552,
            "average_degree": 113.27115240379855,
            "degree_std": 5.185325354392576,
            "average_shortest_path": 0.4283424428017056,
            "global_efficiency": 2.415937135930994
        },
        {
            "clustering": 0.6627839044362226,
            "modularity": 0.04053936818450024,
            "average_degree": 117.28097438043285,
            "degree_std": 4.888395192991356,
            "average_shortest_path": 0.40807748223617973,
            "global_efficiency": 2.562960187743608
        },
        {
            "clustering": 0.5833089881883674,
            "modularity": 0.01984406785812071,
            "average_degree": 116.16199180753485,
            "degree_std": 5.854469893923717,
            "average_shortest_path": 0.41465955370049457,
            "global_efficiency": 2.476821521370472
        },
        {
            "clustering": 0.6231245503836946,
            "modularity": 0.022797421179449266,
            "average_degree": 113.43567410791916,
            "degree_std": 5.214780227754271,
            "average_shortest_path": 0.42676977659801885,
            "global_efficiency": 2.414911690792831
        },
        {
            "clustering": 0.5186472911146486,
            "modularity": 0.05638847976126583,
            "average_degree": 104.07149089648478,
            "degree_std": 5.788488440014898,
            "average_shortest_path": 0.47500514233476954,
            "global_efficiency": 2.2125386847097985
        },
        {
            "clustering": 0.6108464372557996,
            "modularity": 0.02201961304383765,
            "average_degree": 103.6842972863353,
            "degree_std": 6.358593337777875,
            "average_shortest_path": 0.4755820883979245,
            "global_efficiency": 2.1626241027656614
        },
        {
            "clustering": 0.4662355460428322,
            "modularity": 0.02902697039528191,
            "average_degree": 84.931775600207,
            "degree_std": 6.071827187920192,
            "average_shortest_path": 0.5720613559110542,
            "global_efficiency": 1.775186959345864
        }
    ],
    "10": [
        {
            "clustering": 0.6016620079231825,
            "modularity": 0.021267292230480832,
            "average_degree": 106.99327130895306,
            "degree_std": 5.946305596768457,
            "average_shortest_path": 0.4590144069323321,
            "global_efficiency": 2.2388848319880448
        },
        {
            "clustering": 0.6180129266910551,
            "modularity": 0.01906718585172914,
            "average_degree": 93.559903091441,
            "degree_std": 4.738457480124192,
            "average_shortest_path": 0.5276457412124196,
            "global_efficiency": 1.9229706704467773
        },
        {
            "clustering": 0.5625645501662504,
            "modularity": 0.018170506644272208,
            "average_degree": 111.9955163306912,
            "degree_std": 6.785800134595205,
            "average_shortest_path": 0.4348451829167394,
            "global_efficiency": 2.3661532830079115
        },
        {
            "clustering": 0.4235142105238869,
            "modularity": 0.02534370926694258,
            "average_degree": 84.47626879838431,
            "degree_std": 3.8347605157559923,
            "average_shortest_path": 0.5742919484364725,
            "global_efficiency": 1.7587744014834163
        },
        {
            "clustering": 0.5346643956965864,
            "modularity": 0.02445038068990417,
            "average_degree": 95.52854943874627,
            "degree_std": 6.349392961181301,
            "average_shortest_path": 0.5178252172779124,
            "global_efficiency": 1.9795446930113156
        },
        {
            "clustering": 0.6729187838473573,
            "modularity": 0.014959013562771462,
            "average_degree": 133.6733189685914,
            "degree_std": 3.9718468115017793,
            "average_shortest_path": 0.3250479262847425,
            "global_efficiency": 3.1692775927647796
        },
        {
            "clustering": 0.4522885246933324,
            "modularity": 0.02655341298026543,
            "average_degree": 90.34199203218668,
            "degree_std": 6.675401672438954,
            "average_shortest_path": 0.5447899432485704,
            "global_efficiency": 1.8689069050991503
        },
        {
            "clustering": 0.5909628429364947,
            "modularity": 0.020072812565607362,
            "average_degree": 108.37457977496001,
            "degree_std": 5.749357166736469,
            "average_shortest_path": 0.45231705753536566,
            "global_efficiency": 2.272837066224237
        },
        {
            "clustering": 0.48781129539801765,
            "modularity": 0.02088072493811797,
            "average_degree": 97.18529275499085,
            "degree_std": 4.254713379530781,
            "average_shortest_path": 0.5100848782718055,
            "global_efficiency": 1.9885140875112894
        },
        {
            "clustering": 0.5165390884850616,
            "modularity": 0.01952715273400832,
            "average_degree": 103.01661502361628,
            "degree_std": 5.630533037715487,
            "average_shortest_path": 0.47943486783591366,
            "global_efficiency": 2.1431880169582063
        },
        {
            "clustering": 0.6059867945255424,
            "modularity": 0.020576344009482737,
            "average_degree": 102.75700699148169,
            "degree_std": 6.70196771557916,
            "average_shortest_path": 0.48129468540239706,
            "global_efficiency": 2.130030143896178
        },
        {
            "clustering": 0.5519455334331872,
            "modularity": 0.0350492211976653,
            "average_degree": 107.80033994332948,
            "degree_std": 6.827859955468164,
            "average_shortest_path": 0.45596195613225055,
            "global_efficiency": 2.2800886916219927
        }
    ],
    "11": [
        {
            "clustering": 0.5426157256852756,
            "modularity": 0.021488576681071212,
            "average_degree": 108.33793789996173,
            "degree_std": 6.982626776058372,
            "average_shortest_path": 0.4530146023524659,
            "global_efficiency": 2.2813844621269617
        },
        {
            "clustering": 0.7525178044826708,
            "modularity": 0.008674855194392796,
            "average_degree": 117.83482979350273,
            "degree_std": 8.014511370651253,
            "average_shortest_path": 0.40407649179080984,
            "global_efficiency": 2.53031130650486
        },
        {
            "clustering": 0.48505171182677925,
            "modularity": 0.023221623975490796,
            "average_degree": 96.83119386092007,
            "degree_std": 5.8618598563018525,
            "average_shortest_path": 0.5117254045089785,
            "global_efficiency": 1.9945161099463589
        },
        {
            "clustering": 0.5905444298895182,
            "modularity": 0.02201280075714053,
            "average_degree": 103.47013592587858,
            "degree_std": 5.381537677706717,
            "average_shortest_path": 0.4775514615757344,
            "global_efficiency": 2.1478067778166112
        },
        {
            "clustering": 0.6240211488607552,
            "modularity": 0.019168017821685535,
            "average_degree": 119.20219235240117,
            "degree_std": 6.394243511631328,
            "average_shortest_path": 0.3977900770884508,
            "global_efficiency": 2.6017376957154936
        },
        {
            "clustering": 0.5423704690598076,
            "modularity": 0.02215424705179283,
            "average_degree": 96.1381830848811,
            "degree_std": 7.463387844941627,
            "average_shortest_path": 0.5146704359055406,
            "global_efficiency": 1.9966029129595562
        },
        {
            "clustering": 0.5793170803609743,
            "modularity": 0.022771423439404595,
            "average_degree": 87.24953054638245,
            "degree_std": 7.661138385782328,
            "average_shortest_path": 0.5597100869747731,
            "global_efficiency": 1.8228708451946913
        },
        {
            "clustering": 0.5707180524746535,
            "modularity": 0.021066106263908674,
            "average_degree": 103.9775726930849,
            "degree_std": 6.207621595638051,
            "average_shortest_path": 0.47464774242876,
            "global_efficiency": 2.1638894656267436
        },
        {
            "clustering": 0.617593754751534,
            "modularity": 0.02297430705310164,
            "average_degree": 96.77512881505562,
            "degree_std": 4.91561605956073,
            "average_shortest_path": 0.5119345963690645,
            "global_efficiency": 1.982766601057505
        },
        {
            "clustering": 0.507298017762258,
            "modularity": 0.01955892426205469,
            "average_degree": 100.94955981907344,
            "degree_std": 4.3549267502196365,
            "average_shortest_path": 0.49075080271844307,
            "global_efficiency": 2.068167910908021
        },
        {
            "clustering": 0.5539834951856845,
            "modularity": 0.021659312927510735,
            "average_degree": 100.45954509289083,
            "degree_std": 5.873440605059876,
            "average_shortest_path": 0.49328264044774733,
            "global_efficiency": 2.067993776180411
        },
        {
            "clustering": 0.5995333498678133,
            "modularity": 0.024345579540939858,
            "average_degree": 104.62416088924029,
            "degree_std": 6.429532100008135,
            "average_shortest_path": 0.4720780223412741,
            "global_efficiency": 2.174907185925726
        }
    ]
}