{
    "0": [
        {
            "clustering": 0.5502861531372042,
            "modularity": 0.01671451042677572,
            "average_degree": 83.10735370503076,
            "degree_std": 3.167023643146111,
            "average_shortest_path": 0.5806557526528928,
            "global_efficiency": 1.726953011216558
        },
        {
            "clustering": 0.2470544217860246,
            "modularity": 0.015266783459773408,
            "average_degree": 49.01439630395935,
            "degree_std": 1.7271420370387682,
            "average_shortest_path": 0.7526795136876347,
            "global_efficiency": 1.3292966099088779
        },
        {
            "clustering": 0.6056098841012124,
            "modularity": 0.04770726853013713,
            "average_degree": 118.78125287014905,
            "degree_std": 6.8864621132320645,
            "average_shortest_path": 0.40043141047019615,
            "global_efficiency": 2.645169503000023
        },
        {
            "clustering": 0.35575178469212426,
            "modularity": 0.01896751061198717,
            "average_degree": 70.64219985761154,
            "degree_std": 2.8957170949751156,
            "average_shortest_path": 0.6436411292270321,
            "global_efficiency": 1.5573192959578115
        },
        {
            "clustering": 0.311317686855434,
            "modularity": 0.01624294274430514,
            "average_degree": 61.77208947421244,
            "degree_std": 2.395513737554451,
            "average_shortest_path": 0.6882887626863194,
            "global_efficiency": 1.454583188352632
        },
        {
            "clustering": 0.43782717141222055,
            "modularity": 0.010137009598159608,
            "average_degree": 86.82775258945811,
            "degree_std": 4.825778961569358,
            "average_shortest_path": 0.5616189890981128,
            "global_efficiency": 1.7888159653542752
        },
        {
            "clustering": 0.7045897835186204,
            "modularity": 0.006420957318029173,
            "average_degree": 101.62622261338777,
            "degree_std": 6.098244765723177,
            "average_shortest_path": 0.4864566976691353,
            "global_efficiency": 2.074868110766349
        },
        {
            "clustering": 0.4403852522636151,
            "modularity": 0.022956162315009875,
            "average_degree": 87.52372302482962,
            "degree_std": 2.7632296589040837,
            "average_shortest_path": 0.5586728187221178,
            "global_efficiency": 1.7991621704394527
        },
        {
            "clustering": 0.3968201452099924,
            "modularity": 0.08813168793288603,
            "average_degree": 81.5186959525382,
            "degree_std": 2.755821786483072,
            "average_shortest_path": 0.5907050342002658,
            "global_efficiency": 1.7776701126440486
        },
        {
            "clustering": 0.6536135698811021,
            "modularity": 0.010323504773970026,
            "average_degree": 99.59338188700357,
            "degree_std": 6.393811687859692,
            "average_shortest_path": 0.49701142650477265,
            "global_efficiency": 2.0326476652628473
        },
        {
            "clustering": 0.17259127781392455,
            "modularity": 0.01319314944107806,
            "average_degree": 34.24764202861076,
            "degree_std": 2.0488793066686974,
            "average_shortest_path": 0.8271667621523883,
            "global_efficiency": 1.2094124264197468
        },
        {
            "clustering": 0.22570385177259777,
            "modularity": 0.014773038328539611,
            "average_degree": 44.82239247628491,
            "degree_std": 3.3145906818345794,
            "average_shortest_path": 0.7737754309422424,
            "global_efficiency": 1.293956406357188
        }
    ],
    "1": [
        {
            "clustering": 0.5339236639754894,
            "modularity": 0.043537780896437145,
            "average_degree": 106.83106994503824,
            "degree_std": 5.776014414617096,
            "average_shortest_path": 0.4619527096410224,
            "global_efficiency": 2.2563445359746344
        },
        {
            "clustering": 0.4209085574349134,
            "modularity": 0.061042572369191625,
            "average_degree": 84.7133604143116,
            "degree_std": 4.2307973289647895,
            "average_shortest_path": 0.573343151669482,
            "global_efficiency": 1.788560105559126
        },
        {
            "clustering": 0.27952761056205294,
            "modularity": 0.008458558432908131,
            "average_degree": 57.10249750627094,
            "degree_std": 2.2732031616763435,
            "average_shortest_path": 0.710118378569774,
            "global_efficiency": 1.432099409173177
        },
        {
            "clustering": 0.40017021953866383,
            "modularity": 0.011583708594494025,
            "average_degree": 79.33747462596148,
            "degree_std": 2.073263628129666,
            "average_shortest_path": 0.5992035527334957,
            "global_efficiency": 1.6729748873341619
        },
        {
            "clustering": 0.2158279808679878,
            "modularity": 0.05373713093831364,
            "average_degree": 43.26737727372642,
            "degree_std": 1.5497603224210466,
            "average_shortest_path": 0.782163316843573,
            "global_efficiency": 1.2813578111438093
        },
        {
            "clustering": 0.4620547944903175,
            "modularity": 0.07362970574404168,
            "average_degree": 94.25199328689811,
            "degree_std": 5.286361793511047,
            "average_shortest_path": 0.5261852636048358,
            "global_efficiency": 2.05896061806835
        },
        {
            "clustering": 0.4363983293687279,
            "modularity": 0.06557978053822346,
            "average_degree": 88.28794339873794,
            "degree_std": 2.473149106755276,
            "average_shortest_path": 0.5562294442220268,
            "global_efficiency": 1.8623936880040344
        },
        {
            "clustering": 0.41750903412687523,
            "modularity": 0.0923249193454279,
            "average_degree": 86.13909441840248,
            "degree_std": 3.1754752021952135,
            "average_shortest_path": 0.5675741270107822,
            "global_efficiency": 1.8968783873520274
        },
        {
            "clustering": 0.19850052494593964,
            "modularity": 0.023393808036436148,
            "average_degree": 39.47440922685487,
            "degree_std": 1.8747335886445138,
            "average_shortest_path": 0.8009487459751495,
            "global_efficiency": 1.2493094794408042
        },
        {
            "clustering": 0.4320335196295728,
            "modularity": 0.08218951101480038,
            "average_degree": 88.7319376981851,
            "degree_std": 2.8183238833945463,
            "average_shortest_path": 0.5546382644736461,
            "global_efficiency": 1.9316261187190162
        },
        {
            "clustering": 0.3540838877347984,
            "modularity": 0.018287679697258478,
            "average_degree": 70.40000180700792,
            "degree_std": 4.563195509865774,
            "average_shortest_path": 0.6448958729640475,
            "global_efficiency": 1.55716993700993
        },
        {
            "clustering": 0.42464140874250467,
            "modularity": 0.003848027314538042,
            "average_degree": 86.30969109102949,
            "degree_std": 2.211840282824527,
            "average_shortest_path": 0.529832024675638,
            "global_efficiency": 1.9679268942636456
        }
    ],
    "2": [
        {
            "clustering": 0.33689631602559894,
            "modularity": 0.06019007427496726,
            "average_degree": 68.1544240380215,
            "degree_std": 2.1133742965957962,
            "average_shortest_path": 0.6576122324599656,
            "global_efficiency": 1.5417026980576842
        },
        {
            "clustering": 0.3785133316123542,
            "modularity": 0.09020145805901042,
            "average_degree": 78.24956540995697,
            "degree_std": 3.08995112192064,
            "average_shortest_path": 0.6076182593844139,
            "global_efficiency": 1.7403163905375532
        },
        {
            "clustering": 0.438806480178397,
            "modularity": 0.07943126152317051,
            "average_degree": 84.36620754416909,
            "degree_std": 2.630221414887816,
            "average_shortest_path": 0.5714837188222128,
            "global_efficiency": 1.8442993952197608
        },
        {
            "clustering": 0.38241174231555203,
            "modularity": 0.0930652045675131,
            "average_degree": 79.15343433097533,
            "degree_std": 2.623507224048833,
            "average_shortest_path": 0.6035118059570306,
            "global_efficiency": 1.7490522074133326
        },
        {
            "clustering": 0.4756683941172252,
            "modularity": 0.05838595603091051,
            "average_degree": 90.88870207161419,
            "degree_std": 2.7105917915297977,
            "average_shortest_path": 0.5350325923984394,
            "global_efficiency": 1.9730402338820612
        },
        {
            "clustering": 0.3242603170538785,
            "modularity": 0.09210670315310925,
            "average_degree": 66.84750244950573,
            "degree_std": 2.89245727946972,
            "average_shortest_path": 0.6648123236816532,
            "global_efficiency": 1.5466190806478852
        },
        {
            "clustering": 0.27001133172924285,
            "modularity": 0.01149618923521689,
            "average_degree": 53.53460562524825,
            "degree_std": 1.657647304928939,
            "average_shortest_path": 0.7297964098048765,
            "global_efficiency": 1.3708602279709485
        },
        {
            "clustering": 0.6121166968724978,
            "modularity": 0.008119965677291018,
            "average_degree": 117.12452094186635,
            "degree_std": 4.067116919680425,
            "average_shortest_path": 0.38233035479237226,
            "global_efficiency": 2.735926455275847
        },
        {
            "clustering": 0.4566459177704078,
            "modularity": 0.02805782103054323,
            "average_degree": 91.14789059361745,
            "degree_std": 6.281237935932329,
            "average_shortest_path": 0.5396707352888741,
            "global_efficiency": 1.888081813158872
        },
        {
            "clustering": 0.4708423788071527,
            "modularity": 0.08197486064847137,
            "average_degree": 80.61252456791141,
            "degree_std": 2.1805439692595017,
            "average_shortest_path": 0.5950953626870914,
            "global_efficiency": 1.7278254688565522
        },
        {
            "clustering": 0.3054912341721038,
            "modularity": 0.0693056524025717,
            "average_degree": 62.18919303464643,
            "degree_std": 2.256229583846197,
            "average_shortest_path": 0.6878671260932981,
            "global_efficiency": 1.474065920766978
        },
        {
            "clustering": 0.4308120751797635,
            "modularity": 0.07339044492396209,
            "average_degree": 87.30851568104684,
            "degree_std": 3.733085571058071,
            "average_shortest_path": 0.561010247325061,
            "global_efficiency": 1.8508840419282462
        }
    ],
    "3": [
        {
            "clustering": 0.43605175136359503,
            "modularity": 0.0900842257136001,
            "average_degree": 87.45886041406683,
            "degree_std": 4.558355308091777,
            "average_shortest_path": 0.5536016804014375,
            "global_efficiency": 1.9571429825152988
        },
        {
            "clustering": 0.37878836129864046,
            "modularity": 0.0686548937357373,
            "average_degree": 77.7216106537267,
            "degree_std": 3.8688431227110627,
            "average_shortest_path": 0.6106046629507467,
            "global_efficiency": 1.7005744310198656
        },
        {
            "clustering": 0.42444844072959814,
            "modularity": 0.09241685673036236,
            "average_degree": 84.10318439827749,
            "degree_std": 3.3955055292367198,
            "average_shortest_path": 0.5711283808349209,
            "global_efficiency": 1.874456467250415
        },
        {
            "clustering": 0.4178443607549255,
            "modularity": 0.058411563366344656,
            "average_degree": 83.23212702014223,
            "degree_std": 6.4475681045156366,
            "average_shortest_path": 0.5740014131564065,
            "global_efficiency": 1.8531686167732426
        },
        {
            "clustering": 0.43538412376031593,
            "modularity": 0.08696672428243633,
            "average_degree": 87.94041868347192,
            "degree_std": 3.5149206536976423,
            "average_shortest_path": 0.5583033288598966,
            "global_efficiency": 1.9268468514727546
        },
        {
            "clustering": 0.3081638537107845,
            "modularity": 0.0983282938207061,
            "average_degree": 63.72493961435553,
            "degree_std": 3.535180883659311,
            "average_shortest_path": 0.6806113005386686,
            "global_efficiency": 1.505332009160079
        },
        {
            "clustering": 0.47878316479109306,
            "modularity": 0.06844648922842364,
            "average_degree": 76.6370706930989,
            "degree_std": 6.773908574688634,
            "average_shortest_path": 0.6139272263732837,
            "global_efficiency": 1.6740534809827865
        },
        {
            "clustering": 0.37110553767086435,
            "modularity": 0.07729281277137678,
            "average_degree": 55.62604876948945,
            "degree_std": 5.52167680010487,
            "average_shortest_path": 0.7203985508020609,
            "global_efficiency": 1.4101271465481418
        },
        {
            "clustering": 0.5094064275033489,
            "modularity": 0.08206821042664038,
            "average_degree": 89.71269399175372,
            "degree_std": 3.1111215108894434,
            "average_shortest_path": 0.5493120300412502,
            "global_efficiency": 1.8900964040426307
        },
        {
            "clustering": 0.38219096384626555,
            "modularity": 0.09023219848697589,
            "average_degree": 79.45646792152966,
            "degree_std": 3.246044307035958,
            "average_shortest_path": 0.6016224870087432,
            "global_efficiency": 1.775179961036719
        },
        {
            "clustering": 0.416710524741578,
            "modularity": 0.06781783883654743,
            "average_degree": 83.83894295019158,
            "degree_std": 2.7927890495415695,
            "average_shortest_path": 0.5781760508037732,
            "global_efficiency": 1.7680218921886088
        },
        {
            "clustering": 0.42688113347407347,
            "modularity": 0.042006408922001214,
            "average_degree": 80.35098086073153,
            "degree_std": 7.717113086042799,
            "average_shortest_path": 0.595226291820444,
            "global_efficiency": 1.7257383353095692
        }
    ],
    "4": [
        {
            "clustering": 0.4231726209510612,
            "modularity": 0.10128513310503286,
            "average_degree": 86.86002889562354,
            "degree_std": 4.845216262575984,
            "average_shortest_path": 0.563682723361553,
            "global_efficiency": 1.885141657443699
        },
        {
            "clustering": 0.6081496633257006,
            "modularity": 0.03494572737115575,
            "average_degree": 87.28449969090775,
            "degree_std": 3.2802900319799777,
            "average_shortest_path": 0.5594144398124297,
            "global_efficiency": 1.8340774601605214
        },
        {
            "clustering": 0.43984600062962287,
            "modularity": 0.13495832320633655,
            "average_degree": 90.40005795411055,
            "degree_std": 3.678208578658168,
            "average_shortest_path": 0.5458590834139894,
            "global_efficiency": 2.005561762271339
        },
        {
            "clustering": 0.3865589719158491,
            "modularity": 0.03683907437853888,
            "average_degree": 63.21190598568968,
            "degree_std": 5.664700943997294,
            "average_shortest_path": 0.6804502250991474,
            "global_efficiency": 1.4840730377072142
        },
        {
            "clustering": 0.4331244312791085,
            "modularity": 0.11232325781714997,
            "average_degree": 88.35659083324508,
            "degree_std": 4.423264641359104,
            "average_shortest_path": 0.5558697982223272,
            "global_efficiency": 1.9646226831114748
        },
        {
            "clustering": 0.5402308972509556,
            "modularity": 0.08444557782120943,
            "average_degree": 86.03373382491763,
            "degree_std": 3.2855858391804107,
            "average_shortest_path": 0.5674205639637167,
            "global_efficiency": 1.8123993298150243
        },
        {
            "clustering": 0.35511376530814737,
            "modularity": 0.002749068297332632,
            "average_degree": 71.13922287775921,
            "degree_std": 3.2913582066201004,
            "average_shortest_path": 0.6385569241923285,
            "global_efficiency": 1.5906634778348288
        },
        {
            "clustering": 0.47218035123812696,
            "modularity": 0.07458637960457362,
            "average_degree": 90.79345760741917,
            "degree_std": 3.1129021769668213,
            "average_shortest_path": 0.5290531621470015,
            "global_efficiency": 2.0177205300557692
        },
        {
            "clustering": 0.6795283856744311,
            "modularity": 0.01869240406445742,
            "average_degree": 131.22803436053954,
            "degree_std": 5.839375140846785,
            "average_shortest_path": 0.3379306692421077,
            "global_efficiency": 3.0650972177860787
        },
        {
            "clustering": 0.41976208342846943,
            "modularity": 0.1535123734266851,
            "average_degree": 87.68788807165384,
            "degree_std": 4.626078245426421,
            "average_shortest_path": 0.5520397673095586,
            "global_efficiency": 2.0903534357495754
        },
        {
            "clustering": 0.4684173113536267,
            "modularity": 0.07761350233674726,
            "average_degree": 92.65952907622456,
            "degree_std": 3.1099916198469684,
            "average_shortest_path": 0.514684938919542,
            "global_efficiency": 2.0957438681661555
        },
        {
            "clustering": 0.596303953592794,
            "modularity": 0.04876719696100068,
            "average_degree": 95.85915856600847,
            "degree_std": 4.571711732415937,
            "average_shortest_path": 0.517487968961954,
            "global_efficiency": 1.9753351721124839
        }
    ],
    "5": [
        {
            "clustering": 0.28396758854056375,
            "modularity": 0.05162043202961521,
            "average_degree": 57.485907247257714,
            "degree_std": 6.469496947829151,
            "average_shortest_path": 0.7112532161351227,
            "global_efficiency": 1.421503737801782
        },
        {
            "clustering": 0.5562618705701222,
            "modularity": 0.03982613604368218,
            "average_degree": 107.10094696406217,
            "degree_std": 5.4271112594860105,
            "average_shortest_path": 0.428541347039054,
            "global_efficiency": 2.4969095744363936
        },
        {
            "clustering": 0.4430493478895515,
            "modularity": 0.09589686561493062,
            "average_degree": 87.85343167994388,
            "degree_std": 4.662187960200979,
            "average_shortest_path": 0.5587121162352265,
            "global_efficiency": 1.89484731273631
        },
        {
            "clustering": 0.5482731110785749,
            "modularity": 0.030911661192518702,
            "average_degree": 85.50420111990944,
            "degree_std": 10.197525709140407,
            "average_shortest_path": 0.5666737394608022,
            "global_efficiency": 1.8081835772382775
        },
        {
            "clustering": 0.4613885495095363,
            "modularity": 0.10632456402831592,
            "average_degree": 91.01115244075258,
            "degree_std": 4.436647322868726,
            "average_shortest_path": 0.5429231084899973,
            "global_efficiency": 1.9912109084714948
        },
        {
            "clustering": 0.5448765496101702,
            "modularity": 0.057878914208377576,
            "average_degree": 98.12952076172095,
            "degree_std": 4.751002676507112,
            "average_shortest_path": 0.5067573124348325,
            "global_efficiency": 2.060287100547379
        },
        {
            "clustering": 0.5859402990459879,
            "modularity": 0.0035776974615721892,
            "average_degree": 116.04479202296659,
            "degree_std": 3.4217636779402714,
            "average_shortest_path": 0.37825153502935227,
            "global_efficiency": 2.8263898777763696
        },
        {
            "clustering": 0.5238989217370351,
            "modularity": 0.05013142072821583,
            "average_degree": 97.30805609211627,
            "degree_std": 4.945184723757139,
            "average_shortest_path": 0.5104694301300627,
            "global_efficiency": 2.0228230733171486
        },
        {
            "clustering": 0.5128530007536154,
            "modularity": 0.0710155376379021,
            "average_degree": 99.76974288482643,
            "degree_std": 9.306616416834434,
            "average_shortest_path": 0.4934747826649937,
            "global_efficiency": 2.1728011624169583
        },
        {
            "clustering": 0.5265399150754105,
            "modularity": 0.022880248152169373,
            "average_degree": 81.02624226359347,
            "degree_std": 8.272920932601274,
            "average_shortest_path": 0.5914033106126523,
            "global_efficiency": 1.713980000654451
        },
        {
            "clustering": 0.3189296410407261,
            "modularity": 0.028108399702646673,
            "average_degree": 63.799268712840004,
            "degree_std": 7.279813724466668,
            "average_shortest_path": 0.6785074215690537,
            "global_efficiency": 1.4863163855113692
        },
        {
            "clustering": 0.35905402697919825,
            "modularity": 0.041583579239807655,
            "average_degree": 45.1628467358233,
            "degree_std": 6.071562820724755,
            "average_shortest_path": 0.7723260014632066,
            "global_efficiency": 1.3014488373817088
        }
    ],
    "6": [
        {
            "clustering": 0.3997558748202008,
            "modularity": 0.06804852699178693,
            "average_degree": 81.04860071503863,
            "degree_std": 5.043781574382046,
            "average_shortest_path": 0.5927332714876002,
            "global_efficiency": 1.7417566392107495
        },
        {
            "clustering": 0.42000493564638924,
            "modularity": 0.048484070480646034,
            "average_degree": 84.8956817455827,
            "degree_std": 9.193964795955392,
            "average_shortest_path": 0.5733083043476066,
            "global_efficiency": 1.8145523868596038
        },
        {
            "clustering": 0.43799679181123813,
            "modularity": 0.02435509066151681,
            "average_degree": 58.663226236737785,
            "degree_std": 8.605710908885658,
            "average_shortest_path": 0.7042062491977898,
            "global_efficiency": 1.4343425776595162
        },
        {
            "clustering": 0.31252621411064674,
            "modularity": 0.022949601730953596,
            "average_degree": 62.788611813738726,
            "degree_std": 11.612286260290867,
            "average_shortest_path": 0.6833623160046401,
            "global_efficiency": 1.4980804452213194
        },
        {
            "clustering": 0.43912589585828243,
            "modularity": 0.056833857888686126,
            "average_degree": 88.6565914050776,
            "degree_std": 7.1937192365299785,
            "average_shortest_path": 0.5533695918911933,
            "global_efficiency": 1.8925872453681685
        },
        {
            "clustering": 0.4466092031248742,
            "modularity": 0.11155983284530993,
            "average_degree": 92.10432243272199,
            "degree_std": 4.919365963363006,
            "average_shortest_path": 0.5370394817577625,
            "global_efficiency": 2.0499453069779254
        },
        {
            "clustering": 0.5663959252929016,
            "modularity": 0.020742559015771704,
            "average_degree": 112.63992322034632,
            "degree_std": 7.38802009256908,
            "average_shortest_path": 0.43101136545586693,
            "global_efficiency": 2.4044168122522294
        },
        {
            "clustering": 0.5011331644344168,
            "modularity": 0.011862397492329625,
            "average_degree": 99.31357244437824,
            "degree_std": 6.185721279946389,
            "average_shortest_path": 0.447424440911449,
            "global_efficiency": 2.404620437217058
        },
        {
            "clustering": 0.5572787407494113,
            "modularity": 0.028310725906702423,
            "average_degree": 107.94302229996174,
            "degree_std": 8.887499581908395,
            "average_shortest_path": 0.4551595037842225,
            "global_efficiency": 2.2850990776962052
        },
        {
            "clustering": 0.6806882378129727,
            "modularity": 0.010329440749482376,
            "average_degree": 133.94876486942994,
            "degree_std": 8.618443101459098,
            "average_shortest_path": 0.32395487876844237,
            "global_efficiency": 3.222477103506557
        },
        {
            "clustering": 0.5153029967010492,
            "modularity": 0.06285608447897728,
            "average_degree": 103.76096950359556,
            "degree_std": 8.327828569527988,
            "average_shortest_path": 0.4744291242181227,
            "global_efficiency": 2.297501214203818
        },
        {
            "clustering": 0.4981785779019751,
            "modularity": 0.06221818174700791,
            "average_degree": 92.34875280051429,
            "degree_std": 5.7199552986964575,
            "average_shortest_path": 0.5352248220943329,
            "global_efficiency": 1.9579836406277273
        }
    ],
    "7": [
        {
            "clustering": 0.6063796724266727,
            "modularity": 0.010795985743535975,
            "average_degree": 110.07157808727295,
            "degree_std": 8.472147351420366,
            "average_shortest_path": 0.42264703143143745,
            "global_efficiency": 2.4838412102262555
        },
        {
            "clustering": 0.5139778212251588,
            "modularity": 0.04240676123859907,
            "average_degree": 94.71662304288229,
            "degree_std": 10.213667617132398,
            "average_shortest_path": 0.5216782467641458,
            "global_efficiency": 2.008819915091659
        },
        {
            "clustering": 0.44306453126481243,
            "modularity": 0.02542514141523087,
            "average_degree": 88.33374795329667,
            "degree_std": 7.550559724587208,
            "average_shortest_path": 0.5542688510814213,
            "global_efficiency": 1.835404900222719
        },
        {
            "clustering": 0.5583453629395245,
            "modularity": 0.040213013905971935,
            "average_degree": 89.15073102575258,
            "degree_std": 3.6716101173381244,
            "average_shortest_path": 0.5511862022686501,
            "global_efficiency": 1.8420647029735882
        },
        {
            "clustering": 0.7517851580459324,
            "modularity": 0.02524778471624763,
            "average_degree": 143.158944600259,
            "degree_std": 5.954363076601159,
            "average_shortest_path": 0.27734941085463816,
            "global_efficiency": 3.805198749547174
        },
        {
            "clustering": 0.43758697394568297,
            "modularity": 0.10426932464637359,
            "average_degree": 89.85646731985297,
            "degree_std": 2.4572441098154765,
            "average_shortest_path": 0.5482792451620127,
            "global_efficiency": 1.9623293861801305
        },
        {
            "clustering": 0.4907921484086508,
            "modularity": 0.020624068363898067,
            "average_degree": 78.93652836629269,
            "degree_std": 9.751472932664228,
            "average_shortest_path": 0.5985585428529148,
            "global_efficiency": 1.7186860515084956
        },
        {
            "clustering": 0.5673524770014375,
            "modularity": 0.04552462016746446,
            "average_degree": 101.33060146554519,
            "degree_std": 5.282061850633552,
            "average_shortest_path": 0.4902977050556639,
            "global_efficiency": 2.1222664357395415
        },
        {
            "clustering": 0.38682074832019103,
            "modularity": 0.024149693758597837,
            "average_degree": 76.96376301233528,
            "degree_std": 4.561163294106222,
            "average_shortest_path": 0.6119567520448578,
            "global_efficiency": 1.6427758320512384
        },
        {
            "clustering": 0.47276369853542116,
            "modularity": 0.08728253158546342,
            "average_degree": 94.19112422776507,
            "degree_std": 3.048087619005147,
            "average_shortest_path": 0.5266614759623324,
            "global_efficiency": 2.0199992862857887
        },
        {
            "clustering": 0.665146913457949,
            "modularity": 0.015343397903989843,
            "average_degree": 132.05456158082637,
            "degree_std": 6.946245134281753,
            "average_shortest_path": 0.33319166094901387,
            "global_efficiency": 3.122204830899639
        },
        {
            "clustering": 0.5691242800418425,
            "modularity": 0.04099336654572324,
            "average_degree": 96.31524297334262,
            "degree_std": 4.2339089536201815,
            "average_shortest_path": 0.5153624276082183,
            "global_efficiency": 1.988956529586778
        }
    ],
    "8": [
        {
            "clustering": 0.5133394006548209,
            "modularity": 0.013975612477126965,
            "average_degree": 101.92844316679803,
            "degree_std": 5.596087691769358,
            "average_shortest_path": 0.4854325300873745,
            "global_efficiency": 2.0835896393874402
        },
        {
            "clustering": 0.48805586091020553,
            "modularity": 0.07568926943552842,
            "average_degree": 97.34260273431413,
            "degree_std": 6.0670993326239655,
            "average_shortest_path": 0.510467673155112,
            "global_efficiency": 2.0973072305146334
        },
        {
            "clustering": 0.6248697764595924,
            "modularity": 0.013446626554408137,
            "average_degree": 108.42099297486047,
            "degree_std": 7.7444617579720845,
            "average_shortest_path": 0.45201351032383474,
            "global_efficiency": 2.2685652794977806
        },
        {
            "clustering": 0.38732775357586424,
            "modularity": 0.03866041737980881,
            "average_degree": 77.70307879908407,
            "degree_std": 7.633608203692937,
            "average_shortest_path": 0.6082065150504958,
            "global_efficiency": 1.6747945643012092
        },
        {
            "clustering": 0.48483307971544437,
            "modularity": 0.06826814585304114,
            "average_degree": 88.68619635582243,
            "degree_std": 5.238344233835854,
            "average_shortest_path": 0.554286354772681,
            "global_efficiency": 1.8827611944085747
        },
        {
            "clustering": 0.4603827430810664,
            "modularity": 0.052057664708060614,
            "average_degree": 87.95605504957845,
            "degree_std": 8.652080736095705,
            "average_shortest_path": 0.5563962521679073,
            "global_efficiency": 1.8578396282250518
        },
        {
            "clustering": 0.47828555119549915,
            "modularity": 0.09442024677463759,
            "average_degree": 98.22443739015117,
            "degree_std": 6.500761880999401,
            "average_shortest_path": 0.5052046280340026,
            "global_efficiency": 2.1922313092942445
        },
        {
            "clustering": 0.2866593811740222,
            "modularity": 0.029158065134717387,
            "average_degree": 57.5352463345985,
            "degree_std": 7.0547160258161705,
            "average_shortest_path": 0.7104322974477421,
            "global_efficiency": 1.4186743640588888
        },
        {
            "clustering": 0.48150806967281795,
            "modularity": 0.09382033434455717,
            "average_degree": 98.4936904623642,
            "degree_std": 2.973024165628032,
            "average_shortest_path": 0.5045789649292686,
            "global_efficiency": 2.166206147453958
        },
        {
            "clustering": 0.5848513508747855,
            "modularity": 0.028687651630251478,
            "average_degree": 116.51949652780499,
            "degree_std": 7.092595811510399,
            "average_shortest_path": 0.412400933296862,
            "global_efficiency": 2.5245692948992504
        },
        {
            "clustering": 0.6791841098068055,
            "modularity": 0.01889031582862702,
            "average_degree": 102.50942315884737,
            "degree_std": 6.177093785738888,
            "average_shortest_path": 0.4829533265546611,
            "global_efficiency": 2.0997622796432864
        },
        {
            "clustering": 0.37681802444262275,
            "modularity": 0.02847600586044194,
            "average_degree": 75.58888573850807,
            "degree_std": 10.019696265785969,
            "average_shortest_path": 0.6194592733618821,
            "global_efficiency": 1.647801077240855
        }
    ],
    "9": [
        {
            "clustering": 0.5119982072193748,
            "modularity": 0.05476192269782188,
            "average_degree": 93.51510173992125,
            "degree_std": 7.784466807427417,
            "average_shortest_path": 0.5294179774300289,
            "global_efficiency": 1.9623659783318783
        },
        {
            "clustering": 0.4426664108925314,
            "modularity": 0.06954278019928202,
            "average_degree": 89.3774660372143,
            "degree_std": 7.795665819043592,
            "average_shortest_path": 0.5504898832491956,
            "global_efficiency": 1.8946807594903088
        },
        {
            "clustering": 0.3656898622161478,
            "modularity": 0.03348648459731756,
            "average_degree": 73.3283830088616,
            "degree_std": 7.556961273282309,
            "average_shortest_path": 0.6310020120014329,
            "global_efficiency": 1.6078348628222228
        },
        {
            "clustering": 0.39728916299838524,
            "modularity": 0.04219123877321894,
            "average_degree": 79.70842680294349,
            "degree_std": 5.087412619883094,
            "average_shortest_path": 0.5985605284086083,
            "global_efficiency": 1.6975354872223576
        },
        {
            "clustering": 0.5355427199714808,
            "modularity": 0.048423238098305815,
            "average_degree": 107.00068699323349,
            "degree_std": 5.298737677718286,
            "average_shortest_path": 0.46104963456596887,
            "global_efficiency": 2.2380184735878412
        },
        {
            "clustering": 0.5102384582455436,
            "modularity": 0.0575069797861976,
            "average_degree": 102.39030794984136,
            "degree_std": 6.439421683294929,
            "average_shortest_path": 0.4846767766040018,
            "global_efficiency": 2.1484069287526917
        },
        {
            "clustering": 0.44438112118583595,
            "modularity": 0.044743145848015725,
            "average_degree": 88.98909083629215,
            "degree_std": 5.2926676024631965,
            "average_shortest_path": 0.5521940318297266,
            "global_efficiency": 1.8450803601202035
        },
        {
            "clustering": 0.4820100732261985,
            "modularity": 0.017811653375123433,
            "average_degree": 95.80840491164712,
            "degree_std": 5.4168107482990155,
            "average_shortest_path": 0.5168396416911025,
            "global_efficiency": 1.9527141498109393
        },
        {
            "clustering": 0.5554805265722038,
            "modularity": 0.06187417481911925,
            "average_degree": 106.14664677831395,
            "degree_std": 6.678863702580588,
            "average_shortest_path": 0.46560670205690163,
            "global_efficiency": 2.2803670965248797
        },
        {
            "clustering": 0.6512615926148956,
            "modularity": 0.02860234451647499,
            "average_degree": 122.68518186588189,
            "degree_std": 6.816714865309438,
            "average_shortest_path": 0.3811687518520564,
            "global_efficiency": 2.762213574405256
        },
        {
            "clustering": 0.5918212677749729,
            "modularity": 0.011440427858862859,
            "average_degree": 95.84255151489124,
            "degree_std": 8.540773326579933,
            "average_shortest_path": 0.5114578996526129,
            "global_efficiency": 2.006799475123255
        },
        {
            "clustering": 0.6015930959175934,
            "modularity": 0.035200444584420634,
            "average_degree": 117.33606907341184,
            "degree_std": 6.452563597930062,
            "average_shortest_path": 0.40855335882979416,
            "global_efficiency": 2.535012582411384
        }
    ],
    "10": [
        {
            "clustering": 0.5084026081214829,
            "modularity": 0.021383432921067782,
            "average_degree": 101.52668176480498,
            "degree_std": 11.257855736938085,
            "average_shortest_path": 0.4882539703759181,
            "global_efficiency": 2.1318558380132404
        },
        {
            "clustering": 0.6400470882431043,
            "modularity": 0.014573327587095675,
            "average_degree": 127.06982304593794,
            "degree_std": 5.958805479685424,
            "average_shortest_path": 0.3588418341671977,
            "global_efficiency": 2.856575112946435
        },
        {
            "clustering": 0.3508195479921344,
            "modularity": 0.0232681153511476,
            "average_degree": 69.91547589049621,
            "degree_std": 4.940540695468761,
            "average_shortest_path": 0.6477720465209579,
            "global_efficiency": 1.5520691614538014
        },
        {
            "clustering": 0.4729463987712495,
            "modularity": 0.01837081845440041,
            "average_degree": 94.04720927873909,
            "degree_std": 5.485814071707312,
            "average_shortest_path": 0.5257634857523831,
            "global_efficiency": 1.9202018489737924
        },
        {
            "clustering": 0.5759062325536076,
            "modularity": 0.02665483951278487,
            "average_degree": 111.88367106457,
            "degree_std": 6.449471935026528,
            "average_shortest_path": 0.4362493917257572,
            "global_efficiency": 2.354595888929227
        },
        {
            "clustering": 0.6263210518631549,
            "modularity": 0.017870780739320597,
            "average_degree": 124.57660702699852,
            "degree_std": 8.76289314457138,
            "average_shortest_path": 0.3718509918118723,
            "global_efficiency": 2.8094789711621364
        },
        {
            "clustering": 0.38918498000723567,
            "modularity": 0.023131795133415834,
            "average_degree": 77.51424760685552,
            "degree_std": 4.727866045574801,
            "average_shortest_path": 0.60937484890132,
            "global_efficiency": 1.6516539863455437
        },
        {
            "clustering": 0.6295666193861887,
            "modularity": 0.016746433283149592,
            "average_degree": 125.13681976790005,
            "degree_std": 7.868756818328622,
            "average_shortest_path": 0.36892841512767727,
            "global_efficiency": 2.8131718989295376
        },
        {
            "clustering": 0.7115954261849645,
            "modularity": 0.014704539618644078,
            "average_degree": 141.2727794432276,
            "degree_std": 6.591600927553367,
            "average_shortest_path": 0.2872064937659416,
            "global_efficiency": 3.6359446151951245
        },
        {
            "clustering": 0.5563609920863194,
            "modularity": 0.02126139286904008,
            "average_degree": 110.59114280587548,
            "degree_std": 6.522353084185437,
            "average_shortest_path": 0.4422162482377694,
            "global_efficiency": 2.304577718064313
        },
        {
            "clustering": 0.6061044224396598,
            "modularity": 0.013199795960327335,
            "average_degree": 120.33803732227496,
            "degree_std": 5.7365176436767396,
            "average_shortest_path": 0.39298838261399033,
            "global_efficiency": 2.585215167979022
        },
        {
            "clustering": 0.6262996445785177,
            "modularity": 0.016126702877787245,
            "average_degree": 124.40660255955171,
            "degree_std": 5.340933819796918,
            "average_shortest_path": 0.3725294380880744,
            "global_efficiency": 2.744534518176232
        }
    ],
    "11": [
        {
            "clustering": 0.5249742757590696,
            "modularity": 0.03292760209707721,
            "average_degree": 80.99337450093621,
            "degree_std": 8.285827776210809,
            "average_shortest_path": 0.5919154012056774,
            "global_efficiency": 1.7207102159284446
        },
        {
            "clustering": 0.5646130524184394,
            "modularity": 0.026454644756806624,
            "average_degree": 101.69914017835603,
            "degree_std": 8.591844120458301,
            "average_shortest_path": 0.4866973427685353,
            "global_efficiency": 2.124706252078449
        },
        {
            "clustering": 0.6580555943101579,
            "modularity": 0.015432597459411494,
            "average_degree": 128.68027428071198,
            "degree_std": 6.813996496764475,
            "average_shortest_path": 0.3501776337367345,
            "global_efficiency": 2.969812281965396
        },
        {
            "clustering": 0.5794275277783655,
            "modularity": 0.015049368428877113,
            "average_degree": 115.05971130238675,
            "degree_std": 6.452599921582747,
            "average_shortest_path": 0.4194516778855114,
            "global_efficiency": 2.4250667654435034
        },
        {
            "clustering": 0.605555263581443,
            "modularity": 0.017375679078736633,
            "average_degree": 120.34434596084841,
            "degree_std": 6.886667819501022,
            "average_shortest_path": 0.39276329243256,
            "global_efficiency": 2.624119031360106
        },
        {
            "clustering": 0.7227278581424893,
            "modularity": 0.011883875411367824,
            "average_degree": 135.83751081303373,
            "degree_std": 6.40895992296447,
            "average_shortest_path": 0.3139858889426022,
            "global_efficiency": 3.2924048187681083
        },
        {
            "clustering": 0.440387424792921,
            "modularity": 0.019834670257802042,
            "average_degree": 87.72871142957642,
            "degree_std": 8.000879897641049,
            "average_shortest_path": 0.5575013113901633,
            "global_efficiency": 1.8220016775911032
        },
        {
            "clustering": 0.511845850969157,
            "modularity": 0.03451006017262344,
            "average_degree": 88.38670407370554,
            "degree_std": 8.650007265843053,
            "average_shortest_path": 0.5545747882219153,
            "global_efficiency": 1.8538887984595538
        },
        {
            "clustering": 0.6208615346723861,
            "modularity": 0.013958804929458467,
            "average_degree": 116.86816721136506,
            "degree_std": 8.150722253852596,
            "average_shortest_path": 0.40979657704497346,
            "global_efficiency": 2.5210371115286487
        },
        {
            "clustering": 0.44765547980437387,
            "modularity": 0.019578243644736287,
            "average_degree": 83.23469210137353,
            "degree_std": 11.198894061221276,
            "average_shortest_path": 0.5799340305807454,
            "global_efficiency": 1.7691229370553156
        },
        {
            "clustering": 0.5189374132840503,
            "modularity": 0.01936380704183324,
            "average_degree": 97.70212185617999,
            "degree_std": 9.484108948476603,
            "average_shortest_path": 0.5072577381829428,
            "global_efficiency": 2.0273092441033347
        },
        {
            "clustering": 0.5210599492811909,
            "modularity": 0.023970721965884657,
            "average_degree": 103.84274574450703,
            "degree_std": 8.46885965470231,
            "average_shortest_path": 0.4765183150375119,
            "global_efficiency": 2.1588638007871666
        }
    ]
}