{
    "0": [
        {
            "clustering": 0.43262300597713255,
            "modularity": 0.023536576340085835,
            "average_degree": 85.37587402728285,
            "degree_std": 2.7322999920290982,
            "average_shortest_path": 0.5693354168934787,
            "global_efficiency": 1.7665017614027538
        },
        {
            "clustering": 0.5165648434441114,
            "modularity": 0.057588527671436414,
            "average_degree": 104.32340720699362,
            "degree_std": 3.7768290578087553,
            "average_shortest_path": 0.4754445896028861,
            "global_efficiency": 2.2384420920498598
        },
        {
            "clustering": 0.5222390514562162,
            "modularity": 0.01922830407466065,
            "average_degree": 102.80200652529876,
            "degree_std": 3.472552460574491,
            "average_shortest_path": 0.48135709233630647,
            "global_efficiency": 2.097659338129501
        },
        {
            "clustering": 0.46220701213867316,
            "modularity": 0.02515127539230997,
            "average_degree": 90.96413393365378,
            "degree_std": 2.0154387227343777,
            "average_shortest_path": 0.5411770470956749,
            "global_efficiency": 1.8613965733047961
        },
        {
            "clustering": 0.566743589490703,
            "modularity": 0.020082674609614007,
            "average_degree": 105.55688951685183,
            "degree_std": 0.9935316954753425,
            "average_shortest_path": 0.46692804497362067,
            "global_efficiency": 2.1558980599542106
        },
        {
            "clustering": 0.31982710876038406,
            "modularity": 0.044392217278576104,
            "average_degree": 63.978304383200374,
            "degree_std": 3.025654296181299,
            "average_shortest_path": 0.6777330247514346,
            "global_efficiency": 1.4868327852446384
        },
        {
            "clustering": 0.414677132119905,
            "modularity": 0.036711870964477596,
            "average_degree": 82.72898725545537,
            "degree_std": 2.3168919428931796,
            "average_shortest_path": 0.5830844565318841,
            "global_efficiency": 1.7309199492989331
        },
        {
            "clustering": 0.781474594741978,
            "modularity": 0.010266259382242838,
            "average_degree": 138.16244728227585,
            "degree_std": 8.786915437069185,
            "average_shortest_path": 0.3018970797339275,
            "global_efficiency": 3.4613013806517468
        },
        {
            "clustering": 0.7101744104717183,
            "modularity": 0.015148177790022735,
            "average_degree": 110.67066089783808,
            "degree_std": 4.250383241640125,
            "average_shortest_path": 0.4408386458235538,
            "global_efficiency": 2.2933691189898378
        },
        {
            "clustering": 0.479222736228366,
            "modularity": 0.07766819118254657,
            "average_degree": 97.35125019745674,
            "degree_std": 3.5704705971721866,
            "average_shortest_path": 0.5103987603079102,
            "global_efficiency": 2.08790732362228
        },
        {
            "clustering": 0.7452104167978802,
            "modularity": 0.0072066012027860666,
            "average_degree": 126.9524140640177,
            "degree_std": 5.762983136608741,
            "average_shortest_path": 0.3570137033805345,
            "global_efficiency": 2.839951305201441
        },
        {
            "clustering": 0.7549092955909883,
            "modularity": 0.013160343507010673,
            "average_degree": 128.5554176504285,
            "degree_std": 0.4022861262025834,
            "average_shortest_path": 0.3510157308351848,
            "global_efficiency": 2.8590945821990488
        }
    ],
    "1": [
        {
            "clustering": 0.2015891511722837,
            "modularity": 0.01531497819969631,
            "average_degree": 39.984522296500664,
            "degree_std": 0.769032874396535,
            "average_shortest_path": 0.7982368515326973,
            "global_efficiency": 1.2529819158561828
        },
        {
            "clustering": 0.29561231626516515,
            "modularity": 0.008851770518981892,
            "average_degree": 58.57690628412552,
            "degree_std": 1.1831826308395128,
            "average_shortest_path": 0.7042562925269663,
            "global_efficiency": 1.4203459878500966
        },
        {
            "clustering": 0.16914707378578514,
            "modularity": 0.015737866272076823,
            "average_degree": 33.56432338323297,
            "degree_std": 0.5074309236302814,
            "average_shortest_path": 0.830678794209247,
            "global_efficiency": 1.203985849880032
        },
        {
            "clustering": 0.6125284387098369,
            "modularity": 0.04107190362273125,
            "average_degree": 122.4076160473939,
            "degree_std": 4.266414817637483,
            "average_shortest_path": 0.38341292410939976,
            "global_efficiency": 2.766863156155035
        },
        {
            "clustering": 0.16430704582135447,
            "modularity": 0.023656515829316455,
            "average_degree": 32.625810198095444,
            "degree_std": 0.6442767271413427,
            "average_shortest_path": 0.8354298423684572,
            "global_efficiency": 1.1972153832776318
        },
        {
            "clustering": 0.3520678991097456,
            "modularity": 0.011200204845045431,
            "average_degree": 69.84707610448311,
            "degree_std": 1.8630231260437802,
            "average_shortest_path": 0.6472224733416064,
            "global_efficiency": 1.5477252552340857
        },
        {
            "clustering": 0.14364097999626402,
            "modularity": 0.02722160682464156,
            "average_degree": 28.552736540754804,
            "degree_std": 0.5937588154278988,
            "average_shortest_path": 0.8560410866656272,
            "global_efficiency": 1.1683894859426487
        },
        {
            "clustering": 0.6056659188158874,
            "modularity": 0.008307690923279543,
            "average_degree": 109.73008667538376,
            "degree_std": 2.052960105504345,
            "average_shortest_path": 0.428649870991571,
            "global_efficiency": 2.4256506787568544
        },
        {
            "clustering": 0.2775562833066232,
            "modularity": 0.03575214581974075,
            "average_degree": 55.346754791235945,
            "degree_std": 0.9282815793285446,
            "average_shortest_path": 0.721146566287612,
            "global_efficiency": 1.3896080147975762
        },
        {
            "clustering": 0.17365620180013897,
            "modularity": 0.01638355719972009,
            "average_degree": 34.46000969812453,
            "degree_std": 0.8180968082069938,
            "average_shortest_path": 0.8261597031582081,
            "global_efficiency": 1.2106088670802597
        },
        {
            "clustering": 0.19311443849347398,
            "modularity": 0.02064222437951528,
            "average_degree": 38.34056012235959,
            "degree_std": 1.0636384627402184,
            "average_shortest_path": 0.806630588152438,
            "global_efficiency": 1.2400508509519226
        },
        {
            "clustering": 0.20862355962706391,
            "modularity": 0.07824704588801275,
            "average_degree": 42.54558558372723,
            "degree_std": 1.2721457756322745,
            "average_shortest_path": 0.7864167296323593,
            "global_efficiency": 1.2780834137253272
        }
    ],
    "2": [
        {
            "clustering": 0.12962344565386216,
            "modularity": 0.026685810482641098,
            "average_degree": 25.779071893398427,
            "degree_std": 0.6340746951749924,
            "average_shortest_path": 0.8700735205483079,
            "global_efficiency": 1.1495240599787808
        },
        {
            "clustering": 0.07735232899698306,
            "modularity": 0.03202550189569865,
            "average_degree": 15.410489731141674,
            "degree_std": 0.21594353968331279,
            "average_shortest_path": 0.9224160089218613,
            "global_efficiency": 1.0841784433503832
        },
        {
            "clustering": 0.7217189008951992,
            "modularity": 0.00804899669669433,
            "average_degree": 117.52849744912159,
            "degree_std": 1.3596853695901023,
            "average_shortest_path": 0.4065930732871959,
            "global_efficiency": 2.4641549008558314
        },
        {
            "clustering": 0.48719877172100906,
            "modularity": 0.05387311177619158,
            "average_degree": 90.1628740305824,
            "degree_std": 1.6716768832727513,
            "average_shortest_path": 0.5455159007113816,
            "global_efficiency": 1.9146918206247643
        },
        {
            "clustering": 0.46258166885375324,
            "modularity": 0.017236177406217204,
            "average_degree": 75.20497305829484,
            "degree_std": 2.004975809655762,
            "average_shortest_path": 0.620536941380332,
            "global_efficiency": 1.6139325857917164
        },
        {
            "clustering": 0.12320268435530488,
            "modularity": 0.030933948551472863,
            "average_degree": 24.52382540013685,
            "degree_std": 0.5492708402648198,
            "average_shortest_path": 0.8764147779227522,
            "global_efficiency": 1.1412308972414758
        },
        {
            "clustering": 0.4855949915080884,
            "modularity": 0.05388892128146859,
            "average_degree": 88.28463914236228,
            "degree_std": 1.495750309339715,
            "average_shortest_path": 0.5562060814171036,
            "global_efficiency": 1.8470414144265057
        },
        {
            "clustering": 0.5705829580630801,
            "modularity": 0.009648821231408977,
            "average_degree": 93.19952666454763,
            "degree_std": 1.1836279014742903,
            "average_shortest_path": 0.5294347765736724,
            "global_efficiency": 1.891059448919178
        },
        {
            "clustering": 0.4906183898863493,
            "modularity": 0.053482478514629575,
            "average_degree": 88.49580208846297,
            "degree_std": 1.410342757929702,
            "average_shortest_path": 0.5551481279132703,
            "global_efficiency": 1.8494101620240357
        },
        {
            "clustering": 0.2660390160293728,
            "modularity": 0.008667569015856436,
            "average_degree": 52.76595823348315,
            "degree_std": 2.436416861023463,
            "average_shortest_path": 0.733636581459894,
            "global_efficiency": 1.3640175971960415
        },
        {
            "clustering": 0.06790219706364736,
            "modularity": 0.012474818514907254,
            "average_degree": 13.47863872827649,
            "degree_std": 0.14526671534365476,
            "average_shortest_path": 0.9320512713521382,
            "global_efficiency": 1.0729133819161218
        },
        {
            "clustering": 0.12804703445605134,
            "modularity": 0.01217513284204969,
            "average_degree": 25.405996076345083,
            "degree_std": 0.4256924614525886,
            "average_shortest_path": 0.8718288588991525,
            "global_efficiency": 1.1470871084840262
        }
    ],
    "3": [
        {
            "clustering": 0.25584763079138323,
            "modularity": 0.0685941987170971,
            "average_degree": 52.044414776941935,
            "degree_std": 1.108347265486931,
            "average_shortest_path": 0.7384414716269926,
            "global_efficiency": 1.3651643290052
        },
        {
            "clustering": 0.15677481292645093,
            "modularity": 0.03746489360493645,
            "average_degree": 31.345474802103773,
            "degree_std": 1.6638950341641923,
            "average_shortest_path": 0.8420372616471364,
            "global_efficiency": 1.188666706594872
        },
        {
            "clustering": 0.6043073702876385,
            "modularity": 0.04315395724454191,
            "average_degree": 111.83026967944055,
            "degree_std": 1.3632911125237561,
            "average_shortest_path": 0.4361167664462225,
            "global_efficiency": 2.3840500003228917
        },
        {
            "clustering": 0.07944242431215397,
            "modularity": 0.041005875231986594,
            "average_degree": 15.95838857390099,
            "degree_std": 0.3652838359728728,
            "average_shortest_path": 0.9198317155324476,
            "global_efficiency": 1.0873773489875727
        },
        {
            "clustering": 0.15378987432587893,
            "modularity": 0.022901246957286868,
            "average_degree": 30.59195729570311,
            "degree_std": 0.6709460179898662,
            "average_shortest_path": 0.8458966633172096,
            "global_efficiency": 1.1824335647115227
        },
        {
            "clustering": 0.13744763794819842,
            "modularity": 0.023306622976773016,
            "average_degree": 27.33675043347021,
            "degree_std": 0.8752011250454049,
            "average_shortest_path": 0.8622457303691015,
            "global_efficiency": 1.1599904464997226
        },
        {
            "clustering": 0.09693501735761113,
            "modularity": 0.050032108300663014,
            "average_degree": 19.561608122592183,
            "degree_std": 0.45762437917039606,
            "average_shortest_path": 0.9018122875259672,
            "global_efficiency": 1.1093730576039549
        },
        {
            "clustering": 0.1039605242892124,
            "modularity": 0.031190480361441994,
            "average_degree": 20.727501085900485,
            "degree_std": 0.32666486741839257,
            "average_shortest_path": 0.8956568631800534,
            "global_efficiency": 1.116665944693649
        },
        {
            "clustering": 0.31730069540762484,
            "modularity": 0.08998676419447181,
            "average_degree": 65.38981893088932,
            "degree_std": 2.0195722312289055,
            "average_shortest_path": 0.6719103075185386,
            "global_efficiency": 1.5250662823252836
        },
        {
            "clustering": 0.10653851695062823,
            "modularity": 0.007298247362859863,
            "average_degree": 21.115470214790236,
            "degree_std": 0.426316454640866,
            "average_shortest_path": 0.8933920029275395,
            "global_efficiency": 1.119364692684336
        },
        {
            "clustering": 0.1971901644680251,
            "modularity": 0.04827264659093594,
            "average_degree": 39.50829672888781,
            "degree_std": 2.293312125407129,
            "average_shortest_path": 0.8010557911002033,
            "global_efficiency": 1.2507025912196652
        },
        {
            "clustering": 0.5057389163328282,
            "modularity": 0.04981109617282098,
            "average_degree": 97.4235801104769,
            "degree_std": 2.384137448955555,
            "average_shortest_path": 0.5087792591065343,
            "global_efficiency": 2.0604690544242246
        }
    ],
    "4": [
        {
            "clustering": 0.26059803318598146,
            "modularity": 0.03614849343434002,
            "average_degree": 51.959834504359826,
            "degree_std": 0.885070569155844,
            "average_shortest_path": 0.7380538736824719,
            "global_efficiency": 1.3576562274387396
        },
        {
            "clustering": 0.3643879334914499,
            "modularity": 0.04301420572502969,
            "average_degree": 73.35864515299279,
            "degree_std": 2.2913729617978538,
            "average_shortest_path": 0.6306471382578337,
            "global_efficiency": 1.6084969264359783
        },
        {
            "clustering": 0.1546341181644325,
            "modularity": 0.026026834443296534,
            "average_degree": 30.81012056273166,
            "degree_std": 0.5197590175523424,
            "average_shortest_path": 0.8448971475078723,
            "global_efficiency": 1.1839497372045884
        },
        {
            "clustering": 0.9078144128676165,
            "modularity": 0.005066620580299702,
            "average_degree": 172.19429997821274,
            "degree_std": 0.4534988521222858,
            "average_shortest_path": 0.13015678157883456,
            "global_efficiency": 7.705259690471716
        },
        {
            "clustering": 0.06661002411775714,
            "modularity": 0.012923388058152602,
            "average_degree": 13.285856105062987,
            "degree_std": 0.56636182572402,
            "average_shortest_path": 0.932902137977183,
            "global_efficiency": 1.0720493277492378
        },
        {
            "clustering": 0.27472650220359324,
            "modularity": 0.014245034614588075,
            "average_degree": 54.50794618465866,
            "degree_std": 0.8458633844054204,
            "average_shortest_path": 0.7248984490821253,
            "global_efficiency": 1.3804067807337117
        },
        {
            "clustering": 0.4537008101344622,
            "modularity": 0.04631674404386086,
            "average_degree": 91.61067740441152,
            "degree_std": 2.7118495097439803,
            "average_shortest_path": 0.538642152084724,
            "global_efficiency": 1.9298151969813082
        },
        {
            "clustering": 0.22596896640708122,
            "modularity": 0.014697481308268544,
            "average_degree": 44.856368585718585,
            "degree_std": 0.8584593642090108,
            "average_shortest_path": 0.7737807282073608,
            "global_efficiency": 1.2927776700979794
        },
        {
            "clustering": 0.0929036260048803,
            "modularity": 0.09244302001146623,
            "average_degree": 18.896392612639655,
            "degree_std": 0.3467158869948546,
            "average_shortest_path": 0.9050090618465331,
            "global_efficiency": 1.1057655330014742
        },
        {
            "clustering": 0.5363316902957481,
            "modularity": 0.054663199388169464,
            "average_degree": 92.5031161144405,
            "degree_std": 3.1393517755805793,
            "average_shortest_path": 0.5350004075002865,
            "global_efficiency": 1.9293248100288027
        },
        {
            "clustering": 0.15100340865945244,
            "modularity": 0.011073991102255565,
            "average_degree": 29.947314518543642,
            "degree_std": 0.8310994893637853,
            "average_shortest_path": 0.8487799429733013,
            "global_efficiency": 1.1783477241889668
        },
        {
            "clustering": 0.519214313313241,
            "modularity": 0.050968521384547986,
            "average_degree": 90.70936080576047,
            "degree_std": 2.021479885707745,
            "average_shortest_path": 0.5439631014027215,
            "global_efficiency": 1.8862439010274539
        }
    ],
    "5": [
        {
            "clustering": 0.3928753303292208,
            "modularity": 0.0611388861657744,
            "average_degree": 79.67643761079067,
            "degree_std": 2.553826934533265,
            "average_shortest_path": 0.5997717487691765,
            "global_efficiency": 1.7108873832664397
        },
        {
            "clustering": 0.2276541849198487,
            "modularity": 0.036278055008630974,
            "average_degree": 45.43686656474433,
            "degree_std": 0.659660498981512,
            "average_shortest_path": 0.7711566650248459,
            "global_efficiency": 1.298545948920308
        },
        {
            "clustering": 0.9413168975773997,
            "modularity": 0.007833644190209044,
            "average_degree": 181.4662382332033,
            "degree_std": 0.44538051804674045,
            "average_shortest_path": 0.0835935055783508,
            "global_efficiency": 12.325767169686555
        },
        {
            "clustering": 0.18984156188665238,
            "modularity": 0.03542415421323613,
            "average_degree": 37.82081720209996,
            "degree_std": 0.9351050739274799,
            "average_shortest_path": 0.8090657140289094,
            "global_efficiency": 1.2372146990512038
        },
        {
            "clustering": 0.15825284797231717,
            "modularity": 0.06062077483363305,
            "average_degree": 31.824752757152826,
            "degree_std": 0.7924845352182879,
            "average_shortest_path": 0.8399390927324067,
            "global_efficiency": 1.1920627771509098
        },
        {
            "clustering": 0.2654151922023514,
            "modularity": 0.019843924699964807,
            "average_degree": 52.69854852088882,
            "degree_std": 1.047993091069571,
            "average_shortest_path": 0.734251937481306,
            "global_efficiency": 1.362666886963046
        },
        {
            "clustering": 0.17255534573240827,
            "modularity": 0.022500692684537776,
            "average_degree": 34.321988449769584,
            "degree_std": 0.5825918086042952,
            "average_shortest_path": 0.827074533795657,
            "global_efficiency": 1.2094350569011512
        },
        {
            "clustering": 0.35668945968312477,
            "modularity": 0.0551434974301405,
            "average_degree": 71.90701155391186,
            "degree_std": 1.8247287667960517,
            "average_shortest_path": 0.6384813766031091,
            "global_efficiency": 1.586773655352987
        },
        {
            "clustering": 0.3121672909805292,
            "modularity": 0.01173398591370203,
            "average_degree": 61.886359001739706,
            "degree_std": 1.883097302351164,
            "average_shortest_path": 0.6875152461959079,
            "global_efficiency": 1.455801466855015
        },
        {
            "clustering": 0.7989054214204968,
            "modularity": 0.006580897575650119,
            "average_degree": 149.81270889750118,
            "degree_std": 0.9129035499651496,
            "average_shortest_path": 0.24181803311632788,
            "global_efficiency": 4.186063010758373
        },
        {
            "clustering": 0.4015075866054438,
            "modularity": 0.008816801310133592,
            "average_degree": 79.56396350972457,
            "degree_std": 1.266038783722831,
            "average_shortest_path": 0.5983373889924807,
            "global_efficiency": 1.672369082682941
        },
        {
            "clustering": 0.36006825199645276,
            "modularity": 0.012001870523813195,
            "average_degree": 71.37961590971504,
            "degree_std": 1.2228994896696392,
            "average_shortest_path": 0.639589103717814,
            "global_efficiency": 1.5651774004268497
        }
    ],
    "6": [
        {
            "clustering": 0.5311800489355782,
            "modularity": 0.016433412945915844,
            "average_degree": 86.20668760691565,
            "degree_std": 1.8419521529093967,
            "average_shortest_path": 0.5647981789718756,
            "global_efficiency": 1.7756340242985809
        },
        {
            "clustering": 0.7501696940435769,
            "modularity": 0.02353832303000941,
            "average_degree": 128.34464533560296,
            "degree_std": 2.1034782747827587,
            "average_shortest_path": 0.35279768541969314,
            "global_efficiency": 2.894496634709093
        },
        {
            "clustering": 0.18707019616419837,
            "modularity": 0.009225336750572218,
            "average_degree": 37.081002107965205,
            "degree_std": 0.39807119702301935,
            "average_shortest_path": 0.8128596192039651,
            "global_efficiency": 1.2303028087380141
        },
        {
            "clustering": 0.2267636844118819,
            "modularity": 0.028704481650740417,
            "average_degree": 45.23456919668582,
            "degree_std": 1.465862800944748,
            "average_shortest_path": 0.7714012378932908,
            "global_efficiency": 1.299106615460513
        },
        {
            "clustering": 0.18952316667261523,
            "modularity": 0.04845788247042063,
            "average_degree": 38.05656793996946,
            "degree_std": 1.082484001903584,
            "average_shortest_path": 0.8082473378803839,
            "global_efficiency": 1.2396912004063494
        },
        {
            "clustering": 0.6063110794320666,
            "modularity": 0.03656777629948059,
            "average_degree": 100.32318911448716,
            "degree_std": 2.8047608018187775,
            "average_shortest_path": 0.49469280718409114,
            "global_efficiency": 2.0578796695092048
        },
        {
            "clustering": 0.07435199954816427,
            "modularity": 0.010443179296044592,
            "average_degree": 14.822711705925917,
            "degree_std": 0.47105668742931595,
            "average_shortest_path": 0.925078388644716,
            "global_efficiency": 1.0811485902933815
        },
        {
            "clustering": 0.6216853794500253,
            "modularity": 0.023196008839714302,
            "average_degree": 105.13978007274551,
            "degree_std": 2.201883120389142,
            "average_shortest_path": 0.4693620633467064,
            "global_efficiency": 2.146654827015557
        },
        {
            "clustering": 0.9365282086608127,
            "modularity": 0.009442676107112729,
            "average_degree": 173.98536970184065,
            "degree_std": 0.6551041547541268,
            "average_shortest_path": 0.1213326634495515,
            "global_efficiency": 8.426760562575865
        },
        {
            "clustering": 0.5228984511297841,
            "modularity": 0.04712104714545925,
            "average_degree": 101.23411432367848,
            "degree_std": 3.353600611308008,
            "average_shortest_path": 0.49053227694349694,
            "global_efficiency": 2.1292792950765715
        },
        {
            "clustering": 0.4663055125516751,
            "modularity": 0.03869244326902437,
            "average_degree": 93.21507984972969,
            "degree_std": 2.062543979461823,
            "average_shortest_path": 0.5307077068030998,
            "global_efficiency": 1.9139651038466514
        },
        {
            "clustering": 0.6887325172031504,
            "modularity": 0.007708867867145552,
            "average_degree": 127.42458934894198,
            "degree_std": 1.1302950356729828,
            "average_shortest_path": 0.3557296241828966,
            "global_efficiency": 2.8244316760242474
        }
    ],
    "7": [
        {
            "clustering": 0.8329320467839537,
            "modularity": 0.009812950734065311,
            "average_degree": 152.00410977279606,
            "degree_std": 0.6404422999109693,
            "average_shortest_path": 0.23243366407691093,
            "global_efficiency": 4.329744951494354
        },
        {
            "clustering": 0.7738406935165952,
            "modularity": 0.011692227659620826,
            "average_degree": 146.415125406649,
            "degree_std": 0.8822945388394524,
            "average_shortest_path": 0.26046149100150073,
            "global_efficiency": 3.8797534989595226
        },
        {
            "clustering": 0.15145187363018167,
            "modularity": 0.04008200995403567,
            "average_degree": 30.307025324002108,
            "degree_std": 1.2195224196576968,
            "average_shortest_path": 0.8474716874157828,
            "global_efficiency": 1.1808546406173734
        },
        {
            "clustering": 0.25623968265330005,
            "modularity": 0.007368393270001563,
            "average_degree": 50.78428157074764,
            "degree_std": 0.8559195410464315,
            "average_shortest_path": 0.7434519785069011,
            "global_efficiency": 1.3456535219530412
        },
        {
            "clustering": 0.4626305403093552,
            "modularity": 0.0435002168581179,
            "average_degree": 86.26609023904913,
            "degree_std": 2.414307210369378,
            "average_shortest_path": 0.5652303090054399,
            "global_efficiency": 1.794987621590849
        },
        {
            "clustering": 0.1776240284570898,
            "modularity": 0.03486073640792178,
            "average_degree": 35.513986923592014,
            "degree_std": 0.6679817948126826,
            "average_shortest_path": 0.8212995623976309,
            "global_efficiency": 1.218633866158854
        },
        {
            "clustering": 0.6929657781436283,
            "modularity": 0.009518491785850767,
            "average_degree": 106.18186973113538,
            "degree_std": 1.9287605493374265,
            "average_shortest_path": 0.4637161466922763,
            "global_efficiency": 2.161643091306976
        },
        {
            "clustering": 0.8037978351836594,
            "modularity": 0.005751299284786539,
            "average_degree": 132.18269608908628,
            "degree_std": 1.8547909712671584,
            "average_shortest_path": 0.33201301334130384,
            "global_efficiency": 3.041918463332965
        },
        {
            "clustering": 0.3250326695591001,
            "modularity": 0.0632199077518726,
            "average_degree": 65.6045343111133,
            "degree_std": 2.2721020930812896,
            "average_shortest_path": 0.6700837447267718,
            "global_efficiency": 1.5095210556628824
        },
        {
            "clustering": 0.2820948547268682,
            "modularity": 0.04364544780340146,
            "average_degree": 56.462908606888426,
            "degree_std": 1.1556252204964463,
            "average_shortest_path": 0.7158215132095005,
            "global_efficiency": 1.4020050896284684
        },
        {
            "clustering": 0.30875259336399985,
            "modularity": 0.016473527874766195,
            "average_degree": 61.25125621433856,
            "degree_std": 0.886639098808526,
            "average_shortest_path": 0.6909512978999627,
            "global_efficiency": 1.4481653461464206
        },
        {
            "clustering": 0.43417110938708,
            "modularity": 0.05660118839052776,
            "average_degree": 87.51172237805652,
            "degree_std": 2.213869743489086,
            "average_shortest_path": 0.5598672899152832,
            "global_efficiency": 1.8359607850156878
        }
    ],
    "8": [
        {
            "clustering": 0.7027122542770535,
            "modularity": 0.009797942884592315,
            "average_degree": 121.05247126982427,
            "degree_std": 1.089659523707252,
            "average_shortest_path": 0.38861905182691037,
            "global_efficiency": 2.580849968190287
        },
        {
            "clustering": 0.759314623403835,
            "modularity": 0.015349866165387041,
            "average_degree": 126.57483636710224,
            "degree_std": 1.8901159642880117,
            "average_shortest_path": 0.3610987847445728,
            "global_efficiency": 2.789781279136805
        },
        {
            "clustering": 0.5276370833055657,
            "modularity": 0.034247031655926234,
            "average_degree": 85.45083556888434,
            "degree_std": 2.5200968624268345,
            "average_shortest_path": 0.5689484172617164,
            "global_efficiency": 1.7717917890118113
        },
        {
            "clustering": 0.6397709780159974,
            "modularity": 0.03356493114658086,
            "average_degree": 109.37002392855155,
            "degree_std": 2.3345806819550323,
            "average_shortest_path": 0.4489420349171813,
            "global_efficiency": 2.274873446028706
        },
        {
            "clustering": 0.5783152777916257,
            "modularity": 0.03273986467820078,
            "average_degree": 87.46327325582975,
            "degree_std": 2.173175737340596,
            "average_shortest_path": 0.559108010426937,
            "global_efficiency": 1.8044485834173773
        },
        {
            "clustering": 0.6556098505600966,
            "modularity": 0.028463697522908518,
            "average_degree": 116.89128939391118,
            "degree_std": 2.4417837421868263,
            "average_shortest_path": 0.41003676912046205,
            "global_efficiency": 2.484113115752836
        },
        {
            "clustering": 0.8668695250508165,
            "modularity": 0.005010943916915198,
            "average_degree": 146.2371813021167,
            "degree_std": 1.6173125082994522,
            "average_shortest_path": 0.2609681818187762,
            "global_efficiency": 3.851560908778355
        },
        {
            "clustering": 0.25031891445406795,
            "modularity": 0.02677065660258386,
            "average_degree": 49.795053533526215,
            "degree_std": 0.8971946990367187,
            "average_shortest_path": 0.7489759555540283,
            "global_efficiency": 1.3364872493490239
        },
        {
            "clustering": 0.7048190340788896,
            "modularity": 0.02072141523389174,
            "average_degree": 120.10723381373613,
            "degree_std": 1.5496103930801535,
            "average_shortest_path": 0.39364609850739785,
            "global_efficiency": 2.567888065246694
        },
        {
            "clustering": 0.1369349853840028,
            "modularity": 0.020551837993560716,
            "average_degree": 27.219848484753097,
            "degree_std": 0.6702666817477394,
            "average_shortest_path": 0.8627984367743274,
            "global_efficiency": 1.1592101023071142
        },
        {
            "clustering": 0.8554353735377959,
            "modularity": 0.007962116932463277,
            "average_degree": 166.88124665619284,
            "degree_std": 0.593736926334407,
            "average_shortest_path": 0.15710308299581585,
            "global_efficiency": 6.4314056981463725
        },
        {
            "clustering": 0.16533173411618843,
            "modularity": 0.00800813701048415,
            "average_degree": 32.76955726136105,
            "degree_std": 0.5562585789337869,
            "average_shortest_path": 0.8346024306381223,
            "global_efficiency": 1.1982415384269638
        }
    ],
    "9": [
        {
            "clustering": 0.6262579593045405,
            "modularity": 0.030237651035723206,
            "average_degree": 105.8168743705151,
            "degree_std": 3.274707337935762,
            "average_shortest_path": 0.46585416395611207,
            "global_efficiency": 2.1832190254060757
        },
        {
            "clustering": 0.435464670119715,
            "modularity": 0.029503543780756106,
            "average_degree": 78.5691303343669,
            "degree_std": 2.154310633463235,
            "average_shortest_path": 0.6034529999056347,
            "global_efficiency": 1.6659232602030407
        },
        {
            "clustering": 0.2197039926624254,
            "modularity": 0.00942727673485593,
            "average_degree": 43.55906037978439,
            "degree_std": 0.7363109438934342,
            "average_shortest_path": 0.7801914706480566,
            "global_efficiency": 1.2819096837284527
        },
        {
            "clustering": 0.2945034670577138,
            "modularity": 0.029005320729958404,
            "average_degree": 58.55253741550481,
            "degree_std": 0.8536203818433684,
            "average_shortest_path": 0.7047445783944084,
            "global_efficiency": 1.4209288853023287
        },
        {
            "clustering": 0.532437640402829,
            "modularity": 0.03271087171930321,
            "average_degree": 92.2693527251011,
            "degree_std": 2.8924059626913903,
            "average_shortest_path": 0.5341185639972923,
            "global_efficiency": 1.8913852316814377
        },
        {
            "clustering": 0.6273191057097927,
            "modularity": 0.026465855870616936,
            "average_degree": 108.78907126809871,
            "degree_std": 2.0075018556343927,
            "average_shortest_path": 0.4503784457577253,
            "global_efficiency": 2.247608384279156
        },
        {
            "clustering": 0.7679493851716794,
            "modularity": 0.018423251472723827,
            "average_degree": 121.86061445352001,
            "degree_std": 2.2126499743629666,
            "average_shortest_path": 0.3849258269058396,
            "global_efficiency": 2.6233998420896336
        },
        {
            "clustering": 0.8471528611571957,
            "modularity": 0.010920904933158644,
            "average_degree": 154.98783429581027,
            "degree_std": 1.2441460518482914,
            "average_shortest_path": 0.21735591514794972,
            "global_efficiency": 4.657512620150935
        },
        {
            "clustering": 0.3922116379373904,
            "modularity": 0.024145751321874263,
            "average_degree": 77.91078670045587,
            "degree_std": 1.466778388962681,
            "average_shortest_path": 0.6070397546561609,
            "global_efficiency": 1.6514736434499533
        },
        {
            "clustering": 0.8947905819624896,
            "modularity": 0.00572722624334884,
            "average_degree": 158.91437785048905,
            "degree_std": 0.8022468246458767,
            "average_shortest_path": 0.1972794827634555,
            "global_efficiency": 5.083752885185182
        },
        {
            "clustering": 0.6783529187160028,
            "modularity": 0.02254665843394591,
            "average_degree": 108.5601234214854,
            "degree_std": 2.482718262043492,
            "average_shortest_path": 0.4521247166399278,
            "global_efficiency": 2.2315920642032996
        },
        {
            "clustering": 0.9110801111863884,
            "modularity": 0.004899414664830966,
            "average_degree": 169.20850960056924,
            "degree_std": 0.5313493638882024,
            "average_shortest_path": 0.1451926721534148,
            "global_efficiency": 6.90498882765019
        }
    ],
    "10": [
        {
            "clustering": 0.17339129921723687,
            "modularity": 0.018897854507254824,
            "average_degree": 34.44190079713825,
            "degree_std": 0.9912109383062616,
            "average_shortest_path": 0.8262701371238976,
            "global_efficiency": 1.2106237243148517
        },
        {
            "clustering": 0.7595292864008497,
            "modularity": 0.008567491061255986,
            "average_degree": 126.79635801583659,
            "degree_std": 1.6453964371901555,
            "average_shortest_path": 0.3597140313020694,
            "global_efficiency": 2.7893785703904457
        },
        {
            "clustering": 0.6885405690722657,
            "modularity": 0.009649706042367766,
            "average_degree": 105.9410431513696,
            "degree_std": 1.8879900543449777,
            "average_shortest_path": 0.465099356722368,
            "global_efficiency": 2.1554796286298386
        },
        {
            "clustering": 0.17235113539024885,
            "modularity": 0.019264296386450525,
            "average_degree": 34.22241790724766,
            "degree_std": 0.5442236002549643,
            "average_shortest_path": 0.8273544288111712,
            "global_efficiency": 1.2089470510998945
        },
        {
            "clustering": 0.33788518390720246,
            "modularity": 0.010155348175259017,
            "average_degree": 66.96576210531855,
            "degree_std": 1.0334541375485602,
            "average_shortest_path": 0.6619180913998413,
            "global_efficiency": 1.5115362301868993
        },
        {
            "clustering": 0.43163965661319315,
            "modularity": 0.01247669548044589,
            "average_degree": 85.60199293651849,
            "degree_std": 1.5449913586012247,
            "average_shortest_path": 0.5679311939495246,
            "global_efficiency": 1.7638821096512112
        },
        {
            "clustering": 0.5404957076034274,
            "modularity": 0.008973193532739777,
            "average_degree": 94.28993034975205,
            "degree_std": 1.5852879519255485,
            "average_shortest_path": 0.5238162619831197,
            "global_efficiency": 1.9128529133817151
        },
        {
            "clustering": 0.7021200433606929,
            "modularity": 0.011385758058607724,
            "average_degree": 114.34977823249483,
            "degree_std": 1.8054948730618883,
            "average_shortest_path": 0.42259540986881394,
            "global_efficiency": 2.3757937939528846
        },
        {
            "clustering": 0.5636645686564932,
            "modularity": 0.011518078403748987,
            "average_degree": 91.00574642757086,
            "degree_std": 2.232846143173532,
            "average_shortest_path": 0.540617336687772,
            "global_efficiency": 1.8545683948236085
        },
        {
            "clustering": 0.3224640391488628,
            "modularity": 0.015616225731904274,
            "average_degree": 63.9892511461068,
            "degree_std": 1.0172655426524004,
            "average_shortest_path": 0.6771446464920351,
            "global_efficiency": 1.4780635306335133
        },
        {
            "clustering": 0.44037869009501696,
            "modularity": 0.011241318840528366,
            "average_degree": 87.31493382307846,
            "degree_std": 1.5172650847972347,
            "average_shortest_path": 0.5592434980888741,
            "global_efficiency": 1.791394953333158
        },
        {
            "clustering": 0.4626115048669511,
            "modularity": 0.012288597592487665,
            "average_degree": 91.77977297051066,
            "degree_std": 2.02449952116418,
            "average_shortest_path": 0.5368137871924705,
            "global_efficiency": 1.868129833561907
        }
    ],
    "11": [
        {
            "clustering": 0.32759280930051177,
            "modularity": 0.011176331767870546,
            "average_degree": 64.96254141071564,
            "degree_std": 1.6222675406520684,
            "average_shortest_path": 0.6720874685845679,
            "global_efficiency": 1.48913945979434
        },
        {
            "clustering": 0.1830306045214302,
            "modularity": 0.011100913651601263,
            "average_degree": 36.29687217458202,
            "degree_std": 0.603574205059717,
            "average_shortest_path": 0.8168108430998492,
            "global_efficiency": 1.2244431769188575
        },
        {
            "clustering": 0.3664675998610196,
            "modularity": 0.01643216952878497,
            "average_degree": 72.73620518342067,
            "degree_std": 1.7435245523262752,
            "average_shortest_path": 0.6329543596637549,
            "global_efficiency": 1.5827218151072504
        },
        {
            "clustering": 0.23455413080234305,
            "modularity": 0.010439113346022473,
            "average_degree": 46.50661130465746,
            "degree_std": 1.1001190896488682,
            "average_shortest_path": 0.7653009226146115,
            "global_efficiency": 1.3069809124634464
        },
        {
            "clustering": 0.5894545626205985,
            "modularity": 0.012198242101279597,
            "average_degree": 89.4884968118308,
            "degree_std": 1.9372717608458316,
            "average_shortest_path": 0.5481446576531601,
            "global_efficiency": 1.828805272319493
        },
        {
            "clustering": 0.22223565882820334,
            "modularity": 0.014858211192984194,
            "average_degree": 44.096876967005365,
            "degree_std": 1.0252230556704889,
            "average_shortest_path": 0.7774907883144799,
            "global_efficiency": 1.286631444425994
        },
        {
            "clustering": 0.7927702967223096,
            "modularity": 0.008650198079830322,
            "average_degree": 133.96266225526307,
            "degree_std": 2.130707609974891,
            "average_shortest_path": 0.3234522250307961,
            "global_efficiency": 3.1095505793221077
        },
        {
            "clustering": 0.5667219034406863,
            "modularity": 0.009361854664853758,
            "average_degree": 112.30598154768715,
            "degree_std": 1.1154037059875426,
            "average_shortest_path": 0.4329689481595409,
            "global_efficiency": 2.3153857362109056
        },
        {
            "clustering": 0.50534986290157,
            "modularity": 0.013670832903924755,
            "average_degree": 63.642216534776516,
            "degree_std": 2.2649278517903273,
            "average_shortest_path": 0.6787106280682333,
            "global_efficiency": 1.4759420419065277
        },
        {
            "clustering": 0.8019684590369512,
            "modularity": 0.009967884821206814,
            "average_degree": 126.97327108647833,
            "degree_std": 2.3006110409150997,
            "average_shortest_path": 0.3588749493994139,
            "global_efficiency": 2.7989936092586203
        },
        {
            "clustering": 0.3466548261798879,
            "modularity": 0.011468476168868386,
            "average_degree": 68.7367645439376,
            "degree_std": 0.7142206177630351,
            "average_shortest_path": 0.6531396935750791,
            "global_efficiency": 1.5318995964599464
        },
        {
            "clustering": 0.7288435646875151,
            "modularity": 0.008372047773253625,
            "average_degree": 106.09012215671228,
            "degree_std": 1.8533346611131358,
            "average_shortest_path": 0.4641911854772006,
            "global_efficiency": 2.1594075454479444
        }
    ]
}