{
    "0": [
        {
            "clustering": 0.004086173068846274,
            "modularity": 0.0822674527129981,
            "average_degree": 1.0103189119805551,
            "degree_std": 1.6858357887488908,
            "average_shortest_path": 0.9949052190485987,
            "global_efficiency": 1.0053833981792206
        },
        {
            "clustering": 0.004920212391022234,
            "modularity": 0.07044724019771037,
            "average_degree": 1.0184029505732621,
            "degree_std": 0.4113194085739943,
            "average_shortest_path": 0.9949190854911656,
            "global_efficiency": 1.0051544394326466
        },
        {
            "clustering": 0.008940254026434091,
            "modularity": 0.06444439977930379,
            "average_degree": 1.5993417074259273,
            "degree_std": 0.5296092457391746,
            "average_shortest_path": 0.9919609797753299,
            "global_efficiency": 1.0084602726419523
        },
        {
            "clustering": 0.004781939403210265,
            "modularity": 0.07069554575736386,
            "average_degree": 1.0127900589990142,
            "degree_std": 0.6811839342865409,
            "average_shortest_path": 0.9949132525138661,
            "global_efficiency": 1.005209073288452
        },
        {
            "clustering": 0.005151185087010375,
            "modularity": 0.06840658156983855,
            "average_degree": 1.0695465130196384,
            "degree_std": 0.542905545013496,
            "average_shortest_path": 0.9946333273498937,
            "global_efficiency": 1.0054737187073708
        },
        {
            "clustering": 0.018637431922529916,
            "modularity": 0.06102211309423054,
            "average_degree": 1.8900708925941114,
            "degree_std": 0.07975541985796089,
            "average_shortest_path": 0.9904382271999592,
            "global_efficiency": 1.009691810699851
        },
        {
            "clustering": 0.0035393279792365864,
            "modularity": 0.04118122587482237,
            "average_degree": 1.077340337220003,
            "degree_std": 2.805504208711101,
            "average_shortest_path": 0.9945908040290714,
            "global_efficiency": 1.0059260801153125
        },
        {
            "clustering": 0.004532012870208629,
            "modularity": 0.08982059484944611,
            "average_degree": 1.011819498090146,
            "degree_std": 1.098153433543556,
            "average_shortest_path": 0.9949128974245347,
            "global_efficiency": 1.0052683505043212
        },
        {
            "clustering": 0.004860905207912257,
            "modularity": 0.05691661356484759,
            "average_degree": 1.0119715280603458,
            "degree_std": 0.6477023233923324,
            "average_shortest_path": 0.9949136908879334,
            "global_efficiency": 1.0052045092527007
        },
        {
            "clustering": 0.029546364380784413,
            "modularity": 0.17173063412990028,
            "average_degree": 3.4349323781966588,
            "degree_std": 0.24848008211822656,
            "average_shortest_path": 0.9831525521597057,
            "global_efficiency": 1.017374231934028
        },
        {
            "clustering": 0.22432387611352692,
            "modularity": 0.04238114571422724,
            "average_degree": 25.68864286998967,
            "degree_std": 0.7029650189856755,
            "average_shortest_path": 0.8700983346266197,
            "global_efficiency": 1.1502704455180814
        },
        {
            "clustering": 0.006111725434727933,
            "modularity": 0.06402989968694546,
            "average_degree": 1.2621935612096329,
            "degree_std": 0.5783813630208168,
            "average_shortest_path": 0.9936653927360312,
            "global_efficiency": 1.0064579600835466
        }
    ],
    "1": [
        {
            "clustering": 0.0050377020767909285,
            "modularity": 0.048792233745979234,
            "average_degree": 1.0194813260694975,
            "degree_std": 0.1841644282488607,
            "average_shortest_path": 0.9949025718871933,
            "global_efficiency": 1.0051536944751336
        },
        {
            "clustering": 0.0160293678021726,
            "modularity": 0.07717928997575621,
            "average_degree": 3.3003950159008664,
            "degree_std": 0.19842231110812888,
            "average_shortest_path": 0.9834650896862537,
            "global_efficiency": 1.0168802139333788
        },
        {
            "clustering": 0.005480631855105044,
            "modularity": 0.09499479907320837,
            "average_degree": 1.1470897724837794,
            "degree_std": 0.20272501857930392,
            "average_shortest_path": 0.9942882777628536,
            "global_efficiency": 1.0057714020439878
        },
        {
            "clustering": 0.005014375247236633,
            "modularity": 0.05008199331483877,
            "average_degree": 1.0157084983947595,
            "degree_std": 0.20650791586501518,
            "average_shortest_path": 0.9949132060414093,
            "global_efficiency": 1.0051573172059443
        },
        {
            "clustering": 0.005020557965389727,
            "modularity": 0.050341417125852383,
            "average_degree": 1.0162134043374844,
            "degree_std": 0.21088484062815682,
            "average_shortest_path": 0.9949095571707218,
            "global_efficiency": 1.005160807364481
        },
        {
            "clustering": 0.012087979478256527,
            "modularity": 0.03236994259451479,
            "average_degree": 1.2186545372639872,
            "degree_std": 0.0959590794528414,
            "average_shortest_path": 0.9938229540108465,
            "global_efficiency": 1.00626437063717
        },
        {
            "clustering": 0.005628406871472388,
            "modularity": 0.04908646547760082,
            "average_degree": 1.1395554287656589,
            "degree_std": 0.2084259846442277,
            "average_shortest_path": 0.994291702754411,
            "global_efficiency": 1.0057878669617986
        },
        {
            "clustering": 0.005138650467175073,
            "modularity": 0.0556056592868089,
            "average_degree": 1.0411289017913996,
            "degree_std": 0.19275419784891298,
            "average_shortest_path": 0.9947813877107863,
            "global_efficiency": 1.005291937725612
        },
        {
            "clustering": 0.0050445307183709445,
            "modularity": 0.05310224351811371,
            "average_degree": 1.02378574982217,
            "degree_std": 0.19134250965004013,
            "average_shortest_path": 0.9948912132108325,
            "global_efficiency": 1.0051641419717663
        },
        {
            "clustering": 0.005004993287573517,
            "modularity": 0.048994736375782555,
            "average_degree": 1.0134245911520765,
            "degree_std": 0.20306672236266846,
            "average_shortest_path": 0.9949179122404146,
            "global_efficiency": 1.0051611843653727
        },
        {
            "clustering": 0.006655102102028813,
            "modularity": 0.07906639834430357,
            "average_degree": 1.3644551581151527,
            "degree_std": 0.1417999076525155,
            "average_shortest_path": 0.9931927742623864,
            "global_efficiency": 1.0068626604348034
        },
        {
            "clustering": 0.5223680420331792,
            "modularity": 0.007326411614524554,
            "average_degree": 102.95023625824524,
            "degree_std": 0.9921420338449182,
            "average_shortest_path": 0.4775050292626226,
            "global_efficiency": 2.0956330281957762
        }
    ],
    "2": [
        {
            "clustering": 0.009200788579262903,
            "modularity": 0.02716298738992752,
            "average_degree": 1.8369864222178542,
            "degree_std": 0.15441912101777006,
            "average_shortest_path": 0.9907565091749659,
            "global_efficiency": 1.009349685367237
        },
        {
            "clustering": 0.007293408154603626,
            "modularity": 0.037791069874105576,
            "average_degree": 1.4658948712181994,
            "degree_std": 0.18300877617113284,
            "average_shortest_path": 0.9926670222790372,
            "global_efficiency": 1.0073967792200194
        },
        {
            "clustering": 0.7466091181453928,
            "modularity": 0.023693473702180227,
            "average_degree": 127.5887742991188,
            "degree_std": 0.436435837929664,
            "average_shortest_path": 0.3534810662238402,
            "global_efficiency": 2.8880073432638698
        },
        {
            "clustering": 0.04918410646131245,
            "modularity": 0.028902394102685816,
            "average_degree": 9.75015489015409,
            "degree_std": 0.2139042686223836,
            "average_shortest_path": 0.9506554712352999,
            "global_efficiency": 1.0519585246036391
        },
        {
            "clustering": 0.14744258327616366,
            "modularity": 0.027743091127616165,
            "average_degree": 29.185903880789922,
            "degree_std": 0.2267588468229868,
            "average_shortest_path": 0.8521694671253126,
            "global_efficiency": 1.17378124191543
        },
        {
            "clustering": 0.02276978375043129,
            "modularity": 0.04617278002348866,
            "average_degree": 4.544951681467809,
            "degree_std": 0.15687152306273647,
            "average_shortest_path": 0.9770647388624051,
            "global_efficiency": 1.0235008075876448
        },
        {
            "clustering": 0.24174602526922984,
            "modularity": 0.015535953005915183,
            "average_degree": 45.31104382439905,
            "degree_std": 0.21507514341687456,
            "average_shortest_path": 0.7702579022498386,
            "global_efficiency": 1.2989412762510169
        },
        {
            "clustering": 0.03632918634863196,
            "modularity": 0.03613393181990483,
            "average_degree": 7.241562448249151,
            "degree_std": 0.31778985817490885,
            "average_shortest_path": 0.9634667878310775,
            "global_efficiency": 1.0380456808765153
        },
        {
            "clustering": 0.6841163377253614,
            "modularity": 0.029836483917950338,
            "average_degree": 123.62155725048629,
            "degree_std": 0.5156553662223916,
            "average_shortest_path": 0.37414161746864355,
            "global_efficiency": 2.7662649178029173
        },
        {
            "clustering": 0.008260367688263461,
            "modularity": 0.032793875853501964,
            "average_degree": 1.65143818478358,
            "degree_std": 0.13901734968444207,
            "average_shortest_path": 0.9917084596543925,
            "global_efficiency": 1.0083660448672422
        },
        {
            "clustering": 0.889687164066155,
            "modularity": 0.006985039768974754,
            "average_degree": 167.95467795211812,
            "degree_std": 0.2797854070934082,
            "average_shortest_path": 0.1473473712310686,
            "global_efficiency": 6.8295622109333145
        },
        {
            "clustering": 0.8387027730966427,
            "modularity": 0.012620294180112374,
            "average_degree": 132.93212444271273,
            "degree_std": 0.4421393114848381,
            "average_shortest_path": 0.32576493868523404,
            "global_efficiency": 3.088866290567552
        }
    ],
    "3": [
        {
            "clustering": 0.03645896531226314,
            "modularity": 0.03437147315824584,
            "average_degree": 7.229922763686902,
            "degree_std": 0.1315581706997239,
            "average_shortest_path": 0.9634327997394195,
            "global_efficiency": 1.0379760568790422
        },
        {
            "clustering": 0.21706681967937025,
            "modularity": 0.040787459424772604,
            "average_degree": 43.39471654875678,
            "degree_std": 0.43771618602121604,
            "average_shortest_path": 0.7806632755740215,
            "global_efficiency": 1.2842637592208006
        },
        {
            "clustering": 0.015548787019714138,
            "modularity": 0.023772036918937037,
            "average_degree": 2.857920477960352,
            "degree_std": 0.20357557256983974,
            "average_shortest_path": 0.9855804236714681,
            "global_efficiency": 1.01482368162747
        },
        {
            "clustering": 0.2010416343967983,
            "modularity": 0.04079961409168626,
            "average_degree": 40.17720812146171,
            "degree_std": 0.4482863359470472,
            "average_shortest_path": 0.796922157023836,
            "global_efficiency": 1.2574046972128676
        },
        {
            "clustering": 0.5370304113275267,
            "modularity": 0.009949120057223633,
            "average_degree": 82.44491861673741,
            "degree_std": 0.4219724462676505,
            "average_shortest_path": 0.5815591009465029,
            "global_efficiency": 1.7218454798185203
        },
        {
            "clustering": 0.023353339895770504,
            "modularity": 0.026940736297755077,
            "average_degree": 4.643273106440797,
            "degree_std": 0.1837513407120218,
            "average_shortest_path": 0.9765613477847332,
            "global_efficiency": 1.0240473873407292
        },
        {
            "clustering": 0.8657011212592158,
            "modularity": 0.0074327392632697435,
            "average_degree": 159.26698170853882,
            "degree_std": 0.5490419358257524,
            "average_shortest_path": 0.1915741700283337,
            "global_efficiency": 5.247712778418939
        },
        {
            "clustering": 0.8876664370404898,
            "modularity": 0.01067955997360457,
            "average_degree": 158.44324579783068,
            "degree_std": 0.32512713248741915,
            "average_shortest_path": 0.1959451359114305,
            "global_efficiency": 5.17146000068514
        },
        {
            "clustering": 0.008531686269830797,
            "modularity": 0.018843520617076122,
            "average_degree": 1.696792160663456,
            "degree_std": 0.11683234634432418,
            "average_shortest_path": 0.9914491252597009,
            "global_efficiency": 1.0086277257505847
        },
        {
            "clustering": 0.8219252682075506,
            "modularity": 0.01515782294804495,
            "average_degree": 150.5412971931672,
            "degree_std": 0.34361168015986226,
            "average_shortest_path": 0.23635342357234765,
            "global_efficiency": 4.324364978815508
        },
        {
            "clustering": 0.02638342834957137,
            "modularity": 0.0412970548915311,
            "average_degree": 5.25258232533123,
            "degree_std": 0.1745331239314258,
            "average_shortest_path": 0.9734723491660615,
            "global_efficiency": 1.0272847395992175
        },
        {
            "clustering": 0.740969191388027,
            "modularity": 0.02066763540275348,
            "average_degree": 122.77376824739702,
            "degree_std": 0.3283356826565757,
            "average_shortest_path": 0.3775716113769715,
            "global_efficiency": 2.6756781079012635
        }
    ],
    "4": [
        {
            "clustering": 0.11821680828749531,
            "modularity": 0.01395694543991457,
            "average_degree": 19.133676479757867,
            "degree_std": 0.38981992357898204,
            "average_shortest_path": 0.9030038262339872,
            "global_efficiency": 1.107529799487786
        },
        {
            "clustering": 0.035817650417040936,
            "modularity": 0.024471377578310975,
            "average_degree": 7.097054074267343,
            "degree_std": 0.3048763739019895,
            "average_shortest_path": 0.9640913012673114,
            "global_efficiency": 1.037310014313865
        },
        {
            "clustering": 0.06004659289996504,
            "modularity": 0.045895413611801626,
            "average_degree": 8.326321989362219,
            "degree_std": 0.19721768812882892,
            "average_shortest_path": 0.9579566612746726,
            "global_efficiency": 1.0440289555863946
        },
        {
            "clustering": 0.2722107018177299,
            "modularity": 0.005709697225329114,
            "average_degree": 53.66587933005812,
            "degree_std": 0.2877933629173387,
            "average_shortest_path": 0.727326268518079,
            "global_efficiency": 1.3760529134742956
        },
        {
            "clustering": 0.09630797156637377,
            "modularity": 0.01110043100848037,
            "average_degree": 15.458753119766493,
            "degree_std": 0.2801734700401988,
            "average_shortest_path": 0.9216106423017847,
            "global_efficiency": 1.0852867774548869
        },
        {
            "clustering": 0.06211331375759196,
            "modularity": 0.018009242267721586,
            "average_degree": 12.283513056277858,
            "degree_std": 0.13590830655082792,
            "average_shortest_path": 0.9377984588073336,
            "global_efficiency": 1.0663874097487094
        },
        {
            "clustering": 0.08687497508294614,
            "modularity": 0.010038632896741952,
            "average_degree": 11.412084832770493,
            "degree_std": 0.1929741918283151,
            "average_shortest_path": 0.9421519473774917,
            "global_efficiency": 1.0614636403435396
        },
        {
            "clustering": 0.25438409649437765,
            "modularity": 0.04661973516835787,
            "average_degree": 40.21143499132425,
            "degree_std": 0.3902815514443654,
            "average_shortest_path": 0.7962478668132305,
            "global_efficiency": 1.2589220683943223
        },
        {
            "clustering": 0.8862311021665317,
            "modularity": 0.006665648016490675,
            "average_degree": 170.95525139776854,
            "degree_std": 0.28004552731700466,
            "average_shortest_path": 0.1317485826855115,
            "global_efficiency": 7.660918504005581
        },
        {
            "clustering": 0.13558835595996685,
            "modularity": 0.010769193108703785,
            "average_degree": 26.87035938448053,
            "degree_std": 0.39943826443654573,
            "average_shortest_path": 0.8633134085645681,
            "global_efficiency": 1.159111794414057
        },
        {
            "clustering": 0.08116853044269293,
            "modularity": 0.025198978755199594,
            "average_degree": 16.089414622522597,
            "degree_std": 0.17445324981926588,
            "average_shortest_path": 0.9185913396602435,
            "global_efficiency": 1.0888547066549739
        },
        {
            "clustering": 0.03578633643695615,
            "modularity": 0.030647347704216187,
            "average_degree": 7.102867734780839,
            "degree_std": 0.24495827687816252,
            "average_shortest_path": 0.9640856775168574,
            "global_efficiency": 1.0372986504660406
        }
    ],
    "5": [
        {
            "clustering": 0.06940968114455974,
            "modularity": 0.009693793220238039,
            "average_degree": 13.700204039502935,
            "degree_std": 0.18933204047266458,
            "average_shortest_path": 0.9305435467750357,
            "global_efficiency": 1.0746738192228393
        },
        {
            "clustering": 0.022738236601565865,
            "modularity": 0.02517805929557608,
            "average_degree": 3.8845033499475754,
            "degree_std": 0.18180431713049125,
            "average_shortest_path": 0.980382317482295,
            "global_efficiency": 1.020137992588721
        },
        {
            "clustering": 0.18503774304518908,
            "modularity": 0.012756624754120654,
            "average_degree": 36.507285045637666,
            "degree_std": 0.19916432871218973,
            "average_shortest_path": 0.8148050433320726,
            "global_efficiency": 1.2274694217362283
        },
        {
            "clustering": 0.1683459662894027,
            "modularity": 0.025003514917537478,
            "average_degree": 33.327368803566635,
            "degree_std": 0.2599124116741963,
            "average_shortest_path": 0.8312316920702969,
            "global_efficiency": 1.2034270532633973
        },
        {
            "clustering": 0.06602692870785008,
            "modularity": 0.04468603021823329,
            "average_degree": 13.165369071503735,
            "degree_std": 0.2515039509625811,
            "average_shortest_path": 0.9334596026258961,
            "global_efficiency": 1.0714505044942475
        },
        {
            "clustering": 0.014916714361291243,
            "modularity": 0.020432302310844728,
            "average_degree": 2.9673868738098053,
            "degree_std": 0.17621026228989034,
            "average_shortest_path": 0.9850208742294522,
            "global_efficiency": 1.0152543366038298
        },
        {
            "clustering": 0.02455939292142607,
            "modularity": 0.01902348406723868,
            "average_degree": 4.8745461104847205,
            "degree_std": 0.16291312879000253,
            "average_shortest_path": 0.9753678079771164,
            "global_efficiency": 1.0253038981862397
        },
        {
            "clustering": 0.8114242846854844,
            "modularity": 0.018027878449949825,
            "average_degree": 159.0617199217446,
            "degree_std": 0.4914905269071891,
            "average_shortest_path": 0.1928511025829505,
            "global_efficiency": 5.5644176073714515
        },
        {
            "clustering": 0.023409048272255806,
            "modularity": 0.017758164852897763,
            "average_degree": 4.640972793466563,
            "degree_std": 0.1708823096708656,
            "average_shortest_path": 0.9765324291891402,
            "global_efficiency": 1.0240645820839616
        },
        {
            "clustering": 0.028226249380991067,
            "modularity": 0.01715399099975779,
            "average_degree": 5.592636080798707,
            "degree_std": 0.169952099383148,
            "average_shortest_path": 0.9716901216952388,
            "global_efficiency": 1.0291856027234314
        },
        {
            "clustering": 0.1691913718155106,
            "modularity": 0.035827024232390724,
            "average_degree": 32.05404689096764,
            "degree_std": 0.3436461542909798,
            "average_shortest_path": 0.8379289931117007,
            "global_efficiency": 1.1952989777290366
        },
        {
            "clustering": 0.24865770809267257,
            "modularity": 0.03682174969131645,
            "average_degree": 49.41583609494911,
            "degree_std": 0.3811675094491298,
            "average_shortest_path": 0.7499825298792011,
            "global_efficiency": 1.3358875350810366
        }
    ],
    "6": [
        {
            "clustering": 0.08338706217021406,
            "modularity": 0.03962648379015217,
            "average_degree": 16.666878594123197,
            "degree_std": 0.19938490897908068,
            "average_shortest_path": 0.9158415133801217,
            "global_efficiency": 1.0922552722371646
        },
        {
            "clustering": 0.09161387118762941,
            "modularity": 0.040828699660500296,
            "average_degree": 18.270684680319,
            "degree_std": 0.2960950513100549,
            "average_shortest_path": 0.9076957516582392,
            "global_efficiency": 1.1020481656129786
        },
        {
            "clustering": 0.09065839382312099,
            "modularity": 0.017442855429604453,
            "average_degree": 17.936579128007054,
            "degree_std": 0.2341929639714443,
            "average_shortest_path": 0.9091510862583696,
            "global_efficiency": 1.1003663091396425
        },
        {
            "clustering": 0.11885112682998424,
            "modularity": 0.029997723562187523,
            "average_degree": 18.881999351327366,
            "degree_std": 0.16090693676368759,
            "average_shortest_path": 0.9044193622685122,
            "global_efficiency": 1.1059320599308515
        },
        {
            "clustering": 0.04920052936419443,
            "modularity": 0.04049674537363506,
            "average_degree": 9.802749407483821,
            "degree_std": 0.20106451581747226,
            "average_shortest_path": 0.9504894594855052,
            "global_efficiency": 1.052213753223787
        },
        {
            "clustering": 0.059565815632951866,
            "modularity": 0.014952343195925545,
            "average_degree": 11.781307921117277,
            "degree_std": 0.2237496135294126,
            "average_shortest_path": 0.9403193321435773,
            "global_efficiency": 1.0636758223468754
        },
        {
            "clustering": 0.09219063606351097,
            "modularity": 0.033704530815979836,
            "average_degree": 18.317917598914132,
            "degree_std": 0.2806301822226806,
            "average_shortest_path": 0.9073649462805219,
            "global_efficiency": 1.1024101256682233
        },
        {
            "clustering": 0.07414604371693317,
            "modularity": 0.011373592172922112,
            "average_degree": 14.656554213437166,
            "degree_std": 0.3178605295860802,
            "average_shortest_path": 0.9256607292944337,
            "global_efficiency": 1.080634611718152
        },
        {
            "clustering": 0.061575124436164204,
            "modularity": 0.06167625793288492,
            "average_degree": 11.899413264274495,
            "degree_std": 0.20524128422493462,
            "average_shortest_path": 0.9399645318011883,
            "global_efficiency": 1.0641652549004281
        },
        {
            "clustering": 0.03875497385587961,
            "modularity": 0.027570984360090475,
            "average_degree": 7.6964953291565745,
            "degree_std": 0.2542037759756643,
            "average_shortest_path": 0.9610903359973305,
            "global_efficiency": 1.0407652084809684
        },
        {
            "clustering": 0.030805458760398332,
            "modularity": 0.015438318506035699,
            "average_degree": 6.105267116764814,
            "degree_std": 0.19581183811497044,
            "average_shortest_path": 0.9691125667967194,
            "global_efficiency": 1.031964477984112
        },
        {
            "clustering": 0.03161998022111216,
            "modularity": 0.029168394416692785,
            "average_degree": 6.289137111208962,
            "degree_std": 0.2500692862272469,
            "average_shortest_path": 0.9682336296832007,
            "global_efficiency": 1.0330418138906148
        }
    ],
    "7": [
        {
            "clustering": 0.028407977213896787,
            "modularity": 0.023938497069814872,
            "average_degree": 5.641269170012344,
            "degree_std": 0.20500090881007535,
            "average_shortest_path": 0.9714933505389103,
            "global_efficiency": 1.0294811271293292
        },
        {
            "clustering": 0.04906083183560815,
            "modularity": 0.0244513623459114,
            "average_degree": 9.722017372419849,
            "degree_std": 0.3058308123291368,
            "average_shortest_path": 0.9507980931746502,
            "global_efficiency": 1.0518475264329479
        },
        {
            "clustering": 0.08538546816869001,
            "modularity": 0.04111045231980912,
            "average_degree": 16.957793862824605,
            "degree_std": 0.28458083573200393,
            "average_shortest_path": 0.9142204544686817,
            "global_efficiency": 1.094160291807347
        },
        {
            "clustering": 0.14752919345067633,
            "modularity": 0.05191019578047093,
            "average_degree": 29.41223775784028,
            "degree_std": 0.2883049818047274,
            "average_shortest_path": 0.8512915626102723,
            "global_efficiency": 1.1756028757175074
        },
        {
            "clustering": 0.05048076019266566,
            "modularity": 0.05576223907114124,
            "average_degree": 7.019018529202965,
            "degree_std": 0.19472254123892682,
            "average_shortest_path": 0.9645631924219364,
            "global_efficiency": 1.0368685864890386
        },
        {
            "clustering": 0.41497058089492705,
            "modularity": 0.014297834155311107,
            "average_degree": 81.8739990457571,
            "degree_std": 0.21412933889460026,
            "average_shortest_path": 0.5847795461587635,
            "global_efficiency": 1.7116416331853372
        },
        {
            "clustering": 0.17288294505641336,
            "modularity": 0.0589743073446651,
            "average_degree": 34.56867045826211,
            "degree_std": 0.3701172946252177,
            "average_shortest_path": 0.8252831059142657,
            "global_efficiency": 1.2135005795242255
        },
        {
            "clustering": 0.05007262932001378,
            "modularity": 0.027844678689456802,
            "average_degree": 9.938552461362207,
            "degree_std": 0.25105658030325406,
            "average_shortest_path": 0.9497271988964534,
            "global_efficiency": 1.053047000959915
        },
        {
            "clustering": 0.04969489154878056,
            "modularity": 0.014688224458484875,
            "average_degree": 9.821726349029985,
            "degree_std": 0.25292471532766864,
            "average_shortest_path": 0.950226497585526,
            "global_efficiency": 1.0524260112889043
        },
        {
            "clustering": 0.07914184083150606,
            "modularity": 0.017270482168946513,
            "average_degree": 15.64576151948122,
            "degree_std": 0.2662836812913517,
            "average_shortest_path": 0.9207321178171916,
            "global_efficiency": 1.0862405434010938
        },
        {
            "clustering": 0.04319472698280664,
            "modularity": 0.025166326616273785,
            "average_degree": 8.57221288764641,
            "degree_std": 0.2400178891460746,
            "average_shortest_path": 0.9566474314727198,
            "global_efficiency": 1.0454585550195437
        },
        {
            "clustering": 0.3484400762295612,
            "modularity": 0.011876389683035598,
            "average_degree": 68.68898325581397,
            "degree_std": 0.7629763544617749,
            "average_shortest_path": 0.6512040258576423,
            "global_efficiency": 1.5372259222487765
        }
    ],
    "8": [
        {
            "clustering": 0.08120649835814722,
            "modularity": 0.026428443511264027,
            "average_degree": 16.08782363518064,
            "degree_std": 0.303386730680931,
            "average_shortest_path": 0.9185524038918587,
            "global_efficiency": 1.0888402020319439
        },
        {
            "clustering": 0.15882423057832568,
            "modularity": 0.02648777384144768,
            "average_degree": 31.461392439390636,
            "degree_std": 0.35539372802966684,
            "average_shortest_path": 0.8406676252405113,
            "global_efficiency": 1.190072710665424
        },
        {
            "clustering": 0.18499746552701285,
            "modularity": 0.010827570260488027,
            "average_degree": 36.51365504821258,
            "degree_std": 0.20319621948842606,
            "average_shortest_path": 0.8147301049952398,
            "global_efficiency": 1.227807807010765
        },
        {
            "clustering": 0.04870157771074336,
            "modularity": 0.032536846384364056,
            "average_degree": 9.672129272749215,
            "degree_std": 0.28921641764417855,
            "average_shortest_path": 0.9510918013890896,
            "global_efficiency": 1.0518840615790344
        },
        {
            "clustering": 0.04987032503307261,
            "modularity": 0.024261420887659275,
            "average_degree": 9.830557389726724,
            "degree_std": 0.2828192555135381,
            "average_shortest_path": 0.9502768138956222,
            "global_efficiency": 1.0525020335903392
        },
        {
            "clustering": 0.14121942038190485,
            "modularity": 0.029083485744132095,
            "average_degree": 27.98611914979407,
            "degree_std": 0.18840279714129543,
            "average_shortest_path": 0.8582970095857362,
            "global_efficiency": 1.1655374498474378
        },
        {
            "clustering": 0.04727755060768643,
            "modularity": 0.049253700240069365,
            "average_degree": 9.445084382431745,
            "degree_std": 0.25136746265696064,
            "average_shortest_path": 0.9523146079863233,
            "global_efficiency": 1.0503004332557953
        },
        {
            "clustering": 0.043888750628215845,
            "modularity": 0.03281880400153405,
            "average_degree": 8.725587823438515,
            "degree_std": 0.24237486185770532,
            "average_shortest_path": 0.9559029221314893,
            "global_efficiency": 1.0466725453417898
        },
        {
            "clustering": 0.05032877046645896,
            "modularity": 0.02908316158141018,
            "average_degree": 9.992142691493966,
            "degree_std": 0.20605096770277564,
            "average_shortest_path": 0.9494699844237242,
            "global_efficiency": 1.0534399525420035
        },
        {
            "clustering": 0.16594678116050543,
            "modularity": 0.03167205523255401,
            "average_degree": 32.88742746562154,
            "degree_std": 0.37933010108015347,
            "average_shortest_path": 0.8334538147314863,
            "global_efficiency": 1.2004007204324314
        },
        {
            "clustering": 0.14739157392984847,
            "modularity": 0.02117786813113721,
            "average_degree": 29.13465271096837,
            "degree_std": 0.3342122413968559,
            "average_shortest_path": 0.8523595160595028,
            "global_efficiency": 1.173454137560135
        },
        {
            "clustering": 0.07116912648449436,
            "modularity": 0.03643717283623125,
            "average_degree": 14.128019488008249,
            "degree_std": 0.3662801606890361,
            "average_shortest_path": 0.9285396171898933,
            "global_efficiency": 1.0771371011220647
        }
    ],
    "9": [
        {
            "clustering": 0.8430303716583685,
            "modularity": 0.007068140297413972,
            "average_degree": 159.44137362686706,
            "degree_std": 0.3183896576464372,
            "average_shortest_path": 0.1901361760950912,
            "global_efficiency": 5.294261190311944
        },
        {
            "clustering": 0.08533940751145894,
            "modularity": 0.027180183174324073,
            "average_degree": 16.901457833014135,
            "degree_std": 0.34986334355778187,
            "average_shortest_path": 0.9144335815750159,
            "global_efficiency": 1.0938663207522272
        },
        {
            "clustering": 0.1680380082570809,
            "modularity": 0.023466022626505986,
            "average_degree": 32.457359225054034,
            "degree_std": 0.264302295065666,
            "average_shortest_path": 0.8354951025363421,
            "global_efficiency": 1.1972345122117505
        },
        {
            "clustering": 0.07488688666209466,
            "modularity": 0.014260742035518366,
            "average_degree": 14.808252299752894,
            "degree_std": 0.27217946442253205,
            "average_shortest_path": 0.9250004349487099,
            "global_efficiency": 1.081295985613108
        },
        {
            "clustering": 0.06394163200415502,
            "modularity": 0.020367119534595766,
            "average_degree": 12.650192441884633,
            "degree_std": 0.1927882840630076,
            "average_shortest_path": 0.9359310853184876,
            "global_efficiency": 1.0685376688182093
        },
        {
            "clustering": 0.08570418127750011,
            "modularity": 0.02858757810552421,
            "average_degree": 16.942168419263073,
            "degree_std": 0.2808754185567562,
            "average_shortest_path": 0.9142340961391741,
            "global_efficiency": 1.0941016780160195
        },
        {
            "clustering": 0.05349973988757624,
            "modularity": 0.03768387636366392,
            "average_degree": 10.630184655448588,
            "degree_std": 0.2271326503202658,
            "average_shortest_path": 0.946241753252611,
            "global_efficiency": 1.0569237961183964
        },
        {
            "clustering": 0.0766062478673771,
            "modularity": 0.029035842605135264,
            "average_degree": 14.72362504942584,
            "degree_std": 0.29142663907255756,
            "average_shortest_path": 0.9254739335696047,
            "global_efficiency": 1.080765347915744
        },
        {
            "clustering": 0.3578960623313352,
            "modularity": 0.03599945184102146,
            "average_degree": 50.75080023579289,
            "degree_std": 0.5310921778507538,
            "average_shortest_path": 0.7430960394167845,
            "global_efficiency": 1.348374056657636
        },
        {
            "clustering": 0.7704753533976784,
            "modularity": 0.014070674062962168,
            "average_degree": 141.40646974995875,
            "degree_std": 0.38460582228951373,
            "average_shortest_path": 0.2815592314905674,
            "global_efficiency": 3.5983270241618417
        },
        {
            "clustering": 0.05931668182156327,
            "modularity": 0.03402658812034709,
            "average_degree": 11.781967471160879,
            "degree_std": 0.39748984545212973,
            "average_shortest_path": 0.9404058349805804,
            "global_efficiency": 1.0637852272197252
        },
        {
            "clustering": 0.09402972971542081,
            "modularity": 0.030215882299323128,
            "average_degree": 18.645895482451568,
            "degree_std": 0.2669371387541043,
            "average_shortest_path": 0.9056171516758106,
            "global_efficiency": 1.1044841516981712
        }
    ],
    "10": [
        {
            "clustering": 0.07601150740970264,
            "modularity": 0.03702704111997758,
            "average_degree": 13.645264604116628,
            "degree_std": 0.20246084972557335,
            "average_shortest_path": 0.9309491908180311,
            "global_efficiency": 1.0743973404849552
        },
        {
            "clustering": 0.31420048139532347,
            "modularity": 0.018099378824786027,
            "average_degree": 62.027123484007,
            "degree_std": 0.6144911109830122,
            "average_shortest_path": 0.6853169129614254,
            "global_efficiency": 1.4608961400673088
        },
        {
            "clustering": 0.1886766323289175,
            "modularity": 0.035476094804093805,
            "average_degree": 36.02145146008076,
            "degree_std": 0.2026884699934264,
            "average_shortest_path": 0.8175375788105761,
            "global_efficiency": 1.2240830704872898
        },
        {
            "clustering": 0.08173155665308761,
            "modularity": 0.013089126498180833,
            "average_degree": 16.156276232895184,
            "degree_std": 0.22966643618519125,
            "average_shortest_path": 0.9181529619216389,
            "global_efficiency": 1.0893603876416775
        },
        {
            "clustering": 0.770566579947633,
            "modularity": 0.022158287774543692,
            "average_degree": 137.87384576651428,
            "degree_std": 0.18294255545041097,
            "average_shortest_path": 0.30059431342009413,
            "global_efficiency": 3.3880293358598994
        },
        {
            "clustering": 0.1507775080319861,
            "modularity": 0.02723378772220405,
            "average_degree": 29.854616559521208,
            "degree_std": 0.24077187932459415,
            "average_shortest_path": 0.8487615632388807,
            "global_efficiency": 1.1785908380771062
        },
        {
            "clustering": 0.10063000280895476,
            "modularity": 0.018457616364071797,
            "average_degree": 19.381147673038367,
            "degree_std": 0.32525199913085723,
            "average_shortest_path": 0.9018318826371269,
            "global_efficiency": 1.1090518721616884
        },
        {
            "clustering": 0.9197919895588711,
            "modularity": 0.004902115908624976,
            "average_degree": 176.17211155979626,
            "degree_std": 0.3547551805805039,
            "average_shortest_path": 0.10529288480663598,
            "global_efficiency": 9.530064129904696
        },
        {
            "clustering": 0.17796529562314853,
            "modularity": 0.015705890995702115,
            "average_degree": 27.673955260902105,
            "degree_std": 0.18641021258743654,
            "average_shortest_path": 0.8597309259246865,
            "global_efficiency": 1.1633150923432987
        },
        {
            "clustering": 0.19294902432344768,
            "modularity": 0.01946803062957378,
            "average_degree": 31.141023658612372,
            "degree_std": 0.27531314658142586,
            "average_shortest_path": 0.8421668413041221,
            "global_efficiency": 1.1877009034987407
        },
        {
            "clustering": 0.03619869423345966,
            "modularity": 0.0235701712086659,
            "average_degree": 7.1877913978600265,
            "degree_std": 0.23803989527964167,
            "average_shortest_path": 0.9636642099037547,
            "global_efficiency": 1.0382071398769024
        },
        {
            "clustering": 0.09971507745664163,
            "modularity": 0.026986492247385155,
            "average_degree": 19.148443646166722,
            "degree_std": 0.3048430623976755,
            "average_shortest_path": 0.9030458135729758,
            "global_efficiency": 1.1081737784034535
        }
    ],
    "11": [
        {
            "clustering": 0.11021335519652664,
            "modularity": 0.02537487665939246,
            "average_degree": 21.80601287193852,
            "degree_std": 0.23111377762370575,
            "average_shortest_path": 0.8895411637129841,
            "global_efficiency": 1.1244494867121497
        },
        {
            "clustering": 0.3207939735260193,
            "modularity": 0.013838274976208435,
            "average_degree": 49.04015306005814,
            "degree_std": 0.5050641588695134,
            "average_shortest_path": 0.7512941064702587,
            "global_efficiency": 1.3317942338003232
        },
        {
            "clustering": 0.06382636147260146,
            "modularity": 0.013024607928665229,
            "average_degree": 12.623651405011998,
            "degree_std": 0.22709916037822575,
            "average_shortest_path": 0.9360605797413385,
            "global_efficiency": 1.0686066724331764
        },
        {
            "clustering": 0.038498972987262944,
            "modularity": 0.01660476199530503,
            "average_degree": 7.6264487175688425,
            "degree_std": 0.26785929690456883,
            "average_shortest_path": 0.961410913070433,
            "global_efficiency": 1.0402970861269383
        },
        {
            "clustering": 0.09200986211294153,
            "modularity": 0.014091844944944863,
            "average_degree": 18.178709279804824,
            "degree_std": 0.17613352498040175,
            "average_shortest_path": 0.9078664485009286,
            "global_efficiency": 1.101619190420399
        },
        {
            "clustering": 0.7535659770876969,
            "modularity": 0.011977783085478796,
            "average_degree": 129.79530020313518,
            "degree_std": 0.47096761696983186,
            "average_shortest_path": 0.34120787911892936,
            "global_efficiency": 2.942208053357325
        },
        {
            "clustering": 0.09576791100229728,
            "modularity": 0.09197126679361778,
            "average_degree": 19.341020913017353,
            "degree_std": 0.36839605364280203,
            "average_shortest_path": 0.902310629149529,
            "global_efficiency": 1.109158987356574
        },
        {
            "clustering": 0.9378874746566449,
            "modularity": 0.004849230461545859,
            "average_degree": 177.1705366332713,
            "degree_std": 0.44687816491159177,
            "average_shortest_path": 0.10016994162076184,
            "global_efficiency": 10.013511704264966
        },
        {
            "clustering": 0.08167936613731785,
            "modularity": 0.0140624233276444,
            "average_degree": 16.156886505775184,
            "degree_std": 0.14984647661243,
            "average_shortest_path": 0.9181509140770987,
            "global_efficiency": 1.0894548011596368
        },
        {
            "clustering": 0.24056753110226495,
            "modularity": 0.015488195031659654,
            "average_degree": 41.53288651897286,
            "degree_std": 0.47906356024798785,
            "average_shortest_path": 0.7893292261161365,
            "global_efficiency": 1.2674145930442384
        },
        {
            "clustering": 0.052462859890969805,
            "modularity": 0.02045578947854583,
            "average_degree": 10.40136174305258,
            "degree_std": 0.27891072277072243,
            "average_shortest_path": 0.9473824147484559,
            "global_efficiency": 1.0558033118802324
        },
        {
            "clustering": 0.11092104977694327,
            "modularity": 0.013135026428345417,
            "average_degree": 21.90842120082029,
            "degree_std": 0.12133565851385593,
            "average_shortest_path": 0.888938363787381,
            "global_efficiency": 1.125050810153801
        }
    ]
}