{
    "0": [
        {
            "clustering": 0.1615717868852455,
            "modularity": 0.0064844819509063635,
            "average_degree": 32.014749741352716,
            "degree_std": 0.5752974698293637,
            "average_shortest_path": 0.8383707599450484,
            "global_efficiency": 1.1928448555742173
        },
        {
            "clustering": 0.23841136259239173,
            "modularity": 0.006127923737037319,
            "average_degree": 47.23456688112952,
            "degree_std": 1.0504648234641214,
            "average_shortest_path": 0.7615050267310642,
            "global_efficiency": 1.3133635050662464
        },
        {
            "clustering": 0.14377475177363178,
            "modularity": 0.006863619410719159,
            "average_degree": 28.489565094310855,
            "degree_std": 0.420013518653091,
            "average_shortest_path": 0.8561730909452152,
            "global_efficiency": 1.1680261729358388
        },
        {
            "clustering": 0.07143918065211004,
            "modularity": 0.012568592871428167,
            "average_degree": 14.201237951844618,
            "degree_std": 1.2397881333985672,
            "average_shortest_path": 0.928354887578771,
            "global_efficiency": 1.0772902704589267
        },
        {
            "clustering": 0.08032784568640627,
            "modularity": 0.010009565882830121,
            "average_degree": 15.928798702155055,
            "degree_std": 0.38276373406341707,
            "average_shortest_path": 0.9196177743808684,
            "global_efficiency": 1.087431119855131
        },
        {
            "clustering": 0.15439001794530827,
            "modularity": 0.006561854846548191,
            "average_degree": 30.591295184777557,
            "degree_std": 0.4891645114975124,
            "average_shortest_path": 0.8455587000384155,
            "global_efficiency": 1.182694362309073
        },
        {
            "clustering": 0.12017963195657376,
            "modularity": 0.007610821435639389,
            "average_degree": 23.81763994527072,
            "degree_std": 0.3362245698813776,
            "average_shortest_path": 0.8797683501383743,
            "global_efficiency": 1.1366907611781008
        },
        {
            "clustering": 0.8746173063188364,
            "modularity": 0.004974664585263371,
            "average_degree": 171.66537837254344,
            "degree_std": 0.36168679641651935,
            "average_shortest_path": 0.13172223891549242,
            "global_efficiency": 7.639547204864854
        },
        {
            "clustering": 0.14589212779568952,
            "modularity": 0.007044677751054128,
            "average_degree": 28.915092851761766,
            "degree_std": 0.5295620698731592,
            "average_shortest_path": 0.8540490135437648,
            "global_efficiency": 1.1709405830303898
        },
        {
            "clustering": 0.1521074672923334,
            "modularity": 0.006791936289636061,
            "average_degree": 30.139162855316982,
            "degree_std": 0.40345657341665075,
            "average_shortest_path": 0.8478435053159967,
            "global_efficiency": 1.1795017024045455
        },
        {
            "clustering": 0.8721022973809779,
            "modularity": 0.004971874877481529,
            "average_degree": 164.57543780311846,
            "degree_std": 0.42462374859563423,
            "average_shortest_path": 0.16794866631126867,
            "global_efficiency": 5.97052813013509
        },
        {
            "clustering": 0.8889844463718984,
            "modularity": 0.005071338335628439,
            "average_degree": 158.60404471744266,
            "degree_std": 0.8584609903890049,
            "average_shortest_path": 0.19893539810778377,
            "global_efficiency": 5.032841628983989
        }
    ],
    "1": [
        {
            "clustering": 0.6570298343157763,
            "modularity": 0.010421126325275767,
            "average_degree": 93.31890041656933,
            "degree_std": 4.1541165476937225,
            "average_shortest_path": 0.5286525377840087,
            "global_efficiency": 1.9016068716416838
        },
        {
            "clustering": 0.21734247275764804,
            "modularity": 0.07072695156838252,
            "average_degree": 44.5898664621333,
            "degree_std": 2.368709302689931,
            "average_shortest_path": 0.7764742810786089,
            "global_efficiency": 1.2969984071577307
        },
        {
            "clustering": 0.266198726837328,
            "modularity": 0.008064800962381272,
            "average_degree": 52.7602186794578,
            "degree_std": 0.833621224945428,
            "average_shortest_path": 0.7337014534719015,
            "global_efficiency": 1.3631904112977555
        },
        {
            "clustering": 0.6708530724974979,
            "modularity": 0.007636467390794934,
            "average_degree": 102.88791194080389,
            "degree_std": 3.3999766335109913,
            "average_shortest_path": 0.48022157439367136,
            "global_efficiency": 2.091806060218205
        },
        {
            "clustering": 0.692524572098634,
            "modularity": 0.016262203872506084,
            "average_degree": 137.465522606878,
            "degree_std": 4.048197442051485,
            "average_shortest_path": 0.3066863524643726,
            "global_efficiency": 3.329860359550979
        },
        {
            "clustering": 0.3910335124750675,
            "modularity": 0.022502867735196164,
            "average_degree": 77.68680502019245,
            "degree_std": 2.472844585747324,
            "average_shortest_path": 0.6082395687672926,
            "global_efficiency": 1.6485020929254426
        },
        {
            "clustering": 0.4651292552187412,
            "modularity": 0.03045530177941934,
            "average_degree": 86.06921566437258,
            "degree_std": 3.577810049196578,
            "average_shortest_path": 0.5657417409515243,
            "global_efficiency": 1.7825402395724526
        },
        {
            "clustering": 0.40334114789004416,
            "modularity": 0.009326180179955887,
            "average_degree": 79.96467365071773,
            "degree_std": 1.9232938551231151,
            "average_shortest_path": 0.5964445654923054,
            "global_efficiency": 1.6781268434672936
        },
        {
            "clustering": 0.6999277013107683,
            "modularity": 0.016669814845150753,
            "average_degree": 138.92371574700599,
            "degree_std": 4.790636905282762,
            "average_shortest_path": 0.2991166512920274,
            "global_efficiency": 3.4424271706933123
        },
        {
            "clustering": 0.19730510503261672,
            "modularity": 0.019652438103014425,
            "average_degree": 39.19118343768981,
            "degree_std": 0.7819383552513491,
            "average_shortest_path": 0.8024044477926644,
            "global_efficiency": 1.2466240270246014
        },
        {
            "clustering": 0.46885062402244665,
            "modularity": 0.034207494755544215,
            "average_degree": 93.44767539014737,
            "degree_std": 3.3442338948347854,
            "average_shortest_path": 0.5292937278424588,
            "global_efficiency": 1.9109270829268825
        },
        {
            "clustering": 0.42855379401363036,
            "modularity": 0.03128581089124394,
            "average_degree": 85.37161909940798,
            "degree_std": 2.771978202051001,
            "average_shortest_path": 0.569905054858226,
            "global_efficiency": 1.7675766131629382
        }
    ],
    "2": [
        {
            "clustering": 0.258534157942191,
            "modularity": 0.050565426243914885,
            "average_degree": 51.95654731682288,
            "degree_std": 1.8713165077720737,
            "average_shortest_path": 0.7385403063996653,
            "global_efficiency": 1.3599988458674066
        },
        {
            "clustering": 0.3720635238992629,
            "modularity": 0.07302454732406082,
            "average_degree": 73.97064388535055,
            "degree_std": 3.5294679034665015,
            "average_shortest_path": 0.6288492712677431,
            "global_efficiency": 1.641289415142432
        },
        {
            "clustering": 0.43098823723181584,
            "modularity": 0.0667235929865313,
            "average_degree": 83.80501946276677,
            "degree_std": 2.192127798348285,
            "average_shortest_path": 0.5794994728442319,
            "global_efficiency": 1.7990775272588675
        },
        {
            "clustering": 0.33406505654377094,
            "modularity": 0.06290081104097862,
            "average_degree": 67.54455935235244,
            "degree_std": 1.9403136416020472,
            "average_shortest_path": 0.6607415583569978,
            "global_efficiency": 1.5351712730897735
        },
        {
            "clustering": 0.10943628106487338,
            "modularity": 0.05428642061922066,
            "average_degree": 22.14828658772849,
            "degree_std": 1.245424770107981,
            "average_shortest_path": 0.8889399850039879,
            "global_efficiency": 1.1257702269285736
        },
        {
            "clustering": 0.1723432782852195,
            "modularity": 0.038891151920109765,
            "average_degree": 34.576765877286505,
            "degree_std": 2.7062696703058626,
            "average_shortest_path": 0.826170008070641,
            "global_efficiency": 1.2121238631886566
        },
        {
            "clustering": 0.47161189046808905,
            "modularity": 0.012503849439147898,
            "average_degree": 93.56334984453763,
            "degree_std": 2.680061766199753,
            "average_shortest_path": 0.527896818683197,
            "global_efficiency": 1.8999879785627756
        },
        {
            "clustering": 0.26233327691741287,
            "modularity": 0.03946965346875038,
            "average_degree": 52.7269514217794,
            "degree_std": 2.6592337488676483,
            "average_shortest_path": 0.7351688463264157,
            "global_efficiency": 1.3659954474712617
        },
        {
            "clustering": 0.493662523704808,
            "modularity": 0.052415650490761995,
            "average_degree": 92.36377173216106,
            "degree_std": 3.3676811587595195,
            "average_shortest_path": 0.5358004843489763,
            "global_efficiency": 1.9377502533982582
        },
        {
            "clustering": 0.16657939709421116,
            "modularity": 0.02470448599547961,
            "average_degree": 33.21719700505275,
            "degree_std": 1.975012766350742,
            "average_shortest_path": 0.8327540388300758,
            "global_efficiency": 1.2016024538969454
        },
        {
            "clustering": 0.17070957221247568,
            "modularity": 0.04741483149692277,
            "average_degree": 34.30910791099733,
            "degree_std": 2.403476620696391,
            "average_shortest_path": 0.8274665813128542,
            "global_efficiency": 1.2104642567318937
        },
        {
            "clustering": 0.4424189314614463,
            "modularity": 0.013459741210949701,
            "average_degree": 87.80762474772808,
            "degree_std": 3.8006168940665104,
            "average_shortest_path": 0.5567967968163257,
            "global_efficiency": 1.8041659803064325
        }
    ],
    "3": [
        {
            "clustering": 0.43406093383679734,
            "modularity": 0.05658399441157237,
            "average_degree": 84.67825979851668,
            "degree_std": 5.46854280641083,
            "average_shortest_path": 0.5746658890002507,
            "global_efficiency": 1.8009137363176795
        },
        {
            "clustering": 0.4733597831886183,
            "modularity": 0.0558032916043101,
            "average_degree": 84.46128979841501,
            "degree_std": 3.6109598172716986,
            "average_shortest_path": 0.575610910921864,
            "global_efficiency": 1.785933817017509
        },
        {
            "clustering": 0.102434596658161,
            "modularity": 0.031060083416238622,
            "average_degree": 20.446162888710116,
            "degree_std": 1.150323747188736,
            "average_shortest_path": 0.8970073998787151,
            "global_efficiency": 1.115094278764873
        },
        {
            "clustering": 0.45059108309698825,
            "modularity": 0.07322443332967818,
            "average_degree": 89.29575512091813,
            "degree_std": 5.961476309022697,
            "average_shortest_path": 0.5504840337586576,
            "global_efficiency": 1.9198701772896927
        },
        {
            "clustering": 0.4284702631330426,
            "modularity": 0.06300485191857613,
            "average_degree": 84.01461807227783,
            "degree_std": 4.525705554853894,
            "average_shortest_path": 0.5773558875405095,
            "global_efficiency": 1.8244194658910287
        },
        {
            "clustering": 0.3282346606388132,
            "modularity": 0.012689823457662626,
            "average_degree": 65.14266114111544,
            "degree_std": 2.5953481265771297,
            "average_shortest_path": 0.6713260200600214,
            "global_efficiency": 1.4915714551413446
        },
        {
            "clustering": 0.7799528960167595,
            "modularity": 0.006786971062994912,
            "average_degree": 135.9946042077022,
            "degree_std": 2.56301493946149,
            "average_shortest_path": 0.3130191420457233,
            "global_efficiency": 3.2171220670947327
        },
        {
            "clustering": 0.15118663433648538,
            "modularity": 0.05225420837088149,
            "average_degree": 30.756674487444748,
            "degree_std": 2.8663596991365643,
            "average_shortest_path": 0.8458778067811088,
            "global_efficiency": 1.1848142539860111
        },
        {
            "clustering": 0.24760927474953665,
            "modularity": 0.04094801375758435,
            "average_degree": 49.524713076393056,
            "degree_std": 2.5018298902131293,
            "average_shortest_path": 0.7505723706371087,
            "global_efficiency": 1.3358981141572197
        },
        {
            "clustering": 0.4047753624203583,
            "modularity": 0.06062526798674827,
            "average_degree": 79.90346290086721,
            "degree_std": 3.608721838425863,
            "average_shortest_path": 0.5990214041677691,
            "global_efficiency": 1.72609069789912
        },
        {
            "clustering": 0.8609568813699012,
            "modularity": 0.012371088964263172,
            "average_degree": 162.1547598792043,
            "degree_std": 1.8478567757746318,
            "average_shortest_path": 0.18131170005121836,
            "global_efficiency": 5.695886401978428
        },
        {
            "clustering": 0.3038136798209902,
            "modularity": 0.024831313067032464,
            "average_degree": 60.555571630339074,
            "degree_std": 1.2569349963031744,
            "average_shortest_path": 0.6952368571080823,
            "global_efficiency": 1.4411772154734497
        }
    ],
    "4": [
        {
            "clustering": 0.47460290436183306,
            "modularity": 0.047848960053642975,
            "average_degree": 86.12550053216223,
            "degree_std": 5.062744584087734,
            "average_shortest_path": 0.5663810121072927,
            "global_efficiency": 1.8086944766654522
        },
        {
            "clustering": 0.3966614958093611,
            "modularity": 0.03270332572287142,
            "average_degree": 79.22406654336645,
            "degree_std": 4.063103035775762,
            "average_shortest_path": 0.6012138792019125,
            "global_efficiency": 1.6776489042610871
        },
        {
            "clustering": 0.6492525778623677,
            "modularity": 0.04075191130993474,
            "average_degree": 114.245087002146,
            "degree_std": 4.16203049327496,
            "average_shortest_path": 0.42365079570365216,
            "global_efficiency": 2.4288223328084486
        },
        {
            "clustering": 0.23759259463838542,
            "modularity": 0.02095373171446306,
            "average_degree": 47.27714354694938,
            "degree_std": 2.905671766642727,
            "average_shortest_path": 0.7616906130887124,
            "global_efficiency": 1.3146096726933634
        },
        {
            "clustering": 0.43324462548603754,
            "modularity": 0.043385773535128444,
            "average_degree": 82.00695443328024,
            "degree_std": 4.536360672348648,
            "average_shortest_path": 0.5877556893296909,
            "global_efficiency": 1.7339250762688874
        },
        {
            "clustering": 0.39039579529979657,
            "modularity": 0.03683117743291446,
            "average_degree": 78.33161981083026,
            "degree_std": 4.495357266873078,
            "average_shortest_path": 0.6061932643079948,
            "global_efficiency": 1.6725754783805578
        },
        {
            "clustering": 0.3120467717438933,
            "modularity": 0.01632419161051391,
            "average_degree": 62.32318309633741,
            "degree_std": 2.8835973349018493,
            "average_shortest_path": 0.685038747221568,
            "global_efficiency": 1.4683500843413724
        },
        {
            "clustering": 0.4419764000211217,
            "modularity": 0.04661528403504556,
            "average_degree": 85.50270452250825,
            "degree_std": 5.3282373782891925,
            "average_shortest_path": 0.5704689855004573,
            "global_efficiency": 1.8043202867611774
        },
        {
            "clustering": 0.44842967191556693,
            "modularity": 0.03640000321797042,
            "average_degree": 74.71349325878884,
            "degree_std": 5.743464127527798,
            "average_shortest_path": 0.623488254827197,
            "global_efficiency": 1.6233154679771111
        },
        {
            "clustering": 0.4556801158350086,
            "modularity": 0.05324842289375205,
            "average_degree": 85.75469721691776,
            "degree_std": 4.921047061692971,
            "average_shortest_path": 0.569015082878859,
            "global_efficiency": 1.8282847254589005
        },
        {
            "clustering": 0.4326875088355677,
            "modularity": 0.06111723100711401,
            "average_degree": 83.07745733309432,
            "degree_std": 5.167819450970502,
            "average_shortest_path": 0.582429615941847,
            "global_efficiency": 1.7789848356852724
        },
        {
            "clustering": 0.30544684201099764,
            "modularity": 0.01389190504053162,
            "average_degree": 60.68431617747623,
            "degree_std": 3.8590606399815024,
            "average_shortest_path": 0.6935172690170702,
            "global_efficiency": 1.4458176588229419
        }
    ],
    "5": [
        {
            "clustering": 0.4275135597197945,
            "modularity": 0.06577531604899263,
            "average_degree": 81.4013658436035,
            "degree_std": 6.990382700944708,
            "average_shortest_path": 0.5913447567541109,
            "global_efficiency": 1.766886518383798
        },
        {
            "clustering": 0.3371208229206252,
            "modularity": 0.06645501430121334,
            "average_degree": 67.98335126074238,
            "degree_std": 4.351140182634577,
            "average_shortest_path": 0.6572819126478284,
            "global_efficiency": 1.543636774359523
        },
        {
            "clustering": 0.7725593519034196,
            "modularity": 0.006285088678896562,
            "average_degree": 132.252979950416,
            "degree_std": 1.9314375192037605,
            "average_shortest_path": 0.33201361077629343,
            "global_efficiency": 3.021027298053229
        },
        {
            "clustering": 0.27480840276265867,
            "modularity": 0.011634774278883233,
            "average_degree": 54.54059382179845,
            "degree_std": 2.0663259134935945,
            "average_shortest_path": 0.7246175325431103,
            "global_efficiency": 1.381532105897034
        },
        {
            "clustering": 0.235635123050083,
            "modularity": 0.011089519622759034,
            "average_degree": 46.755915302785226,
            "degree_std": 1.800269182163042,
            "average_shortest_path": 0.7641003705775439,
            "global_efficiency": 1.3093219181731104
        },
        {
            "clustering": 0.489948206577473,
            "modularity": 0.04907976647587563,
            "average_degree": 85.04659047175566,
            "degree_std": 4.434812655861507,
            "average_shortest_path": 0.5726477228408203,
            "global_efficiency": 1.7886084973468035
        },
        {
            "clustering": 0.17816691542394006,
            "modularity": 0.04696424232905426,
            "average_degree": 35.84890843335699,
            "degree_std": 2.3703749233588605,
            "average_shortest_path": 0.8198404495582189,
            "global_efficiency": 1.221987654513958
        },
        {
            "clustering": 0.5489494630170378,
            "modularity": 0.033458511553801,
            "average_degree": 97.68293660207276,
            "degree_std": 3.653458263412382,
            "average_shortest_path": 0.507553271853197,
            "global_efficiency": 2.000646314106423
        },
        {
            "clustering": 0.2812051128726168,
            "modularity": 0.031401741514420205,
            "average_degree": 56.06113873492784,
            "degree_std": 2.4785562559661605,
            "average_shortest_path": 0.7176281786094563,
            "global_efficiency": 1.396638070840727
        },
        {
            "clustering": 0.417391438348013,
            "modularity": 0.009634954506139843,
            "average_degree": 82.77661452684714,
            "degree_std": 2.6797066201102417,
            "average_shortest_path": 0.582340369985501,
            "global_efficiency": 1.7195822462087842
        },
        {
            "clustering": 0.2339863452845832,
            "modularity": 0.01706423823135219,
            "average_degree": 46.502583675811785,
            "degree_std": 1.9489206328711,
            "average_shortest_path": 0.7655226600115919,
            "global_efficiency": 1.3072925316023338
        },
        {
            "clustering": 0.22590633374525884,
            "modularity": 0.008485273243910553,
            "average_degree": 44.869134387320116,
            "degree_std": 2.4179089439537473,
            "average_shortest_path": 0.7731529147460626,
            "global_efficiency": 1.2950510961159487
        }
    ],
    "6": [
        {
            "clustering": 0.5069159968124315,
            "modularity": 0.05600546535508502,
            "average_degree": 96.23794289101775,
            "degree_std": 5.313059193501852,
            "average_shortest_path": 0.5161246531086524,
            "global_efficiency": 2.0180178245555185
        },
        {
            "clustering": 0.31427315162214475,
            "modularity": 0.016181128786805502,
            "average_degree": 62.4706640097044,
            "degree_std": 3.019518110362654,
            "average_shortest_path": 0.6850566914760907,
            "global_efficiency": 1.4624148675664932
        },
        {
            "clustering": 0.5022563324626866,
            "modularity": 0.06753734512941689,
            "average_degree": 101.15792307905048,
            "degree_std": 5.105079960232667,
            "average_shortest_path": 0.49062514561748427,
            "global_efficiency": 2.149924460721441
        },
        {
            "clustering": 0.5382886622365712,
            "modularity": 0.019260036140149088,
            "average_degree": 102.4552329536689,
            "degree_std": 6.570373610492646,
            "average_shortest_path": 0.4767114464102891,
            "global_efficiency": 2.15709640429207
        },
        {
            "clustering": 0.14329957597613002,
            "modularity": 0.024489082721226657,
            "average_degree": 28.537029589982172,
            "degree_std": 1.7296180693527823,
            "average_shortest_path": 0.8561962599821176,
            "global_efficiency": 1.168418839905709
        },
        {
            "clustering": 0.5289227292992339,
            "modularity": 0.03265756160928499,
            "average_degree": 99.82076675732945,
            "degree_std": 5.176439710247571,
            "average_shortest_path": 0.49607478764757557,
            "global_efficiency": 2.056088412043678
        },
        {
            "clustering": 0.27839263233545825,
            "modularity": 0.005569481600360432,
            "average_degree": 55.19795765884437,
            "degree_std": 2.067736335639698,
            "average_shortest_path": 0.7209279335973452,
            "global_efficiency": 1.3888321821238596
        },
        {
            "clustering": 0.42280942456872866,
            "modularity": 0.0072853859356834215,
            "average_degree": 83.81431143521647,
            "degree_std": 3.150967942600808,
            "average_shortest_path": 0.5768864865782141,
            "global_efficiency": 1.7365298208137976
        },
        {
            "clustering": 0.5410404679606781,
            "modularity": 0.06023374749508335,
            "average_degree": 108.4701385058265,
            "degree_std": 5.409835165782957,
            "average_shortest_path": 0.4535848645003848,
            "global_efficiency": 2.3349528993570616
        },
        {
            "clustering": 0.34023890276865737,
            "modularity": 0.024029642026929962,
            "average_degree": 67.65727166495564,
            "degree_std": 3.821729247114134,
            "average_shortest_path": 0.658478408386341,
            "global_efficiency": 1.5244071341204557
        },
        {
            "clustering": 0.41343723265509946,
            "modularity": 0.05509318870209707,
            "average_degree": 82.81673516313919,
            "degree_std": 4.741900247812245,
            "average_shortest_path": 0.5840955240987662,
            "global_efficiency": 1.7606791284762306
        },
        {
            "clustering": 0.3855328790939544,
            "modularity": 0.027252290453307654,
            "average_degree": 76.72893843168903,
            "degree_std": 3.366101594836094,
            "average_shortest_path": 0.6126438833673998,
            "global_efficiency": 1.642429157147585
        }
    ],
    "7": [
        {
            "clustering": 0.837164080171462,
            "modularity": 0.008514165936359619,
            "average_degree": 136.35885848159242,
            "degree_std": 3.2945389556316345,
            "average_shortest_path": 0.3110240552360982,
            "global_efficiency": 3.245938694415279
        },
        {
            "clustering": 0.3109590512565439,
            "modularity": 0.024359621335106357,
            "average_degree": 61.97297662345011,
            "degree_std": 3.525821238707947,
            "average_shortest_path": 0.6877131368056207,
            "global_efficiency": 1.4591401997870286
        },
        {
            "clustering": 0.603412516274449,
            "modularity": 0.019589734206447364,
            "average_degree": 119.93108172715381,
            "degree_std": 5.9699856299754686,
            "average_shortest_path": 0.39531417805028063,
            "global_efficiency": 2.5894503999423226
        },
        {
            "clustering": 0.1689357382975765,
            "modularity": 0.00796799946029509,
            "average_degree": 33.48902436713342,
            "degree_std": 0.96206479232577,
            "average_shortest_path": 0.8309176841098771,
            "global_efficiency": 1.2036552086890697
        },
        {
            "clustering": 0.7828723623923911,
            "modularity": 0.007759243299010723,
            "average_degree": 143.16684080360344,
            "degree_std": 4.730242835804436,
            "average_shortest_path": 0.2766997776454741,
            "global_efficiency": 3.6800378762915407
        },
        {
            "clustering": 0.17972800931478067,
            "modularity": 0.04294533223688979,
            "average_degree": 36.19889376344603,
            "degree_std": 2.0246763304244078,
            "average_shortest_path": 0.8181362979602843,
            "global_efficiency": 1.2245793352548142
        },
        {
            "clustering": 0.42601059008793546,
            "modularity": 0.04854763748234082,
            "average_degree": 86.18918012210891,
            "degree_std": 5.326802153723074,
            "average_shortest_path": 0.5671562206752389,
            "global_efficiency": 1.8223985402284772
        },
        {
            "clustering": 0.5390865351820621,
            "modularity": 0.0192751935680914,
            "average_degree": 107.08675049578845,
            "degree_std": 4.332937989897452,
            "average_shortest_path": 0.45992274388689114,
            "global_efficiency": 2.195665259168118
        },
        {
            "clustering": 0.2683343714511032,
            "modularity": 0.01380541375366965,
            "average_degree": 53.26676838731279,
            "degree_std": 1.9577044379839859,
            "average_shortest_path": 0.731299497190046,
            "global_efficiency": 1.3684294123570913
        },
        {
            "clustering": 0.3275317559119996,
            "modularity": 0.012115062172424822,
            "average_degree": 64.99237396675099,
            "degree_std": 2.3362480853435974,
            "average_shortest_path": 0.6721449835154154,
            "global_efficiency": 1.4891763212311906
        },
        {
            "clustering": 0.47456259719862587,
            "modularity": 0.06236695463276237,
            "average_degree": 85.14264743917744,
            "degree_std": 4.15891850769647,
            "average_shortest_path": 0.5721744601325413,
            "global_efficiency": 1.7975922954124965
        },
        {
            "clustering": 0.17246111553921062,
            "modularity": 0.02357252116160309,
            "average_degree": 34.39466007710703,
            "degree_std": 2.276487520797947,
            "average_shortest_path": 0.8268258022198124,
            "global_efficiency": 1.2103445374777422
        }
    ],
    "8": [
        {
            "clustering": 0.22337316373907026,
            "modularity": 0.06829051923344855,
            "average_degree": 45.28530223608489,
            "degree_std": 2.865377912078791,
            "average_shortest_path": 0.7722725553247682,
            "global_efficiency": 1.3017853843690788
        },
        {
            "clustering": 0.5147230278332012,
            "modularity": 0.02268603058772455,
            "average_degree": 102.3686592452541,
            "degree_std": 3.802874868858634,
            "average_shortest_path": 0.48411785979795896,
            "global_efficiency": 2.0846041619732496
        },
        {
            "clustering": 0.2853920456402501,
            "modularity": 0.0135250049834316,
            "average_degree": 56.6564354551834,
            "degree_std": 2.2901049044487625,
            "average_shortest_path": 0.7142228193955925,
            "global_efficiency": 1.4013403544117404
        },
        {
            "clustering": 0.3427349190579548,
            "modularity": 0.04214375038339192,
            "average_degree": 68.5330456381655,
            "degree_std": 3.4948272200210226,
            "average_shortest_path": 0.6550182131318973,
            "global_efficiency": 1.5362386929250933
        },
        {
            "clustering": 0.24355717551702688,
            "modularity": 0.029199163811232796,
            "average_degree": 48.60538645607007,
            "degree_std": 3.6498501869601307,
            "average_shortest_path": 0.7551556923316117,
            "global_efficiency": 1.3271065937307016
        },
        {
            "clustering": 0.30197843190733886,
            "modularity": 0.027540888737819513,
            "average_degree": 60.22972140792804,
            "degree_std": 4.064973059466245,
            "average_shortest_path": 0.6967289613111446,
            "global_efficiency": 1.4401588561702638
        },
        {
            "clustering": 0.6811880129324571,
            "modularity": 0.00993936211537793,
            "average_degree": 119.9333123202375,
            "degree_std": 4.742397055298856,
            "average_shortest_path": 0.3943873456838766,
            "global_efficiency": 2.561439131138617
        },
        {
            "clustering": 0.43443302884775614,
            "modularity": 0.05232011926341869,
            "average_degree": 84.49187436477398,
            "degree_std": 4.354820829755192,
            "average_shortest_path": 0.5756172448620945,
            "global_efficiency": 1.7878655697712218
        },
        {
            "clustering": 0.3624636111844562,
            "modularity": 0.013063477444420461,
            "average_degree": 72.03794995640119,
            "degree_std": 3.9039435036116155,
            "average_shortest_path": 0.6367877735289093,
            "global_efficiency": 1.5748875841663759
        },
        {
            "clustering": 0.39800515156424304,
            "modularity": 0.05144957423674669,
            "average_degree": 80.4399711086392,
            "degree_std": 3.2371270626245225,
            "average_shortest_path": 0.5959620890039854,
            "global_efficiency": 1.7160535777459331
        },
        {
            "clustering": 0.2157522964460265,
            "modularity": 0.015257835016996605,
            "average_degree": 42.89137987909223,
            "degree_std": 2.872414171852164,
            "average_shortest_path": 0.7836384292117956,
            "global_efficiency": 1.2774108244653943
        },
        {
            "clustering": 0.3096567174817764,
            "modularity": 0.03778863671334669,
            "average_degree": 61.853434811070464,
            "degree_std": 4.173547690261381,
            "average_shortest_path": 0.6884250695786426,
            "global_efficiency": 1.459717646214914
        }
    ],
    "9": [
        {
            "clustering": 0.14226949427071942,
            "modularity": 0.03696269553114065,
            "average_degree": 28.41314461796924,
            "degree_std": 1.907017393164974,
            "average_shortest_path": 0.8569012253266349,
            "global_efficiency": 1.1676940351180574
        },
        {
            "clustering": 0.22209818160395567,
            "modularity": 0.07242555830418665,
            "average_degree": 45.06124765522559,
            "degree_std": 3.272636942590874,
            "average_shortest_path": 0.7737342378311278,
            "global_efficiency": 1.2992588212548395
        },
        {
            "clustering": 0.41950575766391124,
            "modularity": 0.012412463155814,
            "average_degree": 83.28734959079254,
            "degree_std": 3.0820850536347546,
            "average_shortest_path": 0.5800138696230217,
            "global_efficiency": 1.728176864407436
        },
        {
            "clustering": 0.5418162768355947,
            "modularity": 0.0111456986361847,
            "average_degree": 107.44953117930636,
            "degree_std": 4.876094563646834,
            "average_shortest_path": 0.4550417092194906,
            "global_efficiency": 2.724485465294074
        },
        {
            "clustering": 0.22820207675290613,
            "modularity": 0.03952937575107607,
            "average_degree": 45.598210915499614,
            "degree_std": 2.804149465329645,
            "average_shortest_path": 0.7703068929047583,
            "global_efficiency": 1.3008777166409577
        },
        {
            "clustering": 0.19785209168370155,
            "modularity": 0.03219971898485417,
            "average_degree": 39.41755131380783,
            "degree_std": 1.7779258327918022,
            "average_shortest_path": 0.8013979312427736,
            "global_efficiency": 1.2488504017269721
        },
        {
            "clustering": 0.5722536017586852,
            "modularity": 0.013460494228073773,
            "average_degree": 109.08107629463483,
            "degree_std": 5.046680770643424,
            "average_shortest_path": 0.4482816556686844,
            "global_efficiency": 2.2578208291784256
        },
        {
            "clustering": 0.28346723872644464,
            "modularity": 0.04029054880170228,
            "average_degree": 56.61004894159383,
            "degree_std": 2.974776407806706,
            "average_shortest_path": 0.7149458417336125,
            "global_efficiency": 1.4030288529610866
        },
        {
            "clustering": 0.257623017769233,
            "modularity": 0.019768489184743516,
            "average_degree": 51.25129043036409,
            "degree_std": 2.868532421683363,
            "average_shortest_path": 0.7416306411242488,
            "global_efficiency": 1.3503270559929528
        },
        {
            "clustering": 0.2263699558862,
            "modularity": 0.030811508008233315,
            "average_degree": 45.05874395655751,
            "degree_std": 1.9116977226770906,
            "average_shortest_path": 0.7729551613920089,
            "global_efficiency": 1.2949316622665992
        },
        {
            "clustering": 0.14192770751141143,
            "modularity": 0.01706196142595278,
            "average_degree": 28.235818474819872,
            "degree_std": 1.3379789384219642,
            "average_shortest_path": 0.8577451875184952,
            "global_efficiency": 1.1661367955919633
        },
        {
            "clustering": 0.35988551632431565,
            "modularity": 0.029374641756382658,
            "average_degree": 71.5916538867637,
            "degree_std": 2.4643533819282424,
            "average_shortest_path": 0.6391245090448823,
            "global_efficiency": 1.5694377601982252
        }
    ],
    "10": [
        {
            "clustering": 0.32924839387919114,
            "modularity": 0.013777405001206323,
            "average_degree": 65.41840205266608,
            "degree_std": 3.4752653285225823,
            "average_shortest_path": 0.6701036123194806,
            "global_efficiency": 1.495602816854276
        },
        {
            "clustering": 0.19775522157512065,
            "modularity": 0.013778616531291855,
            "average_degree": 39.284996744223626,
            "degree_std": 1.5961699624362153,
            "average_shortest_path": 0.8019239586124665,
            "global_efficiency": 1.2474857719889167
        },
        {
            "clustering": 0.5878388113990594,
            "modularity": 0.017500801346530183,
            "average_degree": 103.53635291743578,
            "degree_std": 6.181151647200259,
            "average_shortest_path": 0.47806807822852443,
            "global_efficiency": 2.125831908808359
        },
        {
            "clustering": 0.2088840238698868,
            "modularity": 0.016407826632030744,
            "average_degree": 41.53990400575658,
            "degree_std": 2.4057742457937765,
            "average_shortest_path": 0.7906019799756353,
            "global_efficiency": 1.2658807371098886
        },
        {
            "clustering": 0.2993369968340889,
            "modularity": 0.02206399098638679,
            "average_degree": 59.56780818215093,
            "degree_std": 3.1597599341294043,
            "average_shortest_path": 0.69979061436213,
            "global_efficiency": 1.4321559626385076
        },
        {
            "clustering": 0.7503502295844962,
            "modularity": 0.007853364988045633,
            "average_degree": 148.7522827079445,
            "degree_std": 5.238302845366707,
            "average_shortest_path": 0.24899216939648,
            "global_efficiency": 4.1240450915344535
        },
        {
            "clustering": 0.7207762547150244,
            "modularity": 0.010081256860468908,
            "average_degree": 141.01755165714061,
            "degree_std": 6.07009112609459,
            "average_shortest_path": 0.28813237506357126,
            "global_efficiency": 3.585373966589323
        },
        {
            "clustering": 0.4704491324654616,
            "modularity": 0.02330836937246898,
            "average_degree": 76.63503563944637,
            "degree_std": 4.402549095730453,
            "average_shortest_path": 0.6141311903277838,
            "global_efficiency": 1.6384405706600178
        },
        {
            "clustering": 0.1617142152512595,
            "modularity": 0.0256071589289606,
            "average_degree": 32.29509958514945,
            "degree_std": 2.7223109116367805,
            "average_shortest_path": 0.8373862988534932,
            "global_efficiency": 1.195285785092352
        },
        {
            "clustering": 0.30415452999452597,
            "modularity": 0.013140625896546635,
            "average_degree": 60.45813209409101,
            "degree_std": 3.48360941178687,
            "average_shortest_path": 0.6952168370790551,
            "global_efficiency": 1.4410107918498853
        },
        {
            "clustering": 0.1901304380252247,
            "modularity": 0.01529295589747829,
            "average_degree": 37.796438577596355,
            "degree_std": 1.922891515359752,
            "average_shortest_path": 0.8094986327984757,
            "global_efficiency": 1.2359163742644346
        },
        {
            "clustering": 0.30057156209469066,
            "modularity": 0.008980612564283683,
            "average_degree": 59.598409255688416,
            "degree_std": 1.4843851562370367,
            "average_shortest_path": 0.6992736934358991,
            "global_efficiency": 1.4306024956610615
        }
    ],
    "11": [
        {
            "clustering": 0.682755162519579,
            "modularity": 0.007550819973020954,
            "average_degree": 114.04014244828258,
            "degree_std": 3.915933086396899,
            "average_shortest_path": 0.4236766595158394,
            "global_efficiency": 2.3759024853500454
        },
        {
            "clustering": 0.6826346206571461,
            "modularity": 0.011683034530027815,
            "average_degree": 110.19372766927026,
            "degree_std": 5.0293364494766655,
            "average_shortest_path": 0.4439211553592334,
            "global_efficiency": 2.2763519753240544
        },
        {
            "clustering": 0.5519917424623153,
            "modularity": 0.011134574898228465,
            "average_degree": 100.32771289969524,
            "degree_std": 4.402633513462141,
            "average_shortest_path": 0.4930002852625227,
            "global_efficiency": 2.0444326279071205
        },
        {
            "clustering": 0.391954603679849,
            "modularity": 0.01262730976422816,
            "average_degree": 77.79615471015414,
            "degree_std": 3.1673609808501078,
            "average_shortest_path": 0.6074359663939816,
            "global_efficiency": 1.6505400805878871
        },
        {
            "clustering": 0.4496701523229665,
            "modularity": 0.01097161407997102,
            "average_degree": 89.19329603561658,
            "degree_std": 2.8943411250984465,
            "average_shortest_path": 0.5499128367237063,
            "global_efficiency": 1.8232351017105108
        },
        {
            "clustering": 0.4282321480377991,
            "modularity": 0.012785362492625157,
            "average_degree": 84.9854574935001,
            "degree_std": 3.198480940672572,
            "average_shortest_path": 0.5711960163571838,
            "global_efficiency": 1.756318389609957
        },
        {
            "clustering": 0.26597256452065504,
            "modularity": 0.013908143956858493,
            "average_degree": 52.864538993324395,
            "degree_std": 2.919627352050206,
            "average_shortest_path": 0.7333679387702448,
            "global_efficiency": 1.3654748418350857
        },
        {
            "clustering": 0.6325747900440847,
            "modularity": 0.013195948175000421,
            "average_degree": 113.1569244201329,
            "degree_std": 4.7203842219620515,
            "average_shortest_path": 0.4288512892738613,
            "global_efficiency": 2.3613003281480305
        },
        {
            "clustering": 0.29619518642339165,
            "modularity": 0.012374393894689214,
            "average_degree": 58.83003488159109,
            "degree_std": 3.46420692214747,
            "average_shortest_path": 0.7031106729762252,
            "global_efficiency": 1.4248471161130372
        },
        {
            "clustering": 0.38252556629337187,
            "modularity": 0.011264974998826425,
            "average_degree": 75.93557443975332,
            "degree_std": 3.5103882449856294,
            "average_shortest_path": 0.6168027881423156,
            "global_efficiency": 1.6256711579240082
        },
        {
            "clustering": 0.34196478814770187,
            "modularity": 0.01730287381800283,
            "average_degree": 68.07900372846132,
            "degree_std": 5.2379655102866245,
            "average_shortest_path": 0.6566693384681753,
            "global_efficiency": 1.530818440907315
        },
        {
            "clustering": 0.6391323148607719,
            "modularity": 0.012495432322481723,
            "average_degree": 99.13441459513774,
            "degree_std": 2.675254324277493,
            "average_shortest_path": 0.4997883695359599,
            "global_efficiency": 2.009164230874261
        }
    ]
}