{
    "0": [
        {
            "clustering": 0.45860586479008414,
            "modularity": 0.07735810906998464,
            "average_degree": 93.59516708807494,
            "degree_std": 3.331191008805616,
            "average_shortest_path": 0.5295912801974235,
            "global_efficiency": 2.0200994729342976
        },
        {
            "clustering": 0.5775435732406142,
            "modularity": 0.028815696266128964,
            "average_degree": 96.3730512288972,
            "degree_std": 1.5728083489249476,
            "average_shortest_path": 0.5140962189197151,
            "global_efficiency": 1.9658929418383846
        },
        {
            "clustering": 0.5649109542365567,
            "modularity": 0.01930986861554624,
            "average_degree": 110.6607357016355,
            "degree_std": 0.8646908330121268,
            "average_shortest_path": 0.4417883155869966,
            "global_efficiency": 2.2805140075945896
        },
        {
            "clustering": 0.6000291078470726,
            "modularity": 0.016591164514600007,
            "average_degree": 110.92237087003903,
            "degree_std": 0.7333754197548406,
            "average_shortest_path": 0.44022961900542773,
            "global_efficiency": 2.2819223566750972
        },
        {
            "clustering": 0.6886460138073655,
            "modularity": 0.014532358969005791,
            "average_degree": 129.764849788256,
            "degree_std": 8.634611078460622,
            "average_shortest_path": 0.34395192730444385,
            "global_efficiency": 3.0299814105733884
        },
        {
            "clustering": 0.4641881534909804,
            "modularity": 0.026641056711421467,
            "average_degree": 92.23899820545971,
            "degree_std": 0.7915350768659513,
            "average_shortest_path": 0.5348319564302614,
            "global_efficiency": 1.8793158587430052
        },
        {
            "clustering": 0.5325273480247279,
            "modularity": 0.025364969978294672,
            "average_degree": 102.93544960419756,
            "degree_std": 1.8037360759106544,
            "average_shortest_path": 0.4807496204928316,
            "global_efficiency": 2.09685275156581
        },
        {
            "clustering": 0.7282778478682574,
            "modularity": 0.014584429601875674,
            "average_degree": 114.64559078770068,
            "degree_std": 1.0656499994437292,
            "average_shortest_path": 0.4209596048710594,
            "global_efficiency": 2.3858069517298155
        }
    ],
    "1": [
        {
            "clustering": 0.27442089532024144,
            "modularity": 0.031520503093690574,
            "average_degree": 54.639793147405854,
            "degree_std": 1.3358336783820672,
            "average_shortest_path": 0.7246040861585025,
            "global_efficiency": 1.3822393118569831
        },
        {
            "clustering": 0.1564497277456369,
            "modularity": 0.018568479834884945,
            "average_degree": 31.06573266146174,
            "degree_std": 0.620868758607641,
            "average_shortest_path": 0.8432995190167367,
            "global_efficiency": 1.1860204846620337
        },
        {
            "clustering": 0.15574943623628698,
            "modularity": 0.04332482847472778,
            "average_degree": 31.11764722461726,
            "degree_std": 0.715552046833242,
            "average_shortest_path": 0.8432902073124399,
            "global_efficiency": 1.1865934278614416
        },
        {
            "clustering": 0.32498239419027447,
            "modularity": 0.07559126586870304,
            "average_degree": 66.132870312437,
            "degree_std": 1.6747488168173725,
            "average_shortest_path": 0.667668503138568,
            "global_efficiency": 1.522895863177057
        },
        {
            "clustering": 0.16816635624802728,
            "modularity": 0.03659715765758392,
            "average_degree": 33.489070758896816,
            "degree_std": 0.5458893490329698,
            "average_shortest_path": 0.8312122299912553,
            "global_efficiency": 1.2036177523231988
        },
        {
            "clustering": 0.3230483051326768,
            "modularity": 0.011661071814039092,
            "average_degree": 64.09283744338342,
            "degree_std": 3.050147892118231,
            "average_shortest_path": 0.67642780779501,
            "global_efficiency": 1.4806060153115228
        },
        {
            "clustering": 0.19372945930571656,
            "modularity": 0.020797303953988506,
            "average_degree": 38.464976157054274,
            "degree_std": 0.49021788336714484,
            "average_shortest_path": 0.8060029650936026,
            "global_efficiency": 1.2410007057428218
        },
        {
            "clustering": 0.28976448028542134,
            "modularity": 0.016386943158160625,
            "average_degree": 57.53197939593311,
            "degree_std": 2.1501009385549588,
            "average_shortest_path": 0.7097217480757495,
            "global_efficiency": 1.4104387992416032
        }
    ],
    "2": [
        {
            "clustering": 0.44647484909935786,
            "modularity": 0.017861002043366072,
            "average_degree": 84.33835185904178,
            "degree_std": 1.637529440328471,
            "average_shortest_path": 0.5745378277172248,
            "global_efficiency": 1.7443500756278474
        },
        {
            "clustering": 0.12227353163452691,
            "modularity": 0.0336919385253423,
            "average_degree": 24.35219748768926,
            "degree_std": 0.43626481741901163,
            "average_shortest_path": 0.8773334042990725,
            "global_efficiency": 1.140045104320981
        },
        {
            "clustering": 0.25123258888738875,
            "modularity": 0.05755582726821952,
            "average_degree": 50.6536308816479,
            "degree_std": 1.3329860904461273,
            "average_shortest_path": 0.7453501677330991,
            "global_efficiency": 1.3480642086531176
        },
        {
            "clustering": 0.5962481958297302,
            "modularity": 0.04549659464029814,
            "average_degree": 114.84983367992365,
            "degree_std": 2.068393877578905,
            "average_shortest_path": 0.4189551624647079,
            "global_efficiency": 2.5413645194667858
        },
        {
            "clustering": 0.1256462043103556,
            "modularity": 0.03534770717345101,
            "average_degree": 25.041262140596455,
            "degree_std": 0.5207616252333357,
            "average_shortest_path": 0.8738440616846949,
            "global_efficiency": 1.1446652989856392
        },
        {
            "clustering": 0.3528401144267003,
            "modularity": 0.025883303788819388,
            "average_degree": 70.21687884817598,
            "degree_std": 3.366472661520645,
            "average_shortest_path": 0.645951862865412,
            "global_efficiency": 1.554142508403528
        },
        {
            "clustering": 0.15918069349109226,
            "modularity": 0.02754698661371082,
            "average_degree": 31.703471154884195,
            "degree_std": 1.1158301454754922,
            "average_shortest_path": 0.8401747414124141,
            "global_efficiency": 1.1907954223370785
        },
        {
            "clustering": 0.616549360408316,
            "modularity": 0.036616045497405644,
            "average_degree": 120.64719882714698,
            "degree_std": 1.547632849649887,
            "average_shortest_path": 0.39225938296572455,
            "global_efficiency": 2.670197176986773
        }
    ],
    "3": [
        {
            "clustering": 0.7135871000055679,
            "modularity": 0.02517572326110796,
            "average_degree": 141.74549253535886,
            "degree_std": 1.6282318457149108,
            "average_shortest_path": 0.28487110281193134,
            "global_efficiency": 3.6737497420342837
        },
        {
            "clustering": 0.15732830357621708,
            "modularity": 0.04989826085434179,
            "average_degree": 31.669402853651576,
            "degree_std": 0.5788468707779352,
            "average_shortest_path": 0.8408530272220868,
            "global_efficiency": 1.1907182318502083
        },
        {
            "clustering": 0.41514471992273305,
            "modularity": 0.06195567427844337,
            "average_degree": 83.65287976480064,
            "degree_std": 2.825177216418933,
            "average_shortest_path": 0.5792133148353465,
            "global_efficiency": 1.7662387659078653
        },
        {
            "clustering": 0.47819316244366716,
            "modularity": 0.07849398068567714,
            "average_degree": 96.27981660995111,
            "degree_std": 1.9017791057195914,
            "average_shortest_path": 0.5109478609315533,
            "global_efficiency": 2.137142140946487
        },
        {
            "clustering": 0.1474606183695254,
            "modularity": 0.06375221422349764,
            "average_degree": 29.759186547336625,
            "degree_std": 0.787386160251893,
            "average_shortest_path": 0.8505026034364392,
            "global_efficiency": 1.177274637113941
        },
        {
            "clustering": 0.12114978728848166,
            "modularity": 0.071911159246192,
            "average_degree": 24.742471847477155,
            "degree_std": 0.9049994323229412,
            "average_shortest_path": 0.8759650536999429,
            "global_efficiency": 1.1431681875658697
        },
        {
            "clustering": 0.2469082988151915,
            "modularity": 0.029626805483291274,
            "average_degree": 49.155877542332135,
            "degree_std": 1.3543136486056058,
            "average_shortest_path": 0.7523073595597088,
            "global_efficiency": 1.330701927569156
        },
        {
            "clustering": 0.19245462274896358,
            "modularity": 0.04742322141302226,
            "average_degree": 38.538676677108235,
            "degree_std": 1.043891742958975,
            "average_shortest_path": 0.805988679552405,
            "global_efficiency": 1.2424828651353923
        }
    ],
    "4": [
        {
            "clustering": 0.17974584888535702,
            "modularity": 0.06089225612522922,
            "average_degree": 36.36103431607421,
            "degree_std": 1.0971896189720716,
            "average_shortest_path": 0.8173599316678434,
            "global_efficiency": 1.226390891251294
        },
        {
            "clustering": 0.49409795012341773,
            "modularity": 0.051510937222620165,
            "average_degree": 99.61537838236717,
            "degree_std": 2.482134047607624,
            "average_shortest_path": 0.4630804146776715,
            "global_efficiency": 2.3310335652235703
        },
        {
            "clustering": 0.43389705801622613,
            "modularity": 0.0671039809687857,
            "average_degree": 88.46842830211386,
            "degree_std": 3.0187846234250855,
            "average_shortest_path": 0.5556929640305984,
            "global_efficiency": 1.8892223871842964
        },
        {
            "clustering": 0.5737181492605176,
            "modularity": 0.013003234899496232,
            "average_degree": 93.79032704790751,
            "degree_std": 2.4513088749570224,
            "average_shortest_path": 0.5262634593134025,
            "global_efficiency": 1.9060293226386804
        },
        {
            "clustering": 0.12814951093993487,
            "modularity": 0.023330913286137803,
            "average_degree": 25.4838488404777,
            "degree_std": 0.5453402431530301,
            "average_shortest_path": 0.871460478183874,
            "global_efficiency": 1.1477332623676146
        },
        {
            "clustering": 0.31356671510151163,
            "modularity": 0.03682679203838769,
            "average_degree": 62.94531348643332,
            "degree_std": 1.764476971074393,
            "average_shortest_path": 0.6821249118924765,
            "global_efficiency": 1.4794948956539409
        },
        {
            "clustering": 0.49549802912672064,
            "modularity": 0.0536857449904993,
            "average_degree": 96.7116795997291,
            "degree_std": 3.448848138729329,
            "average_shortest_path": 0.4822385988714293,
            "global_efficiency": 2.2221660787794186
        },
        {
            "clustering": 0.18707151997356608,
            "modularity": 0.04232966880159644,
            "average_degree": 37.45896319266214,
            "degree_std": 1.3365487174517372,
            "average_shortest_path": 0.8114265811655578,
            "global_efficiency": 1.234036384628373
        }
    ],
    "5": [
        {
            "clustering": 0.2806128406182286,
            "modularity": 0.04801077241861135,
            "average_degree": 56.246474649573564,
            "degree_std": 1.496096365702985,
            "average_shortest_path": 0.7170056729240194,
            "global_efficiency": 1.400351712588574
        },
        {
            "clustering": 0.2854422625191737,
            "modularity": 0.05262052066245187,
            "average_degree": 57.11984006752964,
            "degree_std": 1.7408751275204524,
            "average_shortest_path": 0.7121307169744208,
            "global_efficiency": 1.4103510685493392
        },
        {
            "clustering": 0.8742281970104896,
            "modularity": 0.012750805108502562,
            "average_degree": 167.5156885647363,
            "degree_std": 0.9140083783088722,
            "average_shortest_path": 0.1541532618751504,
            "global_efficiency": 6.738704166224201
        },
        {
            "clustering": 0.441884279167064,
            "modularity": 0.08352813961581829,
            "average_degree": 89.12508596179065,
            "degree_std": 2.907996896981822,
            "average_shortest_path": 0.5523293270857952,
            "global_efficiency": 1.918448830016465
        },
        {
            "clustering": 0.17832394850563907,
            "modularity": 0.07276124157458232,
            "average_degree": 36.1881056912594,
            "degree_std": 1.1003522021112946,
            "average_shortest_path": 0.8182134682846861,
            "global_efficiency": 1.2256135563776769
        },
        {
            "clustering": 0.22476275391160758,
            "modularity": 0.036522987117867736,
            "average_degree": 44.85546158431627,
            "degree_std": 1.008446157062575,
            "average_shortest_path": 0.7741269759795747,
            "global_efficiency": 1.2934750363309806
        },
        {
            "clustering": 0.4981919471380888,
            "modularity": 0.08149453442591686,
            "average_degree": 101.30345143924481,
            "degree_std": 3.1624308696160983,
            "average_shortest_path": 0.49064106129975865,
            "global_efficiency": 2.212448566772978
        },
        {
            "clustering": 0.36226994606556623,
            "modularity": 0.03499593898035127,
            "average_degree": 72.27831860629892,
            "degree_std": 2.2841582280309116,
            "average_shortest_path": 0.6359676907306321,
            "global_efficiency": 1.580374876672764
        }
    ],
    "6": [
        {
            "clustering": 0.3666105895074601,
            "modularity": 0.017076335736897697,
            "average_degree": 72.82883911788056,
            "degree_std": 2.549294578213595,
            "average_shortest_path": 0.632745193144823,
            "global_efficiency": 1.5839411174785858
        },
        {
            "clustering": 0.5402700969948909,
            "modularity": 0.05779289649654522,
            "average_degree": 108.7821798031829,
            "degree_std": 3.472303771941072,
            "average_shortest_path": 0.4523676005068124,
            "global_efficiency": 2.3682580892455953
        },
        {
            "clustering": 0.32793913879256453,
            "modularity": 0.060751167324054015,
            "average_degree": 66.19772438205938,
            "degree_std": 2.1100204758120857,
            "average_shortest_path": 0.6663340149516879,
            "global_efficiency": 1.5205904030042332
        },
        {
            "clustering": 0.27243349634710007,
            "modularity": 0.013987553418273277,
            "average_degree": 54.05287485209203,
            "degree_std": 1.5307640388938248,
            "average_shortest_path": 0.7272443675824455,
            "global_efficiency": 1.3758743977064622
        },
        {
            "clustering": 0.35096751540914606,
            "modularity": 0.08446589280614666,
            "average_degree": 71.34728686604846,
            "degree_std": 1.8402337747193553,
            "average_shortest_path": 0.6412001490058307,
            "global_efficiency": 1.5924212194076663
        },
        {
            "clustering": 0.49100091978762667,
            "modularity": 0.06296572833003333,
            "average_degree": 99.46086592608692,
            "degree_std": 3.694745025765579,
            "average_shortest_path": 0.4995531734766152,
            "global_efficiency": 2.137829887276563
        },
        {
            "clustering": 0.4173091039792043,
            "modularity": 0.06453186494790476,
            "average_degree": 84.10565502688884,
            "degree_std": 2.3684960482020063,
            "average_shortest_path": 0.5769559509670186,
            "global_efficiency": 1.7752528901896427
        },
        {
            "clustering": 0.06845323268552914,
            "modularity": 0.026405884641827016,
            "average_degree": 13.662749512416164,
            "degree_std": 0.6644832946440015,
            "average_shortest_path": 0.9311406244867673,
            "global_efficiency": 1.0740672402258455
        }
    ],
    "7": [
        {
            "clustering": 0.4678902637197333,
            "modularity": 0.06362655184225707,
            "average_degree": 94.70707076882461,
            "degree_std": 3.0052110843821644,
            "average_shortest_path": 0.5239329238770625,
            "global_efficiency": 2.0037797151088927
        },
        {
            "clustering": 0.7049908075900587,
            "modularity": 0.03175925916242176,
            "average_degree": 137.82865893645464,
            "degree_std": 2.840867748439402,
            "average_shortest_path": 0.3028902747304306,
            "global_efficiency": 3.516000163439855
        },
        {
            "clustering": 0.32513809674080496,
            "modularity": 0.015324199505346855,
            "average_degree": 64.56510207577698,
            "degree_std": 1.903963717300727,
            "average_shortest_path": 0.674025818939103,
            "global_efficiency": 1.4866126894793792
        },
        {
            "clustering": 0.5381289566022583,
            "modularity": 0.0409478854230184,
            "average_degree": 107.65851245064789,
            "degree_std": 3.868538143075215,
            "average_shortest_path": 0.4576955148615091,
            "global_efficiency": 2.273657284677348
        },
        {
            "clustering": 0.25440606630001633,
            "modularity": 0.06503573856192914,
            "average_degree": 51.52994001994418,
            "degree_std": 1.7378490757221492,
            "average_shortest_path": 0.7410606619016022,
            "global_efficiency": 1.3581204098621762
        },
        {
            "clustering": 0.5191582854513455,
            "modularity": 0.017887812126587327,
            "average_degree": 102.99260662002025,
            "degree_std": 2.4465388484831063,
            "average_shortest_path": 0.48028276456667485,
            "global_efficiency": 2.090548726211823
        },
        {
            "clustering": 0.5710962869874308,
            "modularity": 0.02067739657371695,
            "average_degree": 93.94185860507355,
            "degree_std": 3.845733602522538,
            "average_shortest_path": 0.5206941374990945,
            "global_efficiency": 1.9601645640443754
        },
        {
            "clustering": 0.497471342413384,
            "modularity": 0.06833070164531106,
            "average_degree": 92.12194945562952,
            "degree_std": 2.058239609512684,
            "average_shortest_path": 0.5367965773997431,
            "global_efficiency": 1.9412835775555564
        }
    ],
    "8": [
        {
            "clustering": 0.49389642565513464,
            "modularity": 0.07002348463033217,
            "average_degree": 100.10577058083419,
            "degree_std": 2.5808012545230508,
            "average_shortest_path": 0.4958513229602972,
            "global_efficiency": 2.1615290987569256
        },
        {
            "clustering": 0.6474479233562183,
            "modularity": 0.03222076637712612,
            "average_degree": 118.25014119357692,
            "degree_std": 2.4218712539635936,
            "average_shortest_path": 0.4040556552858596,
            "global_efficiency": 2.532004441942133
        },
        {
            "clustering": 0.39107536409009824,
            "modularity": 0.04172063182534902,
            "average_degree": 63.01314161133294,
            "degree_std": 2.9318387925705935,
            "average_shortest_path": 0.6826798365942908,
            "global_efficiency": 1.4726901416913838
        },
        {
            "clustering": 0.5006267155533528,
            "modularity": 0.017111414847645546,
            "average_degree": 86.8608527505828,
            "degree_std": 2.3050527245113415,
            "average_shortest_path": 0.5617176008556534,
            "global_efficiency": 1.7885774087135569
        },
        {
            "clustering": 0.7962746967680489,
            "modularity": 0.009272963290216861,
            "average_degree": 145.55649595546367,
            "degree_std": 2.2967791691782526,
            "average_shortest_path": 0.26330944595498196,
            "global_efficiency": 3.8800680822468996
        },
        {
            "clustering": 0.47378463545064686,
            "modularity": 0.06982947069541574,
            "average_degree": 93.37073361942373,
            "degree_std": 3.9999901880160067,
            "average_shortest_path": 0.5287950993252643,
            "global_efficiency": 2.0037588746285313
        },
        {
            "clustering": 0.30161162600099906,
            "modularity": 0.06979396079369221,
            "average_degree": 61.230147391222836,
            "degree_std": 2.0736871154214045,
            "average_shortest_path": 0.6922713872349874,
            "global_efficiency": 1.4619449823290425
        },
        {
            "clustering": 0.4760935775073111,
            "modularity": 0.06755830996116191,
            "average_degree": 96.4121471557663,
            "degree_std": 2.24794112647113,
            "average_shortest_path": 0.5150626814231164,
            "global_efficiency": 2.048468920338495
        }
    ],
    "9": [
        {
            "clustering": 0.12843680289256923,
            "modularity": 0.0456871486064604,
            "average_degree": 25.722257104165333,
            "degree_std": 0.5786007063207287,
            "average_shortest_path": 0.870621845626319,
            "global_efficiency": 1.149171780807964
        },
        {
            "clustering": 0.24510725177320253,
            "modularity": 0.08057860465379035,
            "average_degree": 49.789019082485765,
            "degree_std": 1.0423637869208502,
            "average_shortest_path": 0.7497717236111128,
            "global_efficiency": 1.342956969067021
        },
        {
            "clustering": 0.5996918152593226,
            "modularity": 0.030163026322745236,
            "average_degree": 118.92307709702749,
            "degree_std": 2.970383136117328,
            "average_shortest_path": 0.40053089926713775,
            "global_efficiency": 2.565109016058362
        },
        {
            "clustering": 0.4858696384850185,
            "modularity": 0.0777495055547875,
            "average_degree": 90.12309840856422,
            "degree_std": 3.569931482237575,
            "average_shortest_path": 0.5471031532179108,
            "global_efficiency": 1.9248253943569
        },
        {
            "clustering": 0.2243938934509953,
            "modularity": 0.06546898191900788,
            "average_degree": 45.38873714339517,
            "degree_std": 1.442599602421462,
            "average_shortest_path": 0.7717112300366962,
            "global_efficiency": 1.3015808500797237
        },
        {
            "clustering": 0.37686647497781456,
            "modularity": 0.06410137685220957,
            "average_degree": 76.19057372307631,
            "degree_std": 2.132377846949299,
            "average_shortest_path": 0.6166562454472265,
            "global_efficiency": 1.6550624670269272
        },
        {
            "clustering": 0.30221968458903903,
            "modularity": 0.08690851043643681,
            "average_degree": 61.810327139443494,
            "degree_std": 3.0695236495761957,
            "average_shortest_path": 0.6894665523209247,
            "global_efficiency": 1.4743466311333207
        },
        {
            "clustering": 0.4558911144761234,
            "modularity": 0.06648766894569548,
            "average_degree": 92.096741351951,
            "degree_std": 3.0054857022829298,
            "average_shortest_path": 0.5368071919274257,
            "global_efficiency": 1.94075971090964
        }
    ],
    "10": [
        {
            "clustering": 0.3589563381596846,
            "modularity": 0.045548693737928976,
            "average_degree": 71.60175953335255,
            "degree_std": 1.9833892857263071,
            "average_shortest_path": 0.6392009525262244,
            "global_efficiency": 1.5727396143318038
        },
        {
            "clustering": 0.18254399774041632,
            "modularity": 0.02479087442033275,
            "average_degree": 36.31094161586249,
            "degree_std": 0.9479460278376333,
            "average_shortest_path": 0.8169776056024989,
            "global_efficiency": 1.2245411562390298
        },
        {
            "clustering": 0.5234880041297838,
            "modularity": 0.019642895956855665,
            "average_degree": 103.92603120864874,
            "degree_std": 1.713708386300267,
            "average_shortest_path": 0.47571074621635934,
            "global_efficiency": 2.1164302888812925
        },
        {
            "clustering": 0.1637489190424441,
            "modularity": 0.033648233131914666,
            "average_degree": 32.67565079993733,
            "degree_std": 0.9396825278191839,
            "average_shortest_path": 0.8354826968907831,
            "global_efficiency": 1.1975991545244395
        },
        {
            "clustering": 0.15101660783148732,
            "modularity": 0.020353707184718472,
            "average_degree": 30.027853131234767,
            "degree_std": 0.7580423436434901,
            "average_shortest_path": 0.8486691721185786,
            "global_efficiency": 1.1785690230073431
        },
        {
            "clustering": 0.12991400379608226,
            "modularity": 0.023337874524717115,
            "average_degree": 25.871655567584238,
            "degree_std": 1.7647367577342847,
            "average_shortest_path": 0.8696041306798372,
            "global_efficiency": 1.1503646176035751
        },
        {
            "clustering": 0.2333765113414371,
            "modularity": 0.015166437783700545,
            "average_degree": 46.32122600773254,
            "degree_std": 1.4726955272486477,
            "average_shortest_path": 0.766324545951609,
            "global_efficiency": 1.305524794569213
        },
        {
            "clustering": 0.2377567631176519,
            "modularity": 0.028116493681652394,
            "average_degree": 47.354641879934356,
            "degree_std": 1.0834597049088945,
            "average_shortest_path": 0.7613847371039983,
            "global_efficiency": 1.3148440566839221
        }
    ],
    "11": [
        {
            "clustering": 0.36560546620747403,
            "modularity": 0.015615170749469172,
            "average_degree": 67.36286478268823,
            "degree_std": 1.8985664171951515,
            "average_shortest_path": 0.6599517553552646,
            "global_efficiency": 1.5174873080010594
        },
        {
            "clustering": 0.37784369422405695,
            "modularity": 0.017609289443850356,
            "average_degree": 75.00738940422673,
            "degree_std": 2.4501161069343795,
            "average_shortest_path": 0.6214708798513204,
            "global_efficiency": 1.6127271836921095
        },
        {
            "clustering": 0.6034500132825091,
            "modularity": 0.012886184589789216,
            "average_degree": 109.59668543939274,
            "degree_std": 1.5920235552544364,
            "average_shortest_path": 0.4466393036808213,
            "global_efficiency": 2.2482513900156813
        },
        {
            "clustering": 0.31702621652551904,
            "modularity": 0.027520685188453915,
            "average_degree": 63.14483061769636,
            "degree_std": 4.159956504441517,
            "average_shortest_path": 0.6813959670266022,
            "global_efficiency": 1.474297067360491
        },
        {
            "clustering": 0.5805692369818279,
            "modularity": 0.012504566129453068,
            "average_degree": 115.11249557892673,
            "degree_std": 2.456427561919479,
            "average_shortest_path": 0.4188845937535758,
            "global_efficiency": 2.4000397216846125
        },
        {
            "clustering": 0.33450237999841476,
            "modularity": 0.018008724096670904,
            "average_degree": 66.42301796950352,
            "degree_std": 1.7965380551486034,
            "average_shortest_path": 0.66484306731115,
            "global_efficiency": 1.5065119120234034
        },
        {
            "clustering": 0.6824582533782402,
            "modularity": 0.015013106919824609,
            "average_degree": 116.51680813136656,
            "degree_std": 2.18957029778569,
            "average_shortest_path": 0.41187007293278016,
            "global_efficiency": 2.4440556141970156
        },
        {
            "clustering": 0.5227812120198347,
            "modularity": 0.022629411169040936,
            "average_degree": 74.73620183848168,
            "degree_std": 1.8065645140291628,
            "average_shortest_path": 0.6229164614597815,
            "global_efficiency": 1.6107078177912528
        }
    ]
}