{
    "0": [
        {
            "clustering": 0.4210360967578341,
            "modularity": 0.027687886419261513,
            "average_degree": 83.77050448668012,
            "degree_std": 3.8948621961246928,
            "average_shortest_path": 0.5775835969327404,
            "global_efficiency": 1.746207620520607
        },
        {
            "clustering": 0.45662770874151126,
            "modularity": 0.02285957827789082,
            "average_degree": 85.70145300432944,
            "degree_std": 2.2058982463392702,
            "average_shortest_path": 0.5677393685000173,
            "global_efficiency": 1.770848308398407
        },
        {
            "clustering": 0.34279261869245337,
            "modularity": 0.029376972180313102,
            "average_degree": 68.21105825907573,
            "degree_std": 2.8744823327223843,
            "average_shortest_path": 0.6560236042364516,
            "global_efficiency": 1.5305858161865504
        },
        {
            "clustering": 0.5007702521878166,
            "modularity": 0.05584967514072822,
            "average_degree": 101.0330506783509,
            "degree_std": 3.9597415352033605,
            "average_shortest_path": 0.4920001491433629,
            "global_efficiency": 2.1382089193455127
        },
        {
            "clustering": 0.6192145979625909,
            "modularity": 0.014471914456343769,
            "average_degree": 118.50397662342567,
            "degree_std": 1.3188206817975074,
            "average_shortest_path": 0.40126006165707495,
            "global_efficiency": 2.5111825999736928
        },
        {
            "clustering": 0.38784779734360475,
            "modularity": 0.028555730590447626,
            "average_degree": 77.16033407993491,
            "degree_std": 2.623356409223392,
            "average_shortest_path": 0.610974176313219,
            "global_efficiency": 1.6458983855701017
        },
        {
            "clustering": 0.3850876186466401,
            "modularity": 0.03509352418257851,
            "average_degree": 76.78776029992791,
            "degree_std": 2.2861562614482667,
            "average_shortest_path": 0.6130023216216075,
            "global_efficiency": 1.6420570433847086
        },
        {
            "clustering": 0.7592578413719254,
            "modularity": 0.011267785958702347,
            "average_degree": 133.08999581813424,
            "degree_std": 10.086179989968155,
            "average_shortest_path": 0.32706237614817496,
            "global_efficiency": 3.2108677361087183
        },
        {
            "clustering": 0.46178923519851445,
            "modularity": 0.07777571705411222,
            "average_degree": 93.76523535107437,
            "degree_std": 3.2989822560130753,
            "average_shortest_path": 0.5284988986902108,
            "global_efficiency": 1.9955576462177533
        },
        {
            "clustering": 0.3832831702349818,
            "modularity": 0.06866945856780995,
            "average_degree": 77.09619329516562,
            "degree_std": 1.0565101801421162,
            "average_shortest_path": 0.6117888720922771,
            "global_efficiency": 1.6643100283721193
        },
        {
            "clustering": 0.6175472699293834,
            "modularity": 0.01740332885042918,
            "average_degree": 108.30031878878829,
            "degree_std": 8.895949130047386,
            "average_shortest_path": 0.44718357726065566,
            "global_efficiency": 2.2957449745569116
        },
        {
            "clustering": 0.7826195622711544,
            "modularity": 0.008173091860906312,
            "average_degree": 115.91994375196033,
            "degree_std": 7.534270446907361,
            "average_shortest_path": 0.41347220254658507,
            "global_efficiency": 2.461570524681417
        }
    ],
    "1": [
        {
            "clustering": 0.1522256300756686,
            "modularity": 0.016178552908792998,
            "average_degree": 30.206887868431785,
            "degree_std": 0.418542329832891,
            "average_shortest_path": 0.847612989913897,
            "global_efficiency": 1.1799006219417647
        },
        {
            "clustering": 0.4649762590442133,
            "modularity": 0.03443878216796701,
            "average_degree": 92.76221591282153,
            "degree_std": 2.74801922650917,
            "average_shortest_path": 0.5327469885346423,
            "global_efficiency": 1.8995271757196306
        },
        {
            "clustering": 0.25347834500423594,
            "modularity": 0.009495865299601619,
            "average_degree": 50.24050486566422,
            "degree_std": 1.224000411762721,
            "average_shortest_path": 0.7462832499095658,
            "global_efficiency": 1.340476969095697
        },
        {
            "clustering": 0.15621640890544514,
            "modularity": 0.020269887069774943,
            "average_degree": 31.010231102152154,
            "degree_std": 0.6203694556948393,
            "average_shortest_path": 0.8435516687663085,
            "global_efficiency": 1.185650739934512
        },
        {
            "clustering": 0.10773240106367286,
            "modularity": 0.027361676872110823,
            "average_degree": 21.417356014138452,
            "degree_std": 0.4443032784064575,
            "average_shortest_path": 0.8920290620510698,
            "global_efficiency": 1.121149551333908
        },
        {
            "clustering": 0.3902991412846423,
            "modularity": 0.011812786694505532,
            "average_degree": 77.45278708049327,
            "degree_std": 2.0187066212512765,
            "average_shortest_path": 0.6088017351394583,
            "global_efficiency": 1.6470550066777627
        },
        {
            "clustering": 0.13563184281131893,
            "modularity": 0.023559906796619436,
            "average_degree": 26.931901869564616,
            "degree_std": 0.45680815658050933,
            "average_shortest_path": 0.8641525871213829,
            "global_efficiency": 1.1573378295757282
        },
        {
            "clustering": 0.5531724118707511,
            "modularity": 0.007161547605750293,
            "average_degree": 107.01410727475631,
            "degree_std": 1.5710211247414703,
            "average_shortest_path": 0.4397356869709019,
            "global_efficiency": 2.366316414026628
        },
        {
            "clustering": 0.16247952991602463,
            "modularity": 0.018891360573428523,
            "average_degree": 32.25620426587618,
            "degree_std": 0.7443980176487074,
            "average_shortest_path": 0.8373041095369843,
            "global_efficiency": 1.1945029413953874
        },
        {
            "clustering": 0.16288938120686183,
            "modularity": 0.02671645092123001,
            "average_degree": 32.37654343316633,
            "degree_std": 1.0469483069082723,
            "average_shortest_path": 0.8367652086465025,
            "global_efficiency": 1.1954059635800272
        },
        {
            "clustering": 0.20810316581286,
            "modularity": 0.0718606475487889,
            "average_degree": 42.30198810427047,
            "degree_std": 1.012284338385201,
            "average_shortest_path": 0.7875785842440768,
            "global_efficiency": 1.2753168341337957
        },
        {
            "clustering": 0.3202003681431868,
            "modularity": 0.03418978093177845,
            "average_degree": 63.79167463570596,
            "degree_std": 0.9321822250823955,
            "average_shortest_path": 0.6785222299975143,
            "global_efficiency": 1.4777810059654093
        }
    ],
    "2": [
        {
            "clustering": 0.1356316266314849,
            "modularity": 0.03200130272749084,
            "average_degree": 27.007934433079132,
            "degree_std": 0.6665592839524168,
            "average_shortest_path": 0.863931996572175,
            "global_efficiency": 1.157796956353513
        },
        {
            "clustering": 0.08568726849242109,
            "modularity": 0.02583276244270867,
            "average_degree": 17.037918010856192,
            "degree_std": 0.1976967615025608,
            "average_shortest_path": 0.9141523641938348,
            "global_efficiency": 1.0939646558174922
        },
        {
            "clustering": 0.7983939751845158,
            "modularity": 0.007592280144862933,
            "average_degree": 146.65661255978821,
            "degree_std": 0.6258777468468222,
            "average_shortest_path": 0.2591261521999075,
            "global_efficiency": 3.873112038643811
        },
        {
            "clustering": 0.7271460088415824,
            "modularity": 0.022335451390416608,
            "average_degree": 138.06829640769848,
            "degree_std": 0.9172422709211774,
            "average_shortest_path": 0.3031675205434294,
            "global_efficiency": 3.437774726412099
        },
        {
            "clustering": 0.15116797169302276,
            "modularity": 0.02165758143932188,
            "average_degree": 30.017619672917956,
            "degree_std": 0.9756238024517958,
            "average_shortest_path": 0.8485959486480668,
            "global_efficiency": 1.178648907322073
        },
        {
            "clustering": 0.1147113830465465,
            "modularity": 0.030086943810625197,
            "average_degree": 22.83794746492823,
            "degree_std": 0.4781898481412571,
            "average_shortest_path": 0.8849208083612302,
            "global_efficiency": 1.1302340474016124
        },
        {
            "clustering": 0.6416151740489174,
            "modularity": 0.031005176416661284,
            "average_degree": 118.99483171439543,
            "degree_std": 0.81590936042346,
            "average_shortest_path": 0.40053034825336375,
            "global_efficiency": 2.565683229661416
        },
        {
            "clustering": 0.6473889200193955,
            "modularity": 0.007272418268805534,
            "average_degree": 123.08927754022879,
            "degree_std": 0.6158678599221327,
            "average_shortest_path": 0.3779670283658374,
            "global_efficiency": 2.651840361147099
        },
        {
            "clustering": 0.5855699951100799,
            "modularity": 0.03595420212787645,
            "average_degree": 107.3319009757418,
            "degree_std": 1.0553330676308652,
            "average_shortest_path": 0.4595511224806636,
            "global_efficiency": 2.226792802024204
        },
        {
            "clustering": 0.21114841444131444,
            "modularity": 0.010986565694977336,
            "average_degree": 41.856597688831094,
            "degree_std": 0.47200974821036334,
            "average_shortest_path": 0.7887545206983025,
            "global_efficiency": 1.2679528308260053
        },
        {
            "clustering": 0.5638715211256555,
            "modularity": 0.008551752972183926,
            "average_degree": 77.96599896457055,
            "degree_std": 2.746391948659429,
            "average_shortest_path": 0.6063807337802793,
            "global_efficiency": 1.6514271387532193
        },
        {
            "clustering": 0.053738826310952253,
            "modularity": 0.018907072749337277,
            "average_degree": 10.680600934968826,
            "degree_std": 0.10858520776858716,
            "average_shortest_path": 0.9461894367571071,
            "global_efficiency": 1.0568838738430013
        }
    ],
    "3": [
        {
            "clustering": 0.4863997699336712,
            "modularity": 0.06686814108324754,
            "average_degree": 88.73450728664618,
            "degree_std": 1.3300934572741405,
            "average_shortest_path": 0.5531162096622212,
            "global_efficiency": 1.8649775089431322
        },
        {
            "clustering": 0.10489974722413134,
            "modularity": 0.04385677130332045,
            "average_degree": 21.01254558588663,
            "degree_std": 1.1662303366527769,
            "average_shortest_path": 0.8942044728212177,
            "global_efficiency": 1.1187683536927493
        },
        {
            "clustering": 0.31147829574866837,
            "modularity": 0.06874014915138178,
            "average_degree": 63.26416266671471,
            "degree_std": 1.3385143127594967,
            "average_shortest_path": 0.6819948192765481,
            "global_efficiency": 1.4861894893911576
        },
        {
            "clustering": 0.084415805559424,
            "modularity": 0.036610938149286204,
            "average_degree": 16.905205642312453,
            "degree_std": 0.2680934677096007,
            "average_shortest_path": 0.9149980886794389,
            "global_efficiency": 1.093090842505076
        },
        {
            "clustering": 0.09819679736481234,
            "modularity": 0.044305901311992926,
            "average_degree": 19.74043643401027,
            "degree_std": 0.2846641633155391,
            "average_shortest_path": 0.9008119945437129,
            "global_efficiency": 1.1105048833071112
        },
        {
            "clustering": 0.0800575687882351,
            "modularity": 0.03164754020555297,
            "average_degree": 15.95722950500194,
            "degree_std": 0.5484677479191205,
            "average_shortest_path": 0.9196542038157507,
            "global_efficiency": 1.0874656557471387
        },
        {
            "clustering": 0.10606659402733129,
            "modularity": 0.02634863630118716,
            "average_degree": 21.12719244780075,
            "degree_std": 0.30810486849870605,
            "average_shortest_path": 0.8936133050469622,
            "global_efficiency": 1.11919746220386
        },
        {
            "clustering": 0.09869850265641328,
            "modularity": 0.026504985349319943,
            "average_degree": 19.666080179297673,
            "degree_std": 0.29961822762625967,
            "average_shortest_path": 0.9009899673924139,
            "global_efficiency": 1.1100176230865348
        },
        {
            "clustering": 0.4024414142696475,
            "modularity": 0.0957052149558984,
            "average_degree": 82.7325468060396,
            "degree_std": 2.367272569760188,
            "average_shortest_path": 0.584760398618896,
            "global_efficiency": 1.802922507454934
        },
        {
            "clustering": 0.16749863253643663,
            "modularity": 0.05510433922738601,
            "average_degree": 33.616852892481994,
            "degree_std": 1.6891920354949452,
            "average_shortest_path": 0.8308209472389779,
            "global_efficiency": 1.205291427863199
        },
        {
            "clustering": 0.11380903578436784,
            "modularity": 0.007015723993250269,
            "average_degree": 22.553510537904863,
            "degree_std": 0.268596816850472,
            "average_shortest_path": 0.886136600560752,
            "global_efficiency": 1.1285205370861744
        },
        {
            "clustering": 0.49966787264057744,
            "modularity": 0.0542966592423317,
            "average_degree": 93.777044211365,
            "degree_std": 2.0167465326920415,
            "average_shortest_path": 0.5275971853115127,
            "global_efficiency": 1.9794727301095925
        }
    ],
    "4": [
        {
            "clustering": 0.16002011611169015,
            "modularity": 0.0388960546631928,
            "average_degree": 31.931032183676628,
            "degree_std": 0.6608796752986321,
            "average_shortest_path": 0.8391296681377467,
            "global_efficiency": 1.1924278975767055
        },
        {
            "clustering": 0.9267670868841997,
            "modularity": 0.005079728154092671,
            "average_degree": 173.30507223816218,
            "degree_std": 0.40003006781395695,
            "average_shortest_path": 0.12468118032624434,
            "global_efficiency": 8.03593672686104
        },
        {
            "clustering": 0.10594097379249927,
            "modularity": 0.03441655261496607,
            "average_degree": 21.179016141282,
            "degree_std": 0.29492495693893295,
            "average_shortest_path": 0.8934753528127499,
            "global_efficiency": 1.1194873563834804
        },
        {
            "clustering": 0.27903471204970304,
            "modularity": 0.048948220550429175,
            "average_degree": 56.424368386976255,
            "degree_std": 1.5231205274655697,
            "average_shortest_path": 0.7160215816427862,
            "global_efficiency": 1.4079982654000367
        },
        {
            "clustering": 0.4532319753198878,
            "modularity": 0.021608723750970844,
            "average_degree": 67.06576063363599,
            "degree_std": 1.3640576933224082,
            "average_shortest_path": 0.6614104432221642,
            "global_efficiency": 1.5166931846507279
        },
        {
            "clustering": 0.06424595509792919,
            "modularity": 0.01396140156773666,
            "average_degree": 12.760902320556806,
            "degree_std": 0.2839156734819074,
            "average_shortest_path": 0.9356145645806154,
            "global_efficiency": 1.0688505257535048
        },
        {
            "clustering": 0.38349537907435444,
            "modularity": 0.056036856630042944,
            "average_degree": 77.92736188058471,
            "degree_std": 2.3888707239752502,
            "average_shortest_path": 0.6079007792350994,
            "global_efficiency": 1.69219779025487
        },
        {
            "clustering": 0.12014022754623434,
            "modularity": 0.029182876222662062,
            "average_degree": 23.929419206452007,
            "degree_std": 0.7016182124909558,
            "average_shortest_path": 0.879480911992628,
            "global_efficiency": 1.1372561305028182
        },
        {
            "clustering": 0.4098206773823643,
            "modularity": 0.05081668477903015,
            "average_degree": 82.42521335612612,
            "degree_std": 2.0538787863123047,
            "average_shortest_path": 0.5856665161944561,
            "global_efficiency": 1.737335634913739
        },
        {
            "clustering": 0.48049912675200157,
            "modularity": 0.04459232059087843,
            "average_degree": 90.07911281366344,
            "degree_std": 1.5879023300647697,
            "average_shortest_path": 0.5470483032179365,
            "global_efficiency": 1.8667840935167372
        },
        {
            "clustering": 0.06853507188187144,
            "modularity": 0.09612153154773398,
            "average_degree": 14.03348707234883,
            "degree_std": 0.2657303176328988,
            "average_shortest_path": 0.9295794730348412,
            "global_efficiency": 1.0762424164327853
        },
        {
            "clustering": 0.11729448242925676,
            "modularity": 0.01090541041139708,
            "average_degree": 23.257378856412355,
            "degree_std": 0.48095842562918606,
            "average_shortest_path": 0.8826266431200275,
            "global_efficiency": 1.1330304698664022
        }
    ],
    "5": [
        {
            "clustering": 0.35405275620958104,
            "modularity": 0.06629269105520559,
            "average_degree": 71.73185777470553,
            "degree_std": 1.7466530076463005,
            "average_shortest_path": 0.6396522619539521,
            "global_efficiency": 1.590129593369149
        },
        {
            "clustering": 0.15037809779605246,
            "modularity": 0.03006049104106244,
            "average_degree": 29.947898475946896,
            "degree_std": 0.33667189788767704,
            "average_shortest_path": 0.849131698704083,
            "global_efficiency": 1.1780400466066794
        },
        {
            "clustering": 0.9406400317833911,
            "modularity": 0.00799283540680306,
            "average_degree": 178.2812094653755,
            "degree_std": 0.47536087177449077,
            "average_shortest_path": 0.0997400377067299,
            "global_efficiency": 10.252118944049768
        },
        {
            "clustering": 0.11422488884094811,
            "modularity": 0.036470733038634344,
            "average_degree": 22.748054375699073,
            "degree_std": 0.4678257882193337,
            "average_shortest_path": 0.8852889858898697,
            "global_efficiency": 1.1298251023518435
        },
        {
            "clustering": 0.11917365680474594,
            "modularity": 0.05314838941374711,
            "average_degree": 23.940947273752837,
            "degree_std": 0.6583001177129271,
            "average_shortest_path": 0.8796048171803538,
            "global_efficiency": 1.1375448188188233
        },
        {
            "clustering": 0.13928016951667574,
            "modularity": 0.023642609247180646,
            "average_degree": 27.71021145081279,
            "degree_std": 0.4550406268688802,
            "average_shortest_path": 0.8603956614307611,
            "global_efficiency": 1.1624782217589664
        },
        {
            "clustering": 0.2749653474853954,
            "modularity": 0.05866062277813277,
            "average_degree": 55.54479181034414,
            "degree_std": 1.3324918334082265,
            "average_shortest_path": 0.7208716864556433,
            "global_efficiency": 1.396483462025261
        },
        {
            "clustering": 0.1679589877005077,
            "modularity": 0.022442795025319182,
            "average_degree": 33.38239801219782,
            "degree_std": 0.8044702574413949,
            "average_shortest_path": 0.8317351693012881,
            "global_efficiency": 1.2026073212112134
        },
        {
            "clustering": 0.28566115534957337,
            "modularity": 0.010634841317669914,
            "average_degree": 56.62408496833457,
            "degree_std": 1.232512139928189,
            "average_shortest_path": 0.7141513035807053,
            "global_efficiency": 1.4008772826136484
        },
        {
            "clustering": 0.2085752384057935,
            "modularity": 0.016970557469791567,
            "average_degree": 41.39601894488713,
            "degree_std": 0.8377550201912413,
            "average_shortest_path": 0.7911862766614931,
            "global_efficiency": 1.2642657778437216
        },
        {
            "clustering": 0.35423022915047125,
            "modularity": 0.017555204100740338,
            "average_degree": 70.3129330836398,
            "degree_std": 1.3668943405759126,
            "average_shortest_path": 0.6448101505531567,
            "global_efficiency": 1.5548773483426228
        },
        {
            "clustering": 0.2164921290381525,
            "modularity": 0.011184077909533364,
            "average_degree": 42.91247858429232,
            "degree_std": 0.995767993283236,
            "average_shortest_path": 0.7834005210715014,
            "global_efficiency": 1.2766914448658457
        }
    ],
    "6": [
        {
            "clustering": 0.6695645396551081,
            "modularity": 0.02414391151769217,
            "average_degree": 124.08551181150702,
            "degree_std": 2.2049523570578167,
            "average_shortest_path": 0.3745211816364763,
            "global_efficiency": 2.72901677585111
        },
        {
            "clustering": 0.19664309164643728,
            "modularity": 0.012515513545325168,
            "average_degree": 38.98660668143302,
            "degree_std": 0.5830224351044099,
            "average_shortest_path": 0.803243678585174,
            "global_efficiency": 1.2450999395263382
        },
        {
            "clustering": 0.13756912262389245,
            "modularity": 0.03369109147248233,
            "average_degree": 27.395675495576178,
            "degree_std": 0.6133439261597846,
            "average_shortest_path": 0.8617771588000039,
            "global_efficiency": 1.1608290870148013
        },
        {
            "clustering": 0.08353737097843808,
            "modularity": 0.014261348571950973,
            "average_degree": 16.580014260469426,
            "degree_std": 0.23330060780575346,
            "average_shortest_path": 0.9163958653744314,
            "global_efficiency": 1.0912548185262287
        },
        {
            "clustering": 0.14491044647951726,
            "modularity": 0.06032674838342193,
            "average_degree": 29.161631929378114,
            "degree_std": 0.5912778432934199,
            "average_shortest_path": 0.8532240954700637,
            "global_efficiency": 1.1733374143547928
        },
        {
            "clustering": 0.06990114031415541,
            "modularity": 0.01197742913467339,
            "average_degree": 13.88122055397524,
            "degree_std": 0.3694568676865904,
            "average_shortest_path": 0.9299175132273197,
            "global_efficiency": 1.0754148062906048
        },
        {
            "clustering": 0.3553224838202656,
            "modularity": 0.02481168779311835,
            "average_degree": 70.61015831403688,
            "degree_std": 0.8689317786232951,
            "average_shortest_path": 0.6439415370362241,
            "global_efficiency": 1.5557361131375522
        },
        {
            "clustering": 0.525716271628259,
            "modularity": 0.03966474632673793,
            "average_degree": 95.7964541686832,
            "degree_std": 2.289433943772663,
            "average_shortest_path": 0.5179341422225411,
            "global_efficiency": 1.9708356359558772
        },
        {
            "clustering": 0.4950375910209783,
            "modularity": 0.05325823257655356,
            "average_degree": 98.87682654600562,
            "degree_std": 2.2376687876194286,
            "average_shortest_path": 0.5028631639774378,
            "global_efficiency": 2.0735444356124866
        },
        {
            "clustering": 0.8948992778899456,
            "modularity": 0.011288315492176737,
            "average_degree": 169.92133188869272,
            "degree_std": 0.5296537328541016,
            "average_shortest_path": 0.14210840060922578,
            "global_efficiency": 7.233895751116284
        },
        {
            "clustering": 0.3389728265044487,
            "modularity": 0.04834130572350975,
            "average_degree": 68.22047568905379,
            "degree_std": 1.6848956984031929,
            "average_shortest_path": 0.6570499591276563,
            "global_efficiency": 1.536881715864436
        },
        {
            "clustering": 0.9114231529481429,
            "modularity": 0.005329799331330286,
            "average_degree": 168.54537001707357,
            "degree_std": 0.7732559451392967,
            "average_shortest_path": 0.14860378657920637,
            "global_efficiency": 6.75805493919078
        }
    ],
    "7": [
        {
            "clustering": 0.19226734182342023,
            "modularity": 0.04078399385294171,
            "average_degree": 38.63998873447216,
            "degree_std": 1.2244654026014856,
            "average_shortest_path": 0.8057754342018029,
            "global_efficiency": 1.2432701133992088
        },
        {
            "clustering": 0.7942347968112581,
            "modularity": 0.010825208521365507,
            "average_degree": 147.96401757623468,
            "degree_std": 0.8918462309652436,
            "average_shortest_path": 0.2525810935618185,
            "global_efficiency": 3.994388986702811
        },
        {
            "clustering": 0.2924658346081616,
            "modularity": 0.006582393520318101,
            "average_degree": 57.93158806796823,
            "degree_std": 0.6846877288731826,
            "average_shortest_path": 0.7074545615633202,
            "global_efficiency": 1.4137343457512017
        },
        {
            "clustering": 0.6291618854296559,
            "modularity": 0.020887456029870632,
            "average_degree": 105.34317769055089,
            "degree_std": 1.258902550200697,
            "average_shortest_path": 0.46871011300192555,
            "global_efficiency": 2.1473261192812965
        },
        {
            "clustering": 0.8319027644765306,
            "modularity": 0.006592719324435446,
            "average_degree": 144.29398892374942,
            "degree_std": 0.8755575299774093,
            "average_shortest_path": 0.2711232734202882,
            "global_efficiency": 3.707768700673216
        },
        {
            "clustering": 0.12590554002582974,
            "modularity": 0.05980895935417063,
            "average_degree": 25.40850970947717,
            "degree_std": 0.6803027215887115,
            "average_shortest_path": 0.8723541658435406,
            "global_efficiency": 1.1473183580850184
        },
        {
            "clustering": 0.3728859804793994,
            "modularity": 0.011551663787591423,
            "average_degree": 73.91599965447918,
            "degree_std": 0.9044337699932288,
            "average_shortest_path": 0.626928610512585,
            "global_efficiency": 1.5959185479272904
        },
        {
            "clustering": 0.15613738836796245,
            "modularity": 0.039789800805519984,
            "average_degree": 31.201999005366574,
            "degree_std": 0.6093978731406169,
            "average_shortest_path": 0.842882004475117,
            "global_efficiency": 1.1871862667944182
        },
        {
            "clustering": 0.24894893212724398,
            "modularity": 0.0431840164535405,
            "average_degree": 49.84681091324014,
            "degree_std": 0.7180171629597051,
            "average_shortest_path": 0.749199925116986,
            "global_efficiency": 1.3381114552167812
        },
        {
            "clustering": 0.1601189440306504,
            "modularity": 0.018162502555413483,
            "average_degree": 31.78142913970065,
            "degree_std": 0.4404566327552217,
            "average_shortest_path": 0.839700169808532,
            "global_efficiency": 1.1910583946056992
        },
        {
            "clustering": 0.32638596423088917,
            "modularity": 0.0409918349437193,
            "average_degree": 65.24835291709287,
            "degree_std": 0.7298307616736611,
            "average_shortest_path": 0.6715214091230391,
            "global_efficiency": 1.4961769458042746
        },
        {
            "clustering": 0.17493015116080238,
            "modularity": 0.050355216368630426,
            "average_degree": 35.164829568159355,
            "degree_std": 0.6633602919665935,
            "average_shortest_path": 0.8231679314288252,
            "global_efficiency": 1.2166406188611842
        }
    ],
    "8": [
        {
            "clustering": 0.2528789388453584,
            "modularity": 0.03856351225208425,
            "average_degree": 50.47646996853267,
            "degree_std": 1.8406157410210535,
            "average_shortest_path": 0.7457593129179939,
            "global_efficiency": 1.3438797402475835
        },
        {
            "clustering": 0.19936782422048208,
            "modularity": 0.027775334859448914,
            "average_degree": 39.6779196350075,
            "degree_std": 0.5781577110561031,
            "average_shortest_path": 0.8000729213028245,
            "global_efficiency": 1.2505564001913865
        },
        {
            "clustering": 0.5309552848297394,
            "modularity": 0.04165829712236172,
            "average_degree": 98.49013856810427,
            "degree_std": 1.8351541397904974,
            "average_shortest_path": 0.5043868594937164,
            "global_efficiency": 2.0298240308315085
        },
        {
            "clustering": 0.520055107333995,
            "modularity": 0.016383706273466143,
            "average_degree": 96.96404044448506,
            "degree_std": 2.2200260692195277,
            "average_shortest_path": 0.5105310642272827,
            "global_efficiency": 1.967115599814833
        },
        {
            "clustering": 0.18514645688309192,
            "modularity": 0.0390600147368792,
            "average_degree": 36.94178129335458,
            "degree_std": 0.7846030994540769,
            "average_shortest_path": 0.8139037608428474,
            "global_efficiency": 1.229644586293841
        },
        {
            "clustering": 0.6105258992566506,
            "modularity": 0.02907412629406346,
            "average_degree": 111.10341014778685,
            "degree_std": 2.53557443691171,
            "average_shortest_path": 0.44025251824371336,
            "global_efficiency": 2.3195521286144296
        },
        {
            "clustering": 0.7541718699844085,
            "modularity": 0.00857406387886641,
            "average_degree": 117.93430802036218,
            "degree_std": 2.2518929031677266,
            "average_shortest_path": 0.4041856984996642,
            "global_efficiency": 2.4857667064107916
        },
        {
            "clustering": 0.25108714733739157,
            "modularity": 0.03143298606854988,
            "average_degree": 50.04530533897382,
            "degree_std": 0.47370129937821526,
            "average_shortest_path": 0.7478912532755466,
            "global_efficiency": 1.3389526627246937
        },
        {
            "clustering": 0.11604638889473595,
            "modularity": 0.012104797457997548,
            "average_degree": 23.022841805192314,
            "degree_std": 0.38690262166943407,
            "average_shortest_path": 0.8838769712749482,
            "global_efficiency": 1.1314224428181527
        },
        {
            "clustering": 0.32512663376451206,
            "modularity": 0.04786679560805203,
            "average_degree": 65.18447163601505,
            "degree_std": 2.1728548657368867,
            "average_shortest_path": 0.671964014302023,
            "global_efficiency": 1.4984846214192713
        },
        {
            "clustering": 0.07433882110230951,
            "modularity": 0.026810750852084918,
            "average_degree": 14.79517356860519,
            "degree_std": 0.20538075371645634,
            "average_shortest_path": 0.9254880288274597,
            "global_efficiency": 1.0805599982789051
        },
        {
            "clustering": 0.5415029302558385,
            "modularity": 0.05555292679760862,
            "average_degree": 98.20523507576065,
            "degree_std": 1.7303933122371238,
            "average_shortest_path": 0.5060711137824269,
            "global_efficiency": 2.0455213234107767
        }
    ],
    "9": [
        {
            "clustering": 0.24307933853878652,
            "modularity": 0.02947565099577026,
            "average_degree": 48.400698052130274,
            "degree_std": 0.6377936558517084,
            "average_shortest_path": 0.7561012290771502,
            "global_efficiency": 1.3239799706760802
        },
        {
            "clustering": 0.12461597633295494,
            "modularity": 0.04789608645009564,
            "average_degree": 24.935415081913447,
            "degree_std": 0.5793613320790186,
            "average_shortest_path": 0.8745021249374614,
            "global_efficiency": 1.1440203592574842
        },
        {
            "clustering": 0.10203286327366874,
            "modularity": 0.043466028028792805,
            "average_degree": 20.403179275039385,
            "degree_std": 0.5536624162440531,
            "average_shortest_path": 0.8972990041747686,
            "global_efficiency": 1.1147483595532968
        },
        {
            "clustering": 0.08213927327184235,
            "modularity": 0.017620117031354476,
            "average_degree": 16.315882080506032,
            "degree_std": 0.25583914315494194,
            "average_shortest_path": 0.9177638671728784,
            "global_efficiency": 1.0896375459040888
        },
        {
            "clustering": 0.40031940717941394,
            "modularity": 0.03507890603148714,
            "average_degree": 79.9866174832668,
            "degree_std": 1.706661566345967,
            "average_shortest_path": 0.5973850710762261,
            "global_efficiency": 1.6876128686120315
        },
        {
            "clustering": 0.39226364833189464,
            "modularity": 0.043976947055965006,
            "average_degree": 78.72161842423374,
            "degree_std": 2.3291409825959604,
            "average_shortest_path": 0.6037952666434444,
            "global_efficiency": 1.679097945519696
        },
        {
            "clustering": 0.23434363222428656,
            "modularity": 0.03620310692573196,
            "average_degree": 46.76348135602736,
            "degree_std": 0.9630250560714809,
            "average_shortest_path": 0.7644617186933267,
            "global_efficiency": 1.3100607373662445
        },
        {
            "clustering": 0.7335501994972871,
            "modularity": 0.01821288121264189,
            "average_degree": 129.89941432574204,
            "degree_std": 0.9520912176144036,
            "average_shortest_path": 0.34455523460850274,
            "global_efficiency": 2.9347925836690183
        },
        {
            "clustering": 0.9016201559250576,
            "modularity": 0.005093852191041237,
            "average_degree": 171.34309903908027,
            "degree_std": 0.5589757785705106,
            "average_shortest_path": 0.13444167729222095,
            "global_efficiency": 7.467875479112567
        },
        {
            "clustering": 0.6285427339388655,
            "modularity": 0.019684183683680512,
            "average_degree": 123.67538705317567,
            "degree_std": 1.526203910317754,
            "average_shortest_path": 0.37607305891148834,
            "global_efficiency": 2.6862394978910107
        },
        {
            "clustering": 0.13084363132584992,
            "modularity": 0.036518921186830755,
            "average_degree": 26.123820632173373,
            "degree_std": 0.464802684245151,
            "average_shortest_path": 0.868468666836812,
            "global_efficiency": 1.151870682948903
        },
        {
            "clustering": 0.7918275359645544,
            "modularity": 0.008235861051585412,
            "average_degree": 118.1079424611631,
            "degree_std": 2.071744459533055,
            "average_shortest_path": 0.40305563841241404,
            "global_efficiency": 2.500087002841052
        }
    ],
    "10": [
        {
            "clustering": 0.13721114642765234,
            "modularity": 0.032513433208937965,
            "average_degree": 27.348238870905334,
            "degree_std": 0.6582312630816272,
            "average_shortest_path": 0.8622722359453708,
            "global_efficiency": 1.1600782495165443
        },
        {
            "clustering": 0.11857122558324443,
            "modularity": 0.030600027251382028,
            "average_degree": 23.609915353704878,
            "degree_std": 0.3611419831510961,
            "average_shortest_path": 0.881048925822968,
            "global_efficiency": 1.1352126225300354
        },
        {
            "clustering": 0.0872567699237392,
            "modularity": 0.013527355210027216,
            "average_degree": 17.319864766364578,
            "degree_std": 0.24793538699276407,
            "average_shortest_path": 0.9126681260797952,
            "global_efficiency": 1.0957150234826083
        },
        {
            "clustering": 0.2003021320604744,
            "modularity": 0.01900420954214381,
            "average_degree": 39.765581886635864,
            "degree_std": 0.391119886933598,
            "average_shortest_path": 0.7994637439040787,
            "global_efficiency": 1.2511222751260345
        },
        {
            "clustering": 0.11162381734810452,
            "modularity": 0.020815235614850144,
            "average_degree": 22.177622871120843,
            "degree_std": 0.4965768381264226,
            "average_shortest_path": 0.8881857683771305,
            "global_efficiency": 1.1259905128789998
        },
        {
            "clustering": 0.0735232357813609,
            "modularity": 0.01862497481812069,
            "average_degree": 14.609789767478285,
            "degree_std": 0.23461648398022952,
            "average_shortest_path": 0.9263669013788197,
            "global_efficiency": 1.079517049963411
        },
        {
            "clustering": 0.18114193034764814,
            "modularity": 0.017969454182156556,
            "average_degree": 35.97840281442327,
            "degree_std": 0.5943539627907375,
            "average_shortest_path": 0.8185899993471939,
            "global_efficiency": 1.22189237906299
        },
        {
            "clustering": 0.16845030305438063,
            "modularity": 0.014115588621911819,
            "average_degree": 33.43147559615929,
            "degree_std": 0.6133667783101082,
            "average_shortest_path": 0.8313789211505003,
            "global_efficiency": 1.202979424385018
        },
        {
            "clustering": 0.13936544843637116,
            "modularity": 0.016115884843998847,
            "average_degree": 27.67287973874933,
            "degree_std": 0.48897204277525874,
            "average_shortest_path": 0.8604366005268996,
            "global_efficiency": 1.1623291342852984
        },
        {
            "clustering": 0.07206724780502291,
            "modularity": 0.029795615126295596,
            "average_degree": 14.357348424286682,
            "degree_std": 0.28124964314877343,
            "average_shortest_path": 0.9277007184768343,
            "global_efficiency": 1.0779981237837577
        },
        {
            "clustering": 0.0677558187985596,
            "modularity": 0.016867773522667138,
            "average_degree": 13.461404801594169,
            "degree_std": 0.29527583039689265,
            "average_shortest_path": 0.9321622390343688,
            "global_efficiency": 1.0727972495637843
        },
        {
            "clustering": 0.1477463549903463,
            "modularity": 0.015349786907001983,
            "average_degree": 29.3231414698207,
            "degree_std": 0.4943840840600207,
            "average_shortest_path": 0.8521083847198694,
            "global_efficiency": 1.173675842372496
        }
    ],
    "11": [
        {
            "clustering": 0.17202431126808687,
            "modularity": 0.011066005620042323,
            "average_degree": 34.11206803426609,
            "degree_std": 0.509656387097577,
            "average_shortest_path": 0.8278455431063577,
            "global_efficiency": 1.2080721682222602
        },
        {
            "clustering": 0.15971158919657724,
            "modularity": 0.011907323397325278,
            "average_degree": 31.670714689179544,
            "degree_std": 0.4678201576494281,
            "average_shortest_path": 0.8401521967469785,
            "global_efficiency": 1.1903720891067433
        },
        {
            "clustering": 0.3694049534935438,
            "modularity": 0.00954126220362441,
            "average_degree": 73.2002930112704,
            "degree_std": 0.7180878161741027,
            "average_shortest_path": 0.6304447336672374,
            "global_efficiency": 1.5868897983040846
        },
        {
            "clustering": 0.10351983784685709,
            "modularity": 0.01316419275565772,
            "average_degree": 20.536526047224193,
            "degree_std": 0.31614671974928943,
            "average_shortest_path": 0.8963975714895628,
            "global_efficiency": 1.1156152660118914
        },
        {
            "clustering": 0.3999283569461752,
            "modularity": 0.009856674238246595,
            "average_degree": 79.25657285972777,
            "degree_std": 1.014664093471085,
            "average_shortest_path": 0.5998487395788246,
            "global_efficiency": 1.6684020504031036
        },
        {
            "clustering": 0.3739465115145579,
            "modularity": 0.015296492527640272,
            "average_degree": 74.16285006664796,
            "degree_std": 0.8334589484360192,
            "average_shortest_path": 0.6257039489197004,
            "global_efficiency": 1.5997584550617752
        },
        {
            "clustering": 0.7227060753459565,
            "modularity": 0.011771883736595302,
            "average_degree": 110.48011546072081,
            "degree_std": 1.606710842645778,
            "average_shortest_path": 0.44225890155329056,
            "global_efficiency": 2.269308973337908
        },
        {
            "clustering": 0.6577068537579327,
            "modularity": 0.013530154164369076,
            "average_degree": 102.40249246024833,
            "degree_std": 1.6200763144519195,
            "average_shortest_path": 0.48318885583569887,
            "global_efficiency": 2.076725580450748
        },
        {
            "clustering": 0.48332587031403645,
            "modularity": 0.011131587190262842,
            "average_degree": 95.79632156925369,
            "degree_std": 1.2672906693455517,
            "average_shortest_path": 0.5163862080917179,
            "global_efficiency": 1.939783376313935
        },
        {
            "clustering": 0.7883032194975519,
            "modularity": 0.006509620431018443,
            "average_degree": 140.18704854187757,
            "degree_std": 0.8201160155112052,
            "average_shortest_path": 0.29199390687912125,
            "global_efficiency": 3.4320540503152057
        },
        {
            "clustering": 0.10978702243108072,
            "modularity": 0.017408436549651577,
            "average_degree": 21.793882880574603,
            "degree_std": 0.36282495231531764,
            "average_shortest_path": 0.8900858550193694,
            "global_efficiency": 1.123550974268792
        },
        {
            "clustering": 0.18617907540850975,
            "modularity": 0.013294999944071092,
            "average_degree": 36.930518860765225,
            "degree_std": 0.8017245891664504,
            "average_shortest_path": 0.8136200006383679,
            "global_efficiency": 1.2293020394912173
        }
    ]
}