{
    "0": [
        {
            "clustering": 0.7859665775379185,
            "modularity": 0.005014114988347331,
            "average_degree": 134.40970682297393,
            "degree_std": 0.5945831331934944,
            "average_shortest_path": 0.32110453020300034,
            "global_efficiency": 3.1159765169826494
        },
        {
            "clustering": 0.132386619937017,
            "modularity": 0.009722638363072023,
            "average_degree": 26.236508266940834,
            "degree_std": 0.1326462753715632,
            "average_shortest_path": 0.8675473743727468,
            "global_efficiency": 1.1527150312791719
        },
        {
            "clustering": 0.11398143091939088,
            "modularity": 0.013283059271350307,
            "average_degree": 22.612559119898552,
            "degree_std": 0.9043569550912871,
            "average_shortest_path": 0.8859004572638084,
            "global_efficiency": 1.1288963127817222
        },
        {
            "clustering": 0.7812735612353244,
            "modularity": 0.0049711672786677446,
            "average_degree": 131.4420488191723,
            "degree_std": 1.5368678294149698,
            "average_shortest_path": 0.33592763053473074,
            "global_efficiency": 2.9840117376641775
        },
        {
            "clustering": 0.8248309332238908,
            "modularity": 0.005989924523641766,
            "average_degree": 99.13435693773917,
            "degree_std": 3.1054651119061294,
            "average_shortest_path": 0.49932459103967003,
            "global_efficiency": 2.006476081467218
        },
        {
            "clustering": 0.669015088627076,
            "modularity": 0.00507684998989997,
            "average_degree": 104.88573557291065,
            "degree_std": 0.41141216288191995,
            "average_shortest_path": 0.47022044796820417,
            "global_efficiency": 2.127237195718508
        },
        {
            "clustering": 0.7818162687647525,
            "modularity": 0.0049720446394930975,
            "average_degree": 132.74876227098804,
            "degree_std": 1.7288519246560579,
            "average_shortest_path": 0.3294754427362079,
            "global_efficiency": 3.0403316840362464
        },
        {
            "clustering": 0.9195988067728723,
            "modularity": 0.005002967394561413,
            "average_degree": 169.47355311308547,
            "degree_std": 2.3444815508190993,
            "average_shortest_path": 0.14382931504560284,
            "global_efficiency": 7.0378345705072425
        },
        {
            "clustering": 0.22583004613834828,
            "modularity": 0.007434382540213972,
            "average_degree": 44.74785544607646,
            "degree_std": 0.9352167791813717,
            "average_shortest_path": 0.7740803479624183,
            "global_efficiency": 1.292012784205908
        },
        {
            "clustering": 0.10941679117094362,
            "modularity": 0.013246804319356426,
            "average_degree": 21.704490629782,
            "degree_std": 0.8226751697092909,
            "average_shortest_path": 0.8904729069307847,
            "global_efficiency": 1.1230879385699486
        },
        {
            "clustering": 0.2658995104859003,
            "modularity": 0.0240371280997742,
            "average_degree": 52.87921159722695,
            "degree_std": 2.2517294174373617,
            "average_shortest_path": 0.733395877088802,
            "global_efficiency": 1.3652265953376341
        },
        {
            "clustering": 0.7247711569519172,
            "modularity": 0.007797289546851339,
            "average_degree": 118.45120662375821,
            "degree_std": 2.009917962868053,
            "average_shortest_path": 0.40122023878579904,
            "global_efficiency": 2.5053198274816175
        }
    ],
    "1": [
        {
            "clustering": 0.4325536531412059,
            "modularity": 0.04274329039802961,
            "average_degree": 86.73107123422885,
            "degree_std": 3.8235041833800585,
            "average_shortest_path": 0.5636313372629981,
            "global_efficiency": 1.8075987400419022
        },
        {
            "clustering": 0.4551791339109451,
            "modularity": 0.04726736374945066,
            "average_degree": 91.26489179822232,
            "degree_std": 4.961922407686845,
            "average_shortest_path": 0.5408968104185837,
            "global_efficiency": 1.891480180584657
        },
        {
            "clustering": 0.4380333861767082,
            "modularity": 0.023604833940169122,
            "average_degree": 87.51300699738357,
            "degree_std": 7.783225664292005,
            "average_shortest_path": 0.5590557570329128,
            "global_efficiency": 1.822587029961128
        },
        {
            "clustering": 0.5891919577074972,
            "modularity": 0.016168584685627964,
            "average_degree": 98.68456335094137,
            "degree_std": 5.602737322100918,
            "average_shortest_path": 0.5016612013083586,
            "global_efficiency": 2.0192956684660057
        },
        {
            "clustering": 0.37639294502348875,
            "modularity": 0.05254428129259884,
            "average_degree": 76.02223687475451,
            "degree_std": 2.798926654182097,
            "average_shortest_path": 0.6180668134582722,
            "global_efficiency": 1.648105390277997
        },
        {
            "clustering": 0.5495669680287727,
            "modularity": 0.054537449095314716,
            "average_degree": 103.22487237561116,
            "degree_std": 4.854730377384655,
            "average_shortest_path": 0.47978321894348025,
            "global_efficiency": 2.1593608355267158
        },
        {
            "clustering": 0.4508252463238786,
            "modularity": 0.0346987329363851,
            "average_degree": 89.94191341628022,
            "degree_std": 3.5679174007815955,
            "average_shortest_path": 0.5468910461987341,
            "global_efficiency": 1.8495262804125419
        },
        {
            "clustering": 0.4397051003548367,
            "modularity": 0.07579242634160438,
            "average_degree": 88.93070061569806,
            "degree_std": 2.585209537456939,
            "average_shortest_path": 0.5512608672258434,
            "global_efficiency": 1.9473165837872473
        },
        {
            "clustering": 0.47960324828748513,
            "modularity": 0.0735150667971205,
            "average_degree": 97.06344650209095,
            "degree_std": 3.828051923345121,
            "average_shortest_path": 0.5123472052916701,
            "global_efficiency": 2.062618261243946
        },
        {
            "clustering": 0.4436779958244074,
            "modularity": 0.03587389654652556,
            "average_degree": 88.49758797716358,
            "degree_std": 4.26925899051411,
            "average_shortest_path": 0.5540888221914028,
            "global_efficiency": 1.8251980929568479
        },
        {
            "clustering": 0.4463763820814574,
            "modularity": 0.06211703261770777,
            "average_degree": 90.58671332973958,
            "degree_std": 4.516457767963776,
            "average_shortest_path": 0.5446347348990037,
            "global_efficiency": 1.9297859287332262
        },
        {
            "clustering": 0.7121630395733534,
            "modularity": 0.008783297342302949,
            "average_degree": 117.2765706009133,
            "degree_std": 3.654316374230444,
            "average_shortest_path": 0.4058257242870969,
            "global_efficiency": 2.5157778861390225
        }
    ],
    "2": [
        {
            "clustering": 0.48228528855691993,
            "modularity": 0.026051807739416018,
            "average_degree": 95.63531149825607,
            "degree_std": 4.614851333162753,
            "average_shortest_path": 0.5168640663771537,
            "global_efficiency": 1.9762007389616025
        },
        {
            "clustering": 0.4091288455039473,
            "modularity": 0.09044126513738186,
            "average_degree": 81.00302697546023,
            "degree_std": 3.926745228624421,
            "average_shortest_path": 0.5932591471906088,
            "global_efficiency": 1.763686468543983
        },
        {
            "clustering": 0.42383748003365657,
            "modularity": 0.05744500360977252,
            "average_degree": 84.72943959647259,
            "degree_std": 3.9302131061185865,
            "average_shortest_path": 0.5741259096558111,
            "global_efficiency": 1.7830000705645908
        },
        {
            "clustering": 0.5007522606680911,
            "modularity": 0.05940654847525399,
            "average_degree": 89.63335450923003,
            "degree_std": 2.2190015214772423,
            "average_shortest_path": 0.5428007408512678,
            "global_efficiency": 1.9328688039249668
        },
        {
            "clustering": 0.3316947682049012,
            "modularity": 0.07460062923856475,
            "average_degree": 67.90333424094165,
            "degree_std": 2.5528677821314822,
            "average_shortest_path": 0.6600033933434712,
            "global_efficiency": 1.5479473478281107
        },
        {
            "clustering": 0.31594610058415845,
            "modularity": 0.07907431692284468,
            "average_degree": 65.11376637357206,
            "degree_std": 1.8122313315512337,
            "average_shortest_path": 0.6743446508205843,
            "global_efficiency": 1.5171306444965025
        },
        {
            "clustering": 0.4043074811394892,
            "modularity": 0.06226168700178984,
            "average_degree": 81.63515972516811,
            "degree_std": 3.9764300307569957,
            "average_shortest_path": 0.5898277883617433,
            "global_efficiency": 1.7366394627470707
        },
        {
            "clustering": 0.4011746328003871,
            "modularity": 0.02930921459021442,
            "average_degree": 74.05886509207271,
            "degree_std": 6.566297504354857,
            "average_shortest_path": 0.6267271687653171,
            "global_efficiency": 1.6187336560326935
        },
        {
            "clustering": 0.3982766028298068,
            "modularity": 0.032026961611489324,
            "average_degree": 79.53727084035866,
            "degree_std": 4.384019841068103,
            "average_shortest_path": 0.5998890533491875,
            "global_efficiency": 1.6802012936299606
        },
        {
            "clustering": 0.442900936873441,
            "modularity": 0.07460686636297026,
            "average_degree": 90.61742828275288,
            "degree_std": 2.407510404655023,
            "average_shortest_path": 0.5453469853585668,
            "global_efficiency": 1.967636631340181
        },
        {
            "clustering": 0.34876001271622614,
            "modularity": 0.08000391790515114,
            "average_degree": 71.95298653909086,
            "degree_std": 2.1567293316364116,
            "average_shortest_path": 0.6390989137832417,
            "global_efficiency": 1.628390953035314
        },
        {
            "clustering": 0.482454268308136,
            "modularity": 0.06434853370745827,
            "average_degree": 94.13928548053937,
            "degree_std": 2.177262584186226,
            "average_shortest_path": 0.5276365238125834,
            "global_efficiency": 2.024654555788956
        }
    ],
    "3": [
        {
            "clustering": 0.5001233969684638,
            "modularity": 0.055888929248662275,
            "average_degree": 92.71998818000021,
            "degree_std": 2.44103077354352,
            "average_shortest_path": 0.5234170709707219,
            "global_efficiency": 2.0141847098106322
        },
        {
            "clustering": 0.4668602239800258,
            "modularity": 0.034182371154955704,
            "average_degree": 93.3821071801292,
            "degree_std": 7.157343008519492,
            "average_shortest_path": 0.5301624613731802,
            "global_efficiency": 1.9299188814873667
        },
        {
            "clustering": 0.3086761078422336,
            "modularity": 0.02906393154330461,
            "average_degree": 61.67898418137122,
            "degree_std": 4.039866727054676,
            "average_shortest_path": 0.6896481379592206,
            "global_efficiency": 1.4562056888280595
        },
        {
            "clustering": 0.45180903311483234,
            "modularity": 0.03046700448107583,
            "average_degree": 90.30401529790322,
            "degree_std": 5.214457436034295,
            "average_shortest_path": 0.545107549799177,
            "global_efficiency": 1.866019980767749
        },
        {
            "clustering": 0.4244485493596316,
            "modularity": 0.10455004323711556,
            "average_degree": 85.63985685085565,
            "degree_std": 2.4642405226218513,
            "average_shortest_path": 0.5693776626120584,
            "global_efficiency": 1.8810480310120263
        },
        {
            "clustering": 0.4907939671751434,
            "modularity": 0.06335511796857271,
            "average_degree": 95.05480854172306,
            "degree_std": 2.2162188458953134,
            "average_shortest_path": 0.5229712217406376,
            "global_efficiency": 2.035519872253939
        },
        {
            "clustering": 0.3744912551455956,
            "modularity": 0.0640229274443263,
            "average_degree": 76.1783694170369,
            "degree_std": 2.6630226305721014,
            "average_shortest_path": 0.6183171599001618,
            "global_efficiency": 1.6584729799068039
        },
        {
            "clustering": 0.26405289651067376,
            "modularity": 0.05560372430573188,
            "average_degree": 53.607116908494106,
            "degree_std": 2.2863470759822864,
            "average_shortest_path": 0.7313770192993719,
            "global_efficiency": 1.3772613399522107
        },
        {
            "clustering": 0.43371229698661273,
            "modularity": 0.08240993306124426,
            "average_degree": 88.2539104198357,
            "degree_std": 3.2897354527047864,
            "average_shortest_path": 0.5567669966010637,
            "global_efficiency": 1.8837574206356222
        },
        {
            "clustering": 0.408960763760801,
            "modularity": 0.09369528667005092,
            "average_degree": 83.26531686383464,
            "degree_std": 2.4684090523772286,
            "average_shortest_path": 0.5800393102683824,
            "global_efficiency": 1.8331403574549887
        },
        {
            "clustering": 0.21411551329757045,
            "modularity": 0.03948962177678913,
            "average_degree": 43.06995894139367,
            "degree_std": 2.346589427949418,
            "average_shortest_path": 0.7837896073932051,
            "global_efficiency": 1.2789165164056302
        },
        {
            "clustering": 0.3523620217263477,
            "modularity": 0.08992487953070091,
            "average_degree": 72.87220302195992,
            "degree_std": 1.8652886897078305,
            "average_shortest_path": 0.6354180239761253,
            "global_efficiency": 1.6316351717123057
        }
    ],
    "4": [
        {
            "clustering": 0.5066270104517338,
            "modularity": 0.05191246139564183,
            "average_degree": 86.87634557636586,
            "degree_std": 2.374071778094657,
            "average_shortest_path": 0.5601175890087111,
            "global_efficiency": 1.8497526992532816
        },
        {
            "clustering": 0.45646911379545546,
            "modularity": 0.018321793254997103,
            "average_degree": 90.96668057462048,
            "degree_std": 4.5282809279917196,
            "average_shortest_path": 0.5404450893455787,
            "global_efficiency": 1.8806916374906955
        },
        {
            "clustering": 0.4376089122934212,
            "modularity": 0.03877971358351874,
            "average_degree": 87.5209424091466,
            "degree_std": 4.977559892077853,
            "average_shortest_path": 0.5593134456251189,
            "global_efficiency": 1.816363082248811
        },
        {
            "clustering": 0.5965046684360081,
            "modularity": 0.012269244111526764,
            "average_degree": 98.07477970520317,
            "degree_std": 3.1495499062488026,
            "average_shortest_path": 0.5019100675505825,
            "global_efficiency": 2.0213057075170164
        },
        {
            "clustering": 0.27656975887931007,
            "modularity": 0.0715043612916176,
            "average_degree": 56.21262298927599,
            "degree_std": 3.9943123247313572,
            "average_shortest_path": 0.7179794163529468,
            "global_efficiency": 1.4067971555179362
        },
        {
            "clustering": 0.49938912778866335,
            "modularity": 0.06831295002629945,
            "average_degree": 99.61151548571193,
            "degree_std": 5.837474843729168,
            "average_shortest_path": 0.49823509906365515,
            "global_efficiency": 2.194860138994746
        },
        {
            "clustering": 0.4229034424676803,
            "modularity": 0.06787917617764266,
            "average_degree": 85.00788986583339,
            "degree_std": 3.4040559509080994,
            "average_shortest_path": 0.5724878601962431,
            "global_efficiency": 1.8120979234658947
        },
        {
            "clustering": 0.5513497375687546,
            "modularity": 0.04044096643367827,
            "average_degree": 110.1225884019034,
            "degree_std": 4.698219012363353,
            "average_shortest_path": 0.44498851510064513,
            "global_efficiency": 2.3297520289224156
        },
        {
            "clustering": 0.43061067579199863,
            "modularity": 0.09418284855964082,
            "average_degree": 88.07524213335334,
            "degree_std": 2.290231884763402,
            "average_shortest_path": 0.5576904277023356,
            "global_efficiency": 1.9137493225562154
        },
        {
            "clustering": 0.3492733617031076,
            "modularity": 0.0933067561374807,
            "average_degree": 71.399860989198,
            "degree_std": 3.7630405970405727,
            "average_shortest_path": 0.6414172291267217,
            "global_efficiency": 1.6052268397235903
        },
        {
            "clustering": 0.43920815997929896,
            "modularity": 0.07314423241353539,
            "average_degree": 88.54636776436148,
            "degree_std": 5.022071882308089,
            "average_shortest_path": 0.5547224668347616,
            "global_efficiency": 1.8879633645774967
        },
        {
            "clustering": 0.5502072899652181,
            "modularity": 0.053247848752356386,
            "average_degree": 108.76312135559171,
            "degree_std": 5.071968919221529,
            "average_shortest_path": 0.4519645502241065,
            "global_efficiency": 2.3272428503428335
        }
    ],
    "5": [
        {
            "clustering": 0.4302527372152817,
            "modularity": 0.050765379121044334,
            "average_degree": 86.6483408258964,
            "degree_std": 5.390516750436542,
            "average_shortest_path": 0.5644016663343245,
            "global_efficiency": 1.8236831146155608
        },
        {
            "clustering": 0.39099420655590605,
            "modularity": 0.028133054150243107,
            "average_degree": 78.8880926101597,
            "degree_std": 5.047870560984577,
            "average_shortest_path": 0.5997666143481313,
            "global_efficiency": 1.7066590590801034
        },
        {
            "clustering": 0.4138710789064094,
            "modularity": 0.03254922174124756,
            "average_degree": 82.6421594940817,
            "degree_std": 3.770732352887086,
            "average_shortest_path": 0.5840367047535218,
            "global_efficiency": 1.728943746563091
        },
        {
            "clustering": 0.4663903011097927,
            "modularity": 0.0595189389117555,
            "average_degree": 81.4134439310211,
            "degree_std": 3.677183935306672,
            "average_shortest_path": 0.5909758014342646,
            "global_efficiency": 1.734491341410093
        },
        {
            "clustering": 0.44915925406808105,
            "modularity": 0.05392289271791616,
            "average_degree": 85.82475266966523,
            "degree_std": 4.463902585041696,
            "average_shortest_path": 0.5649106962645815,
            "global_efficiency": 1.8401558442169597
        },
        {
            "clustering": 0.46254055371293096,
            "modularity": 0.06956979997868491,
            "average_degree": 89.17394268415063,
            "degree_std": 3.4370954191551513,
            "average_shortest_path": 0.5522120919479216,
            "global_efficiency": 1.900035376036425
        },
        {
            "clustering": 0.4269003747426259,
            "modularity": 0.05525161478628342,
            "average_degree": 84.99527233400282,
            "degree_std": 4.387458749836415,
            "average_shortest_path": 0.5713213718761531,
            "global_efficiency": 1.8117634750129394
        },
        {
            "clustering": 0.39376506163031705,
            "modularity": 0.05379577031649504,
            "average_degree": 79.81745768794846,
            "degree_std": 3.1760768118500073,
            "average_shortest_path": 0.5995702868260391,
            "global_efficiency": 1.7129596744115065
        },
        {
            "clustering": 0.37874168934786107,
            "modularity": 0.045174094575387604,
            "average_degree": 76.33233305862665,
            "degree_std": 3.8302401767525156,
            "average_shortest_path": 0.6166750661758592,
            "global_efficiency": 1.6508016677958772
        },
        {
            "clustering": 0.5067439022378147,
            "modularity": 0.019812881594959995,
            "average_degree": 100.81546725817506,
            "degree_std": 4.305417943793741,
            "average_shortest_path": 0.49174898455959376,
            "global_efficiency": 2.0583807766755022
        },
        {
            "clustering": 0.5603187297404217,
            "modularity": 0.009929056741292172,
            "average_degree": 101.22995829470369,
            "degree_std": 3.6242082264839337,
            "average_shortest_path": 0.47873364597802875,
            "global_efficiency": 2.1493272261004415
        },
        {
            "clustering": 0.48544026388562017,
            "modularity": 0.06158594947110267,
            "average_degree": 93.87903006946118,
            "degree_std": 3.0827033705855635,
            "average_shortest_path": 0.5284491516211602,
            "global_efficiency": 1.9870743604125953
        }
    ],
    "6": [
        {
            "clustering": 0.4267680184047392,
            "modularity": 0.05952682603445966,
            "average_degree": 86.03492479598073,
            "degree_std": 5.0741812943023525,
            "average_shortest_path": 0.5673488131039429,
            "global_efficiency": 1.814697291996403
        },
        {
            "clustering": 0.506699539909952,
            "modularity": 0.029706443910528985,
            "average_degree": 98.14245548463023,
            "degree_std": 2.994514900503113,
            "average_shortest_path": 0.49964858989594924,
            "global_efficiency": 2.052766475410117
        },
        {
            "clustering": 0.4129292210921084,
            "modularity": 0.011185607973461353,
            "average_degree": 82.47361858562306,
            "degree_std": 4.709006472851787,
            "average_shortest_path": 0.5826437880620738,
            "global_efficiency": 1.743218776130301
        },
        {
            "clustering": 0.46682299410132433,
            "modularity": 0.058607486407852176,
            "average_degree": 94.2816679279959,
            "degree_std": 3.7004730003355477,
            "average_shortest_path": 0.5263071504023594,
            "global_efficiency": 1.9867476605021694
        },
        {
            "clustering": 0.5527494299724648,
            "modularity": 0.043033136343983674,
            "average_degree": 101.30347639031736,
            "degree_std": 2.4642665816551945,
            "average_shortest_path": 0.49053052729780505,
            "global_efficiency": 2.111497940860674
        },
        {
            "clustering": 0.42318171405904703,
            "modularity": 0.03314473202077145,
            "average_degree": 84.68448906353764,
            "degree_std": 6.094262260009264,
            "average_shortest_path": 0.5740162266192136,
            "global_efficiency": 1.7720650710702315
        },
        {
            "clustering": 0.43736951439721433,
            "modularity": 0.05904004327678382,
            "average_degree": 88.10476676024089,
            "degree_std": 4.588630150457466,
            "average_shortest_path": 0.5564738571830085,
            "global_efficiency": 1.855654798248398
        },
        {
            "clustering": 0.4401922129114391,
            "modularity": 0.06691670851278896,
            "average_degree": 88.57466272789199,
            "degree_std": 2.4486071150029414,
            "average_shortest_path": 0.5555436816887207,
            "global_efficiency": 1.8767080144030157
        },
        {
            "clustering": 0.45011862800986063,
            "modularity": 0.07032636747805517,
            "average_degree": 91.4315671682387,
            "degree_std": 3.77218689901515,
            "average_shortest_path": 0.5408922396265119,
            "global_efficiency": 1.9467344194434104
        },
        {
            "clustering": 0.5231629643098514,
            "modularity": 0.04573872491111586,
            "average_degree": 95.26849496720774,
            "degree_std": 8.915687410446859,
            "average_shortest_path": 0.5172050287221528,
            "global_efficiency": 2.006392362017404
        },
        {
            "clustering": 0.4205810310928952,
            "modularity": 0.06995858568053578,
            "average_degree": 85.52800407634919,
            "degree_std": 4.215389915130469,
            "average_shortest_path": 0.5708615424347556,
            "global_efficiency": 1.823595949983566
        },
        {
            "clustering": 0.41415190440379857,
            "modularity": 0.046118659468731976,
            "average_degree": 83.1982995609957,
            "degree_std": 4.780931982587059,
            "average_shortest_path": 0.5815603491271167,
            "global_efficiency": 1.752138558199078
        }
    ],
    "7": [
        {
            "clustering": 0.46634501513181725,
            "modularity": 0.04795140636745551,
            "average_degree": 93.76275278030984,
            "degree_std": 3.984805061978428,
            "average_shortest_path": 0.5285951174581153,
            "global_efficiency": 1.9513488356473352
        },
        {
            "clustering": 0.4354397463864012,
            "modularity": 0.01774132119849759,
            "average_degree": 86.75931355017931,
            "degree_std": 4.084452928541305,
            "average_shortest_path": 0.5625634837403386,
            "global_efficiency": 1.7940988590318419
        },
        {
            "clustering": 0.3829867652793663,
            "modularity": 0.05549499091811941,
            "average_degree": 77.00786294608201,
            "degree_std": 3.795374882294662,
            "average_shortest_path": 0.6129949965694704,
            "global_efficiency": 1.6556579920805317
        },
        {
            "clustering": 0.5227823336909213,
            "modularity": 0.024223612009628085,
            "average_degree": 104.31643452985779,
            "degree_std": 5.238393386974374,
            "average_shortest_path": 0.46860507894591025,
            "global_efficiency": 2.195490563919197
        },
        {
            "clustering": 0.47746378995689254,
            "modularity": 0.062301553359985856,
            "average_degree": 96.44955552153506,
            "degree_std": 5.660374524282791,
            "average_shortest_path": 0.5147170725180725,
            "global_efficiency": 2.0599846659712284
        },
        {
            "clustering": 0.46533390023824933,
            "modularity": 0.0583125536550926,
            "average_degree": 86.52994526465157,
            "degree_std": 2.6088588702926963,
            "average_shortest_path": 0.5648272065043417,
            "global_efficiency": 1.8142246450966029
        },
        {
            "clustering": 0.4660393102940618,
            "modularity": 0.05429884269312442,
            "average_degree": 92.86370276948776,
            "degree_std": 4.17194769479273,
            "average_shortest_path": 0.5335207722482497,
            "global_efficiency": 1.9492392278717392
        },
        {
            "clustering": 0.5119841214918607,
            "modularity": 0.015489778424206157,
            "average_degree": 98.86710468753812,
            "degree_std": 4.2538942186639765,
            "average_shortest_path": 0.4932447919543143,
            "global_efficiency": 2.0684022370266884
        },
        {
            "clustering": 0.4286959202455185,
            "modularity": 0.06706686837869988,
            "average_degree": 87.10665489632484,
            "degree_std": 5.0715172609233266,
            "average_shortest_path": 0.5619655747697843,
            "global_efficiency": 1.8606491743981322
        },
        {
            "clustering": 0.3925276260068668,
            "modularity": 0.04437668016302374,
            "average_degree": 78.83645668761709,
            "degree_std": 4.356478211411522,
            "average_shortest_path": 0.6041248055594003,
            "global_efficiency": 1.6774308047750117
        },
        {
            "clustering": 0.44256085098447595,
            "modularity": 0.07158242890515923,
            "average_degree": 90.08763812547795,
            "degree_std": 3.2074290917628017,
            "average_shortest_path": 0.5479809558347939,
            "global_efficiency": 1.9221574861961792
        },
        {
            "clustering": 0.4943418936561191,
            "modularity": 0.047309260590183824,
            "average_degree": 97.26795822990367,
            "degree_std": 4.877819355436821,
            "average_shortest_path": 0.5106873544475662,
            "global_efficiency": 2.0371302987801743
        }
    ],
    "8": [
        {
            "clustering": 0.5070462440435791,
            "modularity": 0.03431315322044588,
            "average_degree": 97.95285111117767,
            "degree_std": 6.531660628070327,
            "average_shortest_path": 0.5053022321571771,
            "global_efficiency": 2.0421204640276382
        },
        {
            "clustering": 0.46345461314892755,
            "modularity": 0.04755418670712426,
            "average_degree": 93.36015509888207,
            "degree_std": 3.7518020820118707,
            "average_shortest_path": 0.5306729207499763,
            "global_efficiency": 1.9479754594097276
        },
        {
            "clustering": 0.4706003383975837,
            "modularity": 0.06427227029685108,
            "average_degree": 95.37081397867246,
            "degree_std": 3.1791723003451695,
            "average_shortest_path": 0.5210126772068935,
            "global_efficiency": 2.023839522029893
        },
        {
            "clustering": 0.5575350673113687,
            "modularity": 0.02804638666889603,
            "average_degree": 111.1244124662444,
            "degree_std": 3.9960296033792435,
            "average_shortest_path": 0.4403298428129554,
            "global_efficiency": 2.3212350256691803
        },
        {
            "clustering": 0.5537730863612377,
            "modularity": 0.0307101092218712,
            "average_degree": 104.71309603713556,
            "degree_std": 3.9058989424476844,
            "average_shortest_path": 0.47132806945042227,
            "global_efficiency": 2.179221005404025
        },
        {
            "clustering": 0.4379344615236817,
            "modularity": 0.04909657923027931,
            "average_degree": 87.95505439908663,
            "degree_std": 4.001809115519312,
            "average_shortest_path": 0.5581944379271144,
            "global_efficiency": 1.826721188498651
        },
        {
            "clustering": 0.41760691271618405,
            "modularity": 0.06401006373468188,
            "average_degree": 84.39214482845352,
            "degree_std": 4.4791572897820755,
            "average_shortest_path": 0.5762691367255236,
            "global_efficiency": 1.7827336020040256
        },
        {
            "clustering": 0.6020813451682724,
            "modularity": 0.015710413639160446,
            "average_degree": 101.73337848625594,
            "degree_std": 6.216807773494397,
            "average_shortest_path": 0.48421454575542994,
            "global_efficiency": 2.114279148616131
        },
        {
            "clustering": 0.47581596648716035,
            "modularity": 0.05744777013931279,
            "average_degree": 96.11385753435673,
            "degree_std": 3.4511963855443026,
            "average_shortest_path": 0.5173201167103347,
            "global_efficiency": 2.019220538997651
        },
        {
            "clustering": 0.42870001179169814,
            "modularity": 0.07394766822742815,
            "average_degree": 87.54308606726008,
            "degree_std": 3.350554332116842,
            "average_shortest_path": 0.5607662773330423,
            "global_efficiency": 1.8776002270988235
        },
        {
            "clustering": 0.535963971598671,
            "modularity": 0.0500677356317296,
            "average_degree": 107.49085608257774,
            "degree_std": 3.0216410788649504,
            "average_shortest_path": 0.4592869974135207,
            "global_efficiency": 2.2666655358577206
        },
        {
            "clustering": 0.5173205233023542,
            "modularity": 0.04427952948814885,
            "average_degree": 92.41673316575576,
            "degree_std": 3.466236188929135,
            "average_shortest_path": 0.5351614463948318,
            "global_efficiency": 1.917739490567305
        }
    ],
    "9": [
        {
            "clustering": 0.477004820787595,
            "modularity": 0.06687502744110699,
            "average_degree": 96.14751949086322,
            "degree_std": 5.276111531239768,
            "average_shortest_path": 0.5161030379724811,
            "global_efficiency": 2.029096362936435
        },
        {
            "clustering": 0.5906901535354573,
            "modularity": 0.043389878256298337,
            "average_degree": 118.13186334221713,
            "degree_std": 3.129869962440135,
            "average_shortest_path": 0.4044290607121495,
            "global_efficiency": 2.6174849875432895
        },
        {
            "clustering": 0.5541132703758069,
            "modularity": 0.038983412536016226,
            "average_degree": 110.76056973383426,
            "degree_std": 4.213250821306853,
            "average_shortest_path": 0.4416955420375951,
            "global_efficiency": 2.3482049856334264
        },
        {
            "clustering": 0.34158158412344997,
            "modularity": 0.06966546111317157,
            "average_degree": 69.11825335816664,
            "degree_std": 2.445705086562045,
            "average_shortest_path": 0.6526939144305139,
            "global_efficiency": 1.554488199595657
        },
        {
            "clustering": 0.40238409828626376,
            "modularity": 0.053009400832399904,
            "average_degree": 80.90063858483903,
            "degree_std": 4.19281675846044,
            "average_shortest_path": 0.5932980526436991,
            "global_efficiency": 1.715224509589945
        },
        {
            "clustering": 0.31448687327544617,
            "modularity": 0.024883517398111697,
            "average_degree": 62.7440124333993,
            "degree_std": 2.808192228058495,
            "average_shortest_path": 0.6843292453480022,
            "global_efficiency": 1.4655079048696125
        },
        {
            "clustering": 0.47654704529822767,
            "modularity": 0.05454877620191112,
            "average_degree": 95.78928736314319,
            "degree_std": 4.515466948026551,
            "average_shortest_path": 0.5183137434592713,
            "global_efficiency": 1.9928321316872666
        },
        {
            "clustering": 0.4834078148279526,
            "modularity": 0.062002523017166675,
            "average_degree": 97.33102532537606,
            "degree_std": 4.20110425525464,
            "average_shortest_path": 0.5106892544984067,
            "global_efficiency": 2.0423015043065704
        },
        {
            "clustering": 0.3911105416939701,
            "modularity": 0.05203082013690452,
            "average_degree": 78.91480293486768,
            "degree_std": 6.567360539349942,
            "average_shortest_path": 0.6034501364037876,
            "global_efficiency": 1.6964581770742775
        },
        {
            "clustering": 0.43334615768178075,
            "modularity": 0.07698346422716407,
            "average_degree": 88.08853415929943,
            "degree_std": 4.314588048398619,
            "average_shortest_path": 0.5576933625033834,
            "global_efficiency": 1.8810556021906046
        },
        {
            "clustering": 0.2789356900913434,
            "modularity": 0.05511503683850425,
            "average_degree": 56.170463109655664,
            "degree_std": 2.0470260170608157,
            "average_shortest_path": 0.7179420662337617,
            "global_efficiency": 1.4005323655862114
        },
        {
            "clustering": 0.4782967354254711,
            "modularity": 0.027167043829922174,
            "average_degree": 95.60896083804016,
            "degree_std": 4.893348449915799,
            "average_shortest_path": 0.518752848075549,
            "global_efficiency": 1.963315908590991
        }
    ],
    "10": [
        {
            "clustering": 0.4441439459872614,
            "modularity": 0.06510689452086862,
            "average_degree": 89.52955208139852,
            "degree_std": 5.496039238009567,
            "average_shortest_path": 0.5499808264634567,
            "global_efficiency": 1.8790153304511206
        },
        {
            "clustering": 0.4439139097329724,
            "modularity": 0.02677681137285662,
            "average_degree": 88.78195341431785,
            "degree_std": 4.516756545324114,
            "average_shortest_path": 0.5536069041859375,
            "global_efficiency": 1.8314624229878753
        },
        {
            "clustering": 0.4203600913316678,
            "modularity": 0.08956559976228473,
            "average_degree": 85.55914812319315,
            "degree_std": 4.938080892415201,
            "average_shortest_path": 0.5704200161594233,
            "global_efficiency": 1.8310645618409263
        },
        {
            "clustering": 0.44584622984357064,
            "modularity": 0.020539892521782392,
            "average_degree": 88.77584755080973,
            "degree_std": 3.386217950523853,
            "average_shortest_path": 0.5528746483617342,
            "global_efficiency": 1.820871522980815
        },
        {
            "clustering": 0.35600010908809904,
            "modularity": 0.03791472897145264,
            "average_degree": 71.64648756370865,
            "degree_std": 4.786390309059681,
            "average_shortest_path": 0.640293071324083,
            "global_efficiency": 1.5799205950052773
        },
        {
            "clustering": 0.42522278719437334,
            "modularity": 0.025136936813567077,
            "average_degree": 85.20359232953385,
            "degree_std": 8.460904971153825,
            "average_shortest_path": 0.5706800928063183,
            "global_efficiency": 1.7902392953171726
        },
        {
            "clustering": 0.31124316850323414,
            "modularity": 0.028620346175122664,
            "average_degree": 62.273910929091585,
            "degree_std": 2.703279578792731,
            "average_shortest_path": 0.6868358806623747,
            "global_efficiency": 1.4622012258137438
        },
        {
            "clustering": 0.35146653058542493,
            "modularity": 0.03596536228148198,
            "average_degree": 70.74010047431155,
            "degree_std": 5.524425571726236,
            "average_shortest_path": 0.6447192599879986,
            "global_efficiency": 1.5702745329966687
        },
        {
            "clustering": 0.40922014303841475,
            "modularity": 0.09651624121590598,
            "average_degree": 83.5475342895437,
            "degree_std": 4.795948641801208,
            "average_shortest_path": 0.5806465983262883,
            "global_efficiency": 1.7982913758559047
        },
        {
            "clustering": 0.27392378397734585,
            "modularity": 0.029862758948991833,
            "average_degree": 54.94604860552206,
            "degree_std": 3.232759258445955,
            "average_shortest_path": 0.7238414215602782,
            "global_efficiency": 1.3871154698688761
        },
        {
            "clustering": 0.4624105164112264,
            "modularity": 0.0766196846473721,
            "average_degree": 94.23037415204607,
            "degree_std": 2.5752312218695708,
            "average_shortest_path": 0.526260593340382,
            "global_efficiency": 2.031395865161534
        },
        {
            "clustering": 0.41485027482212655,
            "modularity": 0.030367569173598875,
            "average_degree": 83.1597706154954,
            "degree_std": 4.602391331005072,
            "average_shortest_path": 0.5820472085073422,
            "global_efficiency": 1.7423027786913177
        }
    ],
    "11": [
        {
            "clustering": 0.5722732950149546,
            "modularity": 0.01996402001283589,
            "average_degree": 113.99279769113589,
            "degree_std": 5.3120744337159795,
            "average_shortest_path": 0.42423052514506615,
            "global_efficiency": 2.4304104090718135
        },
        {
            "clustering": 0.43201453413279883,
            "modularity": 0.023270532913908407,
            "average_degree": 86.33481743571258,
            "degree_std": 5.07276335939126,
            "average_shortest_path": 0.5650504260185344,
            "global_efficiency": 1.796152932551905
        },
        {
            "clustering": 0.6297692169592272,
            "modularity": 0.020538741644233152,
            "average_degree": 117.3455200467685,
            "degree_std": 4.538721329920131,
            "average_shortest_path": 0.40633249395409915,
            "global_efficiency": 2.5358535432944294
        },
        {
            "clustering": 0.5988190965685749,
            "modularity": 0.019121157774960484,
            "average_degree": 105.80554183096666,
            "degree_std": 5.33799392431522,
            "average_shortest_path": 0.46649191188134853,
            "global_efficiency": 2.1855919964600004
        },
        {
            "clustering": 0.6601083863865648,
            "modularity": 0.017009473871549937,
            "average_degree": 114.54483021645139,
            "degree_std": 4.058001537981199,
            "average_shortest_path": 0.4217615437689166,
            "global_efficiency": 2.4176706924957903
        },
        {
            "clustering": 0.6090403173708079,
            "modularity": 0.020818563949854783,
            "average_degree": 102.05265369390803,
            "degree_std": 6.542396955557519,
            "average_shortest_path": 0.4834812082221743,
            "global_efficiency": 2.1195197075365106
        },
        {
            "clustering": 0.6829347820015385,
            "modularity": 0.020489159120271605,
            "average_degree": 120.06103117053647,
            "degree_std": 4.3283580282128336,
            "average_shortest_path": 0.39373018315852487,
            "global_efficiency": 2.6116484975725838
        },
        {
            "clustering": 0.6127348897752452,
            "modularity": 0.020524496026374413,
            "average_degree": 102.8279010689492,
            "degree_std": 4.165773420425789,
            "average_shortest_path": 0.4815262395139495,
            "global_efficiency": 2.1151030431862843
        },
        {
            "clustering": 0.5682496208887728,
            "modularity": 0.037429023463301854,
            "average_degree": 99.21846360625982,
            "degree_std": 4.06014037163263,
            "average_shortest_path": 0.4995683692826471,
            "global_efficiency": 2.0464740553011014
        },
        {
            "clustering": 0.6282257746084255,
            "modularity": 0.022307146540210147,
            "average_degree": 115.18891514600145,
            "degree_std": 4.296127202106398,
            "average_shortest_path": 0.41865059241496577,
            "global_efficiency": 2.4491942244353972
        },
        {
            "clustering": 0.49508202763956066,
            "modularity": 0.025846713435729907,
            "average_degree": 93.67412525902081,
            "degree_std": 6.1599778056669905,
            "average_shortest_path": 0.5270975095064674,
            "global_efficiency": 1.9374967320838645
        },
        {
            "clustering": 0.47438654813972425,
            "modularity": 0.024508983445535003,
            "average_degree": 93.20764922750318,
            "degree_std": 5.483282387018679,
            "average_shortest_path": 0.5299534657968764,
            "global_efficiency": 1.920226554247587
        }
    ]
}