{
    "0": [
        {
            "clustering": 0.19563102211115294,
            "modularity": 0.013288767042269372,
            "average_degree": 38.80882498679341,
            "degree_std": 1.5807974130787377,
            "average_shortest_path": 0.8041673341575977,
            "global_efficiency": 1.243897018422685
        },
        {
            "clustering": 0.12133663389530687,
            "modularity": 0.028779180171707455,
            "average_degree": 24.176683055905492,
            "degree_std": 1.0850536693205566,
            "average_shortest_path": 0.8782108286790412,
            "global_efficiency": 1.1389822580924092
        },
        {
            "clustering": 0.8013627422490444,
            "modularity": 0.0049824171540391446,
            "average_degree": 145.640575654629,
            "degree_std": 2.422296900266876,
            "average_shortest_path": 0.26418630262891035,
            "global_efficiency": 3.8068272116381725
        },
        {
            "clustering": 0.9248214278313738,
            "modularity": 0.00528193911499703,
            "average_degree": 158.33915090698406,
            "degree_std": 0.8667959040322264,
            "average_shortest_path": 0.20033576979416584,
            "global_efficiency": 4.997684669076587
        },
        {
            "clustering": 0.7660164099543739,
            "modularity": 0.0069606397773954555,
            "average_degree": 116.31203440120508,
            "degree_std": 1.4570801900033519,
            "average_shortest_path": 0.41267387432875097,
            "global_efficiency": 2.4258554480656263
        },
        {
            "clustering": 0.7552866496886317,
            "modularity": 0.0055149933564471185,
            "average_degree": 134.60550910371944,
            "degree_std": 1.39306129696439,
            "average_shortest_path": 0.32005544421225895,
            "global_efficiency": 3.1311761755584597
        },
        {
            "clustering": 0.11516102269195727,
            "modularity": 0.010605578490204501,
            "average_degree": 22.83149230537122,
            "degree_std": 0.8970261555839636,
            "average_shortest_path": 0.8847558049122799,
            "global_efficiency": 1.1303364124340098
        },
        {
            "clustering": 0.9437879080505422,
            "modularity": 0.005013398249030458,
            "average_degree": 154.93042066603877,
            "degree_std": 2.5122420228727362,
            "average_shortest_path": 0.21746229317772886,
            "global_efficiency": 4.626811230408579
        },
        {
            "clustering": 0.1822493324107225,
            "modularity": 0.012775846998376842,
            "average_degree": 36.147886434302464,
            "degree_std": 0.7442443835592486,
            "average_shortest_path": 0.8175946351794144,
            "global_efficiency": 1.2232568080774293
        },
        {
            "clustering": 0.7466001356791429,
            "modularity": 0.00809702322219849,
            "average_degree": 125.53202562943156,
            "degree_std": 1.8032970924530565,
            "average_shortest_path": 0.36615821834019546,
            "global_efficiency": 2.7381880016990223
        },
        {
            "clustering": 0.9231187518165601,
            "modularity": 0.00504052905078809,
            "average_degree": 174.64258275798866,
            "degree_std": 0.5244235714678009,
            "average_shortest_path": 0.11792749351576105,
            "global_efficiency": 8.494987615557386
        },
        {
            "clustering": 0.8589057910699156,
            "modularity": 0.005151963451594187,
            "average_degree": 137.3034046498181,
            "degree_std": 3.6510149402371077,
            "average_shortest_path": 0.306484445339069,
            "global_efficiency": 3.2872353255587865
        }
    ],
    "1": [
        {
            "clustering": 0.668595375372309,
            "modularity": 0.011269203244292748,
            "average_degree": 88.42108848979446,
            "degree_std": 1.566759635463165,
            "average_shortest_path": 0.5536254755902645,
            "global_efficiency": 1.8082042134557466
        },
        {
            "clustering": 0.7583280490733058,
            "modularity": 0.0204041081624326,
            "average_degree": 131.1175477751716,
            "degree_std": 4.557764610270175,
            "average_shortest_path": 0.33859318842953895,
            "global_efficiency": 3.006112711967433
        },
        {
            "clustering": 0.07771346822378813,
            "modularity": 0.018283612238840785,
            "average_degree": 15.426401467811457,
            "degree_std": 0.2254589987818553,
            "average_shortest_path": 0.9221986525858228,
            "global_efficiency": 1.0843900084907279
        },
        {
            "clustering": 0.24396176656534174,
            "modularity": 0.022874765063432202,
            "average_degree": 48.473565248419916,
            "degree_std": 0.9212558186108663,
            "average_shortest_path": 0.7555982192724082,
            "global_efficiency": 1.324232599219372
        },
        {
            "clustering": 0.34741841356952585,
            "modularity": 0.07096350533752684,
            "average_degree": 70.7399107028471,
            "degree_std": 0.7192380303418111,
            "average_shortest_path": 0.6447512793399114,
            "global_efficiency": 1.5827169258704665
        },
        {
            "clustering": 0.10091114401039526,
            "modularity": 0.030573246132014762,
            "average_degree": 20.06758130775953,
            "degree_std": 0.3786944064105855,
            "average_shortest_path": 0.8988489342193304,
            "global_efficiency": 1.1126384144058505
        },
        {
            "clustering": 0.3345948312649174,
            "modularity": 0.017212560867173765,
            "average_degree": 67.27953307262257,
            "degree_std": 3.1463375317518762,
            "average_shortest_path": 0.6590228083473285,
            "global_efficiency": 1.5400977149147528
        },
        {
            "clustering": 0.17237885956133303,
            "modularity": 0.02914492692277181,
            "average_degree": 34.30680228748703,
            "degree_std": 0.839773151524989,
            "average_shortest_path": 0.8271083864265352,
            "global_efficiency": 1.2095337191717104
        },
        {
            "clustering": 0.13322690007617558,
            "modularity": 0.02487772443710419,
            "average_degree": 26.468657862411206,
            "degree_std": 0.44182342577033196,
            "average_shortest_path": 0.8665477571814024,
            "global_efficiency": 1.1541481635929416
        },
        {
            "clustering": 0.12434675631415451,
            "modularity": 0.017474401098597173,
            "average_degree": 24.674386089793753,
            "degree_std": 0.42644575012027947,
            "average_shortest_path": 0.8755238110838686,
            "global_efficiency": 1.1422432372521407
        },
        {
            "clustering": 0.12315654611952521,
            "modularity": 0.032211723027572935,
            "average_degree": 24.5161567181274,
            "degree_std": 0.4711664574658553,
            "average_shortest_path": 0.8764639991943487,
            "global_efficiency": 1.1411618646028268
        },
        {
            "clustering": 0.4214507725528574,
            "modularity": 0.06433572481917221,
            "average_degree": 85.40230778698785,
            "degree_std": 3.319208033348522,
            "average_shortest_path": 0.5710771321474154,
            "global_efficiency": 1.811170947909565
        }
    ],
    "2": [
        {
            "clustering": 0.485117193174,
            "modularity": 0.04966621738450122,
            "average_degree": 89.3408352201777,
            "degree_std": 1.114425267597372,
            "average_shortest_path": 0.5508761942674711,
            "global_efficiency": 1.8597359499405068
        },
        {
            "clustering": 0.2852038012920539,
            "modularity": 0.06225270397524097,
            "average_degree": 58.09106310051567,
            "degree_std": 1.3761311167393946,
            "average_shortest_path": 0.7084842509800121,
            "global_efficiency": 1.4272911377572064
        },
        {
            "clustering": 0.13288015025403796,
            "modularity": 0.019551267400283682,
            "average_degree": 26.40716925282749,
            "degree_std": 0.5968866293249071,
            "average_shortest_path": 0.8669139848869177,
            "global_efficiency": 1.1536559687693926
        },
        {
            "clustering": 0.09791501146953291,
            "modularity": 0.05242481065425962,
            "average_degree": 19.761203095663973,
            "degree_std": 0.5017049393683781,
            "average_shortest_path": 0.9007515944762062,
            "global_efficiency": 1.110714404216205
        },
        {
            "clustering": 0.1566850691677346,
            "modularity": 0.03721349065825583,
            "average_degree": 31.296463366598687,
            "degree_std": 0.7622032305570885,
            "average_shortest_path": 0.8424583299123662,
            "global_efficiency": 1.1877005411052517
        },
        {
            "clustering": 0.4351801608413824,
            "modularity": 0.07101264459317821,
            "average_degree": 83.3351124598083,
            "degree_std": 0.7606132744160414,
            "average_shortest_path": 0.5809140129565727,
            "global_efficiency": 1.787075983267241
        },
        {
            "clustering": 0.4021824815254606,
            "modularity": 0.034345712546625703,
            "average_degree": 66.38885488363445,
            "degree_std": 4.054860359945844,
            "average_shortest_path": 0.6637245319617713,
            "global_efficiency": 1.5171054709929441
        },
        {
            "clustering": 0.2853672913016504,
            "modularity": 0.027929034960488215,
            "average_degree": 56.81921015963685,
            "degree_std": 1.6283628049640149,
            "average_shortest_path": 0.7137544483166656,
            "global_efficiency": 1.4032914939191756
        },
        {
            "clustering": 0.44133260246226746,
            "modularity": 0.06967939957490779,
            "average_degree": 84.71916599327726,
            "degree_std": 1.2204380053547619,
            "average_shortest_path": 0.573796012269115,
            "global_efficiency": 1.811009008383076
        },
        {
            "clustering": 0.26034412825339404,
            "modularity": 0.009749276718144415,
            "average_degree": 51.61898980273349,
            "degree_std": 1.8163612356723442,
            "average_shortest_path": 0.7394470827787576,
            "global_efficiency": 1.3529524236911201
        },
        {
            "clustering": 0.12132381655291707,
            "modularity": 0.0291372275479609,
            "average_degree": 24.170323295355267,
            "degree_std": 0.7074866877812231,
            "average_shortest_path": 0.8782280344161324,
            "global_efficiency": 1.138918150620559
        },
        {
            "clustering": 0.539764835750192,
            "modularity": 0.024480197770141418,
            "average_degree": 98.62159518112213,
            "degree_std": 2.7279566683764713,
            "average_shortest_path": 0.5009880497712805,
            "global_efficiency": 2.0163514938289038
        }
    ],
    "3": [
        {
            "clustering": 0.22060386202139054,
            "modularity": 0.018926732366150823,
            "average_degree": 43.79023979129325,
            "degree_std": 1.054938669186261,
            "average_shortest_path": 0.779061593999777,
            "global_efficiency": 1.2841126185117908
        },
        {
            "clustering": 0.4970284064877778,
            "modularity": 0.045516677411236384,
            "average_degree": 89.19662792791767,
            "degree_std": 1.4182919540793346,
            "average_shortest_path": 0.5515721461046792,
            "global_efficiency": 1.8525041792241823
        },
        {
            "clustering": 0.5191228316800706,
            "modularity": 0.040715890550274594,
            "average_degree": 104.17966213939411,
            "degree_std": 2.787649467165335,
            "average_shortest_path": 0.47606405344813224,
            "global_efficiency": 2.185355741878147
        },
        {
            "clustering": 0.6368769846758815,
            "modularity": 0.007587185061170694,
            "average_degree": 119.16905910020353,
            "degree_std": 3.7546704550037537,
            "average_shortest_path": 0.39677753910078084,
            "global_efficiency": 2.5583435909127017
        },
        {
            "clustering": 0.4148103577136887,
            "modularity": 0.07836926991669076,
            "average_degree": 82.1588484177121,
            "degree_std": 1.4141582834245925,
            "average_shortest_path": 0.5868734676602028,
            "global_efficiency": 1.7652980400638134
        },
        {
            "clustering": 0.14829139789541715,
            "modularity": 0.017408150830765474,
            "average_degree": 29.44866067412871,
            "degree_std": 0.7282001461853077,
            "average_shortest_path": 0.851530243810807,
            "global_efficiency": 1.1745072693827603
        },
        {
            "clustering": 0.21397534319166803,
            "modularity": 0.055024431416711345,
            "average_degree": 43.43207256083201,
            "degree_std": 1.6978381240261875,
            "average_shortest_path": 0.7820621317411584,
            "global_efficiency": 1.284235624494726
        },
        {
            "clustering": 0.19000231973173853,
            "modularity": 0.08069356980653138,
            "average_degree": 39.00000299257837,
            "degree_std": 0.8232388674609745,
            "average_shortest_path": 0.8043961876941288,
            "global_efficiency": 1.2490748436131818
        },
        {
            "clustering": 0.4283028102019041,
            "modularity": 0.07683046836802311,
            "average_degree": 86.89105883250825,
            "degree_std": 1.12659042079619,
            "average_shortest_path": 0.5632917592897005,
            "global_efficiency": 1.8863353989630287
        },
        {
            "clustering": 0.8854513327804601,
            "modularity": 0.01027492991820568,
            "average_degree": 174.97806004508024,
            "degree_std": 0.9000121890545926,
            "average_shortest_path": 0.11658574382492906,
            "global_efficiency": 8.943417407689402
        },
        {
            "clustering": 0.283481207912482,
            "modularity": 0.018864153498734076,
            "average_degree": 56.30564580136058,
            "degree_std": 2.0532821434349042,
            "average_shortest_path": 0.7160400831258231,
            "global_efficiency": 1.3979641929107016
        },
        {
            "clustering": 0.34648695747666564,
            "modularity": 0.09413924914203142,
            "average_degree": 71.44510875267132,
            "degree_std": 2.198226148435319,
            "average_shortest_path": 0.6413691307632712,
            "global_efficiency": 1.6138948037437948
        }
    ],
    "4": [
        {
            "clustering": 0.7290448715410777,
            "modularity": 0.013461210667891237,
            "average_degree": 136.97848052252283,
            "degree_std": 6.109291979919119,
            "average_shortest_path": 0.30860971687652006,
            "global_efficiency": 3.345703113305442
        },
        {
            "clustering": 0.5228233653834738,
            "modularity": 0.042574195353072664,
            "average_degree": 90.12749713599445,
            "degree_std": 1.6121519742632953,
            "average_shortest_path": 0.5467314577532698,
            "global_efficiency": 1.86339325853484
        },
        {
            "clustering": 0.2869940571583449,
            "modularity": 0.07685818224019034,
            "average_degree": 58.48511020656456,
            "degree_std": 2.1453343715811326,
            "average_shortest_path": 0.7064257522584969,
            "global_efficiency": 1.431752593462798
        },
        {
            "clustering": 0.2114489327871209,
            "modularity": 0.020149837953415656,
            "average_degree": 41.98681993146157,
            "degree_std": 1.5826643316206834,
            "average_shortest_path": 0.7879299601992191,
            "global_efficiency": 1.270071002657168
        },
        {
            "clustering": 0.45581580756492185,
            "modularity": 0.06745682006631216,
            "average_degree": 87.46939255672925,
            "degree_std": 2.0517513377739967,
            "average_shortest_path": 0.5594769971046547,
            "global_efficiency": 1.8655984973831496
        },
        {
            "clustering": 0.23979984938549093,
            "modularity": 0.014880527619917342,
            "average_degree": 47.58007681205934,
            "degree_std": 1.5867589167701497,
            "average_shortest_path": 0.7599485342272884,
            "global_efficiency": 1.3164270770495634
        },
        {
            "clustering": 0.8249098800018548,
            "modularity": 0.015280918749536864,
            "average_degree": 127.03976975012077,
            "degree_std": 2.0496043774918262,
            "average_shortest_path": 0.35876977023041756,
            "global_efficiency": 2.812197343485576
        },
        {
            "clustering": 0.45987248998290275,
            "modularity": 0.07142768361323638,
            "average_degree": 88.75433494085124,
            "degree_std": 1.2809954377150872,
            "average_shortest_path": 0.5532208008435611,
            "global_efficiency": 1.8907863788710857
        },
        {
            "clustering": 0.10663368789087542,
            "modularity": 0.032824461736072535,
            "average_degree": 21.294027390839798,
            "degree_std": 1.4130821568850993,
            "average_shortest_path": 0.8926839732569611,
            "global_efficiency": 1.1206027986903344
        },
        {
            "clustering": 0.2634653691131144,
            "modularity": 0.037957135302481,
            "average_degree": 52.68348936713616,
            "degree_std": 1.5154852623025536,
            "average_shortest_path": 0.7349172541450189,
            "global_efficiency": 1.3640771249931962
        },
        {
            "clustering": 0.5582870820575515,
            "modularity": 0.03546379111447745,
            "average_degree": 107.40653436681391,
            "degree_std": 5.056404971357488,
            "average_shortest_path": 0.4588409540623868,
            "global_efficiency": 2.2525965279316433
        },
        {
            "clustering": 0.14444513960543692,
            "modularity": 0.009401354185118022,
            "average_degree": 28.652411859181942,
            "degree_std": 0.9831555399497185,
            "average_shortest_path": 0.8553331953639329,
            "global_efficiency": 1.1693265241715909
        }
    ],
    "5": [
        {
            "clustering": 0.5807440123545529,
            "modularity": 0.03287417715385458,
            "average_degree": 92.24459763436127,
            "degree_std": 4.773997222977592,
            "average_shortest_path": 0.5346567113157781,
            "global_efficiency": 1.8966239417920658
        },
        {
            "clustering": 0.4852968535671658,
            "modularity": 0.06923296022390052,
            "average_degree": 97.47377387603214,
            "degree_std": 2.4583548582498165,
            "average_shortest_path": 0.5101348542537838,
            "global_efficiency": 2.070504659823086
        },
        {
            "clustering": 0.1626126004398679,
            "modularity": 0.017736964300918274,
            "average_degree": 32.42882672669138,
            "degree_std": 1.7563996974880365,
            "average_shortest_path": 0.8360439797787622,
            "global_efficiency": 1.1972881077053035
        },
        {
            "clustering": 0.5460319188968075,
            "modularity": 0.04397413709695165,
            "average_degree": 95.15356481455578,
            "degree_std": 2.401805746145716,
            "average_shortest_path": 0.5214267655786137,
            "global_efficiency": 1.9715760951052648
        },
        {
            "clustering": 0.23892129747108068,
            "modularity": 0.06481254465776495,
            "average_degree": 48.40940297571525,
            "degree_std": 1.3217199209493045,
            "average_shortest_path": 0.7559146229747568,
            "global_efficiency": 1.3313225055814923
        },
        {
            "clustering": 0.15416902779831745,
            "modularity": 0.01108386222221544,
            "average_degree": 30.58865876209784,
            "degree_std": 0.942700166753106,
            "average_shortest_path": 0.845555357565871,
            "global_efficiency": 1.1828957512301963
        },
        {
            "clustering": 0.44726715123999455,
            "modularity": 0.0658347084271375,
            "average_degree": 90.83065127756414,
            "degree_std": 1.3477554246766594,
            "average_shortest_path": 0.5436353564055464,
            "global_efficiency": 1.9246708110204198
        },
        {
            "clustering": 0.7787563475548039,
            "modularity": 0.014518075521718025,
            "average_degree": 134.43189555256632,
            "degree_std": 2.1341493588160296,
            "average_shortest_path": 0.3213534597513911,
            "global_efficiency": 3.1420755611956404
        },
        {
            "clustering": 0.30343935487868373,
            "modularity": 0.0413411530962893,
            "average_degree": 60.731627200534746,
            "degree_std": 1.918609876011695,
            "average_shortest_path": 0.6943859064249823,
            "global_efficiency": 1.4464194660382217
        },
        {
            "clustering": 0.26218242814638526,
            "modularity": 0.02036882685373964,
            "average_degree": 52.10054003671104,
            "degree_std": 1.6093348154256457,
            "average_shortest_path": 0.7373193382987279,
            "global_efficiency": 1.3574182034181623
        },
        {
            "clustering": 0.36610473198941434,
            "modularity": 0.06146581105973073,
            "average_degree": 73.99941134214278,
            "degree_std": 1.5165285857944855,
            "average_shortest_path": 0.628170576516395,
            "global_efficiency": 1.6181461830906414
        },
        {
            "clustering": 0.3300846052566685,
            "modularity": 0.013753622642255478,
            "average_degree": 65.49449070449171,
            "degree_std": 1.232307456117096,
            "average_shortest_path": 0.669653202704669,
            "global_efficiency": 1.494308350196069
        }
    ],
    "6": [
        {
            "clustering": 0.4514067369684908,
            "modularity": 0.09156400666222037,
            "average_degree": 88.8205433841058,
            "degree_std": 3.1208328327392967,
            "average_shortest_path": 0.5529513016668158,
            "global_efficiency": 1.9323837411821465
        },
        {
            "clustering": 0.6534739405776652,
            "modularity": 0.015318473095289501,
            "average_degree": 101.59780626009099,
            "degree_std": 3.1809211249769107,
            "average_shortest_path": 0.4867282988136758,
            "global_efficiency": 2.071052781158177
        },
        {
            "clustering": 0.4776430116251245,
            "modularity": 0.017742140793528753,
            "average_degree": 85.76036072594931,
            "degree_std": 4.753412184819719,
            "average_shortest_path": 0.5675261570619884,
            "global_efficiency": 1.7733639932019063
        },
        {
            "clustering": 0.5398054714947095,
            "modularity": 0.039528397843184696,
            "average_degree": 100.35972106312883,
            "degree_std": 3.892321295751253,
            "average_shortest_path": 0.4938961129512886,
            "global_efficiency": 2.0687316391941
        },
        {
            "clustering": 0.23510162254574735,
            "modularity": 0.025868970079808214,
            "average_degree": 46.96207459975066,
            "degree_std": 2.9712493342975512,
            "average_shortest_path": 0.7628579717362617,
            "global_efficiency": 1.3145981030578253
        },
        {
            "clustering": 0.4440184826900616,
            "modularity": 0.07810500023040073,
            "average_degree": 88.87382622049648,
            "degree_std": 1.9959888925039206,
            "average_shortest_path": 0.5534852676628657,
            "global_efficiency": 1.891524210403645
        },
        {
            "clustering": 0.2176124559124722,
            "modularity": 0.04107658635013772,
            "average_degree": 43.50378073294027,
            "degree_std": 1.5480713978181393,
            "average_shortest_path": 0.7810040526719313,
            "global_efficiency": 1.2824094508259676
        },
        {
            "clustering": 0.20245916502837982,
            "modularity": 0.008556362895732349,
            "average_degree": 40.53134708472351,
            "degree_std": 1.7493859388163555,
            "average_shortest_path": 0.7946613352534713,
            "global_efficiency": 1.2617855312486141
        },
        {
            "clustering": 0.3222698891076393,
            "modularity": 0.07421939973500821,
            "average_degree": 65.50192972971088,
            "degree_std": 1.887984170799004,
            "average_shortest_path": 0.6709039255392243,
            "global_efficiency": 1.5134119794676983
        },
        {
            "clustering": 0.5079851412253837,
            "modularity": 0.04856593780942183,
            "average_degree": 97.74370001583335,
            "degree_std": 1.7805727205475061,
            "average_shortest_path": 0.5083996135529163,
            "global_efficiency": 2.030109391902433
        },
        {
            "clustering": 0.47949196751835277,
            "modularity": 0.07045588619665805,
            "average_degree": 96.73610741914291,
            "degree_std": 2.178143854493448,
            "average_shortest_path": 0.5137066180809433,
            "global_efficiency": 2.043719981808159
        },
        {
            "clustering": 0.7823045482859343,
            "modularity": 0.015077742909614635,
            "average_degree": 134.2779712053859,
            "degree_std": 3.1513448299841085,
            "average_shortest_path": 0.32198052090612655,
            "global_efficiency": 3.1479658363264016
        }
    ],
    "7": [
        {
            "clustering": 0.3230832926915643,
            "modularity": 0.01374799688759947,
            "average_degree": 64.09906143882051,
            "degree_std": 1.6842038492802047,
            "average_shortest_path": 0.6766121035355449,
            "global_efficiency": 1.4790730789576314
        },
        {
            "clustering": 0.949085875632731,
            "modularity": 0.005079342719339128,
            "average_degree": 162.85736262512216,
            "degree_std": 0.957139225366245,
            "average_shortest_path": 0.17739079765127222,
            "global_efficiency": 5.651685632209616
        },
        {
            "clustering": 0.2673067749588405,
            "modularity": 0.0514960536362996,
            "average_degree": 53.69633549405223,
            "degree_std": 2.847037070071792,
            "average_shortest_path": 0.7299773458870207,
            "global_efficiency": 1.3759325913133753
        },
        {
            "clustering": 0.1538317022532001,
            "modularity": 0.007915471181294202,
            "average_degree": 30.55680140586966,
            "degree_std": 1.8834171230110455,
            "average_shortest_path": 0.8455173163081559,
            "global_efficiency": 1.1833441631263835
        },
        {
            "clustering": 0.39853012333248194,
            "modularity": 0.026681709295300893,
            "average_degree": 79.37231398221341,
            "degree_std": 3.0860119646216067,
            "average_shortest_path": 0.6000736946940943,
            "global_efficiency": 1.6755848728655764
        },
        {
            "clustering": 0.15803265498618985,
            "modularity": 0.024015962854243688,
            "average_degree": 31.458293043393347,
            "degree_std": 1.7047135844662098,
            "average_shortest_path": 0.8414720637165637,
            "global_efficiency": 1.1889112977727567
        },
        {
            "clustering": 0.31274799003237647,
            "modularity": 0.027906709974432904,
            "average_degree": 62.41956886565652,
            "degree_std": 2.303454198137721,
            "average_shortest_path": 0.6857704974782091,
            "global_efficiency": 1.4629853341598584
        },
        {
            "clustering": 0.6725854146074738,
            "modularity": 0.00844127529950081,
            "average_degree": 117.67312839351848,
            "degree_std": 4.725706815435863,
            "average_shortest_path": 0.38235529691465625,
            "global_efficiency": 2.724779429312147
        },
        {
            "clustering": 0.29261071817953366,
            "modularity": 0.08165198986905664,
            "average_degree": 59.776761848708404,
            "degree_std": 2.8486202884181515,
            "average_shortest_path": 0.6996554797739006,
            "global_efficiency": 1.4497236370284639
        },
        {
            "clustering": 0.5053533831665368,
            "modularity": 0.05800322528076457,
            "average_degree": 94.2789830208355,
            "degree_std": 1.9222899997487723,
            "average_shortest_path": 0.5260642502728587,
            "global_efficiency": 1.9704115444830532
        },
        {
            "clustering": 0.552311787407485,
            "modularity": 0.029882366516793255,
            "average_degree": 103.07528138426117,
            "degree_std": 3.1285668062860874,
            "average_shortest_path": 0.48000561840358763,
            "global_efficiency": 2.112396536349232
        },
        {
            "clustering": 0.21270180538830774,
            "modularity": 0.021791052071626932,
            "average_degree": 42.28001131801142,
            "degree_std": 1.5229099869543148,
            "average_shortest_path": 0.7868117765049868,
            "global_efficiency": 1.2716953902671153
        }
    ],
    "8": [
        {
            "clustering": 0.1535050346536887,
            "modularity": 0.037405281398015064,
            "average_degree": 30.664933037687874,
            "degree_std": 1.7124030245092812,
            "average_shortest_path": 0.8455748299189534,
            "global_efficiency": 1.183454947011831
        },
        {
            "clustering": 0.24204049680348363,
            "modularity": 0.023226942453453973,
            "average_degree": 48.17944150283506,
            "degree_std": 3.650289109354996,
            "average_shortest_path": 0.7569415474447273,
            "global_efficiency": 1.3236007290779905
        },
        {
            "clustering": 0.49643034692111493,
            "modularity": 0.06965836508681944,
            "average_degree": 96.59674186328255,
            "degree_std": 2.105136225833473,
            "average_shortest_path": 0.5143669666395008,
            "global_efficiency": 2.0353660558308593
        },
        {
            "clustering": 0.09762084815790699,
            "modularity": 0.020285223777822072,
            "average_degree": 19.42097723616135,
            "degree_std": 0.7182315699834544,
            "average_shortest_path": 0.9021575966211172,
            "global_efficiency": 1.1085593313790418
        },
        {
            "clustering": 0.36094637260691914,
            "modularity": 0.07635639648485998,
            "average_degree": 73.14905606679754,
            "degree_std": 2.244383797778487,
            "average_shortest_path": 0.6322406250676388,
            "global_efficiency": 1.6127177441776157
        },
        {
            "clustering": 0.19297869394339537,
            "modularity": 0.05605464309043113,
            "average_degree": 38.84261859342332,
            "degree_std": 1.5927168321027942,
            "average_shortest_path": 0.8046320176974008,
            "global_efficiency": 1.2455291195131648
        },
        {
            "clustering": 0.6192614781517128,
            "modularity": 0.032210803870359433,
            "average_degree": 102.02231998666657,
            "degree_std": 4.054728866335179,
            "average_shortest_path": 0.4860809236462776,
            "global_efficiency": 2.095539881626109
        },
        {
            "clustering": 0.3684874028784539,
            "modularity": 0.07519589403746393,
            "average_degree": 74.71885542060889,
            "degree_std": 2.215938387601198,
            "average_shortest_path": 0.6245368452478189,
            "global_efficiency": 1.634164177348503
        },
        {
            "clustering": 0.19727437021072547,
            "modularity": 0.053949370656125095,
            "average_degree": 39.61947761915661,
            "degree_std": 0.7938731928257472,
            "average_shortest_path": 0.8006894105972927,
            "global_efficiency": 1.2512815102572112
        },
        {
            "clustering": 0.6996550501820998,
            "modularity": 0.025559150129516317,
            "average_degree": 102.89210165010934,
            "degree_std": 2.8617775822251743,
            "average_shortest_path": 0.4809126188391182,
            "global_efficiency": 2.09606682026397
        },
        {
            "clustering": 0.5407922765166464,
            "modularity": 0.018846443038355906,
            "average_degree": 95.97363414453436,
            "degree_std": 4.103950716829633,
            "average_shortest_path": 0.5157699793543233,
            "global_efficiency": 1.9546923572663522
        },
        {
            "clustering": 0.2778002280141107,
            "modularity": 0.04124494052873367,
            "average_degree": 55.74053795521492,
            "degree_std": 1.138353530659172,
            "average_shortest_path": 0.719669278020707,
            "global_efficiency": 1.395237321321268
        }
    ],
    "9": [
        {
            "clustering": 0.3213841564936383,
            "modularity": 0.025327361773275516,
            "average_degree": 63.95557565000673,
            "degree_std": 2.2376259866291677,
            "average_shortest_path": 0.6776648257209108,
            "global_efficiency": 1.4789646582528586
        },
        {
            "clustering": 0.3343433706776867,
            "modularity": 0.04506525970941322,
            "average_degree": 66.84149274510543,
            "degree_std": 2.50979484143356,
            "average_shortest_path": 0.6634527698763227,
            "global_efficiency": 1.5156236640915195
        },
        {
            "clustering": 0.3247159327390373,
            "modularity": 0.02657914334498309,
            "average_degree": 64.5658591979151,
            "degree_std": 2.5754043346877378,
            "average_shortest_path": 0.6744054079824005,
            "global_efficiency": 1.4860827193977355
        },
        {
            "clustering": 0.21027353354977585,
            "modularity": 0.03504601815083327,
            "average_degree": 41.90871602876149,
            "degree_std": 1.2513184567672628,
            "average_shortest_path": 0.7888978380137609,
            "global_efficiency": 1.2687503005517424
        },
        {
            "clustering": 0.5594130995405379,
            "modularity": 0.02566717727700274,
            "average_degree": 111.19331475975767,
            "degree_std": 3.425900545018704,
            "average_shortest_path": 0.43936993536578645,
            "global_efficiency": 2.3032633039908905
        },
        {
            "clustering": 0.4604504536752495,
            "modularity": 0.027960080284821304,
            "average_degree": 91.52736247999101,
            "degree_std": 2.844030991158695,
            "average_shortest_path": 0.5384898415758499,
            "global_efficiency": 1.8677937265579727
        },
        {
            "clustering": 0.7394874558098682,
            "modularity": 0.017244161470008783,
            "average_degree": 138.10097508268572,
            "degree_std": 5.29699102482663,
            "average_shortest_path": 0.3028287356809101,
            "global_efficiency": 3.4138579077199593
        },
        {
            "clustering": 0.5801788279740344,
            "modularity": 0.016895790827041783,
            "average_degree": 115.220363063735,
            "degree_std": 4.15111608668429,
            "average_shortest_path": 0.4186229910992883,
            "global_efficiency": 2.416800177123188
        },
        {
            "clustering": 0.41544241569400236,
            "modularity": 0.012992910468542538,
            "average_degree": 82.45908106107765,
            "degree_std": 4.154915812191769,
            "average_shortest_path": 0.5838583226732226,
            "global_efficiency": 1.719287420912878
        },
        {
            "clustering": 0.41028956397550853,
            "modularity": 0.021637318256536097,
            "average_degree": 81.50783792834662,
            "degree_std": 2.7734794731526544,
            "average_shortest_path": 0.5889906208534647,
            "global_efficiency": 1.7030980836895833
        },
        {
            "clustering": 0.2807272183533928,
            "modularity": 0.0474040338268861,
            "average_degree": 56.098362159770694,
            "degree_std": 1.5747829735573153,
            "average_shortest_path": 0.7175436912044666,
            "global_efficiency": 1.397828866105313
        },
        {
            "clustering": 0.15573754151782382,
            "modularity": 0.06302206467170117,
            "average_degree": 31.397465673151103,
            "degree_std": 1.4154746701245746,
            "average_shortest_path": 0.8421149067718007,
            "global_efficiency": 1.1892126585354825
        }
    ],
    "10": [
        {
            "clustering": 0.3070669918614394,
            "modularity": 0.010902020486023619,
            "average_degree": 60.89660591047471,
            "degree_std": 1.9536111672107352,
            "average_shortest_path": 0.6925886880833697,
            "global_efficiency": 1.445018329973433
        },
        {
            "clustering": 0.16947056116067008,
            "modularity": 0.020457131183835388,
            "average_degree": 33.799370766399505,
            "degree_std": 2.7688413611943794,
            "average_shortest_path": 0.8297369701151901,
            "global_efficiency": 1.2062774059886796
        },
        {
            "clustering": 0.4354351145978972,
            "modularity": 0.026833073990931683,
            "average_degree": 86.78360934340034,
            "degree_std": 3.2754885469475825,
            "average_shortest_path": 0.5620883738412321,
            "global_efficiency": 1.7949654801576282
        },
        {
            "clustering": 0.22398703126450945,
            "modularity": 0.014118644662541936,
            "average_degree": 44.47137863562181,
            "degree_std": 1.5408987514165122,
            "average_shortest_path": 0.7756998711570641,
            "global_efficiency": 1.2897155372455815
        },
        {
            "clustering": 0.17770756827632062,
            "modularity": 0.019244814270184176,
            "average_degree": 35.33064297591604,
            "degree_std": 1.6922018213272692,
            "average_shortest_path": 0.8218882034505997,
            "global_efficiency": 1.2172195639398882
        },
        {
            "clustering": 0.3585705973164206,
            "modularity": 0.020656828675579594,
            "average_degree": 71.2967791392483,
            "degree_std": 3.1609900280085315,
            "average_shortest_path": 0.6405189316443495,
            "global_efficiency": 1.566028803462639
        },
        {
            "clustering": 0.2636909070606248,
            "modularity": 0.01746899979994724,
            "average_degree": 52.402712381157286,
            "degree_std": 2.511895964429335,
            "average_shortest_path": 0.7358129734235026,
            "global_efficiency": 1.3604512424314135
        },
        {
            "clustering": 0.2240786658543355,
            "modularity": 0.01389226127252182,
            "average_degree": 44.48043581846883,
            "degree_std": 1.596317988067501,
            "average_shortest_path": 0.7756525868949318,
            "global_efficiency": 1.2897685237026404
        },
        {
            "clustering": 0.2537755520010336,
            "modularity": 0.021104931896346685,
            "average_degree": 50.51324551017221,
            "degree_std": 3.4750105695549327,
            "average_shortest_path": 0.7452860903773546,
            "global_efficiency": 1.3443514489017194
        },
        {
            "clustering": 0.20251115657121602,
            "modularity": 0.019301230142028943,
            "average_degree": 40.23065493589342,
            "degree_std": 1.4217081701382908,
            "average_shortest_path": 0.7971313494326462,
            "global_efficiency": 1.2550205924764055
        },
        {
            "clustering": 0.5244512517438612,
            "modularity": 0.01812380111241133,
            "average_degree": 100.43243961921868,
            "degree_std": 6.189715222046827,
            "average_shortest_path": 0.49326892181155,
            "global_efficiency": 2.053584261931046
        },
        {
            "clustering": 0.23112783896601502,
            "modularity": 0.016288043602463918,
            "average_degree": 45.893760723087475,
            "degree_std": 1.3133319753415158,
            "average_shortest_path": 0.768552700790527,
            "global_efficiency": 1.3017218274864675
        }
    ],
    "11": [
        {
            "clustering": 0.31343922473399644,
            "modularity": 0.011728833034009394,
            "average_degree": 62.17394420332213,
            "degree_std": 2.152966365040919,
            "average_shortest_path": 0.6862477461957983,
            "global_efficiency": 1.4584677158378607
        },
        {
            "clustering": 0.2332780555902285,
            "modularity": 0.014959197277789282,
            "average_degree": 46.32672070405232,
            "degree_std": 2.3724614070564125,
            "average_shortest_path": 0.7662561742877879,
            "global_efficiency": 1.306096536740645
        },
        {
            "clustering": 0.31285863717747786,
            "modularity": 0.013728784873160529,
            "average_degree": 62.06704890834091,
            "degree_std": 1.7902669774899942,
            "average_shortest_path": 0.6868225511846066,
            "global_efficiency": 1.457118006901501
        },
        {
            "clustering": 0.2330533885685149,
            "modularity": 0.01781234425525439,
            "average_degree": 46.291289384790836,
            "degree_std": 1.9962085058369967,
            "average_shortest_path": 0.7665152910607894,
            "global_efficiency": 1.3055382206766575
        },
        {
            "clustering": 0.6270801507733251,
            "modularity": 0.011210435308405944,
            "average_degree": 124.36758556391598,
            "degree_std": 5.305161631917442,
            "average_shortest_path": 0.37175822238390843,
            "global_efficiency": 2.733438515975913
        },
        {
            "clustering": 0.7093949414132034,
            "modularity": 0.009470669680867003,
            "average_degree": 116.41235165019457,
            "degree_std": 3.0649613690424324,
            "average_shortest_path": 0.41213518841521896,
            "global_efficiency": 2.439461983306093
        },
        {
            "clustering": 0.31538527946230566,
            "modularity": 0.013422176337978958,
            "average_degree": 62.59546590496884,
            "degree_std": 2.023296108076829,
            "average_shortest_path": 0.6841603119982788,
            "global_efficiency": 1.463300333155469
        },
        {
            "clustering": 0.3869618985540045,
            "modularity": 0.014606237593468564,
            "average_degree": 76.80073444948725,
            "degree_std": 2.4398142815051767,
            "average_shortest_path": 0.6124525100121114,
            "global_efficiency": 1.636588584896401
        },
        {
            "clustering": 0.18292424132567484,
            "modularity": 0.015911909214434534,
            "average_degree": 36.36413730645772,
            "degree_std": 1.9129228238070943,
            "average_shortest_path": 0.8166115605660297,
            "global_efficiency": 1.225215445409222
        },
        {
            "clustering": 0.23219206214260238,
            "modularity": 0.01917960832211921,
            "average_degree": 46.18556879058667,
            "degree_std": 2.9260831708951156,
            "average_shortest_path": 0.7670076043988904,
            "global_efficiency": 1.3055274604604914
        },
        {
            "clustering": 0.64348079939597,
            "modularity": 0.01529035244104076,
            "average_degree": 108.41473558128342,
            "degree_std": 7.450187673677297,
            "average_shortest_path": 0.45285947977250757,
            "global_efficiency": 2.255871409384315
        },
        {
            "clustering": 0.29210664759611277,
            "modularity": 0.013091173812147425,
            "average_degree": 58.01547549805579,
            "degree_std": 3.5343423092810875,
            "average_shortest_path": 0.7072456895976323,
            "global_efficiency": 1.416454795488854
        }
    ]
}